memory_initialization_radix=16;memory_initialization_vector=7A6F,79D1,79DE,79A4,79AD,793F,7966,7933,7936,7921,7902,78E6,78D8,78D7,78B8,78B7,790F,78E5,78D5,78D3,78DB,788B,7873,786E,7876,7862,7826,77FC,77BE,77DB,77B1,77A5,77C1,7779,779A,7775,7764,776E,7756,7704,7713,76FD,76E4,76E9,76AB,76CF,7707,7704,771C,76F5,76D3,767F,7692,769F,76B7,76AA,76A1,76A6,766F,7674,7673,7691,765A,764A,7653,766C,764B,7678,764E,7652,766D,7656,766B,765A,769D,7615,7688,76B0,7652,765E,7679,765D,7655,765B,7687,7668,7656,7675,7667,7666,765D,7686,766F,7656,7644,7688,767C,76B6,7679,7664,7666,7673,764B,7650,7647,7638,7648,7668,768A,7684,7680,7656,76C0,76C6,76D2,7690,76D9,76BE,767A,76BB,76BC,76CE,7690,768D,76A4,76DB,76B5,769B,76D9,76CC,76D4,76D0,76C8,76EE,76DC,76F1,76D4,76BE,768B,7690,769B,7671,762F,763E,767E,7678,7696,76A3,7690,7685,7662,7684,769D,765D,7671,764B,7683,7660,7653,7680,769C,76EB,76DF,76E4,76E2,76E4,7701,76EB,76CE,76F0,76E1,76ED,76D8,7718,7719,7719,7722,770F,76DD,7700,773A,7754,773E,771B,7702,771C,7715,76F7,772B,76F1,7716,7726,7705,776F,7725,772E,7767,775B,776D,773F,7733,7742,772C,7725,7723,7746,7722,7703,7763,776E,779D,7757,778C,7791,774D,77A4,7769,777A,779B,77A1,778A,779E,77A4,77B7,77B5,77A8,77CB,77BC,77F0,77E6,77E9,77C8,7810,7815,77B9,77E3,77E8,77F6,77FD,77F7,77F3,7821,7842,77F9,77F2,7825,77D9,7804,77F5,77C9,7861,780C,7814,7827,784F,7845,7862,787A,7845,785A,7842,7876,7882,787C,7855,7843,783A,77FD,784B,7827,7875,7835,7888,7889,7871,78C0,78C3,7880,7855,7867,789B,788C,784B,787D,7848,7868,787E,7852,7871,782F,7866,7850,7847,786D,786B,787E,786F,786A,783D,786F,7849,787D,7844,781C,785A,7864,786E,7878,789F,78B4,78B3,78B2,789C,78A8,78A4,78B7,78C9,78B6,789F,78A0,789F,787F,78DD,78BF,78CE,78EC,78F6,78E2,790C,78E7,7914,7917,78DA,7901,78B8,78F7,78B4,78C6,78F9,78AB,78E3,78DA,7903,7933,78F4,790D,78F2,7910,7916,78ED,7933,78E5,7904,78D3,78FF,7909,78F8,7936,7912,7952,7927,7942,792E,791D,7957,7957,794E,7943,7967,7936,793C,79A9,7989,7970,7995,7986,7954,7928,7995,7972,7945,796A,79A0,79D7,795A,7989,79C0,798D,7992,796D,79B9,7977,79B6,7987,796F,7970,7970,797C,7996,79A4,7966,7993,798A,79B2,7997,79E2,79B7,79AF,79DD,79A7,79AA,7997,7989,79B4,797D,79B2,79E0,79BE,7A01,7A09,7A3B,79E5,7A0E,7A47,7A30,7A5C,7A2B,7A55,7A56,7A6D,7A84,7AA1,7AAD,7AA0,7AD0,7AF3,7ADA,7B09,7B04,7B57,7B56,7B4D,7B7D,7B53,7B42,7B4F,7B68,7B55,7B82,7B84,7B9D,7B91,7B96,7B80,7BB1,7BD8,7BEB,7BD8,7BC4,7BF2,7C4B,7C52,7C1D,7C64,7C63,7C9D,7C70,7C86,7C80,7C7F,7CB9,7CA8,7CB7,7CC3,7CF2,7CF1,7CDA,7D32,7D03,7D00,7D21,7D56,7D27,7D31,7D7E,7D4F,7D8E,7D82,7D65,7D7F,7D90,7DC3,7DC4,7DBC,7DF3,7DED,7DF3,7E32,7E11,7DEE,7E01,7DE7,7E2E,7DFF,7E23,7E3E,7E2D,7DFE,7E56,7E60,7E61,7E8B,7E4E,7E61,7E63,7EA7,7E98,7EA0,7EA9,7E70,7EB4,7E67,7E6D,7E9E,7E64,7E81,7E67,7E61,7E66,7EB3,7E83,7EB0,7EC9,7EB6,7EC0,7EE6,7EC2,7ECF,7EFE,7EBC,7EEC,7EF2,7EDF,7ED8,7EB2,7EF2,7EE4,7EDC,7F01,7EF0,7F2D,7F04,7F09,7EFA,7F44,7F1D,7F1C,7F1E,7F17,7F15,7EF3,7EEA,7EBF,7ED8,7EE1,7EE7,7EF8,7F00,7F15,7F57,7F59,7F5D,7F18,7F14,7F13,7F35,7F72,7F0F,7F4D,7FB7,7F85,7FC1,7FB0,7FB9,7FBF,7FD6,7FB3,7FCF,7FD1,7FC4,8000,7FF8,8008,800A,803A,800B,8001,8039,8019,7FFF,7FF3,7FF4,7FFA,8029,8008,8046,8008,8030,8064,8062,809D,8086,8069,807B,8098,80A2,80E5,8070,8096,809A,80A6,809C,8092,808F,80D9,80C7,80B4,80A5,80C4,808C,8098,8081,8072,8071,805F,80A1,804F,806F,8084,80A9,8070,8062,809F,8094,80B9,8092,807B,809F,807B,80AD,80AD,80C7,80DB,80ED,80B9,80E2,80D6,80D8,80EF,80D9,80D9,80A1,80E6,80A7,80DD,80AC,8053,808F,8033,8083,809A,80A6,80BF,80A4,809D,80AA,806D,8091,8091,80A3,8093,803D,805F,806E,8084,8059,806A,808C,8063,805F,8058,8068,8053,8038,8074,8037,8080,806F,8054,8036,805E,8078,803A,8065,8055,8056,8034,8036,806C,8051,8089,806B,8080,80A9,80A2,8052,808C,80BA,806E,804F,8083,806D,803D,8061,805C,8091,80BD,8096,8099,80B1,8074,809A,80B4,8075,809C,8084,80A0,80BC,80CA,80E4,80AF,80D7,8108,8101,80E0,80AB,80D5,80CA,80F8,80C2,80A7,8122,80DE,80F5,8119,8138,80E2,8110,8112,812E,8166,810E,8139,8120,8118,8168,8163,812E,8165,8172,819E,819F,8178,8187,819D,815F,81B8,8185,8196,818B,8188,81B0,8196,8198,819B,818E,819F,81A9,81B0,81CA,81E8,81D9,81E4,820B,81F9,81FD,81DE,8219,820F,8219,81F1,81F5,81E7,820A,8259,821A,8215,8250,8263,822E,8247,825F,826E,8285,82AF,8288,8294,82BF,82AF,82BD,82AD,82CD,82A8,82D1,82BD,82DC,82D1,82CC,82DA,82C8,82E6,82ED,82ED,82D0,82D6,82C5,82CA,8310,8310,831F,8324,8349,8371,830D,837A,83B3,8339,8373,8372,8370,83B3,8392,838D,8396,8371,83A5,839E,83E7,83FA,83B0,83CA,83B2,83DF,83F7,83DE,83F2,83FF,840B,83DA,842C,83D4,8425,83F9,842B,8417,8412,841F,8420,8409,8423,841B,8415,849E,83EB,8463,8417,846E,8434,845C,8458,83F9,849D,8436,84AB,844E,849F,849B,8435,8472,8436,846D,847F,8473,8473,8464,8482,84AC,8465,849E,8447,8469,8499,8451,846D,8455,8487,8497,8418,8475,84C5,8452,8492,8491,845F,849B,84BC,8462,8465,8477,8439,8439,83ED,8483,8460,845F,849A,8421,8456,8480,8438,848C,847C,8463,84B8,84B3,8487,84AC,846F,8463,848D,8478,8474,8466,8491,844F,8452,8468,8424,8475,84A8,8466,8475,8496,844B,8459,8498,8468,8471,8462,8451,8418,8467,843F,83D9,8447,83FD,840D,83FC,83FA,8444,83F9,83F7,8421,83DF,83AE,8403,83D3,83D4,83D2,83C3,83E2,83EB,83CB,8403,83B6,83A6,8421,83BF,83EE,83CE,83F0,8405,8484,83FF,841B,845F,843D,8444,8426,842C,83FB,843D,8418,83E5,840B,845B,8433,8448,8476,8439,843A,8433,840B,8419,83FD,83EB,83C1,83E1,83DC,8403,838E,839D,83CD,8378,83F2,83E6,83B0,83DE,83FA,83C1,83FC,8422,83FC,83CA,83D5,83D2,83C2,83E4,83BB,83AC,83D3,83F8,83D3,83CB,8404,83FA,83C4,8418,8419,8431,841B,8433,841E,8474,8414,842F,8415,8421,841F,83F5,83F5,8407,8404,83DF,83EF,83E0,83FF,83F3,842D,8436,844D,83F0,843B,8420,8433,8411,83D6,83F8,8445,843C,83F3,8407,83E4,8414,845E,844F,842D,842E,8435,84A9,844F,843B,8437,846A,84B0,8442,8490,8473,8487,8490,847C,845C,847D,8488,8497,843B,8475,8460,8469,8465,8444,8497,8476,8447,843A,8467,8489,8483,848E,8487,848E,847B,8464,84C8,84B6,847A,846F,8478,847B,8496,8475,84A9,843F,845D,846C,844A,8495,8456,846D,845E,8499,8465,846E,849D,8464,84C5,8468,84A9,8475,8448,849E,84A4,848B,84B2,84BE,84B5,847D,8453,8462,8450,8456,843A,843D,8463,843A,8450,842C,844D,8432,842F,845D,842E,83E8,840C,842E,83DC,83CA,83CA,8396,83B6,83B8,83B2,83EC,83B8,83F0,83F6,83EB,8408,83F9,83F6,83E4,83CC,83E3,83F3,83E2,83C4,83E6,83B5,83A1,83E5,83E0,83A5,83E2,83CC,83BD,83D6,83D9,83C5,83F4,83ED,83BF,83F7,83BD,8400,83DD,8372,83A7,83B4,83A7,83A5,83B5,8393,837F,83A0,83BE,8399,8382,83B0,839D,8378,8360,8395,838B,8378,8369,8361,8392,836B,834F,836E,834E,8344,835B,834B,836D,8358,8349,836C,836C,8372,8366,833F,83A1,8363,8345,8386,8373,8381,83AA,83B1,83BA,839E,83C5,83B5,83AA,83BF,83A5,8394,839E,8364,8353,8379,833C,836F,8376,8349,837A,8383,839E,839F,83CB,8387,836A,8398,839B,83E8,836E,83C1,83C1,8399,83AC,83D9,839E,83E1,83D2,83D0,83CC,83D2,83D0,83A7,83C9,83B6,8417,83A0,83FA,83D0,83E1,8405,83D0,83E3,83D4,83BB,83F8,83D0,83BA,83F6,83DB,83CD,83D7,83E7,83F0,83ED,83CF,83E4,83D9,83B1,83E7,83C5,83A7,8394,83CC,83A5,8394,839D,83B6,83C9,83B4,83D3,83AE,83E0,8410,83D7,83B5,83D6,83E4,8426,83DA,8401,841E,83DE,8417,8406,841F,83E2,843C,842A,8412,845F,844F,846F,8484,845A,8460,8454,8406,844C,8438,8422,83C8,8401,83EF,83DB,83DB,841C,8400,8410,8409,83F0,843B,83F1,83DF,83EE,8443,8401,83EE,8410,843E,841D,841D,8437,847E,846F,8439,8440,8405,8471,8451,8472,84BF,846A,84B7,84C0,8461,8492,84AC,8487,84B1,84A1,84C8,8500,84C2,84CC,850F,84F2,850E,84D1,8509,84A8,84D1,848C,84A4,847B,847B,8492,8429,84A4,846B,8462,8498,8491,844B,843F,8440,8435,844A,844E,8477,8437,841F,8424,8429,8443,8417,8431,8448,846F,847B,8439,8463,8466,8429,8453,843B,8431,845F,84A4,847D,8470,848B,845A,8464,8462,8490,8454,8404,8454,8435,83F1,842F,8472,8448,8402,8445,8439,8414,8404,8476,8422,840B,8437,8437,83E9,8425,843B,8412,83F7,845C,840F,83E3,8407,838D,83E9,83B0,83E8,83F6,83DE,83D4,83FA,83FE,83DF,83EA,840D,83C6,83DA,8411,83F0,83C4,83D2,83F2,83D2,83F5,83C1,83D5,83CC,83B5,840C,83D0,83FB,83D7,8405,83CB,8402,8421,83A5,83F9,83A5,83AE,83CD,83F1,839F,8375,83AD,8382,8371,8332,837B,8347,832C,8332,8329,835B,8355,8334,8373,8347,834F,834B,8329,837B,8340,8371,838E,8393,836E,8363,83BA,83A5,8390,8386,83A8,838B,8354,83AA,83B7,8383,83B8,8399,8383,83AC,838B,8343,837E,83BE,836B,8377,83A0,83CF,8391,83D4,839F,8343,8379,8372,835A,8383,83BA,835C,837B,837C,8377,83A5,83AB,8359,8372,83B0,83B4,836E,839B,8398,837D,83B5,8372,8408,83D5,838B,83A5,83AC,836D,83E4,83B6,83B9,83EB,837B,83D8,83C1,8391,83E8,83C8,83D1,841F,83CA,8426,83D2,8403,83F7,83C7,840F,83CF,842F,83B7,83FB,8414,83B9,8438,83D4,842A,83D2,83F1,83F4,83D8,83FC,83D5,8408,83C7,83D5,83DE,83D9,839B,83AA,83BD,83B2,83EB,83BD,838C,83EE,83A7,8410,838A,83CF,83E5,83B5,83FA,83DB,83DF,836F,83CF,83A3,83F4,83A7,83AB,837F,836F,839E,83B2,83CE,8351,83AD,83AF,83CC,83A4,833C,83A5,832A,8353,8368,832C,833E,8306,8345,832E,8309,8373,8346,832F,832D,82FA,8325,8314,830C,8320,82D1,82D2,82F2,82AD,8301,8293,8292,82A5,8292,8295,828C,82D5,8291,82BE,82D5,8276,82BC,82CB,8297,82D8,82D4,82F9,8310,82DE,82CD,832F,82AE,82E0,82EA,82B5,8323,82F6,831C,82F1,82E8,8306,82B5,82E6,830E,82B5,82E0,82CB,82C3,82C4,82AF,82BD,82F4,829D,82E7,82A0,8270,82DA,8299,82D1,82BF,8263,82E2,8280,82B1,828F,8272,828B,8297,826A,82AD,829B,8241,82B7,8276,8291,828F,8250,8263,8259,823B,8213,823F,8237,8200,8272,822E,824A,825F,822D,81F5,820B,8206,81EF,821D,81D7,81C7,81F6,81FC,81CF,81B1,81AE,81A0,819C,818E,81C0,81C8,818B,81A1,81BC,819E,81A9,81B8,81B8,81C5,81B2,819A,81EC,8194,81BB,81AD,81C1,81AE,81C0,81B2,8180,8192,8182,819D,818C,8182,814C,8197,8174,8156,8144,8180,814A,8150,8134,8146,8160,811C,813F,80FD,813E,8147,8119,810B,8154,816E,8152,812B,80FD,815B,813C,80FE,8118,80FD,8148,8143,8142,8157,8163,8156,8157,8162,815F,8159,812C,8148,812F,815E,8103,813B,80EC,80DD,813A,8109,80EC,80EE,80CF,80DF,80E4,80F2,80F1,807F,80C9,80D3,80C0,80A1,8066,807C,8077,807C,809D,8035,8030,803F,802F,8052,8027,8094,804E,8054,805D,805A,8084,8096,8074,807A,8049,805F,80B4,8043,805A,807A,8048,8061,805E,802E,803D,8021,8037,8013,8038,8022,802E,7FF8,801E,801C,802C,802A,7FE6,8025,7FEB,7FF9,7FD6,7FF1,7FB5,7FC6,7FD8,7F88,7FB4,7FB0,7FB5,7FD7,7FD5,7FB5,7FB7,7FAE,7FB3,7F86,7FA7,7FAF,7F95,7F90,7FC6,8001,7FDD,7FCD,7FFA,7FC8,7FF3,7FFB,7FFC,801D,802A,8015,800E,8033,8023,801C,8026,7FFA,8029,8049,802E,801D,8020,804A,801D,8043,8021,801F,8035,8020,8023,801B,8039,800A,801C,8055,8033,8012,803D,8079,802A,8004,802F,8045,804F,8030,8049,805E,8085,80B0,8076,806D,80A6,8074,807F,804E,8081,809D,808E,80D4,809D,80DC,80C0,80BE,80B0,8102,8137,80C4,80FE,8112,80D5,8112,80E1,80E6,80FC,80DA,80D4,80E7,80ED,80BE,80DA,80CE,80E6,80D8,8122,80DB,80C5,80F0,80C3,80B0,80CC,80C7,80DA,80DC,809E,8103,80C4,810E,8113,80CB,80FE,80C1,811F,8106,811C,8100,8144,8154,80FB,80FC,80FC,8116,80FE,812F,80FC,80A7,8110,80EE,8113,80B1,80CA,811E,80DD,8111,80AD,80F1,80CD,80E0,80E6,80CB,8112,80EF,80BF,80D8,80EF,8104,80C9,80DF,8105,80ED,8117,80C4,80AE,808E,80FF,80E6,80CF,80E7,809D,80D8,80C9,80B0,80BE,80A7,80C9,809C,808E,80A8,80BC,8087,80D4,80D5,80D6,80F2,80B0,8087,80B1,80D3,80B2,80F6,80F7,80D5,80AA,80CB,809E,80FC,80BE,80B8,80A0,8093,810A,80F4,80C2,80C6,80EE,80E3,80B9,80A7,80B0,80DF,80D8,80B1,80FA,80DB,810E,80FB,80E6,80DA,80ED,811B,811F,8117,812F,8166,8140,8117,8142,814D,811F,8111,8148,815B,812C,8188,8132,8122,8174,8122,8140,8128,8143,817D,8141,814B,8164,8134,813E,8166,815D,8132,814D,8155,815F,816A,8160,813E,811D,8124,8107,810A,8100,8130,8135,810B,8143,80EE,8112,811C,8118,8148,80E5,8130,8136,8133,8144,8158,8128,80F7,8138,8134,8132,80D0,8102,8163,812B,8133,8129,813C,8103,812B,8145,813C,8174,814B,811D,8140,8172,8150,8173,815D,812E,812A,814A,813B,8139,810E,8102,8128,80F9,8112,80E3,80CC,80E6,8107,80E0,80E2,8109,8126,80EF,80DF,8119,811C,80D0,80F0,8149,811E,811B,812B,8127,8120,8135,813D,814A,8155,8153,8136,815B,81A5,8175,819F,8162,816A,81B2,815A,8198,8194,8162,81A3,81BA,81E7,822C,81C1,81E6,81B7,8185,81EC,8194,81DD,81D4,8178,81C7,81AB,81DB,81BC,81FF,8226,81D8,8228,81F8,820F,81EF,8218,8206,8212,8221,8206,8250,8260,828D,8262,827A,8262,8245,826F,8276,8275,8287,8258,8265,827D,82A9,8274,8252,828E,8275,825D,823F,8270,8263,8256,8250,829A,8264,8268,8256,826A,82A2,828E,828F,8299,828E,8280,82A4,827D,8258,8267,826C,823A,8257,8219,8234,821B,822B,8262,8246,8262,8250,821F,824C,823C,8231,8249,8228,8224,8244,822B,820D,81F3,81F4,81F5,8227,821F,8213,8221,823C,820D,8241,8213,823C,824A,8216,8231,823C,8244,8209,822F,8201,81F2,81EF,823C,81DE,81B9,8203,820D,820C,81D7,81E3,8232,81EA,81FB,81D4,820C,81D5,81BF,8196,81EE,8188,81CF,81A6,81ED,81D9,8189,8180,819C,81AD,815F,81B3,814F,81C8,8165,818A,8169,81B4,8183,8186,81C1,8177,81B7,8146,81B7,8138,8179,8167,8161,8153,817C,81AB,8145,8195,813C,8161,8135,8184,8159,8178,8144,8164,81BE,810D,8147,813D,81AA,8131,814A,8187,80BB,811D,8139,8147,8111,8121,8176,80A0,80CD,810C,8161,8145,808B,8118,8104,810F,816A,80DC,80C1,80FA,80BC,8163,80D9,8103,8108,80C7,814A,80C2,80EE,8112,815C,8160,8083,80E1,81A7,8140,80CA,8032,8147,8188,80C2,806E,80A6,81B0,811B,80A9,80AE,810F,81C8,810E,80F1,80B1,811E,81BE,8138,8118,80EF,8153,8104,812A,8146,8166,816A,80EF,80E6,811F,8201,8157,8110,80CA,8125,8199,8144,8154,8135,8184,8151,817F,8163,81A5,81AD,81C8,81B4,8199,81DD,81A3,81CC,81B0,81A2,81E1,8153,8167,81C2,81C1,8195,814E,8196,817B,817E,81ED,81A3,8168,818B,81CE,81CB,8136,8108,818B,81EE,8199,8142,8181,81EC,8196,814D,81A4,81CE,81A1,81A1,81AD,81D8,81B1,81BC,81B4,8179,81C2,822B,81D8,818E,81E9,81F7,81E5,81D0,81A7,8183,81A2,81C7,8192,8175,81CB,81EF,81A0,8188,81BE,81D4,81D1,81C1,81FB,81CF,8199,8201,81F3,8194,8183,821D,81C6,8130,8128,81E9,81E5,815F,8169,81C0,81D0,81E2,815A,8158,81A4,8206,8215,8169,81A8,8214,825A,81D9,817E,81AA,826E,8289,8224,821E,825A,8240,821F,821A,822A,8213,821C,8223,824B,828C,81CD,81D1,822D,824F,81DF,819D,81CF,8262,824D,820D,820A,81EA,825C,81FF,81DB,81FD,8233,8226,81AB,81D1,81E1,820E,81D2,81BD,8219,823E,81E0,81C7,8240,8292,8231,81B8,81FF,81BD,81DE,81DC,81B7,8186,8186,81FF,81FC,81C0,81BB,821B,8272,81F6,8196,8237,82BD,826A,81CF,8200,823E,8293,8228,81B2,81A4,81F1,8215,8231,8200,8187,818E,81BC,81DC,8183,8141,8123,8169,81B1,816E,8109,80B1,8154,81D6,814F,810C,80D9,8142,81BB,8146,80C3,80D2,814E,8161,80E6,80F1,8137,811E,80E5,811A,813B,812A,80B8,80B0,810F,810C,80DF,8038,809E,80C5,80C5,80D1,80BF,80AC,80DD,80DC,80D8,808E,804F,808C,80A5,80C4,8098,805D,8073,80F5,80B5,8098,8046,80DA,80AD,80A6,8053,80E4,80F9,80A3,800F,80A9,808D,8092,80A5,8069,8058,805B,80D1,80F0,80A1,8050,80BE,80FF,80D2,808D,8118,814D,810D,80B7,811C,80F5,812C,808B,808B,80FB,8142,80FC,80E4,80D9,80C4,80D0,809C,80C5,8080,80E0,80FD,8122,808C,8098,80DE,8123,80E4,80E0,80D9,8100,813E,8129,8105,80DB,80E2,80E1,80B4,80CE,813A,8110,80EC,810A,813B,8149,80D8,80E9,813F,81BC,81B7,8120,8158,818F,81A5,8151,80FB,8133,817B,81AE,8168,8155,818D,817C,8158,813C,811F,812A,8150,810F,813F,8119,8134,8152,8146,8119,8100,811F,8149,813A,8115,815E,818B,813D,80D8,812A,8125,8118,80BA,80C5,812B,80F9,80C9,80FD,8134,8116,80E2,813F,8162,812E,80F9,80F6,8123,8193,811E,80EF,80FD,8136,8133,80E7,80F6,811B,81AB,8110,80DE,8136,81BA,8156,80EF,814A,813E,815F,8117,80F4,80E7,8122,811B,8131,810B,810E,8160,8104,8119,8110,80DD,80AC,80B8,80AA,80D3,809E,80D3,80C3,810A,80D1,8068,80B1,80E8,80F6,802F,809B,80E4,80C5,808E,8058,80B7,80C2,8092,808E,80CC,80FE,80C6,80E4,80BD,80BF,80E5,8103,80B0,809C,80BD,80E1,80D8,80BE,80EB,8132,80DF,80BC,812C,8135,8114,80D1,80B4,8119,80FC,80E3,80CB,8094,80BD,80AF,807D,8078,80BD,8082,8045,807E,808C,806B,8064,8072,805B,8067,8058,802F,8009,8031,80AD,808B,808D,8061,80D1,80A7,8056,8060,80C4,80B9,803E,8083,8072,80BC,80A5,804F,8083,804B,8097,809D,8028,8079,8097,80A3,8037,8021,8078,80E9,8092,803F,8087,80D3,80C1,8060,8031,8075,8085,8029,8056,807B,8064,802C,804F,8073,8051,8072,8098,8090,80A2,8040,8088,80D1,80B0,8070,808A,80A7,80CB,80D5,80D2,80DC,80DE,810C,811E,80F3,80DA,814B,811E,8108,8114,8120,8167,8115,8131,812E,8172,80F8,8114,8122,80EF,8105,80EF,811C,80D8,8117,8128,8124,80CF,80E9,8127,813E,80E5,8118,8172,80F3,80DD,80E4,814D,8147,80E4,80DE,80FE,812F,80FB,8146,8112,8142,811A,8101,813C,8127,8175,810D,811B,8150,814B,8162,8175,811E,813E,812F,8131,8149,810D,8126,8138,811D,80FB,812B,811A,8129,8144,8172,812A,8112,80FE,812E,80EA,80E0,80E0,8119,811C,8078,80A1,8101,80E3,807B,80FF,80E6,80C9,80A5,80A1,810B,80C3,8109,80BF,80B1,80BF,80AE,809F,80A4,8099,809B,80C5,8094,8077,8057,80AB,80C7,80B6,80C3,8100,80C3,8082,80CD,80BE,80DF,80B6,80C3,80EB,80F2,80F7,80F6,80E2,80AA,80B4,80D4,80C7,80B9,80E5,8108,8111,80ED,80E9,80F8,80F9,8108,80C2,808F,80FD,8109,8095,80BA,80ED,80E5,812B,8116,8109,811E,80FF,810D,8117,814A,811A,8107,80F2,814B,8153,814D,8123,8141,8179,8198,8165,813A,819B,8160,8196,8151,8157,816B,8172,818E,814A,814E,8187,818B,8175,8146,8172,8157,816A,818B,8185,8174,814B,813C,8187,81A9,8141,8145,8134,815D,814D,814D,8110,813D,8177,814F,811F,80E6,80FE,8122,812C,812C,80FE,8130,818D,813D,8142,80FD,8131,8124,813E,810A,8119,814B,80F2,8130,8103,80E7,80ED,8104,814D,80F2,80F3,8131,8122,811B,80ED,80E9,8123,814B,8111,80F5,813F,8131,811E,8125,811F,811A,8109,80F6,8115,8138,8101,80E5,80D6,80EC,8139,80BC,80E3,8115,812A,813C,8132,80F5,80F2,8133,80DA,80F8,8124,8131,8122,813B,8168,8146,8149,813F,8169,8178,8142,818C,8128,8171,8172,812A,814C,8175,819A,8157,814F,818C,815C,816E,812E,815B,8126,8132,812A,810B,813D,8136,8122,811D,8146,8181,814E,816A,819E,8172,8154,8153,8136,8140,8164,812E,8150,811E,812D,80EF,80D6,813C,810A,80D6,80CB,80E9,80F4,80F1,80F4,80B1,80C8,80DC,80BF,80B1,8039,80D3,80BA,80DD,80A4,8088,80BF,8099,809D,809E,80BA,80D7,80EB,80CD,809B,80A3,807A,8092,8095,809C,80A1,8060,8085,808C,804F,808B,8046,8045,808F,807E,8070,8074,808A,805E,8073,805D,808B,803F,8011,8062,809E,804F,8022,8028,8055,80A7,8029,8048,806C,805C,808E,804A,8055,807F,8056,8059,804C,801A,8058,8070,8081,805C,8016,8061,8071,805C,8051,8069,806E,8055,8075,8089,808D,8075,808A,8094,807E,805D,804A,8065,8076,8095,8070,8051,805A,808B,8067,8097,8094,80AE,80A4,8079,809C,807A,8088,804D,8076,8066,80C3,8068,8059,8064,8053,803F,8043,8040,802B,804E,805A,8023,805C,8044,800F,8054,804C,805A,8044,806C,8041,8058,8083,8052,8050,8050,80B1,808E,8071,8096,8080,80C9,8062,8054,8066,8053,806C,8039,8017,801E,8042,8054,801E,8023,803C,8047,800F,8012,803E,8003,8015,7FE6,8008,801B,7FE3,7FE6,7FD7,800C,7FAD,7FB4,7FDB,7FE4,8002,7FDB,7FCC,7FF2,8018,7FFF,7FE3,7FFA,801B,803D,803B,8027,805D,8084,8075,8062,8098,8061,806F,80CB,8070,808C,8056,8052,808C,806B,807F,8072,808F,805E,809B,807E,807B,8094,8090,8098,8080,808B,80B7,808D,807B,80B6,8097,80A4,8099,80ED,8086,80B6,80B8,80D0,80AD,80A8,80D8,80FC,8105,80C3,80D5,80E9,80E0,80D0,80E4,80FF,8133,80C2,811A,810E,80FA,80F6,80F0,80E4,810F,8107,80D7,8108,80FA,80F5,80D9,8102,812D,8101,8112,8101,80E9,80C4,80E5,80FB,8109,80D1,8100,811C,812C,8122,8131,80F6,80E7,8124,80F5,8122,80DE,8120,811D,8122,80E7,812A,813B,8115,813F,8133,8138,8114,8145,811E,8186,815A,8123,8172,8180,8151,813C,8133,814A,818A,817B,8169,8133,8173,8194,8199,819A,8136,815A,8176,8199,816B,8141,813E,816A,816B,8145,8141,8141,814E,813B,8120,8130,816C,816B,8156,8102,815C,814D,8122,8138,8116,8162,815D,8125,8133,812B,814D,810A,8150,813F,812F,8156,811F,8138,8193,8170,8144,8181,813B,813B,8165,8130,815C,8173,819F,8185,8174,818F,819D,8176,8154,818C,818A,8162,816C,8179,81B0,81DC,81B1,8170,8186,81A0,818B,815F,816E,8167,8190,8185,817B,816E,8146,8176,815A,8158,8133,814E,816E,814E,812B,812B,818D,814F,8149,8158,814B,8152,814D,8132,8176,816D,819D,8177,8139,81B0,817C,8183,8153,816C,8172,8172,816A,8129,8105,813D,8166,8128,80BB,80EB,8143,812E,80E4,80FA,812D,8135,812E,815C,810A,8114,8141,8106,80FE,8112,8141,813F,8132,80F2,80FC,8106,8115,8110,8107,814A,815E,816F,8143,8106,8162,814E,8153,8143,8156,8148,814D,8143,8130,8125,8133,814F,811E,8163,8129,8131,8136,8101,812C,80F4,8115,80F7,80F1,80FE,8106,8154,8112,8101,813F,817E,8115,80D2,813D,8125,8112,80EE,8107,812D,80F9,80E2,8108,80DF,8100,8103,80C7,8104,80E9,8103,80D3,8107,80EB,80C7,813D,813C,8101,810C,80FD,810D,812D,812B,812C,80F1,811E,8116,811C,813D,80EC,8115,8128,8119,813F,811B,813B,8123,8124,811E,8137,8151,811F,8150,817A,813D,8124,816F,8167,8166,8146,8151,818C,8166,817B,8144,813E,8170,8171,81B1,813D,8183,8171,819F,8195,8170,818A,8161,8169,8147,8176,816B,8151,8142,8147,814E,8167,8175,812C,8101,8136,8167,814C,811B,8117,8147,814D,812F,80FB,810D,814A,8114,80E9,80DA,80F4,8131,8112,810F,80FA,811B,80F1,811F,80DA,80E0,810D,80F1,8100,80DA,8129,80EF,80E0,80BD,8117,8116,80A3,80A8,80D8,80F5,80C0,80B8,808F,80D1,80D3,80D0,80AA,80DB,80D0,80B8,80AC,80B1,80A4,80AE,808E,805A,80BF,8080,8074,804F,8047,804F,806B,8037,802D,8049,80A3,808E,8041,8057,8093,8083,803A,8065,8061,806D,804F,8091,8050,8075,80B7,80AF,80B8,8074,8090,80CE,80D4,8094,80B5,80BA,8105,809E,8091,808F,8095,8056,805F,8078,806F,80D8,8087,809D,8083,80B5,80C5,8072,80A5,8078,809D,8084,80A6,80A9,8094,80A7,807D,8073,805D,809E,8081,8064,8059,8003,8072,8064,802D,8041,803E,8053,805A,802B,8018,8043,8068,806D,804C,8043,8043,8071,8028,806B,8072,804C,805E,8059,8067,803A,807E,8048,8067,806A,808C,8069,8019,8052,8074,8056,802A,8027,801E,8027,804F,8056,8021,8018,7FFF,800A,8002,8051,8016,8039,8069,8012,8043,7FEA,8009,8021,8024,8047,8032,806D,8069,804B,8061,8080,80AE,8062,8063,805C,8073,8093,8069,80A3,805C,8064,8057,8063,8057,806D,808C,80AD,8067,8061,8075,8069,808A,802A,8087,80A7,8097,8059,809F,8093,8062,804F,8072,806F,806B,808C,8085,8068,8081,807F,8029,8096,804E,8063,8082,8046,8058,8053,8028,8028,8020,8015,7FD5,800C,7FEC,801E,8027,7FFB,8009,8000,803A,8003,8010,8014,802C,7FFF,8018,7FE7,7FEE,8032,800D,800B,800A,7FEA,7FDD,7FEB,7FE6,7FDD,7FDE,7FDA,7FC9,7FD2,7FA1,7F97,7FB2,7F53,7FB2,7FBE,7FA9,7FBC,7F8A,7F79,7F8B,7F95,7FA2,7FAD,7FA6,7F9D,7F70,7F9A,7FC5,7F9E,7F3C,7F5B,7F52,7F6B,7F65,7F8B,7F92,7F8A,7F9B,7FAE,7F92,7F82,7F5A,7F8F,7F86,7F43,7F5F,7F44,7F5A,7F8E,7FDE,7F80,7F71,7F5A,7F46,7F61,7F35,7F42,7F42,7F58,7F36,7F21,7F2F,7F5D,7F59,7F45,7F6E,7F91,7F48,7F62,7F6A,7F4D,7F65,7F79,7F68,7FA0,7F76,7F91,7F67,7F53,7F4A,7F62,7F86,7F80,7F04,7F5D,7F7F,7F5C,7F20,7F10,7F76,7F38,7F20,7EBC,7EEE,7F1D,7F09,7EC2,7EF0,7F2A,7EF8,7ED0,7EF8,7F1B,7F29,7EDD,7F15,7F00,7F33,7F26,7EFC,7F2E,7F37,7F48,7F05,7F3B,7F09,7F52,7F13,7F30,7F2F,7F2E,7F51,7F19,7F2C,7F0F,7F2B,7EF9,7F0C,7EF6,7F13,7F40,7F28,7EFB,7F0B,7F14,7EF0,7F11,7F37,7F2B,7F32,7F14,7EEA,7F0C,7F5B,7F31,7F5E,7F46,7F69,7F7B,7F79,7F94,7F6D,7FC6,7FAD,7F7F,7FC9,7F98,7F73,7F7D,7FA4,7F81,7F95,7F64,7FAC,7F93,7F62,7FBC,7F8D,7FD5,7F9D,7F9D,7FCD,7FDA,7FC7,7FD7,7FA7,7F7D,7FAB,7F71,7F67,7F71,7F6B,7F64,7F74,7F91,7F84,7FA3,7F54,7F79,7F7A,7F2D,7F4D,7F5F,7F7A,7F7D,7F9C,7F7C,7FA7,7FA5,7F99,7FA0,7FA3,7F89,7FAC,7F8F,7FBD,7FD7,7FCE,7FD4,7FCA,803A,7FEC,8007,7FEC,804A,8012,8005,7FF0,7FF5,8025,7FF2,7FEC,7FDD,8005,7FFC,7FD1,7FB8,7FD8,7FEB,8000,7FD8,7FEA,800D,7FF4,7FAF,7FDB,7FE7,7FCD,7FE6,7FD2,7FB7,7FD1,7F89,7FB0,7F82,7FC2,7F98,7FC0,7F92,7F83,7FDD,7F83,7F78,7FB5,7FC7,7F9E,7FB0,7F3F,7F61,7FAA,7FD5,7F97,7FF8,7FF0,8007,803B,7FB8,8029,8057,806E,8022,804D,8032,8068,8042,8023,8062,8041,8061,805C,8051,8028,8057,802A,8018,8068,804E,802F,803B,7FF1,804C,8022,801B,8005,7FDE,802E,7FFF,8003,7FBF,7FE8,8010,7FDD,7FE9,7FD1,7FE5,7FF7,7FD8,7FE9,7FE5,7FE1,7FCC,7FCC,8000,7FFF,8023,7FE5,8021,7FEE,801C,803B,7FF7,8037,8016,803D,800C,804D,8067,8078,8075,8026,8085,8047,8025,8017,8007,7FFC,800C,7FCD,7FF5,7FEE,7FCF,7FC7,7FD6,7FA0,7FA3,7F7E,7FC7,7F9D,7FF2,7FEE,7F94,7FD7,7FD5,7FC5,7FAF,7F91,7F8B,7F97,7F77,7FBD,7FA7,7F9D,7F83,7F87,7F9C,7F7F,7FB3,7F91,7FA2,7F88,7F89,7FD6,7FD9,7FEA,7FA3,7FE4,7FF3,7FDF,802A,7FEE,7FDF,7FDC,7FD0,7FDC,7F9B,7FE9,7FA4,7F8C,7FA6,7FA0,7FAF,7F8C,7F9A,7FA2,7F98,7FA7,7F9A,7FB4,7F9B,7F74,7F82,7FAB,7F8F,7F94,7FB8,7F88,7FA0,7F89,7FA5,7F99,7FA2,7FAC,7FA1,7FC7,7F84,7F98,7FE6,7FB2,7FA0,7FC4,7FE4,7FE9,801B,7FCC,7FCB,8027,7FF4,7FFA,7FCA,7FDD,8007,7FD2,7FEE,7FF8,8015,801E,7FEA,7FF8,7FFA,7FF4,7FA8,7FB3,7FC4,7FB2,7F9B,7F93,7F67,7F6B,7F63,7F7C,7F73,7F82,7F6C,7F77,7F75,7F72,7F46,7F44,7F69,7F31,7F30,7F77,7F4E,7F42,7F7A,7F5B,7F84,7F7F,7F6F,7F57,7FAF,7F91,7FA4,7FC5,7F7E,8008,7FF4,7FD1,7FDC,7FDA,7FE3,7FD5,800B,7FEF,7FC8,7FF2,7FF6,7FD6,7FE1,7FD3,7FEB,7FA3,7FAB,7FE5,7FD3,7FA3,7FBA,7F83,7FDF,7FA6,7FB4,7F8D,7F48,7FB9,7F6D,7F60,7F8B,7F6F,7F81,7F87,7F68,7F78,7F8C,7F9D,7FA7,7F62,7F65,7FA7,7F9D,7F4E,7F43,7F7D,7FC3,7F87,7FAE,7FAE,7F93,7F8A,7FAC,7F9D,7FAF,7FBF,7F85,7F97,7F9B,7FB1,7F95,7FCB,7FA5,7F88,7FAB,7F97,7FB1,7FA2,7F85,7F8D,7F62,7F72,7F7B,7F31,7F44,7F21,7F04,7F17,7F03,7F20,7F48,7F57,7F02,7EF1,7F36,7F57,7F1D,7F30,7EEB,7F16,7F4E,7F38,7F44,7F25,7F66,7F4C,7F5C,7F2C,7F34,7F50,7F2B,7F4B,7F42,7F56,7F1C,7F64,7F15,7F25,7F1F,7EFE,7F31,7F08,7F1D,7EE5,7EF6,7F15,7F37,7EF6,7F11,7F2A,7F1C,7F07,7F09,7F28,7F45,7F38,7F26,7F3B,7EED,7F2D,7F16,7EF6,7EF5,7EC2,7F11,7F13,7F0B,7F20,7EFD,7F0F,7F17,7F30,7F22,7F25,7F38,7F45,7FAC,7F98,7F67,7F55,7F71,7F6C,7F7F,7FC5,7F8A,7F79,7FC4,7FD8,7F89,7FB2,7FB1,7F98,7F81,7F81,7F9D,7FB7,7FB7,7F8A,7FA9,7F87,7F5E,7F81,7F4D,7F7C,7F8D,7F4A,7F1D,7EFE,7F66,7F3F,7F4E,7F49,7F37,7F54,7F3A,7F1F,7F57,7F56,7F4B,7F28,7F67,7F7A,7F62,7F7E,7F87,7FBA,7FBF,7FC2,7F94,7FAB,7FD4,7FC1,7F91,7FEE,7FDE,7FE3,7FEC,7FD5,7FE9,7FE6,7FE3,7FA6,7FEE,802E,8005,7FEE,8018,802B,803A,8000,800C,801C,7FE2,7FF7,7FF0,8040,7FEE,8010,8035,803F,8006,803C,805B,8001,8014,7FF8,8039,7FF0,8001,7FA4,7FFB,8010,8032,8040,800A,808B,8045,806C,804F,8063,803C,8086,80B5,806D,80A0,80A7,80A7,80B1,80A8,806F,8055,807F,80AC,8053,8075,8082,80BB,8079,809A,80B2,80B7,80C6,8088,80D3,809F,80BA,8087,805D,8066,80B8,807C,8074,8057,804C,80C0,80A7,808F,8048,8089,8085,8058,8041,8013,808F,8065,803D,8067,8049,801B,803C,8041,8047,8072,8052,801F,8026,8031,8034,8024,802E,803D,802E,805C,8035,801E,804A,802D,805B,8019,804F,803A,8026,8049,7FEE,8026,7FFD,800E,8018,8015,801C,7FD8,7FF9,801C,7FD1,801A,7FFF,7FEB,7FEE,7FF3,7FEE,7FBF,7FDA,7FB7,7FBB,7FCF,7FE1,8015,7FEF,8006,7FF5,8024,7FD0,7FCA,7FCA,7FD5,8016,7FF5,8039,802D,7FFF,800E,805A,8023,8018,8031,8024,8037,8003,800D,7FE6,7FFF,8029,8011,801F,7FE0,7FF6,801F,801A,802B,7FE0,7FBE,7FEE,7FE4,7FD9,8013,802E,8009,7FEB,7F9D,7FDA,7FCE,7FC8,7FC5,7FD5,7FBA,7FCC,7FBF,7FFB,8012,7FDC,8006,7FB1,8007,8000,7FD8,7FF4,8014,7FEF,7FF4,7FEE,7FE3,7FED,7FC1,7FB3,7FCE,7FEA,800D,8018,801F,8012,802A,8008,8016,8048,7FE5,800C,8017,7FFB,7FE4,7FF0,800E,7FD9,8007,8002,7FDA,8016,8020,801B,7FF8,7FE0,801B,7FEF,7FA7,7FCD,7FC2,7FD2,7FE7,7FDD,7FE1,8018,8029,801A,8018,8038,8001,8007,8003,8008,7FF8,7FDE,7FEF,7FCC,801C,7FEF,8016,8023,800D,803C,803E,8048,8032,8013,802D,805C,8065,8027,804C,804E,8005,7FFB,8095,8067,805D,8078,8057,802E,802D,8069,8049,8029,8048,805B,8053,8036,8017,8015,7FF8,8013,8026,801D,7FD2,8019,8010,7FFB,8029,7FE6,7FB8,7FD6,7FED,7FE6,7FEA,7FD7,7FE7,7FC1,7FCA,7FC5,7FD1,7FC3,7FD4,7FFB,800D,7FFC,8039,803D,8058,8067,8058,8025,8016,803A,8047,802F,801D,803F,8004,8008,8001,8012,8022,8037,8035,8012,802A,7FBF,8001,8010,7FEF,802C,7FF7,800F,802A,8045,8022,8016,8021,801C,7FE4,7FEF,7FF1,7FE5,7FC7,7FCF,7FE7,7FBB,7FAB,7FF4,7FF2,7FDD,7FD6,7FBE,8016,7FFE,7FEC,7FEE,7FE8,7FC0,7FB2,7FFA,7FE0,7FD8,7FF3,7FEE,800C,7FF7,7FCD,7FD6,7FED,7FE4,8013,7FDB,7FAE,7FB1,7FC9,7F8D,7F9F,7FAE,7FA2,7FD5,7FD3,7FE7,7FE3,7FEF,7FDD,7FC1,7FD6,7FD3,7FC0,7FEE,7FC0,7FB1,7FBC,7FA7,7FFD,7FD5,7FC3,7FD2,7FCB,7FFE,7FDC,800A,804C,8012,801D,801D,7FEA,8025,7FF9,7FED,8003,8046,8032,802A,8015,801A,8007,7FFF,8067,8040,8078,8036,8042,809A,8092,8065,805C,808D,803E,803E,8055,8032,8061,8083,801D,8004,803F,803C,80BA,8059,805F,8049,808B,807D,80A0,8096,808B,807B,808D,8096,80A2,80B2,80AE,80C2,80A7,80C3,80A5,80E0,8088,80D0,8100,80C0,80F4,8106,811D,8112,8144,813B,8127,814D,80E4,8139,814E,8137,814C,8152,8190,8162,8126,8143,819B,8188,817F,817E,812A,8153,8163,8153,8136,8142,810A,8122,8130,813B,8130,8142,816F,813D,8140,812C,813E,817E,8194,816E,814D,8145,8127,8129,8129,8166,816B,8190,8174,812D,8164,8180,8161,813E,8179,8168,8175,817F,816A,8122,8138,8174,8153,8119,8124,8129,8129,811F,811A,8142,8155,8126,80E5,8115,8115,810E,80DF,80EF,80F1,80F4,8113,810D,8118,80F2,811D,8119,8119,813A,811B,810E,8113,80FC,8129,8142,8146,812C,80C8,80F6,80DB,80E5,80CC,809B,80D1,80A9,80B4,80C7,80C7,80DC,80D5,80CA,80EC,80CB,80E2,80E1,8106,80DE,80D4,8106,80D8,80E7,80BF,80BD,80CB,80C2,80AC,80BE,80A3,809E,80BB,80AD,807E,80A4,80CA,809B,809B,80C7,80BE,8092,80A0,809A,8075,8060,8087,8072,8060,8074,807A,805E,8056,8051,8036,8060,8007,803B,8034,7FF7,802F,7FE9,8001,800B,8002,7FE9,8025,7FDD,7FBD,7FF6,7F86,7FD7,7FFC,7FBE,7FE9,7FD0,7FE4,7FE3,7FDD,7FDD,7FFE,7FFD,802C,7FF2,7FDB,8049,8034,8014,8000,7FFF,802B,801F,8024,803E,802D,8049,8041,7FEF,8038,8042,8000,8024,804A,802E,802B,8055,8044,805E,8052,8046,8049,8037,8041,8013,802C,8008,802B,803D,8040,8028,7FF6,7FFC,8005,800D,8020,8067,805D,8056,806D,8077,8067,803F,809A,807D,8063,8076,807D,8076,8075,8072,8059,8055,8077,803F,8055,8055,805C,8064,8072,80BD,80B3,8098,8068,8073,8068,8062,805F,8097,8081,808B,8071,8062,8080,8052,805C,8051,8028,806D,803E,801A,8038,8056,8066,804E,803C,8072,8040,8034,8028,8061,8045,803D,8054,8041,8073,803C,801B,8042,803A,803F,8068,8059,804E,803B,803A,8019,8027,8016,8043,808C,804F,802E,805D,804A,8034,8003,803B,8022,803B,8017,8004,8019,7FE3,7FC7,7FAF,7FBB,7F8A,7FDD,7FAC,7FC7,7FB9,7FA9,7FAD,7FA6,7FD5,7FBA,7F99,7FB5,7FA6,7F81,7F96,7F9C,7FC0,7FAD,7FC9,7F64,7FAB,7F93,7FA7,7FB3,7F75,7FB6,7FB6,7FDB,7FC4,7FC7,8001,7FBD,7FAD,7FC6,7F87,7FCA,7FA8,7FCA,7F7B,7FD0,7FBD,7FB1,7FE1,7FAA,7FB4,7FBF,7FF7,7FB1,7FA6,7FBB,7F8D,7F64,7F83,7FA2,7F90,7F6C,7F99,7F7A,7F7A,7F88,7FA1,7FA4,7F8F,7F7B,7F77,7F8E,7FA9,7FBE,7FAF,7F64,7F56,7F88,7F76,7F6B,7F16,7F49,7F8E,7F49,7F51,7F7B,7F74,7F49,7F61,7F7A,7F68,7F7C,7F7C,7F52,7F52,7F50,7F68,7F73,7F4E,7F73,7F67,7F7B,7F62,7F66,7F5E,7F6E,7F9E,7FB8,7FBC,7FBE,7F90,7FE0,7FA6,7FA7,7FBB,7F50,7F8F,7F68,7FAB,7F76,7FAF,7FA5,7F76,7F7A,7F90,7F7B,7F9D,7F97,7F9F,7F96,7F98,7FBD,7FCA,7FAC,7F9C,7FC7,7F7A,7FB2,7FC3,7FC0,7FD5,7FDC,7FEB,7FE7,7FE8,7FC8,7FD4,7FF4,8006,7FDF,7FE0,7FDC,7FE0,7FFB,8006,8049,8025,7FFA,8004,802F,8016,8006,8012,8046,8045,8029,8021,8045,805D,8023,802F,8056,804E,806F,807F,8061,8043,8052,8083,8081,808C,806F,8077,8072,8077,8061,8048,805C,807B,8093,807C,8089,80C2,808B,8088,807B,807C,8089,8078,806D,804E,8078,8077,807D,8077,8081,807C,804D,8076,8050,802D,8040,8034,7FF7,8033,8014,8019,8012,8019,801A,7FE6,8008,7FFA,800D,8002,803C,801C,7FD0,800E,801D,7FFB,7FD0,8020,7FC5,7FCF,7FE5,8013,8005,7FBF,7FD3,7FD5,7FF5,7F97,7FA9,7F99,7FBE,7F7B,7F7E,7F9A,7F94,7FB9,7FB0,7F91,7FA1,7FB0,7F87,7F7F,7F63,7F93,7F8B,7F63,7F58,7F50,7F7F,7F57,7F6F,7F7C,7F14,7F07,7F4C,7F30,7F2D,7F82,7F72,7F4A,7F79,7F87,7F50,7F6A,7F54,7F31,7F64,7F6B,7F64,7F9F,7F73,7F6E,7F6F,7F61,7F87,7F8C,7FA5,7F99,7FB8,7FDE,7FF5,7FEA,7FF5,7FD6,7FCB,7FE1,7FE0,800B,7FCF,7FF6,8004,8008,7FFF,8015,7FDF,8008,7FE8,7FE9,8015,7FCD,7FE9,800E,800A,800B,803A,8002,8023,801B,7FF2,8037,8029,7FF7,7FFA,7FFA,8016,7FD7,8035,7FFF,7FD5,7FB8,8004,801A,8000,7FDE,7FF3,7FEB,802A,8027,8028,8033,8001,8007,804A,8027,7FEF,8019,8006,8003,8008,7FEA,7FDA,801A,7FDA,7FF8,7FD2,7FF1,7FDA,7FEA,8009,7FBF,7FFB,7FD8,7FE9,7FE4,800E,8036,7FFC,7FFB,8011,7FFA,7FF6,7FE3,7FD6,7FEB,7FE1,8010,7FEA,8012,7FFA,7FD4,7FF4,7FF4,7FE6,7FE2,7FE5,7FD9,8008,8022,7FF2,7FEE,7FE6,802A,802F,8009,803D,800F,7FD6,8016,8032,7FEB,800C,7FFA,8003,7FEA,7FC1,7FDD,7FD1,8007,7FE9,7FD7,800B,7FDE,7FEA,8002,8009,8030,7FEF,7FFF,7FD6,7FEC,7FFD,7FB0,800F,7FC2,7FA3,7FB0,7FEC,7FFA,7FB0,7FBD,7FCD,7FD5,7F83,7FB7,7FEA,7FBE,8002,7FC6,7F88,7F99,7FA7,7F86,7F92,7FD0,7F96,7FAC,7F8C,7FA2,7F8D,7FB2,7FBF,7F65,7F94,7F88,7F99,7F9C,7FAF,7FD7,7F8A,7F93,7F8D,7F88,7F91,7FA0,7FB4,7F98,7FA1,7FA8,7F5D,7F8E,7F71,7F2E,7F99,7F6D,7F73,7F7A,7F8F,7F8D,7F78,7F76,7F6A,7F3A,7F2D,7F83,7F3D,7F5D,7F26,7F74,7F52,7F6B,7F81,7F2D,7F84,7F30,7F0C,7F41,7F6B,7F2E,7F2A,7F37,7F35,7F25,7EFB,7EE9,7F10,7F2D,7F3A,7F2A,7F35,7F37,7EF3,7EF4,7EF9,7EE7,7EF9,7F1A,7F05,7F00,7EDB,7F01,7EDC,7EF4,7EE9,7EB3,7EE1,7EF4,7F15,7F13,7F2C,7F36,7F19,7EF2,7F2C,7F1F,7F01,7F38,7EFA,7F46,7F25,7F16,7EFC,7F0D,7F4B,7F56,7F21,7F3D,7F52,7F48,7F53,7F5D,7F84,7F59,7F0F,7F35,7F4D,7F58,7F75,7F47,7F3F,7F5E,7F6F,7F3F,7F84,7F51,7F50,7F45,7F58,7F7E,7F33,7F4F,7FA0,7F44,7F72,7F89,7F45,7F9E,7F5D,7F7E,7F67,7F91,7F84,7F43,7F7D,7F8B,7F74,7F2D,7F51,7F93,7F6E,7F84,7F97,7F41,7F8B,7F6B,7F71,7FC2,7F80,7FB6,7FBB,7FD9,7FC1,7FB8,7FCF,7FD5,7FC5,801B,7FBB,7FCE,7FFD,7FCA,8012,7FCE,7FDC,7FC5,7FD9,7FC5,7FE2,7FF4,7FE7,8018,7FFD,7FE8,7FC5,7FA9,7FD6,7FDA,7FED,7FFC,7F9A,7FCC,7FB0,7FE9,7FF9,7F9D,7F9C,7FC6,7FA4,7FEF,7FFF,7FA9,7FBB,7FCA,7FEC,7FA2,7FCF,802A,7FFF,8033,802E,8028,8024,7FEF,805D,8017,803E,8035,800D,8023,8022,8027,8030,8067,8006,8035,8056,8040,802C,8060,8067,801E,7FE7,803E,8058,8030,8014,8010,7FFB,8007,8016,8030,7FE6,8008,8010,8020,8009,8001,7FEA,7FF5,800D,7FFD,8028,8014,8013,7FF0,802E,8017,7FF1,8028,8015,8012,7FF5,800E,8010,7FDF,8013,8004,8078,8045,8049,8050,802D,804B,8036,8052,804E,8052,803E,803E,802A,8035,800A,8015,8002,8018,8011,8019,800E,8018,802E,7FF0,8013,7FF6,7FA6,7FA0,7FB8,7FF9,7FAB,7FBC,7FD7,7FCF,7FBF,7FA0,7FF3,7FE4,7F9F,7FA4,7FB9,7FAB,7FF0,7F98,7F9F,7F9F,7F95,7FA1,7F93,7FBB,7FC5,7FA3,7FC9,7F9F,7FA7,7F9E,7F89,7F97,7F89,7FB9,7F74,7F93,7F5D,7F7E,7FB1,7F7E,7F60,7F69,7F80,7F9B,7F7E,7F58,7F7E,7F7D,7F5A,7F57,7F9E,7F6B,7F55,7F83,7F9D,7F78,7F56,7F57,7F7D,7FAC,7F8B,7FA1,7F90,7F74,7F8A,7F54,7F91,7F65,7F7D,7F7A,7F86,7F69,7F65,7FA2,7F7D,7FAA,7F98,7FB0,7FAF,7FB3,7FA8,7FAE,7FA8,7FCE,7F9D,7FB5,7FB5,7FB2,7FE4,7F77,7FC4,7FCA,7F75,7F74,7F73,7F5A,7F58,7F71,7F44,7F27,7F4E,7F6F,7F93,7F85,7F72,7F9B,7FAD,7F9C,7FA2,7F58,7F92,7FD0,7F97,7FD7,7FAD,7FAE,7FCF,7FAD,7FB7,7FC4,7FDE,7FE4,7FF8,7FC9,7FA9,7FC7,800A,7FE3,7FB5,7FF1,7FDC,7FE1,7FEC,7FE4,7FF7,7FCC,7FBC,7FED,7FE5,7FB1,7FCA,7FDD,7FE9,7FBB,801A,7FE6,7FFE,800C,7FEE,7FDA,7FDD,7FE1,7FC4,804F,8005,8007,8034,8013,7FEF,8015,8004,7FE0,7FFA,7FEB,7FEC,8041,802A,802A,8033,8033,8055,8044,8001,803E,8035,8026,8050,8050,803C,801C,8035,801A,804E,802D,802C,7FFF,8034,8016,7FEB,801D,7FD1,8022,803F,800A,8027,800F,8032,8012,8005,802F,8023,806F,8063,8044,8031,804C,803B,802B,8062,802E,8033,802B,8044,805D,8055,8064,808C,807E,808E,80B0,8086,809A,8094,80AF,80C5,807E,808B,80C8,80C7,80AC,80D8,80B6,80DC,80E3,80CB,80E1,80D0,80CB,80BD,80C9,80B3,80E7,80D4,80CF,8128,8108,80CF,8104,80FB,80EE,8177,8130,811F,8117,815C,813B,80D4,810C,80FF,80F6,811C,80F6,80BE,80A8,80EA,8107,80F8,80BD,80F3,80CD,80FC,8100,80BB,80D1,80B0,80C6,80AA,809E,8088,807C,809B,8052,8030,8077,804A,8034,804F,805E,8055,8079,8094,8085,8045,804B,8068,8053,8093,807E,803D,8081,803A,8041,8083,8053,802B,8038,8061,8080,804E,8050,806B,8082,8058,8059,808A,80A8,8064,8051,8091,803C,8054,809F,8087,8061,802D,8056,8089,804E,803B,8075,8061,8040,801A,802B,803D,8072,8083,807A,805E,801E,8040,8029,803D,8018,8083,803C,8054,8075,8067,8042,8053,80C1,8078,808D,8078,80DC,809A,80A5,807A,809C,80C5,80C3,8113,80D0,8093,80C0,80B8,80EB,80D9,80C9,80F1,8117,8108,80DD,8118,8103,8111,815E,8153,8124,811A,813F,8185,8143,8164,8163,816B,816A,8170,8135,8128,8147,817A,8158,8139,8136,80FB,815B,810C,8126,813D,8159,812C,8122,815F,8146,811C,8121,8146,8104,8131,811F,814C,8163,817D,8165,8145,8145,8148,814E,813A,8184,8170,8180,8168,816D,811B,8131,8186,8154,817D,8134,815D,8118,8107,814E,8145,8144,817D,811C,80E8,80F5,8119,80F9,80DB,80DE,8101,812F,80F5,8132,811A,80F0,811E,813C,811B,8134,80E5,80C7,80F0,80F6,811E,8136,80D8,80F0,8105,80FD,8125,80E3,80E8,8114,80F4,8138,8107,8121,8144,810F,811B,811D,814B,8134,80FB,80D6,810A,80CA,80AA,80CE,80CC,809C,80D3,80AA,80B6,80CB,8094,80B0,8097,8091,80C9,80B2,809F,809E,80CB,8097,8085,80CD,80B5,809C,808C,80D9,8078,8084,806F,808E,8094,809E,80B8,80B4,80C6,8088,808E,8087,805F,8036,8054,8020,8041,801D,8036,8051,800E,8028,801B,8020,7FF7,8005,8013,8042,8031,801B,8031,7FFF,7FE7,7FD6,7FFA,800E,7FEA,7FCD,7FED,7FCD,7FDE,7FDA,7FD4,7FC4,7FAA,7FFA,7FC8,7FD8,7FA2,7FAE,7FAD,7F5A,7FA4,7F92,7F98,7FA0,7F93,7FD8,7FA9,7FDE,7FBB,7FC4,7F94,7F5E,7FA8,7F54,7F73,7F90,7F9B,7F7A,7F95,7F80,7F9F,7FAB,7FA0,7F74,7FA5,7F82,7F6F,7FBC,7F95,7FD0,7F79,7F6C,7FA2,7FB7,7FA5,7F92,7F5C,7F85,7F94,7F5F,7F7A,7F45,7F40,7F95,7F56,7F60,7F9F,7F67,7F68,7F54,7F7C,7FBB,7FAD,7F7E,7FA1,7FB4,7FA5,7FDE,7FA0,7FBE,7FCA,7FBE,7FC8,7FA3,7FDF,7FB4,7FB3,7FD1,7FBD,7FD5,7F91,7F89,7FAE,7FA0,7FAE,7F6B,7F9A,7F78,7F44,7F8E,7FA1,7F67,7F78,7F8A,7F7C,7FA4,7F78,7FB5,7F94,7F7B,7FBB,7F6D,7FAB,7F97,7F97,7F8F,7F83,7FC4,7FD0,7FD5,7FD3,7FC2,7FA9,7FDC,7FC7,7FD2,7FC4,7FCF,7FEB,7FE7,7FFD,7FD7,7FD0,7FD5,7FC3,7FF9,7FDE,7FD4,8001,7FB9,7FEE,7FE8,7FFA,8017,8009,7FE9,7FFB,800F,8018,800D,7FFB,7FCB,7FEE,8004,7FEC,8023,7FE1,802A,7FC8,7FCA,7FF0,7FEB,7FEC,7FC2,7FF5,7FE4,7FCC,7FC2,8000,7FD0,7FFB,7FF5,7FD3,7FD4,8006,7FFD,7FF4,7FEA,7FB8,7FBA,7FD1,7FFF,7FCF,7FF9,7FEB,7FDF,7FF1,7FE9,7FF9,801C,7FFD,7FEF,7FEA,7FEA,7FF6,7FDE,8010,8024,7FFB,8015,7FF5,802B,802E,800D,7FF0,8006,8038,8027,7FF5,800E,8011,802F,8011,8035,7FE5,800D,8013,7FD9,7FF7,7FCB,8011,7FD8,7FDE,7FF6,802E,8011,7FFA,8032,8000,8023,800C,8014,8027,7FFB,8004,7FF8,800E,8024,7FEA,8019,800D,8004,8042,8020,8039,8048,8048,8058,806B,804F,802B,803F,8040,802E,804A,802A,7FFF,8050,800A,806D,805F,8037,8058,8041,802E,8031,803D,8024,804D,8020,8010,801B,800D,805B,8049,7FF5,8023,8034,8032,801C,800A,804C,7FF6,8054,803F,8052,8056,801A,8093,8069,8012,804F,805B,8050,8045,8062,8043,8023,8047,8036,8053,8031,803C,8041,804E,800A,7FEB,7FE9,7FE8,7FE9,7FE0,7FC9,7FDC,7FDD,7FC2,7FCF,7FE1,7FDC,7FE3,7FEB,7F9E,7F90,7FE4,7FDD,7FBF,7FDD,7FD4,7FF5,8015,802C,8031,8019,8055,800D,7FFE,801A,8009,8012,8004,802D,8034,8002,8021,8007,7FE7,7FE8,7FDA,8001,7FE5,7FFA,8007,802D,7FF1,7FB5,7FF0,7FF0,7FFA,7FF5,7FF3,7FC9,7FDD,8026,7FF9,7FF8,7FE5,7FE4,7FEC,7FF0,7FBB,7FE1,7FF2,800D,8020,7FD7,800C,800F,7FDE,801F,800B,7FE7,7FEA,7FDD,7FEE,7FFD,7FCB,7FD8,7FC9,7FD3,7FF0,7FF5,7FFC,7FEE,8027,7FD1,7FC2,7FD5,8004,7FFA,7FB9,7FB8,7FAD,7FB1,7FD0,7FBA,7FAA,7FA3,7F6B,7FA1,7F8C,7FA9,7FBF,7F7B,7F83,7F7A,7F64,7FAD,7F99,7F78,7F77,7F9A,7F8F,7F79,7F82,7F73,7F74,7F40,7F7B,7F26,7F61,7F57,7F48,7F88,7F47,7F73,7F55,7F6F,7F4B,7F39,7F32,7F40,7F43,7F3E,7F4D,7F55,7F47,7F4B,7F16,7F04,7F56,7EF3,7F0E,7F3C,7EDB,7EE4,7EF5,7F0F,7ED7,7EC7,7F18,7EE5,7F09,7F67,7F19,7EE7,7F0D,7F0B,7EFE,7F13,7F44,7F2E,7F12,7F0E,7F4E,7F4C,7F4D,7F5D,7F45,7F07,7F2C,7F5B,7F51,7F5F,7F7A,7F5D,7F4F,7F58,7F6E,7F3A,7F3F,7F57,7F50,7F2E,7F50,7F3B,7F54,7F09,7F6A,7F29,7EF1,7F2B,7F06,7F30,7F40,7F2C,7F42,7F16,7F29,7F5B,7F04,7F34,7F15,7F50,7F7D,7F6E,7F92,7FAC,7F92,7F71,7F5B,7F98,7F9A,7F7A,7F54,7F42,7F99,7F7F,7F62,7F2E,7F69,7FAE,7F70,7F3B,7F96,7F9A,7F97,7FB1,7F72,7FA8,7F80,7FA6,7FAD,7F9F,7FAD,7FB9,7FE5,7FC9,7FE6,8002,7FF3,7FFF,7FE8,800E,7FC6,7FEA,7FCE,7F8C,7FD1,7FD6,7FEB,7FD7,7FD0,7FD5,7F84,7FC1,7FC8,7FC9,7FC1,7FBF,7FD4,7FAF,7FEC,8002,7FF9,7FB8,8003,7FF0,8006,7FC2,7FD6,8005,8015,7FF5,7FD4,7FC7,7FF1,7FFB,7FB7,7FFB,7FD6,8019,802C,7FF9,7FFB,7FF0,7FF6,801E,8012,8016,8077,803A,8014,8063,8030,804D,8043,7FF8,8025,7FF9,8039,800C,803F,800B,8034,803F,8050,8090,8008,8075,807E,808A,8062,8073,8069,807C,805C,809E,8079,8060,80A3,8057,8038,8086,8058,808C,8086,8075,808A,808A,809C,8094,8080,807A,80A0,806E,8096,804A,807E,8082,805C,8093,8083,8088,80A6,807D,809A,80BB,804A,806C,8068,8069,80C1,806C,808B,8099,8065,8084,8060,8089,8079,807F,8073,808F,808F,805B,808C,8095,8087,8095,80BF,808F,8091,8090,8095,80C0,80CB,809E,80D6,80B1,80A9,80D5,80AA,8079,80A9,80CA,80C9,80BE,80B5,80D9,80B2,8091,80C0,8094,80A4,80A5,80B7,80AB,8077,80C2,80AB,80D5,80CD,80A1,80D4,80BE,80E6,80ED,80D0,80DF,80D3,80F6,80EE,80A4,80C9,80E5,80E7,80D7,80B4,80FC,80C3,80E3,80EA,80A9,80BE,80DF,80E2,80EA,80DC,8121,80DE,80BB,80CE,80BB,80FF,80DC,80A8,80C9,80E4,80D5,80DF,80B6,80A0,80AD,8098,8045,8095,807E,80A5,8096,8065,8071,8051,8075,8063,8040,8064,8032,8042,804C,8042,8050,8031,8034,8025,803F,8030,801D,803A,8014,7FFB,8027,802D,803D,802A,8048,805B,8072,8060,8069,8042,805D,802C,803B,8044,8039,801A,8011,7FFB,8010,8027,7FF0,7FF6,800C,8046,8010,804C,7FED,8033,8020,8037,8043,800F,803A,800E,8042,7FD3,7FEB,8021,7FDD,8030,8026,7FF7,8033,8052,8052,8022,804E,803B,8038,8073,8021,8038,801E,8030,801E,7FF4,800C,7FEA,7FEE,7FF5,7FCE,7FD9,7FCB,7FE5,7FBE,7FCF,7FD2,7FBF,7FD8,8011,7FE2,7FE9,801C,7FC9,7FCD,7FAF,7FC1,7FDA,7FB7,7FB9,7FDA,7FCB,7FC3,7FC1,7FE1,7F94,7F9D,7FA6,7F87,7FC1,7FB9,7FAC,7FC4,7FDC,7F81,7F8F,7F8A,7F62,7FCD,7FA2,7F9C,7FDB,7F86,7FC1,7FCA,7FBC,7FC6,7FBC,7FB7,7FBE,7FBE,7FDD,7FB5,7FC6,7FC7,7FAC,7FAC,7FB8,7FAE,7FBA,7FB5,7FCE,7FFE,800D,7FE0,7FD8,7FFF,7FE4,7FF8,7FD5,7FA9,7FE4,7FC3,7FD4,7F85,7FC9,7F9A,7FD6,7FE4,7FC6,7FF9,7F8B,7FCC,7FD3,7FBA,7FCD,7FDB,7FBC,7F8B,7FA2,7F88,7F67,7FAB,7F7E,7F78,7FB1,7FAE,7F8F,7FCF,7FC0,7FBB,7FA0,7FAC,7FD6,7FEB,7FD2,7FCD,7FCA,7FD2,7F9D,7F95,7FB6,7F78,7F89,7F84,7F78,7FB2,7FAA,7F84,7F66,7F53,7F69,7F4D,7FAA,7F93,7F69,7F79,7F81,7F60,7F86,7F7E,7F68,7F77,7F76,7F94,7F79,7FA8,7FCE,7F75,7FAF,7FC3,7FC1,7FB1,7F84,7F89,7F6A,7FA2,7F90,7F88,7FA3,7F7B,7F61,7F5B,7F81,7F5A,7F3A,7F69,7F61,7F61,7F6C,7F54,7F58,7F74,7F91,7F7E,7F72,7F97,7F83,7F93,7F87,7F8B,7F8A,7F87,7FBC,7F85,7F7A,7F99,7FF0,7FB9,7FA3,7FFF,7FD4,7FF6,7FE0,7FCD,7FD6,800A,7FED,7FE6,7FE7,7FC9,7FEA,8008,7FE4,7FEE,8005,802D,8004,800E,8036,7FFD,7FEF,7FD3,7FD6,7FC8,7FD9,7FC7,7FD1,7FE9,7FF2,7FCC,7FCC,7FE7,7FF4,7FE6,8010,8003,8011,7FF0,7FFD,802D,8002,7FF9,8025,8040,7FEB,803D,801F,8037,8021,8025,8005,803D,800B,8035,805B,800A,807D,804F,8041,8040,803B,7FFF,8019,800F,8027,8047,7FFA,8036,8020,8050,805A,8046,8052,8025,8028,802E,8007,804F,8032,7FFE,7FD6,7FCF,8005,7F9E,7FCB,7FD5,7F86,7F91,7FE7,7FE1,7FD0,7FA4,7FBA,7FD3,7FE0,7FF7,7FD5,8046,8003,8022,8028,8022,803A,8063,8055,8005,8046,8043,800F,804B,803C,805D,801E,802F,804E,804B,8070,8046,8060,8055,8086,8051,804B,806D,8057,8057,804F,80A9,8077,8089,80C0,8086,8074,8052,807A,80A6,80B6,80E3,80B0,80A5,80BA,8099,80DE,80AB,80D6,80AD,808B,80BD,8083,80B4,808A,80AD,807E,80AF,80C3,80A4,80B7,80B3,80C1,80BB,80AF,80B5,80B9,80AC,80BA,80C2,80CC,80F7,80BB,80CF,80CD,80AB,80AB,80B1,80CE,80AE,8096,808A,8097,8068,806C,8060,806D,8058,8031,8069,806E,8027,8049,8018,8041,803F,8024,8044,8050,804A,8051,8045,8035,8043,8032,8028,8014,7FC9,7FDB,8003,7FFC,7FE4,7FB0,7FBE,7FC7,7FB5,7FA7,7FB8,7F96,7F62,7FA3,7F96,7F39,7F5F,7F49,7F01,7F01,7EF5,7EE8,7F1E,7F3C,7F2F,7F05,7F29,7EE2,7ED4,7F22,7EE3,7EE8,7F03,7EF2,7EE7,7ED6,7EF6,7EE7,7ED5,7F01,7EC4,7ECC,7F05,7EA1,7EB9,7EEB,7F33,7EFD,7EF2,7EF8,7F2F,7EEC,7ECB,7EE9,7F14,7EFF,7EC9,7ED0,7EDC,7ED6,7EDD,7EC9,7EB6,7ECA,7E6E,7EC2,7EC2,7EC4,7EAE,7EC0,7EBC,7EE6,7ED1,7EE8,7EB2,7EAD,7EB3,7EBD,7EB2,7EB4,7EC5,7EEC,7F0B,7EE4,7F1B,7EEC,7F02,7EFC,7EF9,7F00,7F03,7ECA,7EF0,7EDF,7EC2,7F03,7ECB,7F0C,7F04,7F10,7EF4,7EFE,7EFB,7F13,7F03,7EA0,7ECA,7F1F,7EF8,7EF6,7F0E,7F25,7EF3,7EF2,7F22,7F01,7F18,7F04,7EFA,7EF4,7F0D,7F11,7F0B,7F15,7F1D,7F24,7ED4,7EFE,7F01,7EF2,7F12,7F1D,7F1C,7F09,7F40,7F31,7F08,7EFC,7EE3,7F19,7EF0,7EF8,7ED9,7EC9,7F05,7F23,7EFA,7EE7,7ECF,7EE3,7ED6,7ED0,7ECE,7ECD,7F08,7ED1,7ED9,7EF3,7F29,7F40,7F07,7F08,7EE7,7F0C,7F0B,7F17,7EFE,7F33,7F00,7EFB,7F1D,7EA6,7EE5,7EB5,7EEA,7ED5,7ED9,7ED1,7EE9,7F0E,7EF6,7F2D,7F12,7F15,7F1F,7EF6,7F14,7F1E,7F5B,7F40,7F5B,7F7C,7F4C,7F81,7F4E,7F9B,7FA9,7F9B,7F69,7F6D,7FB9,7F89,7FA3,7F87,7F77,7FAF,7FA7,7FC2,7FB6,7FAD,7FCF,7FC7,7FB7,7FC3,7FA8,7F9D,7F77,7F5A,7F67,7F69,7F5A,7F5F,7F47,7F32,7F39,7F49,7F45,7F36,7F0E,7F10,7F43,7F3F,7F2A,7F47,7F13,7F10,7EFF,7EFB,7F22,7EFB,7F50,7F1E,7F2F,7F20,7F17,7F56,7F2B,7F31,7F41,7F89,7F1A,7F4B,7F23,7F4A,7F72,7F3A,7F54,7F55,7F56,7F69,7FA7,7F72,7F97,7F8B,7F5D,7F7D,7F4B,7F16,7F41,7F46,7F52,7F6C,7F44,7F30,7F5C,7F1B,7F46,7F67,7F5F,7F53,7F43,7F72,7F62,7F69,7F85,7F67,7F4B,7F79,7F9F,7F9B,7FB0,7F81,7F69,7F78,7F64,7F63,7F69,7F6A,7F6E,7F9B,7F8C,7FB3,7F84,7F72,7F95,7F57,7F7D,7F86,7F7B,7F95,7F68,7F40,7F83,7F6D,7F7F,7F68,7F47,7F65,7F6D,7FA8,7F55,7F81,7FCD,7FA6,7F75,7FB2,7F90,7F9C,7FBA,7F69,7FC4,7F91,7F7D,7F56,7F68,7FA1,7F90,7F85,7F63,7F70,7F93,7F50,7F8D,7F52,7F63,7F7F,7F88,7FD8,7FAB,7F84,7FB3,7FAC,7F89,7FBF,7F81,7F8B,7F91,7F81,7F86,7F83,7F7D,7F4F,7F6D,7F56,7F57,7F8C,7F37,7F58,7F6A,7F4C,7F67,7F4D,7F73,7F91,7F59,7FA0,7F36,7F0E,7F2B,7F5D,7F80,7F4D,7F57,7F72,7F52,7F68,7F7A,7F74,7F5D,7F63,7F70,7F4D,7FCA,7F6A,7F83,7F6B,7FA2,7F5E,7F3F,7F62,7F6C,7F34,7F58,7F47,7EFC,7F53,7F6F,7F9B,7F29,7F3C,7F7E,7F57,7F25,7F58,7F6F,7F18,7F0F,7F2C,7F54,7F17,7F0D,7F2B,7F87,7F5E,7F86,7F83,7F22,7F4F,7F5F,7F7E,7F3F,7F65,7F5D,7F4F,7F3C,7F21,7F7F,7F55,7F48,7F85,7F7F,7F72,7F77,7F82,7F2A,7F73,7FAC,7FAB,7F5B,7F38,7FB0,7F83,7F79,7F7D,7F89,7F7C,7FE9,7FA3,7F76,7FBC,7FB6,7FDA,7FDE,7FB8,7FB3,7FC9,7FB8,7FF6,7FBC,7FAC,7FCC,7FB5,7FD4,7FB2,7FE4,7FF2,7FFF,7FF4,8000,7FF9,8035,8024,800D,806C,802E,8042,802A,805B,805F,8083,8066,8029,807F,8074,803C,802A,806D,803F,801E,805C,8037,804F,8031,8039,802F,8029,8019,8037,8043,8046,8067,8083,8079,8064,8071,8029,806F,806F,80B9,80A4,80A5,80C8,80ED,80F3,80B5,80D3,80EA,80D3,80DD,809C,80CC,80BE,8090,8072,807D,80B4,809E,80CF,8062,8066,80A6,807F,8093,805A,8058,8047,8097,8050,801D,801B,800E,8055,7FD3,8010,801A,8044,8028,8016,8013,8019,800B,7FE6,7FF4,7FC0,7FAE,7FC0,7FE4,7FEE,7FBD,7FAD,7F95,7FEA,7FC7,7FC1,7FDB,7FA5,7FF4,7FE4,7FDC,7FFE,7FED,7FD3,7FE9,8002,7FEB,7FE3,7FE8,801F,7FEE,7FF8,800C,8025,7FFB,8028,8027,801E,801C,8022,8042,8027,8068,802E,8030,8012,804F,8045,8023,8017,8039,8054,806D,8024,803F,8062,8016,8008,8012,801D,7FF5,802B,8003,800C,8019,8029,7FE4,7FE7,7FE7,7FEF,804D,8003,7FD1,7FF6,7FE3,7FD4,7FC0,7FAB,7FB6,7F99,7FA9,7FA1,7FB2,7FCD,7FB3,7FE9,7FE8,7FB9,7FAB,7F92,7F99,7FAE,7FAB,7FAA,7F9E,7F96,7FD3,7FBD,7FC4,7FC1,7FBF,8000,7FFD,7FBE,7F98,7FB7,7FAA,7FA5,7F8E,7F78,7F6E,7F82,7F6F,7F98,7F81,7F84,7FB0,7F6B,7F89,7F8C,7FB3,7F87,7F6F,7F7D,7F77,7F5A,7F6C,7F51,7F40,7F0B,7F3B,7F3B,7F0F,7F36,7F5F,7F69,7F31,7F1F,7F1A,7F25,7F40,7F55,7F31,7F31,7F5C,7F5C,7F35,7F34,7F05,7F49,7F44,7F39,7F49,7F8D,7F66,7F6B,7F96,7F79,7F8D,7F86,7F8B,7F77,7F52,7FA2,7F54,7F6A,7F58,7F63,7F93,7F69,7F7D,7F69,7F3E,7F46,7F39,7F5E,7F86,7F7A,7F85,7F61,7F81,7F67,7F8C,7F61,7F75,7F83,7F9A,7F78,7FCC,7FED,7FB6,7FE9,7FFB,800B,7FE1,8037,802B,802A,8044,8027,8004,803E,801A,800C,802F,8028,802D,8009,8006,8002,800B,800A,8002,7FFE,7FF6,7FFC,800B,8018,8049,8026,8033,8029,8017,8039,800A,8027,802A,8018,8006,8039,8030,8010,8029,7FF7,8039,801B,8020,800B,802B,800F,800C,803E,8020,800B,7FEF,8015,800E,8038,8045,804A,807A,8038,800B,8039,8057,807E,8058,8054,807F,8039,8044,8073,8076,805F,802A,804E,8072,8066,8021,8063,804F,803F,8037,803B,803A,8033,8013,8037,8061,8030,803C,802D,8013,7FE9,8042,8058,801C,802D,8082,8098,8075,8098,80A5,807F,8078,80BC,8068,8089,808F,8092,805A,806E,8099,8093,80B1,807C,80D4,80A4,809D,80AA,80B2,809A,807F,8088,8097,80A1,807C,8042,8092,80C0,809A,8087,807B,806A,8062,8086,8068,807E,8086,8028,8085,8091,805D,8081,8080,805F,807B,8061,809E,808A,807D,807C,806D,805A,805D,80A8,808F,8074,8070,806A,806B,8095,8062,8087,8069,8081,805B,808E,807C,805A,80E9,8082,807F,808E,805D,80AE,8092,8096,8099,8089,80A7,807D,808C,80A4,80C0,80D9,80CF,80C3,8085,8074,808D,807C,809F,806B,807F,8070,8069,808A,805F,8055,807D,8097,805A,807B,8099,808C,8033,807F,80A3,80AA,807F,8089,8080,80BC,80C5,80BD,80F4,809D,80C8,808E,80E7,80A2,80C4,80F5,8104,8133,80C1,80F3,80F2,80E5,80E3,80C9,80BB,80E6,80EF,810B,80E2,80D7,80F4,8125,80CB,80FC,80E4,80D3,80FA,80D4,80E2,80AE,80FA,80F1,80D9,80B4,80C8,80C8,80E8,80E8,80B8,80CE,80CC,80ED,80BC,80E4,80E8,80F0,80F3,808A,80F2,80D2,80A3,80BE,80B6,80DA,80B8,80A1,80B6,80C5,80E6,80D2,80A4,80B4,80A4,80D7,805A,805E,8086,8060,8079,8067,8070,804B,80B8,806B,8079,80AF,80B5,809E,80A9,80A0,806E,809F,8081,80AB,8096,809F,809E,80A8,8074,8079,806E,8047,806D,8078,8097,8046,8051,8003,7FFF,8051,801A,803E,8016,8010,806E,8025,8027,7FF1,7FFF,8013,7FDD,7FFB,7FEE,8024,8016,7FE4,8050,8027,7FFD,8008,800D,8029,801B,8009,8016,8005,7FE1,8009,8042,7FC2,7F9E,7FCB,7FF7,7FC7,7FCD,7FD3,7FCC,7FBE,7FDA,7FBB,7F9C,7FEE,7FD6,7FE4,7FBE,7FB0,7FCF,7FBA,7FD3,8019,7FCE,8053,8030,7FF0,7FF3,8012,800E,7FF7,7FD2,7FF1,8024,7FE4,8005,7FEC,801B,803A,8068,8045,803D,8054,804B,8057,8040,8034,8065,8040,8049,8056,803C,8046,7FF6,8031,8032,804A,8054,803E,8044,8049,805C,803A,8053,803B,802E,8089,8035,806F,8049,80A8,809B,8086,80A1,80B2,80C0,80CB,810E,80C1,80D1,80EF,80D0,810C,80FF,811D,813C,8115,80F2,80B2,8129,80F1,80F8,810B,8113,80F5,80FF,8134,80DE,80DA,80DB,8141,811E,8118,810D,8111,8146,812E,8148,8146,813C,8129,8141,8165,8125,817F,815B,812A,8167,8160,813C,818E,81A3,814F,8167,814C,8170,8131,816D,8151,8113,813A,8127,8127,812B,815E,8173,814C,8160,813C,8146,811F,8107,812B,8121,8113,810E,8127,811A,814E,813D,8147,811D,8136,815F,8116,811E,80FF,810D,8157,8103,80FA,8100,80E5,80E2,80D2,80F0,80EB,80E3,80FE,8120,80F7,80FF,80F1,810E,8172,8107,80D8,80E6,8109,80E1,80EB,812B,8138,8103,80CC,8132,8105,8120,8166,8121,8123,8117,8118,8161,815B,8107,8121,80FE,80F5,813D,8113,8101,8139,8139,8105,811A,8127,8101,811E,80E5,80F4,8141,810E,8110,80F6,810D,8124,80E6,80EF,810E,8117,80E5,80E5,811F,810A,80F9,8120,8168,8162,814E,8178,8148,8171,8169,8156,8165,817D,81C4,8165,81D4,817B,8198,81AB,81B0,81BB,81D6,81D0,81A8,81DB,81C7,81EA,81C4,81E3,81BA,81C9,81DA,81CA,81CA,8195,81AD,81D2,81BA,819E,81A7,817A,8181,81AD,8180,8191,8185,81B2,81AA,81DA,81CB,81A7,81B7,81B4,81AD,818D,81CD,819E,81B4,81C3,81BA,81DF,81DA,81DF,81E1,81A8,81C6,81BF,8208,81F9,81EB,81CB,81BF,81F2,81A3,81DB,81C0,81BD,8192,8197,81B7,81BD,81A1,8199,81A4,8191,81AD,8185,817C,81BA,8198,8168,8190,8184,81D7,8180,817A,8147,813F,8129,8117,8131,8120,8138,8123,8139,8119,8133,813A,80E9,8102,8117,80F4,8101,8122,8112,80F4,80F8,8118,80F2,8124,8111,8104,811D,813C,815B,815E,8143,8169,8142,8119,814A,813B,8118,80E1,8145,8147,80CB,80C9,8102,80DC,80C1,80E6,80EA,808A,80B9,80D4,80D8,8088,8098,80D1,807E,80A4,808B,80E2,8070,808D,80A9,806F,8084,8088,806B,8059,8076,807C,8068,8060,8076,8071,808A,8057,808C,80AF,8088,8076,806E,8070,8071,809F,80C3,8095,8071,80BD,80C5,8081,8072,8066,804C,801C,802B,801F,7FFB,805B,8044,801C,7FEF,8046,8057,8010,7FFD,8027,8010,7FDF,800A,7FF7,7FF7,7FC4,802F,7FDB,7FF0,7FE7,7FE5,800C,7FC6,7FED,7FE5,7FF4,7FC3,7FDC,7FE9,7FF0,8006,8017,800A,7FFD,801E,7FEB,8019,8022,8016,8019,7FD8,800A,7FF0,7FAD,7F79,7FDD,8002,7FD1,7FD6,7FA1,7FBE,7FBB,7FC4,7FD5,7F81,7F94,7FAC,7FC5,7F78,7F7A,7F86,7F8C,7F72,7F5A,7F79,7F6E,7F84,7F78,7F41,7F75,7F78,7F6F,7F79,7F67,7F66,7F4E,7F30,7F07,7F4B,7F1F,7F47,7F63,7F23,7F1C,7F69,7F6D,7F3F,7F49,7F81,7F99,7F68,7F59,7F67,7F48,7F79,7F78,7F53,7F5C,7F64,7F64,7F89,7F70,7F58,7FCE,7FA5,7F8E,7F81,7F99,7F88,7F73,7F7C,7F54,7FC1,7F6E,7F63,7F8A,7F82,7F92,7F8F,7F86,7F63,7F6F,7FD6,7FD3,7F87,7FA0,7FD4,7FF1,7FC4,7FBA,7FDB,8005,7FFE,8002,8059,8039,8041,8036,805A,801E,8026,8020,8048,8093,803F,8076,8063,8020,8053,8091,808E,804F,8065,8026,8029,8040,8075,8068,800E,8009,8040,8062,805A,8063,8091,8096,8074,8056,80A4,80C3,80C4,80BF,80C0,80DB,80C0,80D0,80C1,80E6,809D,80D5,810A,80C6,80CD,80DB,8107,80E5,80C3,8111,8116,80EF,80EF,80FB,80D6,80E7,813E,80F4,80C9,8158,8125,8109,811E,80DF,80F5,8129,8170,815C,8143,811A,8105,8154,8154,813A,8140,814F,816F,8167,812B,8153,817A,8153,812F,8123,814F,8150,8141,813F,812D,8141,8166,8160,811E,8146,815B,8126,8116,813E,815C,80F9,8141,812B,8110,80F3,80DB,80E0,80E2,80CF,80F2,814A,80EB,80F9,8117,80DF,80ED,8114,811B,80FE,8131,8127,810B,8115,8119,8120,80DC,810A,80F2,80ED,80F2,80DD,8119,8108,80EC,80C8,80C9,80C6,80CA,80C1,80A3,8096,807E,8097,807B,803A,805A,8052,8061,806F,8057,8048,8070,8084,8044,804B,807B,806A,8036,8042,8038,804F,8074,8033,8052,8072,803B,8052,8079,8062,8037,804E,80B2,803E,800B,8060,806F,8032,8065,8056,8027,805E,8051,803D,802F,8022,800C,801E,7FE0,7FFC,7FF9,7FD7,7FC4,8005,8047,800B,8014,8015,7FC9,8012,8020,7FFE,7FE6,7FBA,803D,7FF5,7FE3,801A,8051,8035,8011,7FE1,8000,7FE8,7FF6,800E,8004,8008,7FE4,8002,7FD2,8013,7FF7,802E,8016,8003,801A,7FFA,7FF4,7FF1,7FEE,7FFC,7FE1,8004,8018,7FCC,7FF5,7FDC,7FD1,8019,7FD6,7FEC,8024,7FF1,7FC0,8005,7FBD,7FE6,7FDE,7FE9,7FE5,7FC5,8032,8012,7FCF,7FF5,7FDA,8045,801D,7FDD,7FE0,7FD3,8013,7FCB,7FE8,8048,8032,8013,7FF2,802F,803F,8034,8040,8046,804F,7FF8,8016,7FFD,7FB9,7FF8,7FE4,7FC7,7FCF,7FC3,7FC9,7FA3,7FA1,7FD5,7F73,7F86,7FB1,7FB2,7FA6,7F73,7FBD,7F9B,7F84,7F8F,7F90,7FA1,7F83,7F63,7FA8,7F87,7FA3,7F6C,7F88,7FA6,7F95,7FB8,7F9B,7FA1,7F86,7F86,7F9D,7F87,7F88,7F62,7F53,7F4C,7F35,7F3E,7F14,7F4C,7F37,7F2F,7EF1,7F18,7F05,7F04,7F0A,7EFC,7EF1,7F18,7EDF,7F06,7EF2,7EFB,7EF8,7EC6,7EC4,7ED4,7EC5,7EBF,7EDA,7EAB,7EA6,7EBA,7E84,7E9B,7EB6,7EAC,7EC3,7EB3,7EB9,7E78,7EEE,7EBF,7E75,7E8A,7EB0,7EC1,7E76,7E5B,7E67,7E73,7E83,7E7F,7E76,7E6B,7E4D,7E81,7E81,7EBD,7E88,7E6E,7EB9,7E86,7E94,7EAA,7EAA,7E95,7E68,7EA1,7ED9,7E69,7EC8,7EBC,7ED8,7F00,7ED9,7ED2,7ECE,7ED6,7EBB,7EDE,7EA9,7ECC,7EC9,7ED3,7F09,7EF8,7EDD,7EE3,7EC6,7EEE,7EE2,7EB9,7E8A,7EB8,7EC0,7E70,7EBA,7E84,7EB9,7E73,7EA5,7EC1,7E9C,7EB2,7E8F,7EEA,7E9D,7E9F,7ED6,7EC4,7F16,7EF0,7EDC,7EF9,7EBC,7F10,7ED5,7EB8,7F0A,7F10,7ED1,7ED2,7F0E,7EED,7F27,7ECA,7F19,7F03,7ECA,7EDD,7ED1,7F53,7ED8,7EEC,7ED9,7EE6,7EFF,7EE1,7F22,7EDF,7F03,7F27,7EFB,7EF6,7EFD,7ED6,7EB5,7EE7,7F00,7EEF,7ED3,7ED2,7EFF,7F06,7F28,7F0F,7F08,7F1E,7F66,7F3F,7F54,7F74,7F34,7F14,7F39,7F42,7F28,7F44,7F62,7F5A,7ED7,7F48,7F3D,7F4A,7F2F,7F3D,7F88,7F80,7F5E,7F33,7F76,7F7B,7F3F,7F46,7F1F,7F2C,7F83,7F3A,7F4D,7F45,7F72,7F77,7F38,7F52,7F82,7F6E,7F96,7F81,7F93,7FD7,7F87,7F67,7FB8,7FC3,7FC0,7FFE,7FA6,7FBF,7F99,7FC9,801D,8005,800B,8020,8052,801C,8038,8049,8051,8046,8060,8078,8043,804A,802B,800E,8032,801F,8002,7FDD,8039,8011,7FFD,802A,8038,8026,8012,8039,803D,7FEF,806C,8052,8029,8018,8027,803A,8043,8059,801B,803C,801B,8054,8035,8058,8036,803C,8062,8014,807C,8053,8080,808F,8073,8077,808F,80AD,807B,80A7,80A2,8065,8088,8056,8082,8052,8086,8089,8075,8074,803E,8065,806D,8076,8051,807F,80B8,8049,807C,8075,8089,8090,807A,8048,805F,808F,8045,804C,8032,8045,8009,8029,8047,8025,8047,8033,8045,8032,8048,8023,7FD4,8002,7FFD,7FDD,7FDD,7FFE,8009,804C,8011,8030,8008,8027,801D,7FF0,800B,8039,8026,8030,801D,7FFD,8000,7FD2,800E,7FCC,7FD7,7FB8,7FCB,8015,7FBF,7FF1,7FD4,7FE9,8005,7FDA,7FC6,7FD1,7FEA,7FDC,7FD0,7FA5,7FCD,7FEC,801F,800E,802E,8008,802F,7FF0,802A,8017,8021,8029,800D,7FE8,7FEE,7FFB,7FFE,8024,7FD3,8026,8029,803D,8015,802E,801C,7FFB,7FFA,7FD2,7FD5,7FB7,7FC7,8007,8003,7FB9,7FF2,7FE5,7FC5,7FD2,7FD4,7FD0,7FDC,8005,7FB6,7FDB,7FB4,7FE1,7FEA,7FE0,800F,7FF3,7FD4,7FBC,7FD5,7FD2,7FD1,7FE2,8010,7FFC,8015,7FE2,7FCE,7FD4,7FAF,7FC5,7FF7,7F96,7FD5,7FE9,7FAD,8000,7FF4,7FD2,7FC0,7FC0,7FAC,7FB8,7FCA,7FD5,7FB6,7FB6,7F97,7FA7,7FA3,7F97,7F9D,7F8C,7F96,7FC5,7FAB,7FA5,7FC2,7F8B,7FA4,7F9C,7FA5,7F86,7FAA,7FC4,7FB5,7FAD,7F94,7FA6,7FC8,7FC0,7FBC,7F9F,7FEA,7FE1,7FC4,7FC1,7F84,7FBD,7FEC,7F92,7FCC,7FA7,7FAC,7F9C,7FA1,7FD5,7FAB,7FB3,7FBB,7FD3,7F89,7FB0,7FF8,7FCF,7F96,7FC0,7FCE,7FD8,7FDF,8021,7FE6,7FC6,7FB6,7FAB,7FE1,7F90,7F92,7F8D,7FC6,7FAC,7F8F,7F6E,7F79,7F74,7F36,7F85,7F50,7F62,7F3B,7F1A,7F20,7F13,7F21,7F28,7F59,7F2A,7EE2,7F19,7F28,7F31,7F2B,7F2A,7F16,7F45,7F94,7F2E,7F47,7F28,7EF4,7EF1,7EDF,7EB5,7EC5,7EE7,7EE8,7EB8,7EC4,7EBE,7EC0,7EC9,7E9E,7EE4,7EA7,7EC4,7E9D,7EC3,7ED5,7EA7,7EB0,7E8A,7E98,7E88,7EB5,7E88,7E92,7E96,7E8D,7E74,7E66,7E6F,7E58,7E7A,7E25,7E6A,7E33,7E0B,7E19,7E29,7E53,7E40,7E2F,7E5B,7E2C,7E2B,7E24,7E1C,7E3A,7E10,7DFA,7E5A,7E8C,7E27,7E64,7E48,7E60,7E2B,7E29,7E4B,7EAB,7E89,7E9B,7E9E,7EAF,7E96,7EC1,7ED1,7EBD,7E85,7E9C,7EA3,7E92,7EAF,7ECE,7E8D,7EAE,7EA4,7ED1,7EAB,7E8B,7E95,7E97,7E87,7E81,7E92,7EA7,7EB6,7EA3,7EEF,7EE4,7ECC,7EEB,7F21,7F55,7F52,7F22,7F1F,7F1E,7EE8,7F15,7ED7,7EED,7F03,7EF3,7F40,7F2C,7F33,7F42,7F3D,7F37,7F49,7F30,7F6F,7F3A,7F18,7F25,7F33,7F17,7F09,7EEC,7F20,7F2A,7F45,7F6A,7F29,7F38,7F3E,7F34,7F4A,7F3B,7F2D,7F48,7F38,7F39,7F68,7F38,7F68,7F35,7F25,7F56,7F79,7FB1,7F94,7F7E,7FA0,7FB5,7FB8,7F90,7F74,7F86,7F6F,7FD4,7F95,7F99,7FAC,7F8E,7F9D,7FAC,7FB1,7FB5,7FB4,7FC1,7FE8,7FBC,7FC7,7FEA,7FDF,7FE6,7FF6,800E,8029,8007,806C,803D,8045,8041,8062,807C,806C,8089,8020,8071,8079,8046,8055,8074,806E,800F,7FFE,8055,8074,8075,8051,8038,8074,7FF5,802A,8012,8019,802B,8018,801A,8013,802E,8011,806C,8039,8084,807B,8074,8066,8013,802F,8031,8008,8026,802E,8026,7FFD,8012,801A,7FF9,801F,8046,807B,803C,8029,8034,801C,802E,8000,801E,802D,800C,7FF2,7FF3,8028,8003,7FF9,8036,800B,8012,8010,8036,802A,8004,7FF6,7FCE,7FB6,7FBF,7FA5,7FA4,7F84,7FB5,7FB0,7FB5,7FB5,7F77,7FAB,7FA9,7F8B,7F88,7F73,7F3E,7F5A,7F6F,7F18,7F40,7F28,7F04,7F2C,7F3A,7F3D,7F3A,7F48,7F36,7F46,7F4B,7F3B,7F51,7F53,7F7C,7F5A,7F4F,7F50,7F48,7F33,7F4C,7F48,7F40,7F36,7F31,7F53,7F1D,7F34,7F8A,7F7A,7F94,7F86,7FB8,7F86,7F43,7F65,7F57,7F24,7F3C,7F21,7F06,7F44,7F08,7F0D,7F0C,7F2B,7F2A,7F19,7F07,7F26,7F34,7F24,7F19,7F36,7F28,7F40,7F15,7EF0,7F2F,7F22,7F5E,7F20,7F89,7F9C,7F9E,7FA4,7FB4,7FBC,7FB0,7FBC,7F71,7F61,7F63,7F6C,7FA8,7F9C,7F52,7F93,7FC3,7F99,7FC0,7FB8,7FC0,7FB6,7FD7,7FCB,7FDE,7FCB,7FE4,7FCD,7FCA,7FD9,7FDB,7FB8,7F9B,7F7B,7F8A,7FA4,7FA8,7FD4,7F96,7FA0,7FA4,7FC4,7F9B,7FD1,7FAC,7F7E,7FB5,7F6B,7F99,7F60,7F9D,7FB5,7FBF,7F85,7F8A,7F85,7F74,7F98,7F81,7F9D,7F5C,7F70,7F61,7F95,7F87,7F6E,7F74,7FA2,7F7B,7FB7,7FA1,7F78,7FAD,7FC5,7FCB,7FA2,7FDA,7FAD,7F80,7F9E,7F7F,7FA7,7FA2,7F9D,7F8D,7F85,7FB8,7F6A,7F5A,7F67,7F55,7F70,7F77,7F7B,7F55,7F84,7F8A,7F25,7F39,7F30,7F35,7F1F,7F37,7F32,7F68,7F32,7F01,7F27,7F22,7F58,7F62,7F87,7F4C,7F79,7F83,7F6C,7F7E,7F5B,7F5D,7F76,7F59,7F6A,7F4C,7F61,7F60,7F7F,7FA8,7F50,7F8F,7F5E,7F5F,7F6D,7F08,7F38,7F36,7F73,7F4C,7F0B,7F71,7F47,7F85,7F50,7F4A,7F28,7EF0,7F3C,7EFF,7F0B,7F4D,7F39,7EF3,7F22,7F42,7F4B,7F2C,7F13,7F12,7F48,7F6A,7F0B,7F3B,7F2D,7F35,7F1D,7EFA,7EFB,7F1B,7F36,7F3F,7F5D,7F15,7F5B,7F29,7F3D,7F49,7F31,7F55,7F4E,7F40,7F2C,7F6B,7F6B,7F27,7F17,7F17,7EFE,7EE8,7EF7,7EAD,7ED0,7ECC,7EF5,7E7D,7EBD,7E8C,7EFD,7EAF,7EE2,7EA3,7EB4,7EBA,7EB3,7ED6,7E68,7EAA,7E7B,7EE7,7E3E,7EEA,7E89,7EAF,7E8F,7EAC,7E99,7E8F,7ED4,7E79,7EC2,7E66,7EF2,7EC0,7EF0,7E94,7EED,7F15,7EE5,7EAD,7EFB,7F06,7ECD,7F2B,7F18,7F2D,7F21,7F22,7F51,7F3A,7F57,7F4C,7F24,7F28,7F1D,7F4E,7F1A,7F27,7F48,7F45,7F50,7F48,7F6F,7F2E,7F32,7F2A,7F1A,7F44,7F12,7F44,7F57,7F56,7F40,7F6A,7F50,7F60,7F6C,7FAC,7F86,7F6B,7F91,7FD3,7FAF,7FBC,7FB0,7F9C,7FB0,7FC6,7FFF,7FFC,8019,7FD5,7FE2,8031,801F,7FFD,804D,8024,8038,8011,8034,805C,8027,804D,803B,803F,8034,802E,8015,8049,802D,8060,8085,808D,805A,8040,8035,806B,802D,8034,806F,803C,8044,805A,8057,8036,8041,8062,8073,803F,8064,804A,8031,8036,805B,802B,802A,8034,802F,8032,8043,800D,8030,8070,8035,804B,8006,8026,803C,8054,8052,8004,802D,7FFE,7FEE,7FC5,7FEA,7FF1,7FCF,7FE5,7FD7,7FEB,7FF4,801D,7FF1,7FE6,7FFF,7FB5,7FD1,7FEB,7FEB,7FFD,7FC5,7FEE,7FFC,7FF0,7FE8,7FC7,8002,8002,7FF3,800B,8004,8020,8001,801D,8008,8006,7FFB,7FD0,7FF2,7FFA,801E,7FC5,8009,8038,801A,800A,8015,802D,800B,7FFD,7FC9,7FF0,7FD2,7FFB,8044,8022,801C,803F,8034,805E,8058,8065,8088,8033,803A,8037,8035,802A,801D,7FFD,8014,7FF1,8002,8003,8024,802E,8029,8030,8003,8012,8000,8035,8034,801F,8040,803D,8084,8021,802E,8040,8029,8063,8070,805A,804B,8094,8046,806E,806F,807E,8048,8058,8046,8069,8075,8025,806A,802A,8033,800F,7FF3,7FFD,8000,7FC3,7FAD,7FF9,8016,7FF2,7FD4,7FAB,7FC7,7F96,7F6E,7F88,7F93,7FC0,7F77,7F9A,7F98,7F7D,7F8A,7F78,7F8D,7FA6,7F9C,7F87,7F96,7F9F,7F88,7FBA,7FA4,7FD9,7FE5,7F94,7FCA,7FA5,7FEA,7FCE,7FA2,7FAB,7FD1,7FF8,7FE3,8005,7FEB,8026,7FE1,7FE9,800A,7FEC,8003,7FB3,7FCB,7FF2,7FEF,7FEC,7FF9,7FDB,7FBE,7FCC,8016,8010,8002,7FF7,8002,8012,802A,802D,8060,806F,8013,8064,8079,806B,803C,8087,808F,8069,80AA,807F,80A5,80B3,80E6,80A6,80B3,8102,80D6,80E4,80E0,810D,80B3,8072,80A5,807F,8045,8053,803B,807B,805C,8059,807C,8094,8092,806C,8097,8069,808D,8034,8041,8067,806B,8073,806B,8072,806C,8067,8061,8066,8086,8050,8022,8021,8023,802C,8008,7FFD,7FF9,7FE6,8023,8018,8008,8019,7FFA,8000,7FE4,7FE8,7FB8,7F9C,7FC2,7FC7,7F9A,7F9B,7FCD,7FD0,7FB2,7FCD,7F74,7F55,7F2D,7F61,7F68,7F13,7F61,7F67,7F50,7F3F,7F19,7F07,7F1B,7F18,7EF9,7F16,7EE8,7F18,7ED6,7F25,7EDF,7F1C,7EEF,7EBE,7EC1,7F02,7EAE,7EC9,7E87,7EDB,7EC3,7EC6,7EE4,7EBB,7EEE,7EB4,7F1F,7E9B,7F1E,7EA4,7F31,7EAB,7EE3,7ED2,7F02,7F07,7EEA,7F04,7EFB,7F46,7F3B,7F3B,7F3D,7F38,7F3B,7F12,7F31,7F4F,7F21,7F02,7F17,7EFC,7F0E,7F37,7F46,7F32,7F26,7F40,7F51,7F66,7F6A,7ED7,7F21,7F01,7EFD,7F1D,7F28,7F23,7F39,7F2E,7F6B,7F8C,7F6F,7FA3,7FA3,7FAD,7F89,7FB2,7FB1,7FD5,7FA6,7FAA,7F9A,7F95,7F78,7F93,7FAC,7F93,7FAC,7FD7,7FB6,7FB6,7F9D,7FBC,7FA8,7F9E,7FD2,7FA8,7FD8,7FBD,7FBC,7FED,7FD6,7FC3,7FD0,7FD3,7FDC,7FDE,8013,7FE2,7FD6,7FCA,7FF3,8016,7FC8,7FCC,7FC4,7FA9,7FA4,7FDF,7FC5,7FD9,7FC6,7FC8,7FCA,7FBF,7FD1,7FD6,8022,8014,7FFF,7FE2,8025,800E,8021,8021,8017,801B,7FEC,7FF9,8013,8003,8012,8021,7FE7,801D,8008,7FEF,8019,800E,7FE9,7FFB,7FF7,7FD5,801A,801D,8028,804D,8040,803B,8014,803C,8052,805D,8052,8049,8051,8054,803E,805A,8028,8023,801D,807C,80B2,80A1,80C9,809A,80CF,8080,80B8,8093,80E5,80EA,80DF,8128,8095,80DD,80B0,80E3,8108,80B7,80E8,80FE,80F6,80DA,8115,811E,8126,8126,80F5,8112,810C,80BD,80F0,810B,8105,80F5,8111,8106,8115,8133,8136,8117,8114,813B,8123,80EC,8104,8105,80EC,810A,8127,80FE,8116,810D,811E,8124,811A,8121,80EF,8116,80F7,8101,8128,8115,8100,80FF,80FB,80DB,8122,811E,80E8,811E,80FA,8108,8104,810E,812E,8105,80F7,80EA,80EF,80DC,80A2,80AA,80B2,8097,80C9,80AC,80BC,80D1,8097,807F,8080,80D2,8093,8063,8043,8099,8039,8037,8060,8086,8089,8060,80A2,8073,806C,8072,8075,8049,8054,8066,801F,806F,806E,8028,8059,8069,8069,804A,804F,804E,807A,8037,801B,802A,8014,8028,8031,8021,803F,8036,8054,8070,8057,8040,8053,8078,8088,8091,808C,8080,806A,8091,8074,807C,8083,8078,80B7,80BB,80B8,80B6,80DA,80CC,8096,80EC,80D0,80F3,80A0,80EE,8116,80CF,80E1,80D7,8101,80D6,80D8,80E0,80C8,8100,80F8,812D,8115,80D6,80FC,80DB,8111,80E4,80D6,80DE,80CD,80DB,80BB,80EF,80FD,8089,80B7,80CA,80DC,80E4,80B1,80D5,810C,80D7,80D8,80C2,80F5,80E1,80F4,8128,8123,8115,8119,810F,810C,8113,80DB,80D5,80BD,80AB,80B3,80C6,80EF,80A9,8099,80E4,80C2,80BB,80C0,80DB,80BC,80B1,80C1,80A9,80E0,80D2,80D7,80CB,808B,80D1,80CB,80DC,80C7,80C7,80CE,80CD,80A6,8078,80A7,808A,808E,80B0,8085,8091,8084,8097,807F,8075,80BF,80AF,80C8,807C,8073,80AF,80A9,80A3,8096,8068,8093,808C,8069,80A2,80A8,809B,80A9,80A3,80A2,80AC,809F,8094,8037,805D,808A,807B,8080,80AB,8078,808B,8066,8084,80A7,8077,807A,8087,80AE,806C,808E,8067,809A,8048,8082,808A,807F,80B8,8053,808D,8071,8085,80AE,80A0,80B0,80A6,8090,80A3,807B,802D,804D,8059,809C,80A3,8095,8095,80A0,80C6,806A,809F,80B1,8088,80C1,809D,8068,809E,80A3,808E,8080,80B7,80CD,8051,80A5,80B2,80B5,80D7,80C7,80BC,80CD,80BB,80A4,808C,808D,8084,80A9,8099,805D,8072,8064,8094,803B,8058,8089,806D,804A,8052,8041,803D,802F,8030,8073,8042,805C,8044,803E,8033,8040,803B,8034,807F,805B,8085,8027,802E,803B,8019,804A,8045,807E,803F,8036,8041,8037,8018,8034,803F,801B,8019,802B,8023,801A,7FE0,800D,8023,7FF8,8002,8003,801C,800C,8010,801F,801C,804A,8039,805C,8042,804B,8075,805B,8090,8082,8077,8086,807A,8088,8088,8045,8092,806E,8057,8084,8073,8085,8085,8074,807F,803E,8070,8093,807D,8070,807D,8056,8063,80A0,80A9,80A6,8080,80E6,80A0,80C2,809F,80AB,80EA,8090,80A5,80E9,80D2,80EC,80C0,80D0,8103,810E,812F,811E,8126,813C,8120,815D,8166,8160,8158,812F,8176,8153,8191,816B,817D,8171,8164,8135,8176,8172,81A0,8195,818C,8170,81A7,819F,8175,81A3,8163,819B,817F,817F,815E,8196,8198,8174,816B,8193,8181,8161,815E,818F,815E,815B,8174,8149,8155,818C,81AB,814A,814C,816E,817A,815C,8183,818C,8154,815C,817D,8173,817D,8166,81BC,817D,816B,8181,818A,8173,8158,8181,8151,8171,816D,8173,8196,816D,8168,8145,8161,814F,817F,818C,8141,8158,8158,816F,8167,8166,8173,8174,81A3,817C,8133,8140,8194,8180,813A,8161,813D,8176,8146,8138,814B,8150,8143,8137,8182,8190,8188,81AC,81BA,81AF,81B4,8188,8168,816B,816C,816F,819D,8191,8153,817F,819D,8186,81A9,819E,8188,8191,817B,81DE,819C,817C,819C,8182,814E,818C,81A3,818B,8158,817B,8179,815D,816A,8138,816B,8160,8133,8139,8183,8134,812B,815E,8147,8130,813A,817D,8138,8167,8153,813F,8170,8162,815D,8177,813B,8168,815B,813B,8176,8132,818E,8178,8185,8164,8183,8169,8149,8193,814A,81A9,8160,8187,8168,8133,8176,8127,8110,811F,8138,8160,8120,8136,8124,80EA,8116,80E6,8101,80ED,80FC,80DA,80FE,8106,811A,813B,812C,815D,8110,8148,8114,80F9,8119,812F,8144,8137,8113,811C,810A,8135,8137,8105,8151,8135,814B,816B,814E,814C,8140,810C,80E8,8119,80CC,80C1,80FB,80C4,80E6,80F2,810A,80EB,80EF,80DA,80E7,80F3,80DD,80E1,80C9,80DF,80C1,80A7,80AD,806A,8095,8086,8047,806A,8079,80A2,8073,8084,8068,8071,80B9,8081,8064,80A5,8098,8069,807F,807F,8075,8070,8045,8032,801B,7FF3,8011,7FED,7FEB,7FF8,7FF1,8000,7FD9,7FFF,7FBE,7FFB,7FA6,7FB6,7FBE,7FA4,7FA2,7FCB,7F8F,7FC0,7FAC,7FCA,7FCA,7F9F,7FD9,7FBC,7FD1,7FB6,7FDD,7FA6,7F9B,7FC0,7F82,7FA9,7FC2,7FAC,7FB3,7FBD,7FCF,7F88,7FAF,7FB2,7FD0,7FE2,7FC8,7FCA,7FA9,7FB4,7FB4,7F7B,7FA0,7F68,7FA9,7FBF,7F82,7F9A,7F7C,7F70,7F88,7F8E,7FAE,7FC2,7F9B,7F8F,7F83,7F78,7FB4,7F98,7F66,7F87,7F6C,7F2A,7F76,7F32,7F63,7F88,7F51,7F96,7F6A,7F74,7F65,7F57,7F59,7F8C,7F71,7F5B,7F67,7F7D,7F89,7F5A,7F50,7F66,7FA5,7F85,7F8C,7FB5,7F8E,7F95,7F85,7F91,7F8C,7FAB,7F89,7FB2,7FA0,7FE1,7FF8,7FD9,7FDC,7FA2,7FD7,7F84,7FB0,7FD8,7F76,7FDF,7FC0,7FB6,7FE1,7FD3,7FDB,7FE6,7FDC,7FE3,7FB0,7F96,7F98,7F7F,7F6D,7F66,7F90,7F64,7F84,7F6E,7FAF,7F83,7F75,7FA3,7F7D,7F94,7F6F,7F66,7F8A,7FA0,7F88,7FAA,7F91,7FB2,7FBE,7F62,7F79,7FA1,7FA8,7F91,7FC8,7F9D,7FB7,7FDE,7FD0,7FB2,7FBD,7FD9,7FDA,7FBA,7FD6,7FEA,7F9C,7FB3,7FD8,7FC6,7FA4,7FC5,8001,7F78,7F9B,7FD7,7F9C,7FD3,7F9F,7FBB,7FA1,7FA3,7F7F,7F7C,7FA6,7F94,7F96,7FAB,7FD7,7F95,7FA1,7FA3,7FC9,7FD9,7FE6,7FE1,7FDF,7FBF,7FDB,7FDD,7FC9,7FB2,7FAF,7FA4,7FCE,7FE7,7FC5,8007,7FBE,8018,7FF4,7FD8,801A,7FF6,8006,7FF8,8009,8004,7FDF,7FFD,8026,8002,8000,7FFA,7FEF,7FF9,7FD5,7FEA,7FE0,7FE0,7FD3,7FF6,7FF1,7FEE,8007,7FE1,7FFB,800E,7FE6,7FD0,7FFE,7FC5,7FCD,7FCA,7FF5,8006,7FDB,7FE9,7FDE,7FEE,8001,7FE2,8026,8010,8009,801E,8031,805A,8059,8054,8064,806E,8088,8098,804E,806D,805A,80AB,8083,809B,8086,805B,809E,806A,8083,806C,8068,8062,8064,8073,8084,8075,8040,8035,8060,8058,8038,803F,805E,805E,804C,8029,805C,8031,803D,8052,7FFD,8054,7FEC,7FFC,8002,7FEB,7FD1,7FBD,7FC0,7F9F,7FCE,7FFE,7FF6,7FF4,8027,7FEA,7FF2,7FD9,8019,7FBD,7FD1,7FDE,7F9F,7FD6,7FE0,7FD1,8007,7FE7,7FE5,8005,7FD6,7FE7,7FEF,7FAC,7FA5,7FB8,7F82,7F9A,7F9C,7FD1,7F69,7FA2,7F8E,7F7C,7F9C,7F8C,7F7A,7F83,7F83,7F6A,7FA7,7F8D,7F9C,7F8B,7F91,7F92,7FA4,7FAD,7F9D,7F8D,7FB2,7FA3,7FBB,7FB8,7F71,7F6F,7FA7,7FCC,7F9C,7F9C,7F7A,7F8B,7FA0,7F90,7F83,7F86,7F95,7F81,7F89,7FC1,7FCD,7FD3,7F6A,7FF2,7FCA,7FCA,7FDA,7FCB,7FDD,7FBD,8001,7FDC,8006,800D,7FF2,8011,7FFD,8008,8005,7FCA,8007,7FED,7FF5,800B,801A,8000,7FF4,7FE7,7FE9,7FD8,7FF3,802A,7FF3,7FDE,7FFB,7FC3,7FEB,8016,802C,8018,802F,8027,804D,8019,8021,8098,8055,8071,806A,8075,807F,807D,804F,803D,8049,8030,8065,8025,8044,806D,8087,803F,8024,807C,8084,8039,8056,8043,803D,8032,8033,8074,803D,808B,8073,8085,8088,805F,80A1,807D,8056,807F,8090,809E,807A,805D,806B,806D,8085,805B,8086,8089,8086,805C,8062,8064,808F,806D,8062,80AA,8071,807B,8082,80C7,808A,8087,8074,80A0,807E,806C,805A,806E,8087,8063,8085,807B,809E,8041,8090,8070,804A,808F,8068,806B,809A,8066,8089,8090,8087,804E,807B,806C,8027,8062,8046,8064,803F,8058,805F,8053,805F,8093,807A,8062,807B,808C,8091,8054,8045,801B,804E,8056,8043,8059,8022,8019,7FEC,7FEF,800A,7FFE,7FFB,8042,803B,8060,8050,7FF7,8013,803D,806F,801D,8015,8004,800E,8007,7FD2,7FE7,7FFB,7FD7,7FFF,7FFB,7FDF,7FDF,8033,8005,7FF3,7FFD,7FF8,8017,8006,802B,801C,7FE8,802E,8039,8001,8031,7FED,8032,8010,8024,8042,8059,805D,8047,804F,806E,809E,80BA,8080,8094,80B2,8083,8084,8066,8098,805B,8044,8047,807F,8084,804A,80A2,80C3,80AA,806C,809A,80A1,80AF,80C7,809F,8083,806E,8081,808B,8049,8078,8084,806C,807B,8075,808B,80D5,80D0,809C,8098,80B9,80BC,809C,809F,80D2,80B9,80B7,80E2,80C5,8107,80E6,80F6,8121,80EB,80F2,8108,8131,80F1,80F2,80F8,8119,80E2,80C8,80FE,80D5,80E4,80E5,80D4,80DD,80EA,80E9,80D2,80D9,80F4,812A,8115,80DE,80D0,80E6,80E2,80D6,8105,80ED,80C4,80A5,80E5,80E0,80AE,80BB,80D1,80E3,8097,80DA,80C3,8092,80AC,80EB,80AE,80BB,80A9,8074,80B2,8096,8083,803D,807A,806D,806F,8089,8097,80A1,80A1,8070,8080,80D3,80A9,80D2,8075,80C7,80EB,80C3,80C4,80ED,80B6,80DF,80F4,8106,8123,810E,810C,80ED,80EB,8105,80D2,80E8,8115,80D9,80FA,80D0,8117,80EA,80D1,80D3,80C1,80D8,80AD,80AF,80B9,80F2,80DF,80B9,80A7,80E0,80FE,8117,80FF,80ED,80D5,80B0,80D0,80E0,8089,8091,80D2,8109,80D0,80AB,80D6,80A8,80BA,80BE,80C8,8130,80EC,8091,80DE,80E0,80B8,80DC,80CE,80D6,80EC,80D5,80A6,80A1,80CB,80E0,80E4,808B,80A2,80D9,80BD,80AD,809B,80C4,80CD,80BA,8076,80AE,8077,8099,8096,80B4,807B,8094,807D,8046,8067,801E,8048,801A,8030,8035,803E,8044,802F,8029,8039,8034,8041,8078,8061,805C,8040,8021,8017,8027,8005,8027,8039,8036,8016,8035,8014,8007,8012,8014,8027,8012,8037,8014,802E,7FFD,801D,7FFA,8034,803D,8019,801C,805E,8036,7FF5,8018,7FB3,7FBC,7FB9,7FF6,8007,8021,7FCB,7FAD,7FED,800C,7FEE,7FE2,7FE7,8009,800C,7FC2,7FDD,8003,7FF4,8010,8038,8027,8017,8012,801F,8024,8018,803E,8008,7FE6,7FEB,7FE7,7FE1,8002,7FF9,7FEA,7FF3,7FE6,800B,800B,7FE3,7FE6,7FFE,7FEB,7FF4,7FF3,7FE7,7FFF,7FF1,7FEE,7FC5,7FAD,7FA8,7FE7,8004,7FF1,7FF4,7FD7,7FEC,8000,7FEB,7FE9,7FEF,7FEF,7FDC,7FC3,7FE1,7FC0,7FF0,7FC8,7FA4,7FA6,7FEC,7FB8,7FF9,8004,7FE3,7FFF,7FF9,8000,7FFF,8028,7FDB,801D,7FFD,7FCE,7FC4,7F9B,7FE5,7FF5,7FD6,7FC7,7FB6,7FCC,7FDC,7FA4,7FB2,7FA4,7FE0,7FBA,7FC4,7FC5,7FA4,7FD4,7FB4,7FC1,7FBD,7FDB,7FCA,7F89,7FAB,7FA8,7F98,7F9A,7F87,7F7A,7FA6,7FA0,7F63,7F88,7FB5,7F8F,7F6A,7F7C,7F6B,7F95,7F91,7F2D,7F7B,7F60,7F62,7F9D,7F72,7F76,7FA1,7FAA,7FA2,7FA9,7FA3,7FAD,7FAC,7FA5,7F91,7F73,7F80,7F45,7F8C,7F61,7F3C,7F9C,7F1A,7F7F,7F58,7F65,7F5C,7F46,7F42,7F3B,7F41,7F15,7F17,7F4E,7F7B,7F20,7F21,7F2F,7F26,7F1B,7F45,7F2C,7F1C,7F47,7F05,7EFB,7F54,7F20,7F6F,7F56,7F23,7F94,7F52,7F2F,7F41,7F4A,7F4B,7F13,7F42,7F18,7F3C,7F20,7F11,7F36,7F21,7F45,7F33,7F63,7F40,7F11,7F54,7F51,7EEB,7F30,7F23,7F73,7F06,7F29,7F32,7EF0,7EFE,7EC0,7F1F,7EDD,7EDC,7EEA,7F06,7EE4,7EEC,7F00,7ED3,7F25,7EF8,7ECF,7F29,7F1F,7F3F,7F11,7F09,7F2C,7F45,7F74,7F68,7F56,7F68,7F65,7F4F,7F53,7F4F,7F2A,7F0B,7F3B,7F34,7F33,7F19,7F52,7F3C,7F59,7F47,7F1A,7F17,7F54,7F55,7F23,7F3F,7F30,7F39,7F54,7F4F,7F53,7F19,7F5B,7F3D,7F3F,7F67,7F3C,7F69,7F64,7F67,7F32,7F3D,7F36,7F09,7F2C,7EFA,7F27,7F2E,7EFF,7F08,7F04,7F38,7F17,7EC1,7EBF,7ED9,7EC8,7EE5,7EDF,7EC5,7EDA,7ED8,7ED1,7EF9,7ED3,7F19,7F2A,7F1B,7F46,7ED0,7F50,7F1B,7E9B,7EC5,7ECA,7ED6,7ED5,7EE4,7EC9,7E90,7EBC,7ECE,7EE4,7EBF,7EA4,7EA3,7EC1,7EBC,7E80,7E9B,7E77,7E93,7E8E,7EB9,7EA0,7E86,7EAA,7E8C,7EAC,7E8E,7E8D,7EBA,7EAB,7EA7,7EC7,7E99,7ED3,7EA5,7E94,7EB8,7EDC,7EA4,7E70,7E96,7E4A,7E6D,7E78,7E88,7E52,7E6F,7E8F,7EA7,7E7E,7E60,7EB3,7E82,7EB0,7EB1,7EA1,7E91,7E88,7EAE,7E96,7E51,7E97,7E42,7E75,7E61,7E91,7E6E,7E23,7E5C,7E7A,7E6B,7E9B,7E67,7E34,7E7B,7E70,7E7D,7E6A,7E46,7E2C,7E30,7E5A,7E91,7EA8,7E78,7EB1,7E9C,7E88,7E8E,7E4A,7E97,7EB6,7E7E,7E72,7EAA,7E7C,7E62,7E97,7EBB,7E6C,7E64,7E89,7E8A,7E83,7E9A,7EB4,7EA2,7EAE,7E80,7E92,7E83,7E7B,7E9C,7EB0,7EB4,7E78,7E34,7E84,7E69,7E69,7E25,7E54,7E49,7E34,7E7D,7E3D,7E4E,7E33,7E58,7E2F,7E47,7E49,7E2A,7E63,7E3D,7E39,7E12,7E66,7E6A,7E6E,7E3F,7E71,7E6B,7E6D,7E9D,7E85,7E63,7E93,7EB6,7ED6,7EB9,7EDD,7ED1,7F00,7EFA,7EDD,7F1E,7F07,7EF9,7EDA,7F21,7F4A,7F0C,7F50,7F1A,7F20,7F0C,7F33,7F4C,7F4E,7F68,7F27,7F32,7F15,7F15,7F1F,7F11,7F17,7F0E,7F04,7F00,7F5C,7EFF,7F17,7F20,7EF2,7F17,7F1B,7F60,7F3C,7F2E,7F12,7F18,7F1C,7F81,7F93,7F5E,7F71,7F82,7FAE,7F9C,7F81,7F84,7F90,7FC6,7FE5,7F69,7F79,7F92,7FA5,7FE8,7F96,7FE6,7FBE,7FBA,7FEC,7FE5,7FEB,7FDE,7FB4,7F95,7FAD,7F9C,7FA2,7FCA,7FE2,7FF9,7FFB,7FDB,7FE4,7FD4,7FC4,7FCA,7F9B,7F89,7F8E,7FBD,7FA8,7FBC,7F7A,7F73,7F70,7F72,7FAA,7F72,7FA7,7FA4,7F76,7F4E,7F89,7F5F,7F9E,7F6E,7F70,7FE1,7FA7,7FCE,7FE2,7FCA,7FBC,7FB1,7FD8,7FB6,7FE6,7FD6,7FBC,7FDA,7F73,7FBD,7FA5,7FBB,7FB2,7FE9,7FBD,7FBC,800F,7FA3,7FF5,7FFD,7FC0,7FCA,7FEF,7FB9,7FCD,7FF9,7FDA,7FB7,7FA9,7FB4,7FF2,7FC5,7FB6,7FB6,7FDC,7F9B,7FA8,7FB0,7FA1,7FB3,7FAF,7F6D,7F77,7F54,7F71,7F8E,7F8B,7F87,7F75,7FB4,7F79,7F9B,7F82,7F97,7F80,7F74,7F81,7F69,7F77,7F64,7F7B,7F9D,7F8E,7F88,7F4C,7F77,7F2B,7F50,7F76,7F73,7F51,7F41,7F15,7F48,7F43,7F51,7F3B,7F54,7F54,7F3D,7F2B,7F2B,7F45,7F1F,7F42,7F6C,7F70,7F6F,7F7F,7F8E,7F97,7F6E,7FA0,7F49,7FA8,7F8B,7F44,7F78,7F37,7F6A,7F3E,7F80,7F6C,7F46,7F1F,7F56,7F7C,7F5F,7F36,7F37,7F49,7F7B,7F6D,7F2C,7F45,7F33,7F8B,7F47,7F99,7F74,7F7E,7F2C,7F3B,7FBB,7F6A,7F5C,7F7A,7F9C,7F8F,7F9D,7F98,7F8C,7F6A,7F4E,7FA0,7F64,7FA0,7FA8,7F5D,7F8F,7F83,7F85,7F84,7F86,7F90,7F7B,7F99,7F86,7FAC,7FB1,7F83,7FB9,7FBF,7F97,7F62,7F95,7F95,7FB1,7FD3,7FD3,7FD1,8003,7FD0,7FC4,7FE1,7FB2,7FC0,7F64,7F8F,7F8F,7FA0,7F72,7F7A,7F8E,7F77,7FA7,7F99,7F7F,7F6B,7F7A,7F49,7F99,7F49,7F4F,7F96,7F45,7F5B,7F87,7F60,7F50,7F65,7F40,7F3D,7F73,7F50,7F5E,7F3C,7F47,7F4F,7F17,7F30,7F4F,7F32,7F32,7F52,7F31,7F86,7F4A,7F56,7F43,7F3C,7F82,7F3B,7F5C,7F50,7F96,7F8E,7F3B,7F3E,7F64,7F84,7F5D,7F7E,7F7C,7F47,7F91,7F47,7F53,7F5D,7F71,7F9B,7F62,7FA0,7F55,7F73,7F6A,7F71,7F6D,7F99,7F7D,7F97,7FAB,7F61,7F5D,7F57,7F87,7F8E,7FAB,7FAC,7F99,7F6C,7F67,7F4B,7F78,7F5D,7F44,7F7F,7F78,7F75,7F6F,7F80,7F5D,7F68,7F83,7F72,7F73,7F69,7F78,7F7A,7F6B,800A,7FEE,7F7A,7F79,7FA8,7FBD,7FB6,7FE5,7FBA,7FC7,7FB5,7FB3,7FE4,7FAB,8003,7FDB,7FA1,7FC7,7FA8,7FDB,7FE9,7FD8,8007,7FD7,7FBF,7FF4,7FC1,7F89,7FB9,7FC5,7F79,7F74,7F83,7F68,7FAE,7F7E,7F63,7F7A,7F55,7F6B,7F46,7F37,7F57,7F69,7F57,7F67,7F60,7F65,7F50,7F5C,7F52,7F7E,7F70,7F7F,7FC4,7FB6,7FA3,7F82,7F8C,7F8B,7F77,7F91,7F56,7FC0,7FA3,7F9E,7FAA,7F8D,7FC5,7FC9,7FA7,7FA6,7FDA,7FD9,7F98,7FA9,7FF5,7FBE,7FF9,7FF3,8006,7FE6,7FCB,7FD0,7F8E,7FCB,7FD9,7FBE,7FD6,7FC2,7FE5,7FBF,7FEA,7FE7,7FD1,7FE7,7FCC,800B,7FEC,7FF2,7FE6,7FDA,7FEA,7FF1,7FF5,8035,7FD2,7FE8,7FF9,801E,7FF6,7FCF,7FD6,7FA4,7FDD,7FD5,7FFA,7F94,7F9C,7FB8,7F8C,7F9C,7FF2,7FCA,7FA5,7FD6,7F97,7F84,7FA0,7FC4,7F93,7F72,7F95,7FA9,7FB5,7FA9,7FB1,7FB1,7F6F,7FA2,7FAE,7F73,7F8E,7FAD,7FD0,7FF1,7FD8,7FC2,7FD6,7FDA,7FCC,7FFC,7FE9,7FB3,7FD2,7FB4,7F8C,7F84,7FD3,7FB1,7F8C,7FAB,7F90,7FBF,7F96,7F93,7F86,7F61,7F6F,7F61,7F94,7F73,7F79,7F76,7F51,7F59,7F73,7F69,7F2D,7F47,7F2C,7F5F,7F46,7F32,7F38,7F10,7F2C,7F0E,7EEA,7F3E,7F1D,7F31,7F49,7F88,7F0B,7EDD,7F26,7F45,7F3F,7F1F,7F7B,7F2A,7F25,7F43,7F2F,7F71,7F32,7F26,7F9F,7F72,7F4F,7F1F,7F6D,7F4E,7F42,7F98,7F74,7F7B,7F79,7F51,7F6A,7F60,7F54,7F8B,7F7C,7F4D,7F56,7F61,7F1A,7F50,7F35,7F2F,7F67,7F47,7F9F,7F78,7F8A,7F9A,7FA6,7F89,7F73,7FA6,7FA7,7F76,7F89,7FE8,7FC5,7FD1,7FAD,7FA3,7FAC,7F7E,7F5B,7FAA,7F72,7F3E,7F6C,7F77,7F7C,7F71,7F40,7F62,7F5A,7F9C,7F8A,7F91,7F87,7F88,7F76,7F8B,7F98,7F7C,7F65,7F68,7F6B,7F55,7F82,7F3A,7F4F,7F84,7F88,7F74,7F47,7F48,7F67,7F4B,7F78,7FAD,7FA1,7F91,7F7F,7F72,7FD4,7F82,7F61,7FCC,7F9A,7F5A,7F6B,7F80,7F8B,7F9F,7FB6,7FC8,7FA9,7F71,7FB9,7FCD,7F8E,7FA2,7F8D,7F87,7F8E,7F64,7F85,7FC5,7F9C,7FB1,7F7B,7FAA,7F71,7F69,7FAA,7F5E,7F79,7F57,7F64,7F15,7F18,7F40,7F43,7F44,7F18,7F32,7F0A,7F14,7F05,7F29,7F32,7F46,7F8E,7F77,7F6D,7F59,7F8D,7FB9,7FBB,7FC2,7F9B,7FE1,7FF6,7FC5,7FF1,8012,8015,801E,8002,8022,8037,7FF6,800D,8022,8020,8013,800E,8009,7FF9,8024,7FF3,7FC5,802B,8035,7FFF,8026,7FC8,7FFC,7FED,7FB6,7FC9,7FBE,7FDA,7FA1,7FC9,7F9F,7F8A,7F9E,7F9E,7F68,7F8B,7FCA,7FAD,7FDC,7FEC,7FD7,7FF7,7FD7,803E,7FE7,7FC1,8020,8009,8022,8014,804E,8033,8071,804F,8066,805B,8088,8096,80A4,80AC,80B5,80B9,8074,8081,8048,8049,8035,807C,8083,8092,805B,8044,8057,803F,8038,8041,800B,8005,8044,7FD2,8015,8020,8006,8000,8012,8026,801A,802C,8035,801C,8020,804A,8044,807D,806A,8080,805C,8048,803D,8036,8060,808F,805C,806C,8092,8087,80B2,80B7,80A4,809B,8095,8097,8094,80A7,80A5,8097,809F,809B,8089,8074,808D,804B,805D,8060,803C,8068,8056,807B,8053,8046,8043,8020,8044,806E,803A,801F,8029,8036,8019,8063,806D,8062,8042,8096,8076,8038,807F,8068,8090,808C,8075,8099,80AC,80B2,80D8,80CF,80A0,80C0,807A,809F,80AA,80A6,80B1,808C,8089,80AB,80C4,807D,80A5,8089,809A,8084,8078,8099,8099,8087,8066,808B,8076,808A,8061,8082,8069,806B,8070,805F,8021,8033,8065,8025,8036,802F,8029,8024,8030,8028,8021,8008,803B,8032,8028,8010,8002,8027,7FBC,800A,8034,7FED,8021,8015,801A,7FE6,8042,8021,7FD1,801F,800A,8034,8020,8006,7FE8,8007,7FDC,7FD7,7FFE,7FDF,7FE8,7FDE,7FFC,7FA1,7FC6,7FAA,7FAC,7F7E,7F89,7F69,7F3F,7F5A,7F1D,7F8A,7F6E,7F5B,7F5F,7F5F,7F67,7F5B,7F54,7F24,7F73,7FA4,7F56,7F5D,7F45,7F7E,7F79,7F60,7FAD,7F68,7F84,7F71,7F8A,7FC4,7FA3,7FBE,7FDE,7FBD,7FBC,7FC8,7FAE,7F84,7F85,7F82,7F86,7F81,7F7E,7F76,7FCD,7F9B,7F97,7FC0,7FE1,7FBA,7F86,7FC0,7F9D,7FB7,7FBA,7FFA,7FB4,7FD5,7FD2,7FD5,8010,8007,7FFD,7FFF,802F,8008,8026,8018,802C,8021,807C,806E,8055,8054,8049,8074,802C,8044,806D,8096,80B4,80AF,80A3,80A4,809A,80BF,80B8,80B1,80E9,80C4,80AF,80A5,80AE,80BF,80A9,80BA,80A9,80B2,80D3,80E3,80B8,8085,809E,808C,809A,80AA,8092,80DF,80B2,80C7,80AB,80A7,80DB,809B,80CB,8083,80B2,80A8,8076,80A1,809C,8095,8096,80B0,8065,8070,8095,807B,809A,807C,8089,808F,8069,80B2,80CD,806D,8066,805D,803D,8044,8060,804A,805D,8012,801C,8015,7FFD,7FFE,8004,8000,7FEB,8034,801D,8061,8032,800D,8025,7FF7,8020,7FDF,7FEF,7FEB,8017,7FFA,8005,801A,801E,801D,801C,800F,7FF7,8015,7FE6,802A,7FF9,8030,8064,801E,8026,8018,8031,8060,804C,8060,8084,807B,8055,8088,8059,8091,807A,8029,809E,8037,803F,8063,8082,8072,8089,8077,8062,8099,8051,8034,804F,8050,805C,8054,8061,805D,8033,805F,8031,804C,805C,8053,805B,8043,8066,806C,8074,8078,809B,8097,808D,8069,8081,80AE,8071,8092,8088,8087,806B,8072,8026,806F,809C,806E,8068,806B,8042,8043,8040,8051,8055,8020,8090,808B,8063,807D,8050,8064,807C,808F,8091,8078,8067,80B3,8092,8083,8087,8095,8064,8054,8072,8006,8067,8058,8060,8028,8014,8048,8027,8092,8063,808B,8056,807D,808D,808C,80B1,8097,80F1,80B4,80C0,80C0,80CF,810B,80E4,80DE,80D5,80DE,80F7,80E4,80E7,80FE,80B0,80C0,809A,8092,80BD,8084,808B,809F,808B,80AA,80C1,8089,808D,80B4,8099,8067,80AC,80D7,80B3,80BC,80C1,80A7,80CD,80C8,80C2,80C7,809F,80DE,80F1,80ED,8129,8144,80DF,8140,8130,812D,8155,80FD,8112,80FB,8113,8125,811B,80D2,8108,8109,80D8,80DA,80DA,80DA,811A,810C,80E8,811C,8134,813B,811F,8100,80F5,811B,8108,80F3,810E,80DA,80D7,810E,80DF,80F3,80DA,80D8,80C6,80EE,810A,80E0,8100,8108,80D2,8115,80FB,80E4,8126,80C4,80EE,80EC,80DA,80E1,80E0,80CE,80D3,80BD,80AA,80C7,80C6,80A4,80A4,809D,80BB,80A4,809E,80D4,8085,810C,80C4,8093,80A8,808E,809B,8093,80C1,807E,8079,803E,8052,804B,804D,8051,8036,807F,8020,8046,8015,800C,8000,8012,800B,8029,8030,8040,8046,8067,8047,8047,807C,8048,805A,804E,8055,804F,8030,8034,802D,803F,8040,800F,8045,8021,7FFF,7FFC,8008,8005,7FE2,7FC3,7FC9,801D,7FD2,7FEF,7FCE,7FE4,8029,7FFD,7FBA,7FF7,7FCE,7FB8,7FBB,7FAE,7FB8,7F68,7FA2,7FA2,7FBF,7F79,7F40,7F8A,7F8C,7F95,7F93,7F9A,7F9F,7FD3,7F9A,7FA2,7FBF,7F9F,7FA8,7FB8,7FBA,7FD7,7FC8,7FD1,8010,801E,8028,8027,801F,8020,8042,8018,8009,8024,8005,7FC3,801F,8015,800D,801F,8013,8006,800C,8010,800E,801C,8019,8019,7FFB,801B,801A,803D,8049,8041,8039,804C,804D,8087,806B,8047,8078,8039,8071,8080,8091,8087,8052,8082,8095,80C4,80B1,80AF,80AA,80B0,80AB,80E1,80BF,807E,80B6,80BB,8093,8090,80AF,806C,80AB,8097,8074,8049,8082,8082,8081,80B0,8099,8072,8079,80A2,809A,8066,80BB,8092,8082,80B9,8087,8089,8094,8099,808F,8089,808D,8081,8089,808A,807B,80C0,80AF,80C7,80D3,80A0,80AC,80C3,80B6,8084,80D4,80EF,80F1,80C3,80E3,80D4,80B7,80AE,80E4,80C1,811F,80F6,810B,8116,80E1,80EB,80E9,8107,80CB,80E9,810E,810B,80E0,810E,810B,8119,8124,810A,80F1,80EB,8147,8132,8118,8123,8154,8157,812B,8196,8152,8152,8185,8121,8169,8133,815C,8163,813D,814F,8117,8141,8169,8160,8156,811E,813C,8153,8146,815A,8140,8182,8142,815E,8127,8103,815A,8106,8141,8175,8136,812F,80FE,8110,80F9,8107,80DB,80EA,80D9,80E7,8106,80CC,8106,80DF,80E3,80F2,80C5,80C0,80CB,8095,809F,80A4,806A,8074,8097,8092,8072,808C,80D2,80BB,80B2,80D6,80E2,80C3,80BA,80C0,80B9,80B7,80ED,80E4,80B4,80E0,80C1,80B4,80C4,8080,809A,80D5,80A9,80AE,80AA,80B3,80B5,80AB,80DB,80D6,80C2,80B0,80B6,80AC,80B8,807F,8090,80B6,809B,80AF,80CE,80B1,80B8,806F,8079,80B8,806B,8092,80BB,80A8,80CF,80BA,80CB,80E1,806B,80D7,80E6,80C8,80FE,810A,8115,812C,80F5,8114,80E8,80FD,8119,810D,8114,8108,8133,8105,813D,8127,8103,8123,8119,8136,8140,8148,813F,8121,8109,8129,8120,8118,814D,8126,812E,814A,8120,8120,8142,813B,8149,8125,80EF,80DF,80FE,80E1,80F7,80D9,811B,80DB,80DA,80DC,80E6,80BE,80A9,80CD,80B6,80B1,809A,80D7,8072,8097,809E,80C2,8078,807D,80A2,808D,8046,805D,809D,8040,8055,8046,8055,803E,8062,807B,8055,8066,804B,8066,8032,803A,802A,8015,8075,8051,8002,8036,8016,8017,8038,8024,8005,8019,8041,8002,8030,8019,8054,8042,801B,8052,801C,8012,801A,8006,8013,8033,8027,801F,7FEA,7FF7,7FE0,7FC5,7FD4,7FC3,7FD0,8008,7FDC,8000,7FEB,8017,8011,7FDA,7FE8,7FBD,803B,7FE1,7FD6,8038,7FF7,8015,8004,800E,8007,7FE6,7FEA,8039,8008,8021,7FDA,8014,8022,8019,8021,8039,8047,8034,803A,8060,8056,8028,8082,807E,8050,803D,803A,8043,8066,802D,7FF4,8054,804D,8032,8042,802B,802A,8039,805D,8032,807C,8005,8043,8074,8034,8046,8067,8049,8018,8071,8053,8087,805F,802E,8081,80AD,8087,806C,805A,8089,80AD,80B1,80C5,808E,80FD,80EA,80D1,80AE,80F6,80BB,80A0,80AB,8099,806A,8095,8094,8072,806A,806A,8053,801C,8087,8044,8071,8077,80AA,807C,8076,80AF,8093,809E,8078,808E,807E,808C,8095,8098,8094,808A,809E,8080,808A,80B2,8092,8076,8089,807F,8068,806D,809C,80B9,80A9,80A6,8086,809B,8076,8095,80A6,8060,8076,80AD,80C1,8087,8096,80BD,80D6,80B1,80A2,80AB,80A1,80AF,809C,80C2,80D5,80D2,80B1,80A2,807B,80B4,8093,8053,80A7,8071,8071,807C,8058,8079,8061,8073,808F,804C,8065,8048,8062,8041,802E,8064,8052,8083,8061,8081,8086,805C,8091,80B7,80A0,80DB,80B4,808F,80A0,8091,8061,80BC,80C7,808A,8086,809B,80C0,80D6,80B7,80C1,80BB,80B5,80EE,80AD,80B7,80C6,80A9,8096,80C8,8098,80A3,80B7,80B0,80B3,80BA,80C8,8082,80C7,80FB,80CF,80FC,80DA,80BF,80B6,80AF,80D1,80B6,80EB,80E6,80D4,80D8,8125,8105,8108,810C,8114,8133,80F9,80F1,80FC,80E8,8100,80F1,80E3,80C1,80CF,80FA,80EB,80E7,8107,80F3,80C7,80E4,80DA,80E6,80F4,8130,80EF,8119,80EA,80E6,80E1,8131,8106,8116,8102,810B,80F0,80EA,813D,80EE,80E8,80E4,80E0,80F5,810B,80B7,80FD,809F,810E,80F5,810B,80DC,8110,8103,80E4,810F,80EC,8164,80D7,810B,80E6,8102,80EB,80D7,80E6,80D6,80DD,80CF,8096,80B2,80B2,809F,8090,80A6,80A3,808D,807E,804F,8091,8050,8082,808E,80AD,80B7,8090,8100,8060,80B1,80C7,8091,808E,8074,809F,8095,8072,8045,8048,804A,803B,7FD7,8013,8019,801A,802C,8057,801D,8031,8013,7FE2,8002,7FC0,800D,8014,8026,800D,7FFB,800C,8023,8009,8040,803D,8010,8053,804B,804D,8054,8041,7FFD,8029,803B,8035,8018,8018,8060,801F,802C,802F,8022,8029,7FF0,8036,8006,7FE1,8034,7FD0,7FE7,7FFE,7FE6,8020,8011,7FD1,7FEE,7FEC,7FD7,8010,8001,7FE1,8026,7FDE,7FEB,7FE9,7FDE,7FF8,7FC6,7FDD,7FBE,7FC7,7FD9,7FD5,7FCB,7FB2,7F9A,7FBA,7FE0,7FC8,7FE7,7FD2,7FE3,7FC6,7FC3,7FE9,7F85,7FB8,7FAD,7FB5,7FAE,7FB4,7F98,7FCD,7FC9,7FEB,8003,7FD4,7FCD,7FD4,7FCE,7FF6,7FE8,7FD1,7FDE,7FE0,7FD5,7FD6,7FEC,7FD2,7FDA,7FE0,7FCE,7FCD,7FE0,7FDB,7FB2,7FDD,7FDB,7FB2,7FE0,7FC7,7FFD,802B,8013,800E,7FE1,7FFD,7FE5,7FB0,7FD6,8019,801A,7FE0,8027,8006,7FFA,7FDF,7FE4,7FCE,7FE4,8010,801D,7FF2,7FE6,8020,802F,802A,7FE4,801F,8008,7FE3,7FF8,7FFE,7FF1,8012,8004,801D,8011,7FED,7FD3,7FE0,7FE8,7FED,7FDD,7FC0,7FA5,7FD3,7F90,7F66,7F5C,7F9D,7FA4,7F4A,7F63,7F55,7F56,7F5F,7F58,7F3E,7F2A,7F2B,7F44,7EF5,7F17,7F47,7F15,7F0C,7F2D,7F21,7F4C,7F46,7F62,7F68,7F75,7F40,7F52,7F36,7EEE,7F26,7EEB,7ED4,7ED7,7F21,7EF7,7F19,7EFE,7ED7,7EE2,7EE0,7EB6,7EBD,7ED1,7ECF,7F56,7F13,7EF5,7F0E,7F27,7ED4,7EC9,7EDF,7EE0,7EDA,7EB6,7EC6,7EB3,7ED2,7EE4,7ED3,7EF9,7EFF,7EDA,7EF5,7E9E,7EB6,7EF4,7F02,7EDF,7EFB,7F06,7EF7,7F0F,7EEE,7F06,7F00,7EC5,7EF3,7ECA,7EFD,7EEC,7EFF,7EF2,7ECD,7EDD,7EC6,7EC2,7F37,7F1B,7EDF,7F48,7F27,7F41,7F15,7F54,7F42,7F51,7F64,7F2B,7F35,7F32,7EFB,7F41,7F28,7F47,7F65,7F17,7F4A,7F49,7F2C,7F12,7F4C,7EF8,7EDD,7EE0,7F15,7EED,7EAF,7ED6,7EDD,7EE5,7EE6,7F14,7F0D,7EEB,7F04,7F09,7F23,7F15,7F3A,7F4E,7F40,7F4E,7F2F,7F24,7F1D,7F0D,7EDE,7EE8,7F0F,7F02,7F27,7EFC,7F0E,7F2C,7F1B,7F13,7EF2,7F06,7EEB,7EE0,7ECA,7EFA,7EE8,7EF5,7EF3,7EEA,7EF7,7EF8,7EEE,7EED,7F27,7EFA,7F00,7EFD,7F13,7F07,7EF7,7EDB,7EB2,7ED3,7EC6,7F0B,7F08,7F15,7EE3,7F0D,7EFA,7F15,7F1E,7F32,7F4F,7F43,7F70,7F4A,7F66,7F45,7F84,7F87,7F73,7F8A,7F97,7F9E,7F98,7FA0,7FAC,7FA5,800C,7FD2,7FA3,7FAC,7F9C,7FCB,7FB3,7F9E,7FA3,7F92,7FB2,7F75,7FDC,7FCA,7FA5,7F90,7FCD,7FD6,7FDE,7FCC,7FBF,7FC8,7FD2,7FE2,7F98,8002,7FDA,7FF9,7FE5,7FA3,7FDD,7FEE,7FE7,8021,7FFF,7FEB,8019,7FD0,7FE9,7FD5,7FC5,7FD9,7FD3,7FEF,7FB0,7FCB,7FB0,7F95,7FAE,7FB4,7F5D,7F65,7F8D,7F85,7F9A,7F7C,7F65,7F7A,7F3B,7F51,7F4F,7F57,7F2E,7F3C,7F4C,7F23,7F58,7F47,7F08,7ED7,7EF5,7EFB,7EF2,7F4B,7EE0,7EE3,7F10,7F0D,7EC9,7EF0,7EF5,7EDC,7EFD,7EC7,7F1D,7F20,7F5A,7EEA,7EEA,7ED3,7EF1,7F1E,7F31,7F12,7F08,7F36,7F29,7F6B,7F22,7F12,7EFC,7EE0,7EE2,7EE6,7EE2,7ED0,7EEF,7EA3,7EC3,7EB1,7EC4,7EC3,7E90,7EA4,7E80,7EAE,7E4B,7E8A,7E6E,7E5C,7E5B,7E6D,7E78,7EA8,7E98,7E5F,7E82,7E7D,7E75,7E7E,7E94,7E78,7E8B,7E8D,7E6C,7EDC,7E9D,7E94,7EC9,7ED0,7EAB,7EB0,7ED9,7E89,7ED2,7E9F,7EE1,7ED7,7ED1,7EAF,7EA2,7EE6,7EA2,7ED2,7ED5,7EC4,7F0D,7EE7,7EF0,7EC6,7EF8,7EDA,7ECA,7F2D,7ED3,7EF6,7F0C,7F3B,7F0D,7F4C,7F52,7F51,7F63,7F27,7F3C,7F4D,7F83,7F3D,7F3F,7F72,7F77,7F55,7F5A,7F60,7F51,7F35,7F43,7F62,7F4F,7F35,7F5A,7F14,7EFD,7F68,7F47,7F21,7F45,7F2B,7F4D,7F48,7F66,7F38,7F50,7F32,7F48,7F6B,7F5F,7F78,7F5B,7F7E,7F2D,7F2D,7F50,7F21,7F68,7F89,7F4D,7F39,7F9D,7F5C,7F67,7F89,7F65,7FA0,7FA2,7FA7,7F89,7FAE,7FC7,7FBF,8015,7FB7,7FB9,800D,7FF2,7FE1,7FE7,7FDF,8003,7FFA,7FD3,7FD9,7FDF,7FB0,7FFB,800E,7FB2,7FD4,7FE7,8017,7FE5,8002,7FBC,7FF1,7FCB,7FA8,7FDA,7FB0,7FD2,7FA1,7FB6,7FB1,7FEF,7FE3,800B,7FC4,7FEA,7FC4,7FDE,7FEA,7FA0,7FA5,7FB4,7FD3,7FCA,7FCD,7FDF,800A,7FA7,7FEE,7FEB,8002,8016,7FEF,7FE7,8008,7FED,7FF6,7FF8,7FBB,800D,7FB8,7FE1,7FE0,7FA9,7FA6,7FC9,7FD0,7FC5,7FF9,7FE6,7FEC,7FBC,8005,800C,7FDE,800B,7FE9,7FED,7FF9,7FE0,8000,7FEB,7FE1,7FDA,7FB1,7FBE,7FB7,7FB3,7FCB,7FFF,7F96,7FD4,7FC2,7FD2,8020,7FCB,7FCA,7FEC,7FF0,7FDF,8020,8001,8005,802F,7FF0,8011,7FF2,7FFB,800B,7FD8,7FF0,8008,8018,7FE5,7FE3,8010,7FBD,7FE4,7FFA,7FEC,7FB6,7FCE,8005,7FEC,7FC2,7FE2,7FF9,8049,7FF3,8017,802F,7FE3,802C,7FF6,7FFF,7FDB,7FF5,7FE5,8004,8012,7FFA,7FFE,7FC9,8004,8008,8010,7FF1,800B,8001,8004,802E,8010,8029,7FF5,8024,803C,8040,804F,8050,8080,802D,8086,8032,8036,8062,8049,8042,806F,8026,803E,803D,800F,805D,8025,801C,8022,8000,8020,8027,8001,801B,801F,8041,8043,800D,804F,8043,8011,802F,803B,8019,8071,8097,8034,8058,8025,8060,8054,8028,8072,805F,8039,8075,803E,8042,8075,8069,80CB,80BE,806D,809A,8077,80BC,8096,807D,8078,8074,807C,805C,8059,8024,802E,801C,8032,800A,8016,8008,8017,8018,8033,804A,8023,8042,7FFD,7FE1,7FFD,7FFD,7FD3,7FED,7FE5,8009,7FFE,8018,7FF3,802E,8066,8054,802E,801B,8021,8021,7FF8,801E,8025,7FE9,801F,8009,8005,8024,7FF4,7FD8,801B,7FAF,8018,8025,7FB2,7FF0,7FE6,7FC5,7F95,7FD8,7FF5,7FE4,7FE5,7FD7,7FDC,7FDE,7FDF,7FD3,7F7E,7F7E,7FAD,7F87,7F89,7FA8,7F56,7F68,7F49,7F39,7F61,7F7A,7F1C,7F31,7F49,7F14,7F3F,7F24,7F62,7F1D,7F24,7F3C,7F71,7F3F,7F35,7F7B,7F47,7F60,7F76,7F3E,7F76,7F8F,7F7A,7F99,7FAC,7FA4,7F69,7F98,7F83,7F7B,7FB1,7F98,7F7D,7FA2,7FF2,7FC8,7FBF,7FFE,7FB1,7FDC,7FCD,7FA1,7FDE,7F7C,7F7B,7FAD,7F77,7F87,7FD1,7FE6,7F87,7FBC,7FA9,7FF7,7FE5,7FBB,8015,7FAD,7FD4,7FB9,7FF2,7FDE,7FC0,7FC9,7FF5,8023,8020,803C,8032,8048,807C,8032,8045,8074,806C,8071,803C,805E,8038,8074,8063,803C,8079,805E,8077,8074,802F,802C,8036,801E,8036,8055,8002,802C,7FED,8009,8006,8006,801D,8011,8023,802B,8004,7FF1,7FF6,7FF3,7FF6,7FE8,8014,8003,7FFC,8006,805D,8000,7FF4,8019,8007,801F,803A,8046,8046,8053,8051,8056,807D,806F,8041,8064,808E,807C,80CA,80AC,809B,80B4,808B,808A,8091,80CE,80B5,80AE,80C8,8090,80A6,8092,80E6,80B8,80A1,80C9,8074,80A4,80E0,80B2,8089,80B2,809D,809F,8088,806C,8092,80BA,809E,8082,80AD,80C7,80EE,80FA,80EE,80EA,80E6,80D8,80EC,8114,80F9,80F0,8118,80F6,80F6,8108,8118,80FF,8104,810D,810C,8108,8103,8116,810F,8105,80FE,810F,8114,8101,80F4,811C,8126,80F3,80FC,8109,8108,80D0,80E4,80D8,80E5,8086,80A5,80D8,80E0,80D0,80AA,809D,8084,805C,80BC,8084,809E,8090,809C,80AC,807B,802C,8040,8098,8036,8075,8039,8068,806D,805F,8071,808F,8092,8077,804F,806D,804D,8048,8033,8034,8021,8008,7FED,8026,7FF3,7FC9,7FE7,7FBD,7F76,7F93,7FC4,7F85,7F92,7F98,7FBD,7F90,7F7C,7F5C,7F85,7F77,7F72,7F84,7FC9,7FB0,7F9B,7FB8,7F8E,7FA1,7FB7,7F9B,7FB1,7FA3,7FB5,7F9A,7FD2,7FCE,8002,7FFF,8022,7FEE,7FE0,8013,7FB9,8008,7FE3,7FE7,8035,7FE4,800D,7FCE,7FEB,7FE2,7FCE,7FEE,7FA3,8000,7FC3,7FC5,7FCD,7FAE,7F92,7F8C,7F8A,7F87,7F84,7F6D,7F64,7F7F,7F8C,7F6E,7F57,7F76,7F89,7F84,7F37,7F41,7F59,7FAA,7F63,7F84,7F9B,7F7A,7F8B,7F57,7F82,7F82,7F6A,7FC6,7F8C,7FDC,7FD4,7FE8,8004,7FC8,7FEB,7F84,7F7E,7FAB,7FEF,7FD6,7FDA,7FA6,7F92,7FB8,7FC6,7F8E,7F98,7F9C,7F89,7F95,7F8A,7F88,7F9E,7FC3,7F89,7FA2,7F5E,7F1A,7F32,7F4D,7F7C,7F5D,7F32,7F91,7F90,7F89,7F89,7FB6,7FBB,7F92,7FC5,7FA2,7F83,7FCE,7FE3,7F97,7F89,7FA4,7FA1,7FBD,7FB6,7F9F,7FA3,7FC7,7FDD,7F89,7FC6,7FBD,7FBB,7FD5,7F95,7F9A,7FD2,7FF3,7FD9,7FEB,7FDD,7FDE,7FCB,7FA7,7FCC,7FEA,7FA7,7FA7,7FA5,7F8A,7F80,7FA0,7F94,7F97,7F91,7FA1,7FA7,7FA6,7FA6,7FA6,7FA7,7F92,7FD1,7FA1,7FAF,7FA3,7FA3,7FE1,7FC8,7FE2,7FE0,7FF2,7FDE,7FED,8007,801E,7FDC,7FCD,8014,7FF6,800F,800F,7FBF,8004,801A,8016,800A,7FE5,8006,7FEC,8018,7FF1,7FDF,7FEF,7FED,8006,7FF6,7FE4,7FA3,7FC9,7FAE,7F78,7F9B,7FAA,7FA0,7FD0,7FDA,7F99,7F90,7FC0,7FC0,7FA9,7FC9,7F64,7FC3,7FDE,7FA3,7FCE,7FAC,7FAD,7FD7,800D,800F,800B,7FE9,8019,8022,801A,805F,801A,802C,8019,8032,803E,803E,8045,8016,8019,7FFF,8057,806A,8017,8016,800E,8003,7FF1,7FFA,8001,7FE8,7FB8,7FCB,7FE7,7FCD,7FA6,7FBE,7FEF,7F9D,7FD1,7FD9,8018,7FF0,8003,801D,7FF3,7FE6,7FD5,7FCD,7FF8,8004,7FFA,8032,7FF7,801D,8032,8008,8024,800B,7FFD,8024,8027,806C,802D,8037,8033,8043,8032,804B,807B,8063,8083,8098,808F,8094,80A3,8073,8064,8089,807F,8052,8062,8097,8082,805F,809E,808B,808D,807A,804D,805A,806D,8047,802E,808B,8074,8060,806C,8066,8073,806C,8067,8057,80A2,805C,806C,804E,803F,8066,8054,8050,8056,8055,8055,8071,806F,8067,804B,8060,8066,807A,8029,8062,8040,7FF4,802E,8003,8052,804C,8050,805C,802A,8077,8025,8067,8067,8035,8054,8034,8040,8072,8047,8065,802C,803E,8018,8001,8031,8030,802C,8000,8040,8030,8027,806B,803C,8063,8028,801D,8023,8042,8004,802A,8033,7FFC,8016,7FF1,8010,800C,8009,7FF4,7FE9,7FFB,8007,7FEF,7FFB,7FFD,7FDA,7FEB,7FB6,7F89,7FCD,7FBB,7FA8,7FE2,7FD1,7FE9,7FDB,7FD8,7FD7,7FF1,7FED,7FC6,7FA9,7FCF,7FF4,7F9D,7FBB,7FBA,7F94,7F99,7FBC,7FD3,7FD4,7FCE,7FD1,7FDF,7FE7,7FF9,7FDA,7FE2,7FC5,8040,8006,7FF0,8011,7FA5,7FEA,7FCE,7FE9,7FDD,7FF6,7FE1,7FFE,7FEC,7FD8,7FB5,7FCB,7FE5,7FDE,800B,7FEA,7FCE,8006,7FF8,7FFD,7FE5,7F96,7F9D,7F82,7FA0,7F6A,7F5F,7FD5,7F83,7FA7,7FAF,7FC7,7FEB,7F9E,7FAD,7FD2,8026,8012,800E,801C,801E,803A,8013,7FFD,7FF7,800B,8019,803C,8007,8017,801B,8044,804F,804E,804B,803E,807F,8085,8082,8082,809B,807C,8092,80BE,809B,80A6,80A6,8087,8077,808B,806B,8097,8077,809F,803E,804A,8050,806E,8067,8045,8052,804B,8032,8031,8048,800F,8044,8050,8048,8054,8057,805F,8060,8017,8067,8050,8056,801D,8060,8056,805E,8058,8045,8052,804A,804C,805D,8071,807E,806A,803F,804E,8050,8076,803D,8045,8042,8051,8024,8029,805C,803A,8054,803A,8042,805A,8045,8051,807D,8016,8032,804F,801F,800E,801F,803F,804C,8067,8045,8066,803E,8063,802D,806C,8025,8010,804B,803C,8043,8018,8050,804E,8058,8055,8091,804D,807A,8086,808D,80B4,8077,8086,8097,80CB,80A1,80B3,80B1,80BA,80B5,8073,806B,8080,8096,80A7,8077,8081,8089,8067,8097,8092,807A,8082,8061,8089,8094,8069,8069,8070,807D,8078,8085,807A,804C,8093,806A,806B,8097,8022,8076,806C,8072,8086,8072,80A2,806B,8066,807E,8066,8079,805B,809C,80B1,8077,8092,807C,80A5,8037,804E,804F,8042,8039,8051,8069,8059,8043,8064,805C,8040,8058,8019,8068,806F,805D,8032,8027,8067,8035,8026,8012,7FDD,8004,803B,801D,7FF5,800C,7FC8,8025,800B,7FF1,8033,8042,802A,8035,8051,8033,8049,803D,8043,805E,8031,80A4,808B,807E,808D,8079,80AA,80AE,80E2,80D6,80D1,80D8,80CB,80F5,8110,80E6,80FB,80D5,80E8,80C1,80E6,80EA,80EA,80EA,80EA,80E8,80DB,80D6,80DD,80AF,80CF,80B5,8091,80A3,80A3,80BF,8090,8084,8054,80AD,804E,806E,80AD,807A,805E,8075,8061,805D,804A,8073,80A9,8088,80B7,80CA,80DB,80A9,80DA,80C9,80CD,8105,80CE,80E1,80BE,80F3,80EA,80F4,8118,80BF,812A,8109,80FA,812D,8112,8118,8119,80CE,80C9,80BD,80EE,80C2,808A,80A9,80BD,8066,80B0,8079,8086,80A3,8047,80B3,8045,8096,8083,8082,80A8,8078,8092,806A,80A7,809D,807F,80A9,808C,80BD,8093,80AF,808C,8073,80E7,80AA,80F1,80FA,80F5,80FF,8111,811E,810B,8121,811F,80E1,8119,80FE,8102,80F0,80CF,80D0,80A0,80C2,8090,80E7,809F,80BB,8077,8085,80B1,809F,80A5,80B9,80B2,80A4,80A4,80A3,80AF,8095,80E0,80EE,80A6,8095,80B0,80A7,8094,8093,8072,8089,808F,809B,8082,808A,8095,8075,8081,808E,8098,808E,8074,8086,809A,805F,808F,8096,8099,808D,807B,8073,8074,805E,8090,8084,804D,8072,803D,801B,8005,801D,801B,803F,8026,8012,801D,8059,803B,8011,8003,8038,8031,8022,8006,802C,803D,8041,803E,8007,8055,8063,808F,8085,8086,807D,804D,809A,8042,8057,8096,8060,8065,8072,80A4,8069,8072,8059,806D,80A1,8067,8086,8088,80A3,80C5,8092,808C,80A0,80C3,808B,8096,8094,80C8,80AC,808D,809B,80A1,80C5,80A8,80D3,80B8,80BE,80C7,80E1,80CB,80C8,80BD,80BF,80C8,80E7,80BB,809B,80E1,80CF,80D0,80C5,80CA,80AC,80AF,80E4,809E,80A6,80BA,8086,80A7,80CF,80A5,80A1,80C4,807B,80CA,80A7,8089,80D8,80EC,80AE,80D6,80E3,80BE,80BE,808B,80AB,8096,80B6,80DE,8096,80A2,808E,8071,802C,805B,8093,806F,8055,8054,8059,8048,804A,802D,8077,8060,8066,8073,8060,807F,805A,8093,8080,808F,8086,8094,8095,8089,8090,809F,80B3,80C7,80DB,80AA,80B5,80CB,8099,808F,8090,809A,8090,805D,8086,8095,8088,80A9,8099,8050,80A4,808D,80B3,80A1,806A,80AA,80B3,8097,8081,8086,8077,80BA,8053,8050,8065,8077,8071,805E,8067,806F,8068,8056,8070,8071,8097,80A4,80BE,80D8,8078,80A9,80A8,80A8,80B6,8081,8065,809D,8086,806D,809A,80B7,80B2,8095,80B4,809F,80A1,80D6,80F2,80B6,809F,80AE,80A8,8094,8056,8048,8072,8059,805E,8069,808A,8066,8064,80A6,8098,8069,8093,8057,8070,8047,8052,800F,8021,8035,8036,8051,8025,802D,802E,8002,8044,8076,8019,805C,8048,8049,807F,8054,8044,805A,8047,8035,801C,8035,8023,802B,801E,7FF1,8029,8036,8055,8040,8054,803A,8024,8048,8033,801D,801A,8026,7FDF,7FEB,800F,800B,8017,7FEE,800C,801B,7FD7,8046,801B,7FFD,8054,801D,804C,7FEC,801A,7FF6,7FCB,7FF2,7FD6,801D,7FD5,7FE0,7FFD,7FEF,7FD3,8018,7FF4,8015,7FF2,8012,8018,8036,8022,7FBF,803F,7FE0,7FE8,7FC5,7FE3,7FE1,7FD6,7FA4,7FA2,7FC1,7FA8,7FAA,7FB7,7FB3,7FB0,7FF0,7FDC,7FB2,7FC7,7FC7,7FE3,7FB3,7FAD,7FB8,7FC4,7FD7,7FA4,7F9F,7FDC,7FF1,7FCC,7FEB,8021,8022,8014,7FC1,7FD8,7FF0,7F9D,7FA9,7FA0,7F6F,7F9A,7F71,7F69,7F75,7F61,7F6E,7F5F,7F4B,7F29,7F2E,7F4C,7F09,7F57,7F56,7F24,7F2E,7F29,7F29,7F42,7F2D,7EFA,7F21,7EED,7F0B,7F1A,7EED,7F03,7ED8,7ED3,7F1A,7F09,7EC8,7EC2,7EF6,7EE6,7EB8,7EE3,7EB2,7EEC,7ED7,7EA8,7EC9,7EC9,7ED5,7F00,7EFA,7F12,7F06,7F06,7F37,7EFE,7F1A,7EF9,7EF8,7F2A,7F0B,7EE4,7ED4,7EF4,7EE1,7EF5,7F06,7EE7,7F09,7EF6,7EF9,7F4B,7ED4,7EE0,7F1C,7EF2,7EC4,7EF1,7EF8,7ED1,7EE7,7EA7,7ED3,7EDF,7EC2,7EB1,7EDE,7ED8,7ED5,7EEA,7EA9,7EC9,7EE8,7EEF,7EEA,7EE6,7F1A,7EF8,7ED4,7F02,7F02,7EDF,7EF8,7F09,7EEC,7EF9,7EEA,7EE6,7EE9,7F0B,7F2F,7F11,7F27,7F30,7F38,7F2D,7F14,7F20,7F28,7F1E,7F15,7F41,7EF6,7F1F,7F10,7F11,7F6A,7F12,7F38,7F30,7F3B,7F2C,7F35,7F0D,7F1E,7F11,7F13,7F17,7EDD,7EC8,7F10,7F07,7F00,7F01,7EFF,7F34,7F0C,7F22,7F14,7EFC,7F22,7F2F,7F03,7F3D,7F36,7F26,7F3A,7EE6,7F45,7EE4,7EE0,7EDF,7ECA,7EF8,7EF6,7EBA,7EDC,7EDB,7EA9,7EC5,7ECC,7EC5,7E92,7EB1,7ECD,7EB9,7ECC,7EC3,7EA5,7EDA,7EB4,7ED0,7EB2,7E8D,7E96,7EE5,7ECC,7E97,7EB8,7ECA,7EB2,7E9A,7EBA,7E9E,7EB4,7EA9,7E97,7EA5,7EB0,7E9C,7EA7,7EC2,7EB4,7EDB,7E71,7EB3,7EB7,7E72,7E62,7E7E,7E92,7E8E,7E7F,7E69,7ECC,7EAB,7E9C,7E90,7E77,7E9A,7E94,7E96,7EBD,7ED2,7EC6,7E97,7E96,7ED4,7EE8,7EDB,7EE0,7EE2,7EEF,7EDE,7F19,7ED9,7F13,7F01,7F3F,7F6E,7F29,7F64,7F41,7F3A,7F35,7F2B,7F1B,7F44,7F5C,7F59,7F37,7F67,7FA4,7FAD,7FC8,7FDE,7FBF,7FAC,7FC7,7FF9,7FEA,7FEC,7FD6,7FF6,801B,7FEC,8002,7FFC,8007,7FE4,7FD3,8015,802B,8004,7FE2,802A,801C,8003,8032,8028,804A,8050,8038,8033,8029,809A,806F,805E,8065,8080,8066,8041,8036,8053,801F,800F,8002,801D,8046,8043,801A,7FFB,802D,7FF4,804B,8016,8044,802C,7FFB,8009,800F,8018,7FFC,801C,7FE3,7FF1,7FB0,801C,804D,7FF1,8007,7FE7,7FFF,8016,7FFD,803A,8018,804D,8067,8032,802B,8034,803B,803C,8036,804D,7FE5,8028,7FFD,8022,8079,8002,8014,800B,8014,8036,8053,8032,8035,8027,802F,801C,800B,7FF2,7FCE,7FEF,7FEF,7FF6,7F9F,7FF6,7FCA,7FF5,7FFF,7FC9,8032,7FD6,7FD4,7FF5,7FFB,7FCA,7FD9,7FCC,7FDF,7FC5,7F83,7FAD,7FBD,7FAE,7FCF,7FC7,7FD9,7FBA,7FB8,803E,7FF8,7FCE,7FE7,7FE7,7FE4,8000,7FDB,8004,8025,7FB8,8002,7FFE,800C,7FFC,8016,802B,7FFC,8047,8025,803C,8009,8011,8037,802B,8001,8029,8035,7FFB,7FF7,7FE4,7FFB,7FDC,800B,8007,7FC0,7FDF,7FB9,7FAF,7FA7,7FC5,7F7F,7FD5,7F9F,7FA8,7FA5,7FA2,7FD2,7FC5,7FAE,7F4F,7FA9,7F90,7FD2,7FA8,7F95,7F83,7F66,7FA2,7FC9,7FBF,7FC2,7FB0,7FAD,7F92,7FD5,7FB5,7FDE,7FD2,7FA6,7FE8,7FC1,7FE4,7F8C,7F6C,7F93,7F82,7F90,7F5D,7FAB,7F9B,7F84,7F58,7F74,7F8B,7F3F,7F58,7F44,7F98,7F4D,7F57,7F70,7F42,7F46,7F6A,7F76,7F81,7FA6,7F53,7F59,7F80,7F80,7F86,7FF2,7FA1,7FA7,7F8D,7FB6,7FD2,7FB4,7FCF,7FB7,7FFF,7FD9,7FE5,8009,803C,8018,7FEF,802F,7FF3,7FF4,7FDD,7FCD,8017,800B,800C,8000,8008,7FEE,7FD1,7FF7,7FC6,7FDD,7FF5,7FCE,7FE9,7FB6,7F87,7FCD,8000,7FDE,7FC6,7FBB,7FBA,7F88,7F82,7F8E,7F9A,7F75,7F73,7F96,7F94,7FC2,7FC3,7FCC,7FD4,7FCB,7FBC,7FCB,7FC7,7FA7,7FC2,7FA4,7FE9,7FA5,7F94,7FD3,7FA3,7F8F,7F96,7FB5,7FA4,7F9A,7F99,7F8A,7F58,7F5A,7F51,7F67,7F50,7F19,7F58,7F3D,7F45,7F23,7EEA,7F09,7F04,7EE9,7F16,7F1D,7F05,7EE8,7F0E,7F0B,7F22,7F4C,7F2B,7F26,7F16,7F2D,7F18,7F37,7F64,7F29,7F16,7F13,7F13,7F3F,7F4D,7F43,7F7D,7F65,7F66,7F4D,7F25,7F20,7F5C,7F2B,7F1B,7F2C,7F2A,7F24,7F15,7F1D,7F12,7F06,7ED8,7F0A,7EF4,7EE8,7EF2,7F08,7EF1,7EF9,7EAB,7EE1,7EF7,7EA3,7EA5,7EAB,7EF3,7E7E,7ED2,7EC9,7EC7,7EFB,7F0D,7F0C,7EFF,7EF7,7F10,7F0D,7F43,7F25,7F17,7F0F,7F23,7F32,7F2A,7F2A,7F61,7F51,7F31,7F75,7F3C,7F94,7F5A,7F4F,7F71,7F94,7F8B,7F78,7F9A,7F78,7F52,7F89,7F85,7F87,7F73,7F49,7FBA,7F85,7F9B,7FB6,7FB0,7F9C,7FB1,7F88,7FA3,8000,7FAA,7F8C,7F9E,7FB2,7F62,7F7F,7F8D,7FB1,7FC4,7F8C,7F84,7F8B,7FAF,7F9D,7FBC,7FA2,7FAD,7F9E,7FA6,7FD8,7FB7,7FC0,7FCB,7FD3,7FD3,7FB4,7FF9,7FF2,7FBA,7FF5,8024,8032,8032,8028,7FFC,8024,8016,804C,805D,802E,8021,8036,8014,8026,7FE5,7FE0,8001,800B,8004,7FF7,8001,8008,8008,8011,802D,8007,803C,803D,803F,7FF6,8025,800C,7FF3,8005,8012,8022,804C,805A,8035,8043,8056,806B,8011,803B,804F,8004,8015,802C,803C,802E,8055,807D,8085,8052,803C,804C,8044,8055,8085,8090,8085,8077,8038,8037,8021,8044,803B,8067,8065,8051,805B,803D,8071,8006,8028,803B,805E,803D,7FFC,8068,8007,8005,801C,7FFA,7FFF,800C,801F,7FF0,801C,8069,802C,8018,8004,801F,7FE0,8012,801B,800C,806A,805E,8036,8013,8016,7FE2,7FD8,802E,802B,7FFD,8022,802C,8014,7FC9,7FE7,7FEE,7F97,7FE9,7FA3,7FED,7FD8,7FA8,7FB7,7FA0,7FB8,7FCB,7FAB,7F9B,7FA0,7F8F,7F54,7F83,7F80,7F51,7F73,7F5D,7FA5,7F4D,7F43,7F4C,7F58,7F37,7F3E,7F38,7F48,7F4A,7F2F,7F81,7F52,7F56,7F54,7F1B,7F46,7F3A,7F10,7F26,7F1A,7F24,7F1A,7F1B,7F2B,7F0B,7F60,7F5C,7F57,7F19,7F52,7F38,7F26,7F70,7F44,7F56,7F41,7F4D,7F2F,7F2E,7F33,7F2F,7F66,7F17,7F48,7F26,7F16,7EEE,7F0B,7F55,7F32,7F21,7F2D,7F28,7F23,7EF6,7EEA,7F23,7EEB,7F0F,7F10,7F38,7F2D,7F16,7F83,7F54,7F47,7F22,7F78,7F62,7F24,7F41,7F45,7F90,7F44,7F70,7F6D,7F60,7F5B,7F6F,7F5A,7F74,7F7C,7F49,7F42,7F64,7F56,7F85,7F46,7F55,7F49,7F67,7F59,7FA3,7F84,7F52,7F63,7F66,7F93,7F48,7F59,7F20,7F53,7F2D,7F17,7F27,7F17,7F28,7F09,7F1B,7F3C,7F0F,7F25,7F16,7F2C,7F82,7F7C,7F5F,7F5D,7F69,7F57,7F6F,7F92,7FC0,7F86,7FAB,7FC0,7FC2,7FB8,7FDC,7F9F,7FC7,7FE2,7FB5,7FC5,7F8C,7FA6,7FAE,7FBE,7FC5,7FC2,7FF0,7FB9,7FD6,7FA4,7FAE,7F8E,7F94,7FD3,7FAA,7FC9,7F68,7F83,7FBA,7F98,7F94,7FC2,7FBB,7F8B,7FAF,7FEE,7FB1,7FA7,7FF3,7FF3,8006,7FDC,8026,7FF7,801B,7FE8,7FE8,7FFB,8009,7FE3,7FDF,8034,7FD2,7FF1,7FD6,8014,8001,7FDA,8019,8027,7FF7,7FEB,7FCE,7FE0,7FEA,801E,8001,7FF1,7FE1,7FEA,800A,8028,7FFD,7FEF,7FE2,7FD5,801D,7FC1,7FDD,800B,7FAC,7FC8,7FD7,7F95,7FCF,7FB3,7FCC,7FD3,7FD3,7FE2,7FDC,7FC1,7FC6,7FDD,7FBA,7FF0,7FEA,8010,7FEF,8018,803D,8005,802C,8033,7FF2,7FD4,800C,7FE7,7FBF,7FBA,7FC4,7FC4,7F8E,7FAD,7FBC,7F80,7F8C,7F9F,7F80,7F83,7F6D,7F56,7F47,7F5A,7F37,7F4D,7F3C,7F27,7F3F,7F6C,7F39,7F4C,7F36,7F10,7F26,7F23,7F25,7F1E,7F26,7EE4,7F02,7EE5,7EAC,7EE7,7EDD,7F01,7EEE,7EBA,7EF5,7F2C,7EF6,7EFA,7F32,7F1F,7F1B,7F32,7F22,7F53,7F44,7F42,7F55,7F4F,7F26,7F21,7F28,7F07,7F3B,7F34,7F1E,7F24,7F06,7F3B,7F29,7F32,7F22,7F0D,7F15,7F0B,7F27,7EF8,7EE2,7F1E,7F2E,7EF4,7F1B,7EE5,7EFA,7EDA,7EF8,7F41,7F20,7F30,7F30,7F40,7F2F,7F46,7F40,7F61,7F4A,7F3B,7F40,7F6B,7F13,7F64,7F4C,7F58,7F7F,7F60,7F6E,7F94,7FB1,7F92,7F96,7F77,7FA9,7F83,7F9E,7FAD,7FC3,7FAF,7FB4,7FA4,7F92,7FD3,7F85,7FB4,7FA9,7FDB,7FB7,7FA6,7FDA,7FC2,8004,7FC0,7FCB,7FFF,7FC4,7FD6,7FE1,7FE7,7FF7,7FE3,7FE1,7FDF,8003,7FA2,7FBB,8001,7FE5,7FB2,7FD5,7FBC,7FB2,7FA6,7FB3,7FD2,7F7A,7FAA,7FC4,7F9B,7FDF,7FE0,7FBA,7F95,7FB3,7F8B,7F90,7F78,7F85,7F9D,7F66,7FB0,7FA8,7FEE,7FAD,7F8D,7FDB,7FC9,7F96,7FBB,7FEF,7FBE,7FE6,7FBD,7FBB,7FE4,7FB7,7FEB,7FBA,7FBF,7FBF,7FC5,7FB6,7FC0,7FB8,7F82,7F87,7F99,7F7F,7FA1,7FA3,7F92,7F8F,7F95,7FA7,7F71,7F4F,7F7B,7F7D,7F3B,7F60,7FB1,7F6B,7F99,7F7F,7F97,7F65,7F38,7F4F,7F43,7F6E,7F4A,7F82,7F76,7F73,7F78,7F83,7F62,7F76,7F84,7F93,7FC1,7FB3,7F92,7F9E,7FC4,7F9C,7FC9,7F91,7F81,7FBF,7FAF,7F95,7F8D,7FBD,7F7B,7FDA,7FED,7FCB,7FC7,7FC7,7FF8,7FC3,7FB6,7FBA,7FC4,7FD5,7FD4,7FCB,7FE5,803F,7FE1,7FD2,7FF0,7FFE,7FFF,8005,8004,8004,7FE6,7FDD,8010,7FCC,7FCF,7FD8,800E,7FC7,8000,7FDA,7FB1,7FD0,7FB6,7FB2,7F9F,7FAB,7F98,7FC9,7FC6,7FBB,7FBA,7F99,7F91,7F94,7FC7,7F9D,7F8C,7FC0,7FBA,7FAD,7F83,7FA5,7FBC,7F81,7FBC,7FA2,7FDF,7F9D,7F7C,7FCC,7F8C,7FAC,7FC1,7FD5,7FCE,7FAF,7FEB,7FE7,7FD1,8009,7FCE,8017,7FB7,7FD7,7FF8,7FCA,7FD4,7FC4,7FDD,7FC1,7FD9,7FA5,7FC0,7FB1,7F99,7FC4,7F92,7FEC,7FE4,7FEC,7FED,7FF2,7FBC,7FAD,7FD4,7FC8,7FCF,7FD0,7FF1,8015,7FDD,7FE6,7FE2,7FC8,7FE6,7FBF,7FF0,7FDB,7F9A,7FCD,7FC5,7FCD,7FCF,7FC4,7FA8,7FE8,7FBC,7FA7,7FB9,7F74,7F71,7F69,7F78,7F9E,7F87,7F9F,7F5D,7FBE,7F9E,7F9F,7FBB,7F93,7FBA,7FAC,7F8C,7FAF,7FB2,7F96,7FAB,7FC1,7FA9,7FCE,7FE3,7FE9,7FC8,7F8B,7FB0,7F71,7FB6,7FB1,7FCB,7FBF,7FC2,7FE2,7F5B,7FB7,7F67,7F6A,7FC2,7F62,7F72,7F7D,7F73,7F82,7F71,7F2C,7F53,7F46,7F3E,7F78,7F37,7F72,7F80,7F78,7F81,7F86,7FAA,7F7E,7F6C,7F30,7F4A,7F44,7F24,7F30,7F17,7F38,7F1F,7F3D,7EFD,7F6A,7F25,7F0C,7EFD,7F1A,7F3A,7F4C,7F2B,7F41,7F0E,7EF2,7F09,7F0E,7F37,7F80,7F37,7F08,7F16,7F6D,7F47,7F4D,7F1F,7F79,7F46,7F0B,7F14,7F14,7F11,7F55,7F6E,7F1E,7F44,7F20,7F5A,7F55,7F18,7F41,7F26,7F40,7F46,7EF7,7F66,7F47,7F63,7F51,7F78,7FAB,7F7F,7F56,7F79,7F93,7F7F,7F54,7F8F,7F81,7F65,7FA1,7F9F,7F9F,7F66,7F77,7FA8,7FB4,7F90,7FDB,7FB4,7F97,7FC5,7FBE,7FE9,7FCB,7F7D,7FAF,7FB8,7FC1,7F76,7F91,7FBC,7FBD,7FFE,7FDB,7FE0,7FF1,7FFF,7FF3,8034,8005,800A,8020,7FDD,7FF9,800C,7FF6,803B,7FF8,8044,803D,8045,8025,8018,8040,7FF7,8034,7FE9,8036,8005,802E,8006,8034,801A,8010,7FE9,8028,8027,7FEC,8052,7FF5,8031,804B,800D,802F,801F,801A,804D,801C,8053,805F,8003,803F,8057,8055,8025,7FE3,8035,8014,801F,8006,7FEA,8004,7FF7,7FF9,7FC3,7FD6,801B,7FCB,7FE5,7FD9,7FE1,7FC0,7FF7,7FFE,800A,8009,7FEF,7FFA,7FEB,7FE7,8017,801B,7FFA,8025,8026,805A,8012,8026,803A,805D,807A,8049,8042,8032,8062,8070,806F,806E,803F,80AB,80C7,80C9,809D,8071,80D8,8096,80A0,8066,8077,80B1,80D6,80CC,80C8,80B1,80A7,80B8,80CB,80C1,80CC,8105,80AF,80ED,80E2,80DF,80EB,80DC,80F8,80DA,80D8,80E7,80F3,80E5,810D,811F,80FF,80F7,80F7,80A4,810F,80F7,80D1,80EC,80EA,80DE,80D8,80D1,8135,813E,8121,8157,811A,8149,8123,8151,812E,8146,8156,817E,8187,816E,8129,813A,8153,814F,8155,8146,813E,8118,8138,8134,8161,8157,8163,8154,811B,8159,8160,810B,8121,80F6,810C,80DD,80F0,80ED,80A7,8113,80BE,80F8,80FE,80FE,80E2,80B4,8133,80D6,80D9,8105,80C6,80F4,80DB,80BD,810F,80F0,8109,80E1,80D9,8108,8120,8138,810D,814F,815D,813C,811F,811A,811D,8190,811F,812D,8147,811D,8136,811E,815B,813A,811C,8120,8115,811F,8117,8130,8135,80E3,8108,8116,810B,810F,811A,80EA,8114,80DF,810A,80D6,80C1,80EA,809D,8122,80CD,80FC,8108,8114,80CB,80DC,80FD,80B4,80DB,80D8,811C,80E0,8118,80EF,8110,811B,810E,810E,80E2,8107,8113,8113,8119,8101,811B,80FD,80D3,8127,8126,80FD,80DA,80F3,80FE,80D3,80DF,80BA,80E2,80FC,80C0,80E7,80D8,80C1,80ED,80E8,80D9,80F1,80B9,80B9,80C0,80BD,80D0,80DD,80E3,8088,807F,80C0,80A2,807D,808C,807B,807E,804A,8092,809B,8099,80C7,8080,8094,80B0,80BA,807E,80D8,80DC,808E,807B,8095,80B0,8088,807B,80B1,80B1,80B7,80B6,80C4,80D8,80B4,80BD,80B0,80CF,80B8,8090,80AA,80BD,808E,8094,80B8,80A7,8091,809A,8096,8068,80B3,80AD,809F,80A7,80B9,808A,8092,80C4,8109,80E8,80E0,80B2,80D1,80F4,80DC,812C,80C5,80B8,80E4,80ED,80E5,8110,8118,80ED,80F5,811A,80C4,8112,80FF,813A,8176,813C,815E,810D,8155,813B,8152,8157,812E,8163,8152,814F,814A,813C,8180,8188,8150,8152,8194,8188,8190,816A,816C,819F,817A,8191,814E,81A9,81B1,81AC,81B2,81B7,817D,81CC,81CB,81AE,81F3,81C9,81CD,81BA,81A8,819C,81CA,81D0,819D,81DB,81BA,8175,81DF,81B3,81FD,81A9,81CF,81D8,819E,81DB,819C,81C6,8207,81C9,81D3,81A5,816F,819F,8143,8164,8139,8150,8174,815D,8185,8175,8183,818D,8199,818B,819E,8175,816B,8199,8179,817D,8196,818D,819A,81AB,8196,818D,81B3,8198,81C4,81E9,8185,818B,818E,8189,817A,818B,8195,8188,816E,818A,8174,814A,815D,8146,8163,8172,8154,8165,816A,8158,8158,8145,814D,8147,8156,8140,8185,816C,813E,8160,816A,8152,8132,8174,8144,814E,816D,815B,8140,815D,8177,8158,8181,816E,814E,8165,8158,8150,8148,8161,8160,814C,8156,8156,815B,81B0,815B,8140,8193,8182,819D,819B,8195,8176,8193,81AA,8127,8194,8171,8180,817D,818A,818A,8187,817A,8135,817B,81A1,8173,8150,8182,8163,8153,8187,816C,819C,8194,818B,81B3,81B8,81B5,81CB,81A7,81B6,81D4,81A2,81FA,81EE,81D7,81E5,81D9,81CE,81D7,81DF,81F2,81F6,820D,81DC,8216,81EC,81C0,8204,81DF,8205,81F9,81B3,81B8,81E0,81D0,81A7,8207,81CF,81C0,81BD,81C7,81EC,81C8,81CB,81CF,81DA,81C5,81C9,818D,8185,81BF,81C9,81E5,81D1,81D3,81E2,81F1,8214,8241,8243,820E,81D4,81F9,822C,8230,8238,8236,8256,8231,8245,8216,8242,8258,8204,8221,8240,8221,820B,823F,8229,822C,8222,821B,8238,81FD,820F,822C,81F4,8205,821B,823B,8216,8248,81F2,81FF,822E,821E,8221,821C,8220,820A,824E,81FD,81F8,8221,8225,821A,8201,8216,81F7,8216,81B9,818E,81C1,81A2,81B5,81B3,8189,817D,8190,8174,8190,8179,8184,816C,8191,818F,8159,8182,81A1,8150,812D,8139,8171,819B,8139,816C,80F4,816B,813C,811B,8155,80F7,811D,810D,80F8,812D,812E,812A,8123,812F,810E,80F6,810B,8107,80D5,80CE,80E2,80B3,80AC,80C7,8106,80EB,80E8,80F3,80EC,80E1,80E6,80B9,80EA,80DB,80D9,80EA,80BF,80A7,809D,80A9,8085,80D7,809D,807D,808B,8088,80D6,8074,8085,8084,8071,806A,80C8,807A,805F,807A,8029,808E,8059,8048,805D,8021,8027,8064,804D,8051,806A,805F,807B,806E,805E,8057,807C,808F,8070,8080,8069,809E,80CE,807C,8078,80A3,80AE,8091,80A4,809B,8098,807A,8081,808F,8072,80D9,8059,806F,8076,8064,806D,804B,8031,8061,8073,808A,8076,8052,803B,8029,8020,8050,805A,801E,8057,8025,8025,8026,8014,8027,8011,7FFB,7FCE,7FEC,7FCF,801C,7FF8,7FEE,8046,8019,8066,8034,801E,8014,8004,801F,8048,8025,8083,8049,802E,804E,8078,8061,807D,807F,8053,80BD,808F,805B,8065,807F,8057,803B,8091,8065,8077,8088,8060,8078,805F,809C,8074,8079,804F,8042,8062,804F,8073,8030,804C,806A,8043,804A,8056,805B,8055,8060,8062,8065,8050,8060,805B,8062,8056,8053,8086,8037,808F,8087,80A2,8092,809F,80BB,807D,8096,8080,809A,8081,8080,808C,808D,806F,8084,807A,807C,808F,8098,80C7,80C5,80CB,80C1,80BF,80E6,80CF,80CF,80C1,80C6,80B9,80B4,80BC,8090,8092,80C5,80B3,8086,80A3,80BE,80AB,8085,80B7,8096,804C,8043,8064,8079,805D,8008,8047,8042,8057,8042,8023,8065,8035,805B,8065,807A,8062,8025,8044,8054,8056,8032,8032,8080,8030,803F,8065,804E,802A,804B,8047,8026,8017,8036,8045,801C,8025,7FDE,801F,8020,8035,8050,7FF2,800E,8047,8010,8046,801F,802B,7FEC,8001,7FF2,7FD6,8020,801E,7FFA,7FC6,8033,8014,7FF7,8025,7FF8,7FEB,7FCE,7FC1,7FC0,7FCC,7FF1,7FB3,7FEA,7FCD,8013,7FE5,7FA7,7FCC,7FC5,7FB6,7FCA,7FAA,7FA7,7F9F,7F99,7FA1,7FA0,7FD6,7F94,7FAD,7F8F,7F7E,7FA6,7FA6,7F68,7F75,7F50,7F1C,7F06,7F48,7F34,7F06,7EF5,7EE0,7F1B,7F00,7F1E,7F60,7F12,7F0E,7F49,7F39,7F72,7F61,7F24,7F4A,7F5E,7F21,7F37,7F2D,7F0F,7F57,7F4B,7F41,7F3F,7F12,7F11,7F08,7F2B,7F55,7F4E,7F50,7F02,7F07,7F14,7F15,7F1F,7EFA,7EE6,7EE9,7EF9,7EB0,7ED0,7E8F,7E80,7EA8,7E5B,7ECA,7EB3,7E75,7EA1,7EC1,7F0C,7EDB,7EA2,7EC4,7EA5,7E8E,7EB3,7EAB,7EB7,7EAC,7E9D,7E8B,7E7D,7E86,7E6D,7E4F,7E9F,7E80,7E77,7E9F,7ECE,7E98,7E8D,7EBC,7EAB,7EE1,7E9A,7EDE,7EAE,7EA9,7EC0,7E93,7EF1,7EC7,7EB3,7EC2,7EC0,7EBC,7EBB,7E9D,7EAF,7EBD,7EC8,7EA8,7EDB,7EC3,7EA2,7EE9,7E4D,7EA1,7EA0,7EAD,7EB7,7E6D,7E9D,7E3F,7E87,7E62,7E7D,7E68,7E36,7E65,7E1D,7E64,7E35,7DFB,7E59,7E6A,7E2F,7E7F,7E36,7E4D,7E74,7E50,7E52,7E37,7E56,7E20,7E43,7E62,7E47,7E55,7E4A,7E4B,7E77,7E78,7E62,7E5C,7E5F,7E34,7E47,7E44,7E6B,7E6F,7E6E,7E4A,7E21,7E5B,7E58,7E6E,7E59,7E40,7E23,7E4F,7E29,7DFC,7E11,7E1D,7DD7,7DF2,7DC2,7E1E,7DD2,7DC7,7DDF,7DC9,7DC7,7DB0,7DD3,7DBE,7DDE,7DC2,7DD8,7D66,7DBE,7D7C,7DDC,7D88,7E0F,7DF3,7DE7,7DE7,7DCE,7D89,7DE7,7DB8,7E02,7DCC,7DDE,7DFF,7DD2,7E03,7DE4,7DD4,7DE2,7DD0,7DBC,7DEB,7DB8,7DC5,7DAE,7DE1,7DA0,7DDC,7DA6,7E12,7E07,7E16,7E07,7E60,7E04,7E04,7E43,7E0D,7E0B,7E2E,7DE3,7E41,7E33,7E21,7E51,7E38,7E1D,7E18,7E1C,7E40,7E27,7E6C,7E53,7E80,7E4E,7E64,7E4C,7E63,7E94,7E7D,7E7A,7E78,7E91,7E79,7EB1,7EAE,7EAC,7EBD,7EE3,7EBB,7ED7,7E77,7EC0,7EDC,7EAD,7EBA,7ED1,7ED1,7E9E,7EE8,7F10,7EEE,7EE3,7EE0,7F00,7ED8,7F0E,7F1A,7EC0,7F1B,7F22,7F2A,7F01,7F3E,7F56,7F23,7F24,7F43,7F57,7F2B,7F77,7FA4,7FAF,7F83,7F68,7F81,7F94,7F62,7F5F,7F7A,7F5E,7FA0,7FA6,7FD2,7FC5,7F88,7FBF,7F89,7FC0,7FA0,7FD1,7FA8,7FD4,7FAD,7F55,7FD8,7FAB,7FFB,7FF2,7FE2,7FF3,7FEA,7FF3,7FEA,7FF3,7FE5,7FC3,7FD4,7FFB,7FEC,7FFC,7FC7,7FE3,7FD6,7FDE,803E,802F,8001,7FF9,801E,7FF7,7FDD,7FB6,7FE5,7FD4,7FBA,7FC1,7FFE,7FB0,7FDB,7FEC,8000,8028,802E,806F,8007,8015,8005,7FE8,8036,8045,8000,7FE1,7FD0,7FD8,7FEA,7FED,8012,803F,8035,8035,8053,8033,8052,8037,803B,803C,8043,8022,8013,803F,8052,8048,805C,8052,8039,807A,8052,804C,806C,808A,80A7,807E,80A6,8079,8062,8078,805C,8068,804D,8057,8065,8083,8081,8027,804D,8036,8046,8065,8034,806F,8044,8071,8081,8054,8091,807F,8067,8076,80CB,80AB,809D,8063,806C,8047,8053,806A,8056,806C,8053,8091,805F,8076,8053,806A,80B3,8060,8085,8083,8087,8085,807B,8079,807F,80CC,8091,8078,807F,8085,80A0,809F,8070,809D,8083,806E,80BD,8098,8092,809E,80D6,80BA,80BE,80C7,80AA,80DE,80DF,8110,8103,80E1,80AD,808A,80A5,80C1,80A7,8087,8095,8055,8075,8089,8079,805B,803E,8062,805C,8040,805C,8057,804C,8061,8084,808C,806D,8068,806A,806C,8098,8093,80A3,80AC,80D1,80AB,80A0,80DF,80CB,80DC,80C2,80FC,8101,80BF,8106,8111,80E6,80D2,80FA,80F1,80E3,8100,80CE,80A4,80F1,80EA,80A7,80C2,80C3,80B2,80CE,810D,80D4,80B5,80A4,80C0,80BD,80CF,80D0,80A9,80CC,80B3,80A7,80D7,80BA,80DE,80C8,80A2,80DA,80CB,811C,80ED,811B,80DA,8103,810E,80FE,80F1,80F0,8101,8105,8139,810A,80E4,810B,80F1,8112,80F2,80DD,80B1,80A6,80F1,80E4,80D4,80E9,80F0,80ED,80B0,80BD,80BB,80C0,80DF,80AD,80D8,80A5,80B7,80D4,80C5,80C4,8064,807A,80B3,80B8,80D5,807C,8076,807D,8060,8048,801C,802E,8008,8027,8018,805C,804D,801C,801F,7FFF,7FFA,8046,802D,803F,8021,801A,805B,802A,801B,7FF5,800F,8016,7FFD,8038,805D,805A,8033,8021,801B,801C,7FFC,8038,8036,8026,8034,8010,8030,8011,7FFC,800E,800B,7FF4,8009,7FE0,7FEF,7FC2,7FBD,7FEB,7FC3,7F7D,7F9F,7FB5,7FA2,7FA5,7F67,7F97,7F7B,7FB3,7FAD,7F9E,7FAD,7FDF,7FB4,7FAD,7FC8,7FA6,7FD0,7FAA,7FB2,7FC3,7FE0,7FD4,7FED,7FB2,7FC7,7FA0,7F97,7F60,7FC8,7FAF,7FBD,7FAD,7F99,7FDA,7F92,7FDB,7FD4,7FCB,7F98,7F68,7F79,7FA9,7F7D,7F93,7F83,7F6B,7F6F,7F6F,7F78,7F83,7F98,7F7F,7F7E,7F62,7F69,7F83,7F4C,7F3C,7F2D,7F35,7F2A,7F4B,7F14,7F3B,7F8C,7F2D,7F2D,7F31,7F23,7F4A,7F55,7F25,7F4F,7F47,7F84,7F3A,7F53,7F76,7F73,7F85,7F50,7F84,7F67,7F46,7F41,7F44,7F5B,7F7F,7F14,7F4D,7F46,7F55,7F3D,7F23,7F22,7F1F,7F12,7F0C,7F4B,7F13,7F65,7F62,7F36,7F48,7F39,7F2E,7F44,7F28,7F3F,7F4A,7F80,7F58,7F6E,7F8B,7F58,7F98,7F54,7F7F,7F3F,7F72,7F65,7F69,7FA9,7F8E,7FCB,7FC0,7FC6,7FC5,7F8C,7FA4,7FB6,7FC8,7FD0,7FC9,7FCA,7FBA,7FD4,7FA1,7FCB,7FED,7FEB,7FF3,7FCE,800F,7FF3,8009,7FD3,8019,8022,7FFC,8019,7FF5,8009,7FD9,8009,8016,8008,8008,8006,8036,8046,801D,802B,8026,801F,8092,8075,8078,8070,808B,80A6,807A,806D,8050,8033,8038,8040,806D,8035,8017,806C,803D,8032,8049,8045,804A,8028,8012,8034,8024,803F,8038,804A,804E,8029,8054,8049,808E,8066,805B,8098,808C,808A,807A,8079,804D,8024,804D,8066,804D,803C,8032,8045,8014,8045,8045,804B,8028,8040,802E,8013,803C,7FFE,7FFC,803A,800E,8015,8026,8006,802A,801C,8008,806E,803E,802D,800B,800C,8019,7FE3,8002,7FBE,8012,8018,7FF3,8003,7FFB,8007,7FC7,7FF8,7FD9,7FB9,7FD9,7FE9,7FF9,7FD6,7FE8,7FDB,7FAA,7FC3,7FDB,7FC1,7FF0,7FCC,7FB7,7FDE,7FBF,7FB6,7FB7,7FAF,7FA9,7F5F,7F73,7F7A,7F84,7F71,7F5C,7F98,7FCB,7FA8,7F8E,7F9E,7F53,7F8C,7F8F,7F85,7F9D,7FA8,7FA2,7FB3,7FC4,7FA2,7FB1,7FA8,7FAD,7FCF,7FB3,7FBC,7FA3,7FC8,7FA3,7FA5,7FCF,7FA4,7FAE,7F5C,7F7F,7F7A,7F55,7F57,7F2C,7F49,7F4D,7F49,7F89,7FA1,7F91,7F6A,7F7A,7F5F,7F5B,7F6A,7F3F,7F3A,7F3A,7F11,7EE7,7F10,7F2D,7F3B,7F23,7F05,7F2E,7F3B,7F3B,7F34,7F17,7F25,7F0D,7F19,7F37,7EF1,7EE1,7F27,7F11,7EE3,7F2A,7EE1,7F08,7F45,7F2D,7F29,7F40,7F31,7F16,7F1D,7F2B,7F24,7F11,7F26,7EE0,7ECD,7EED,7EF6,7ED9,7EFD,7F16,7EDF,7F01,7EEB,7EF8,7EB9,7ED6,7ED3,7ED1,7EEC,7E91,7EE6,7EBC,7E97,7EB2,7ED5,7ED4,7EA5,7ED8,7EBF,7EF6,7EE2,7EFD,7EEC,7ECC,7F12,7ED2,7EE9,7ED6,7EB9,7E96,7EBC,7EE3,7EEF,7EE5,7EEA,7EDA,7EE5,7EF8,7EEA,7F25,7F26,7ECC,7EDC,7F0B,7F26,7F36,7F4B,7F24,7F29,7F18,7EF2,7F1E,7F04,7F21,7F15,7F54,7F42,7F4C,7F33,7F22,7F69,7F23,7F4D,7F4E,7F4E,7F5A,7F27,7F87,7F7D,7FA9,7FA4,7F66,7F93,7F45,7F73,7F59,7F5C,7F70,7F62,7F7A,7F5D,7F72,7F12,7F4F,7F70,7F5A,7F68,7F51,7F77,7F7D,7F93,7F97,7F63,7F82,7F73,7F88,7F5E,7F83,7F94,7F53,7F7E,7F56,7F67,7F6E,7F59,7F9B,7F4F,7F6E,7F27,7F67,7F47,7F14,7F4F,7F25,7F4B,7F1E,7F30,7F2B,7F4E,7F78,7F0D,7F0B,7F1C,7F36,7F1E,7EFF,7F31,7F18,7F0D,7EE7,7F30,7F16,7F2F,7F1D,7F02,7F17,7EF4,7F09,7EE2,7EDD,7F00,7ECF,7EE1,7ED2,7EA9,7ECC,7EAE,7EB8,7F0D,7EBC,7EE3,7ECD,7E82,7ED8,7EA5,7EC1,7EAC,7EE2,7E95,7EA2,7EA0,7EAE,7E8D,7E7F,7ED1,7ED2,7EE7,7E9A,7EAE,7EC8,7E9E,7E64,7EAD,7E6D,7E6C,7E5A,7EAC,7E68,7E7E,7E90,7E87,7E67,7E79,7E4F,7E51,7E63,7E8D,7E83,7E67,7EA5,7EAF,7EA0,7E99,7EB1,7E8E,7EA7,7E54,7EB1,7EB7,7EAE,7E8D,7EAC,7E7C,7E4F,7E9A,7EAC,7E69,7EDB,7E81,7EBA,7E9A,7EBA,7E96,7ED3,7E6B,7E97,7E9C,7E9D,7E91,7E94,7E95,7EB4,7E97,7F15,7EB1,7E99,7EC7,7EE6,7ED6,7EB5,7EAB,7EB6,7EAB,7E99,7E93,7E8D,7EA7,7EE1,7EC8,7F0B,7EDA,7EB0,7ED7,7EAD,7F07,7ED2,7ED0,7ED2,7ED2,7EF3,7EDF,7EC4,7F07,7EE5,7EEE,7EDF,7EF9,7EFD,7ECC,7EE9,7F18,7F13,7EEE,7EF8,7EEA,7ED4,7F0D,7EDD,7EDE,7ECC,7EC6,7EB9,7EC6,7EC9,7EEF,7ECD,7ED7,7EB8,7ED5,7EDB,7EE5,7EF4,7EFF,7EC0,7E9B,7EFE,7EA7,7EE4,7EAF,7EF3,7EF7,7EEE,7EC2,7EE5,7E6C,7EB8,7EAF,7EB6,7F03,7F09,7F19,7F12,7F1B,7F0E,7F1A,7F4B,7EEE,7F36,7F11,7F17,7F4B,7F1F,7F07,7EF3,7F17,7EFA,7EF6,7EF7,7F39,7F3C,7F41,7F21,7EFD,7EEE,7EE1,7ED8,7F06,7EA3,7EEB,7EE9,7F1A,7EE7,7EF9,7EE4,7EF5,7EE0,7F0D,7F1C,7F15,7F03,7F27,7F11,7F25,7F19,7ED1,7EF2,7F34,7ED3,7F20,7F3A,7F24,7F7E,7F2A,7F53,7F3F,7F8C,7F36,7F1E,7F3F,7F12,7F00,7F01,7EDB,7F0E,7F02,7EFD,7EF2,7F2E,7F7E,7F1D,7F43,7F4D,7F2A,7F43,7F61,7F5C,7F32,7F54,7F42,7F37,7F4A,7F40,7F43,7F20,7F31,7F3C,7F2D,7F4C,7F5B,7F3E,7F16,7F3A,7F6A,7F68,7F48,7EFC,7F49,7F7C,7F50,7F6A,7F6C,7F61,7F67,7F89,7F7B,7F98,7FA0,7F35,7F90,7F5D,7F91,7FB6,7F7F,7F9A,7FA3,7FD9,7F8F,7FA1,7FC0,7F90,7FAC,7F9E,7FC6,7FB9,7FAC,7FC7,7FBA,7FA8,7FBD,7FA6,7F85,7FBF,7FDC,7FD2,7FD3,7FCB,7FCE,7FC4,8000,7FD4,7FD8,802D,802C,805C,806D,8039,809F,8096,8039,8057,8095,8096,8095,808D,80E4,80C3,80A3,809B,80B8,8096,8075,80B2,804B,8069,8085,806E,804A,805B,803C,8065,8094,8083,8051,8087,8048,8076,8059,8016,805A,803B,8047,7FF4,8078,8032,8076,8073,8032,8091,8058,803E,805A,8084,804F,8076,8046,8072,8085,809F,80B0,806B,80A8,80A9,80AA,80A2,80B6,808C,8099,8098,808B,80BC,809B,8075,80C6,80DE,80B1,80A9,80A9,80B9,80EB,80C1,8077,80C0,80A6,80B1,80A3,80AE,80BE,809F,8091,8090,80CB,80D3,80B7,80F6,80C0,80C4,8102,80F9,8124,811B,80E8,80CF,80CF,80F0,80FA,80FC,80D4,80ED,80DF,80E8,80E0,80DD,80E3,80F3,80DD,80F6,80DA,8086,80F2,80C4,809B,80C2,80D9,80B4,80F5,80CF,809F,809A,80C9,80DC,8108,80AE,8099,80CB,80CB,80D7,80E8,80F2,80A5,8109,80D6,80EB,80EF,809D,80DC,80B8,80B1,80BA,8077,80AD,8077,807C,809D,8060,806C,805A,802E,8047,8007,803E,8053,803D,804D,8060,802E,801C,8019,800A,801E,801C,8061,802A,8035,8050,804B,801A,8003,8037,805E,8036,802C,8005,800B,8041,800F,7FFA,7FEC,8022,7FEA,7FE4,8002,8008,8017,7FCE,7FD0,7FFC,8009,7FEC,7FAB,7FBC,7FEB,7FD8,7FB8,7FCC,7FB0,7FC9,7FEB,7FA9,7FD1,7FB5,7FCC,7FEC,7FAF,7FD0,7F8E,7FC4,7F8D,7F71,7F72,7F88,7FA8,7F79,7F91,7F74,7FB1,7FCF,7F92,7F84,7FC9,7FBA,7F7A,7FA1,7F8E,7F8A,7F65,7F6E,7FCD,7F95,7F94,7FA5,7F9D,7FBD,7F90,7FC8,7FB5,7F9F,7F8C,7F95,7FB1,7FC1,7F8A,7F92,7F85,7F78,7F66,7F57,7F72,7F92,7F81,7F9A,7FA5,7F9F,7FB4,7FB1,7F94,7FCA,7F8D,7FCC,7FB1,7FDC,7FDD,7F6B,7F85,7FA8,7FA3,7FBC,7FD8,7FA9,7FB7,7FAD,7FDD,7FEB,7FE5,7FF7,8025,8007,8007,801B,8005,7FED,801B,8040,800D,803C,8047,802F,8065,8016,804B,8035,8023,8025,8028,802A,803F,804F,8040,804A,803A,8088,8034,8018,7FFA,800D,804D,8007,8027,8008,8040,802C,803B,8051,8015,8029,800A,800A,802E,8013,7FF5,8038,805D,8037,8036,8050,8067,8064,8084,806B,809D,8067,8085,80A4,8081,80D1,8088,8097,8095,808E,8060,8066,8073,8097,809B,80A0,80AB,808A,8051,8081,8066,8085,807D,8074,80C1,8058,807A,8078,805A,807B,805A,8091,8059,8055,8095,806E,805C,808A,808D,80BE,809A,8073,80B8,80C8,8091,8095,80B9,80A1,80DF,80A3,8109,8126,80E8,8119,80F7,8148,8146,8148,815E,80DE,812B,811E,811F,8119,80E9,8148,80DA,80F4,8100,80F4,80F5,80F4,80E3,8125,8148,810F,80EF,8107,80F5,810A,8123,80F8,8125,8140,810B,8116,8128,8135,8124,80F5,8120,8136,811A,810D,80FD,80CF,80E8,80CF,8111,80EA,8109,80EE,8132,8126,8142,8156,8115,815A,8136,8183,813D,810F,812E,80E9,8120,811D,8116,80FA,80D4,80FF,8114,8121,8121,80E7,8105,80EF,8110,8101,80ED,8124,8114,8127,80F5,80CC,80CC,80A6,80CE,80BF,80BE,80EF,80A8,80E9,80EB,80C1,8100,80D0,80D6,80EE,810B,80DD,80CA,80F4,80DF,80E4,8116,8134,810A,8100,80FE,80FC,8104,80FD,80F4,8116,8117,8102,80FF,80F1,8100,8106,810C,80CA,8111,80E5,80E7,8104,80EB,810E,80FF,80FB,80F9,810B,80F2,80F3,8097,80C1,8100,80EE,80D5,80F0,8107,80B6,80E5,80CA,80C0,80C7,809D,809C,80A2,8099,80AE,80A2,80BE,80B0,8098,8083,8085,8076,809E,8092,8096,80AC,80AE,8083,80B7,80AF,8085,80BC,809C,80EC,80E1,80A4,80B1,80A2,8084,8073,8080,8072,807A,8079,8049,8014,801C,804F,8022,8066,8038,8013,806C,8033,8059,7FE8,804E,802E,801F,802F,802D,8027,8008,802C,8022,8010,7FFD,7FEE,7FD6,8012,7FF2,8010,8033,8006,8033,7FE6,7FD8,7FC2,7FB4,7FA1,7FDC,7FCE,7FAB,7FEC,7FBB,7F9B,7F91,7F97,7F8A,7FD3,7F72,7FA0,7FA7,7F74,7F8C,7FB9,7FAE,7F93,7F9D,7F80,7FA7,7F54,7F52,7F3A,7F36,7F47,7F3E,7F63,7F2F,7F3A,7F13,7F76,7F59,7F2E,7F35,7F5B,7F56,7F16,7F48,7F44,7F71,7F81,7FA6,7F5A,7F8E,7FA0,7FA4,7F9C,7F7A,7F9C,7F5B,7F9B,7F91,7F95,7F83,7F80,7F9E,7FB4,7FB1,7FAF,7FBE,7F56,7F9F,7FAB,7FA4,7FAF,7F7F,7FC7,7F8E,7F96,7F7E,7F8B,7F71,7F93,7FA1,7F94,7FA3,7F88,7F9F,7F94,7F87,7FB8,7FB9,7FA6,7FB9,7FD3,7FDA,7FA4,7FC6,7FEB,801E,7FFD,8038,8054,8079,804A,8014,8014,801D,8021,7FF6,8020,7FF4,8020,8004,7FD0,7FF3,7FC7,7FD2,7FAA,7FE6,800C,800B,7FD7,7FEC,8031,7FFA,7FD2,7FB3,7FC5,7FBD,7FB3,7FB1,7FE5,7FCC,7FD3,7FFC,7FC9,7FF1,7FD1,7FCE,801F,800A,8019,802A,7FF7,801A,800B,8000,8012,802C,8007,8004,8000,7FC9,7FF5,7FE5,7FFF,7FE2,8009,8020,7FFD,8005,7FBF,8039,7FFB,7FF3,8014,7FF8,8027,7FE7,7FFA,7FE1,8022,8032,8042,802D,8027,801D,8029,8028,803F,8037,800A,802F,8006,8018,8006,800F,8020,8049,8016,8010,8055,8027,8033,8038,8064,8068,801E,8093,804A,8068,8072,8079,806D,804D,8077,808E,806C,804A,80AE,804F,8048,804F,804C,8045,807A,8099,8088,809B,807D,807B,807A,8074,807A,8081,809F,80AC,80EA,80AA,8087,809E,80B0,80BA,80BC,80C1,80A7,8086,80A2,808A,806C,8074,8085,808E,80BB,8077,80D4,80B5,8082,80B4,806D,809E,80C2,80DA,80A9,80C1,80F1,80C9,80E4,80FC,80D7,80E6,810D,80E0,809C,80BA,80E6,8104,8125,8102,80E9,80F3,8107,80E6,80E5,80E3,80DD,80EB,80A5,8082,80A9,80A2,80D1,80DD,80E0,80B3,80DB,80DF,8097,8063,805B,808D,80A7,809D,80BF,80B0,80CF,80CB,80E6,8101,8107,80E5,80F0,80F7,80F6,80E6,80C9,80FB,80EE,80D5,80D4,80E4,80D1,80A4,80F9,80B1,80C7,80EB,80C4,80FA,80FD,80F5,80F5,80F6,810E,80E9,80BF,8101,80E0,80F6,80DB,80FF,80C8,8106,8143,8106,814F,8115,8102,810B,8100,813B,813C,813A,8140,813D,8102,80C6,810C,80FB,80F9,8122,8108,8129,80EA,810D,8118,811B,8102,810D,811E,80EE,80F7,811D,810B,8123,8136,8126,811B,80FD,8149,80D3,80D1,80DD,80E9,80F6,80D0,80D9,80B6,8097,80D1,80AF,80BB,8081,808D,80D4,807D,80AE,80D8,80AF,8086,8060,8062,8094,8063,8045,806B,8069,807D,8054,806A,805D,806C,806F,8085,804D,8033,8097,8089,8062,8076,80A5,8068,8051,8061,8016,800C,806A,8027,804F,8030,801F,8017,7FDD,8029,7FEC,7FAA,7FA5,7FB3,7FC2,7F9B,7FBC,7F99,7FAC,7F5C,7F65,7F91,7F45,7FB4,7F9B,7F62,7F78,7F45,7F77,7F1D,7F19,7F0D,7EDE,7F0D,7F29,7F4D,7F52,7F5A,7F45,7F3C,7F4B,7F72,7F5C,7F63,7F3D,7F49,7F0C,7F2F,7F00,7F26,7F6E,7F17,7F41,7F42,7F27,7F23,7F58,7F1C,7F36,7F5A,7F66,7F55,7F0E,7F42,7F2F,7F29,7F73,7F19,7F2F,7F1B,7F0C,7F10,7F05,7F4A,7F11,7F18,7F07,7ED5,7EF9,7F13,7F05,7F10,7F1E,7F17,7EF4,7F4E,7F42,7F07,7F2D,7F43,7F0C,7F35,7F2F,7F18,7F4B,7F9B,7F89,7F87,7FB0,7F9F,7FCB,7F75,7F9C,7F90,7F8A,7F88,7F7A,7F97,7F73,7FE2,7FBA,7F92,7F9F,8009,7FB6,7FA5,7FED,7F9C,7FDC,7FB8,7F9D,7FD5,7FD7,7FBE,7F6F,7F8F,7FA6,7F9A,7FCA,7F9C,7FA1,7FDB,7F98,7F92,7FE8,7F9B,7FF6,7FF8,7FD5,7FE3,7FC0,7FEC,7FC0,7FCF,7FDD,7FE1,7FDA,7FE8,7FE3,800E,7FEC,7FF5,7FDB,7FE7,801D,8024,8059,8023,8007,8012,803A,804A,8051,8022,8000,8013,7FFE,801D,800B,8020,7FB8,7FF6,7FF6,7FEC,8030,7FFF,8015,7FFC,7FDF,7FDF,7FF4,8002,7FFF,8034,8045,8053,8064,8015,8058,805A,8057,808A,806F,806F,8081,809B,806A,80BD,80D7,80D4,80AF,8096,808F,80B4,80A1,80A5,8099,80E6,8103,80AD,80C2,80E5,80CE,80C4,8102,80F7,8125,8107,80F0,80DD,80F8,80D7,80C6,80D6,80B0,80BB,8095,8098,80D3,80C1,80C5,80C9,80BD,80B8,806E,80A3,80B6,8073,80AF,80EA,80EB,80C5,80B9,80B6,80D5,80DF,80F2,80EA,80D3,80DE,80D4,8125,80F2,80CC,80DA,80CE,80F6,80F5,80F3,8103,813A,8123,8117,80F1,80B2,80D4,80D1,80BA,8099,80D1,80C1,80D2,80B4,80D6,80FA,80BF,80D9,8136,8158,811B,811F,80D9,80D7,80E7,80BD,80C6,80D9,80AB,80A3,80AB,8096,80C8,80BD,80BF,80F3,80BF,80B6,8106,80E4,80D7,80E2,80EF,80FA,80FC,8145,80DB,80CA,80F3,8114,8124,80D9,810D,810E,80D1,80E5,8117,80F4,8103,80FC,80E6,812C,8103,812C,8121,8119,811D,80D5,811B,80FD,8116,8119,8103,8115,8104,8145,812F,810E,814A,812F,814F,8121,810B,811D,8123,8118,813A,8140,8114,814E,814C,811A,8124,8130,816E,813C,8130,8142,8168,8118,813A,8159,8115,8160,812B,8107,80F3,80F9,80ED,80BE,8118,80EE,80FF,80F7,80F1,810C,80D1,80AE,80BD,80D9,8089,8081,806F,8073,807B,8081,809E,8090,80A2,80A8,80D8,80D7,8094,80C7,80E1,80E0,80CF,80A1,80AF,808A,8076,8053,8088,8064,8050,807D,801D,8052,803C,8020,8027,8053,8078,8027,7FFE,804C,7FF6,8008,7FF6,8072,8060,803C,8021,8035,804F,8025,802B,8008,8001,8009,803A,8030,8011,7FF7,8013,8032,8058,8034,802E,8064,8040,8034,8026,805B,8058,807D,8068,8050,808A,804A,8030,8071,8083,8045,8071,8029,8055,8037,8065,8091,8049,8067,8042,805D,805B,8059,8029,803D,806B,808F,802C,8055,8046,8035,808C,803B,8068,801C,8065,8066,8040,8076,805D,805E,8071,806F,8099,8066,805C,803A,8053,805B,808E,8059,803A,804F,8033,8045,802F,8040,8016,8020,8005,8050,8029,8053,8044,8043,805E,8022,8041,802B,8011,8012,805C,8061,805D,803B,8037,804F,802B,8068,8067,8027,8010,8015,8041,800E,7FE4,7FD3,8023,8020,7FF1,7FF2,7FEE,801B,7FDC,7FBC,7FCA,7FE7,7FD5,7FFD,7FEA,7FF3,8001,7FCF,8002,800C,8011,7FEF,7FE3,801D,8036,8007,802C,8007,8009,7FFB,8038,800C,7FFC,801F,8022,7FBB,7FC6,801D,7FD8,7FF1,7FF0,8008,7FE7,8000,7FD3,7FE5,8021,7FD5,800B,7FF4,7FFA,800F,8001,8007,7FD5,8006,7FEA,7FE9,8019,8011,8013,8059,803A,8065,8025,8007,8009,7FE4,804B,8037,801F,8029,8051,801F,8051,8013,8038,807D,807B,807E,806D,808F,80BA,80B0,8070,8093,809A,8067,8070,8094,808D,8074,8067,807F,8076,807B,807D,808E,8052,807F,8048,8095,808D,805F,8057,8010,8051,804D,805C,8091,80C7,80B1,8111,8110,8132,8112,8123,813E,80E8,8109,811A,8150,8116,80F5,80C9,80DF,80D3,80E3,80BA,80AA,80A9,80DB,80D7,80EE,80FB,80B3,80C8,808A,807B,8064,80AD,80E2,80CD,80EC,80E3,80E1,80CE,8113,80E9,80F6,80E9,810B,814D,813C,8143,8141,8137,8114,8094,807D,80BC,80CE,80B3,80CC,812C,8143,8173,8160,8131,8117,8105,8177,8163,814D,8172,818C,8117,814D,8170,8187,819B,818B,81AC,819C,81B5,8190,8138,818B,8125,8114,80D7,80BC,80F5,8107,8175,815E,81A3,819E,818E,818A,815F,814A,8106,8127,8140,8154,814E,8108,80DB,8080,809A,8046,8056,8076,80A2,8090,8097,80C3,808C,8075,803E,8028,802D,8012,7FD2,8048,808B,804B,80A4,80AF,808A,8093,809A,80AD,80B8,80F2,8109,812B,80F2,80CB,80DB,80AA,808E,808A,80D9,8123,812E,8130,8170,81BA,81A5,815C,80EE,8093,805B,8078,808A,80D5,80F2,80E9,80D3,8077,809C,8040,8044,802E,804B,8085,806A,8074,8081,806C,801E,8027,7FFF,8021,803B,8038,8065,8079,8098,8074,802E,7FF1,8006,8006,801E,803D,8061,8088,8094,8071,8065,803D,8033,8046,802B,8043,80A1,808A,807C,804B,8007,7FBF,7FB5,7FB1,7F91,8004,8055,809D,80CE,80D6,807E,8067,7FDF,7F45,7F3F,7F1A,7F4D,7F8D,7FA3,8049,80A8,8068,80A1,8093,8061,8026,8005,8031,7FEA,8018,7FC4,7FF2,8039,7FF6,805F,8073,80E6,80E5,8083,80C3,809C,8017,802E,801D,8002,800F,802A,8077,807A,8074,80A5,8079,8065,8028,7FD6,7FF1,7FB7,7FE0,7FE3,7FF4,7FED,7F87,7F65,7F1B,7F58,7F27,7F03,7F60,7FAB,7F93,7FEC,8000,7FD1,7FEF,7F36,7F04,7EBE,7E49,7E37,7E51,7EB5,7EDC,7F33,7F4C,7F85,7F7A,7EF8,7F30,7ED8,7E86,7E71,7E67,7EAE,7EAE,7EC1,7F0A,7F71,7F6C,7F6B,7F7B,7F3A,7F53,7F77,7F3C,7F16,7F32,7F01,7F01,7F18,7EDA,7F1D,7F4A,7F3C,7F4D,7F39,7F31,7F09,7ED8,7ED3,7EC0,7EA8,7ED6,7EBE,7E39,7E2C,7E4C,7E08,7DE5,7E00,7DFA,7E46,7E1A,7E85,7E72,7E26,7E3E,7E03,7DC1,7DF8,7D9B,7DA5,7DA3,7DAE,7DE3,7DF0,7DA6,7DC3,7DAE,7DBB,7DC9,7DE5,7DD5,7DDF,7DCE,7DA2,7D9C,7D6A,7D77,7D6D,7DBF,7D8E,7DD2,7DA4,7E1C,7DB8,7DC7,7D80,7DA9,7D2F,7D23,7D4E,7D37,7DB8,7D73,7DCF,7DE3,7E2B,7E6F,7E59,7E32,7E15,7E14,7DC1,7DBD,7DD6,7D7A,7DE8,7DCD,7DE3,7DD1,7DF2,7E02,7E1C,7E10,7E43,7E2F,7DEE,7D9C,7DA9,7DBD,7DFE,7DF7,7E21,7E0A,7E42,7E70,7E6B,7DE6,7E13,7E38,7E11,7DA5,7DEA,7DF3,7E32,7DB8,7DD0,7D91,7D6C,7D7E,7D44,7D96,7D71,7DE1,7DEE,7E37,7E11,7E49,7DAD,7D79,7D47,7D48,7DAF,7D5D,7D7B,7D7F,7D58,7DCB,7DC5,7DE0,7DD5,7D80,7DA0,7D7C,7D92,7D80,7DA1,7DD9,7D80,7DAD,7DAD,7D94,7DB9,7DAB,7DFA,7DB9,7E01,7DAD,7DF8,7DE2,7DC8,7DE5,7DA9,7E10,7DCB,7E2F,7DF7,7E36,7E29,7E52,7E3D,7E13,7E05,7DD2,7DE1,7D78,7E29,7DB5,7DF0,7E04,7DD3,7DF4,7E0D,7E06,7D68,7E04,7DD5,7E20,7E30,7E4A,7EA5,7E61,7E70,7E28,7E2B,7E0C,7E6D,7E30,7E84,7EAE,7EEE,7F2D,7F16,7F51,7F06,7F09,7EF2,7EE2,7F1D,7F5C,7F3C,7F37,7F2F,7F5F,7F44,7EFD,7F21,7ED6,7ED5,7EB9,7EBA,7EF0,7ED0,7ED8,7ED9,7EB9,7E91,7E85,7E89,7EB6,7ECA,7EC9,7EE2,7EEB,7ECE,7EDE,7EC2,7EB4,7F28,7ED0,7ED7,7EFD,7EDF,7F27,7F05,7F08,7EEF,7ED3,7EF7,7EE5,7EF9,7F10,7F42,7F5F,7F41,7F4E,7F4B,7F49,7F43,7F77,7F86,7F73,7F7E,7F76,7F87,7F70,7F2F,7F15,7F0C,7ECE,7EBB,7EEA,7EEA,7ED8,7EF9,7ECF,7F0C,7ECE,7EE0,7EBE,7EC8,7F29,7F25,7EC5,7EF7,7EEA,7EF6,7EF3,7EB6,7EEA,7F06,7F27,7EF5,7EF9,7F00,7EFD,7ECB,7EB7,7F04,7ED3,7EB7,7EDB,7ED0,7F18,7F29,7F2D,7F21,7EFE,7F06,7ED6,7EC7,7EB4,7E97,7ED5,7ECD,7F0F,7EEA,7F08,7F1E,7F08,7F05,7F2E,7F36,7F23,7F56,7F50,7F7C,7F5B,7F86,7F7C,7F50,7F87,7F31,7F8F,7F7F,7F5C,7F66,7F25,7F26,7EBA,7EE9,7F0A,7F0C,7EB3,7ECE,7EE4,7EBD,7EFC,7ED2,7EE6,7F11,7EC6,7EDD,7F0C,7F1F,7F23,7F07,7F34,7F3A,7F48,7F43,7F5E,7F4D,7F53,7F7E,7F62,7F57,7F51,7F9E,7FB6,7FCE,7FC2,7FCD,7FAA,7F7D,7F81,7F55,7F84,7F34,7F0F,7F38,7F01,7F3F,7F46,7F6A,7F35,7F52,7F6C,7F06,7F6D,7F35,7F57,7F69,7F27,7F41,7F1B,7F59,7F3D,7F1F,7F37,7F56,7F9A,7F53,7FBC,7FD3,7FA2,7FAF,7FAB,7FA9,7FB9,7FA4,7F90,7FE1,7FD3,7FD0,7FF4,7FE7,7FFE,7FD6,7FEC,7FEC,7FC6,7FC5,7FB8,7FD4,7F73,7F71,7F8A,7FB3,7FBA,7FC3,7F99,7FEB,8007,8006,7FFC,7FD7,7FC1,7FDD,7FE6,7FB9,7FE9,7FD0,804B,8052,803F,8011,801B,8008,8026,8010,7FE0,8008,7FEC,803E,8085,8098,8089,809D,80B9,8074,805E,8074,8073,807F,80BB,809C,80DD,80B6,8088,807E,8026,8013,7FE3,7FDB,8036,804D,803B,805B,8078,8099,80AF,806E,8061,8060,8038,807B,807D,807A,8079,807D,807D,804F,8070,8023,802A,804B,8050,803B,8036,8047,8040,8061,7FEE,8030,8071,803F,8056,802D,804F,805E,8063,8035,7FE5,8029,7FFE,802F,7FEF,8000,8018,805A,8025,8017,804D,8037,8035,8049,8024,8053,8069,8079,8064,8063,8076,803B,8067,8047,8050,8017,7FFC,7FD6,7FE9,8006,7FFC,8057,8012,805A,803A,806D,806B,804B,8060,8000,803D,8041,8066,806F,8054,8070,8055,805C,8071,8038,801B,8045,8048,8079,8065,808B,80DD,80C9,80D4,809E,8062,804F,801A,8038,8079,8089,808D,8089,8076,809C,80B7,8087,8086,8088,807B,80DB,80DF,80D5,80E9,80EA,80E9,80E1,80F8,80C8,80D9,8133,80FA,80FB,80E2,8160,80DD,80EE,8102,80FD,810A,80DF,812A,811B,815B,8122,8126,811E,811C,8118,80D3,80F6,8132,8160,8160,816E,81B8,817E,8158,814D,8157,816B,814E,814B,816D,81A1,8178,81B7,81CC,8184,816D,8142,8148,8139,8153,8175,813B,814B,8147,8153,817B,815B,8165,814D,8181,8158,817E,8130,8139,8162,812D,814B,8120,8173,816F,8173,817F,8164,8172,8134,8152,8159,80F2,80FB,811C,8119,80F7,810F,8111,8125,8101,80F2,811C,8128,80EC,80AE,80B4,80A1,8071,80A1,8099,8080,8085,8061,809A,806C,809E,8094,802F,8042,805D,8074,8023,800E,8039,8012,802B,801F,8018,8037,8026,8010,7FF2,7FF0,7FEA,800C,800B,7FDE,7FF2,7FEB,7FFF,8009,7FDC,7FE6,7F93,7F97,7F75,7F6C,7F47,7F90,7F3C,7F4B,7F90,7F45,7F78,7F4C,7FA7,7F29,7F28,7F49,7F3C,7F2F,7F06,7F17,7F13,7F17,7F3A,7F2A,7EFE,7F10,7EFB,7EF9,7ECE,7EDA,7F25,7EEF,7F03,7F0A,7F0C,7F38,7F38,7F43,7F18,7F6C,7F52,7F4C,7F54,7F50,7F41,7F6F,7F66,7F62,7F6B,7F48,7F55,7F91,7FBA,7F39,7FA3,7FC2,7FD6,7FDC,8009,8005,802E,8049,8047,8065,804D,8072,803A,802A,7FED,804E,808D,80A3,8094,80A5,8078,8079,809D,8087,80AC,807C,8082,8050,803D,80A0,80B7,80B2,80AC,807D,80AE,80B2,80AF,80E5,8104,80B2,80AA,8097,80C3,80EA,80D6,80EB,8101,8123,817C,8186,8188,81AD,8196,81D9,81BF,8207,820E,8207,81ED,8245,824F,827F,8260,8247,8299,8259,827C,828B,82B2,8318,82E1,8356,835E,834D,8374,8307,836A,8371,83A9,8349,836D,83CB,8397,83FF,83E8,840A,8410,8418,8411,83CE,83D0,8428,8422,8409,8406,83FA,83B0,837C,83B7,83C4,8375,8381,83B3,8378,8373,832E,8342,8355,8373,8387,836F,834F,833A,8303,82ED,82EE,82F6,8312,82D5,830C,830E,8314,8309,8302,82E6,82D0,82C3,8276,8297,823B,8237,8236,81FC,825F,81E8,822D,8221,821D,81FA,819F,81AD,81AF,81B2,81CD,81AD,818E,81C1,8189,8193,8186,8194,817E,8199,815A,8179,815D,813B,813F,8107,80F1,8089,80AB,80A1,80A8,807B,8037,807A,804E,8034,803E,803D,7FB1,7FB2,7FAF,7F62,7F62,7F27,7F1C,7F4A,7F1C,7EFD,7EF7,7EC1,7E9D,7EAB,7E6D,7E6A,7E07,7DF4,7DDD,7DBB,7D6B,7D53,7D74,7D56,7DA7,7D30,7D1F,7CFA,7CCF,7CF2,7CE0,7C9B,7C74,7CAE,7C97,7C7D,7C6D,7C35,7C26,7BEE,7C15,7C0C,7BCE,7BC0,7BB3,7BD4,7C00,7C92,7C7A,7C99,7D2D,7D16,7DD7,7DB9,7DD3,7E61,7E46,7E7A,7E47,7EAF,7ED7,7ED4,7EE4,7E7E,7EA0,7EB4,7EFE,7ED7,7EC9,7F4B,7F58,7F69,7F61,7F81,7F6D,7F7D,7F40,7F43,7EF5,7EDF,7EB5,7E93,7E56,7E54,7DF5,7DE7,7DFF,7D7E,7DBD,7D2E,7D9A,7D70,7D42,7D27,7CE7,7C82,7C19,7BEB,7BE8,7C27,7BA2,7BD0,7BFA,7C65,7C67,7C11,7C97,7CE8,7CF1,7CAB,7CA3,7D08,7D02,7CEE,7CC5,7D3D,7D85,7D8A,7DBE,7E31,7F16,7F72,7F51,7FD0,7FC5,7FE5,7FE8,7FCF,802F,8006,802E,8051,810B,8128,8175,81A2,81C1,8245,8259,826F,82B4,82F0,8337,8301,82E6,82CD,82B5,8293,82CC,827E,82C7,830A,82EE,8338,8354,835A,8322,833C,8361,8312,82D6,82A0,824E,8281,81D7,81D7,821A,81E9,81E9,81BD,81AE,8219,8200,81A3,8183,812D,811C,80A7,8046,8027,7FCD,7FC0,7FE3,800E,80BA,80F2,80EA,8123,8144,811A,8134,80C4,80AF,80A4,808B,8058,805C,8051,8072,80A3,8120,8153,8166,81B9,81CB,8221,8197,81CD,81C7,8205,8204,81EF,819B,81D4,8208,821A,8211,822B,8290,8244,824D,822C,8266,8248,8285,8251,8251,8271,828E,8257,8255,8288,829B,82F0,82EC,8309,831F,8314,832E,830A,82B6,8260,8258,8234,81CF,819C,818C,81FB,8285,8267,820B,8219,8212,81F2,8136,809C,806B,8090,80DC,808F,80C0,80D7,8123,8130,8105,80D5,8099,8087,802C,8006,7F97,7FAF,7FF3,7FFB,7FCC,7FF9,8012,806D,8076,80B4,80B9,80EA,8129,80E5,80E2,8088,8075,8008,8076,806D,8066,8048,808A,814D,8104,8148,80EA,814C,8117,80D7,806C,801B,7FF2,7F85,7FA0,7F27,7F1F,7EFE,7F64,7F63,7FAA,7F99,7F9D,7FC3,7F50,7ECC,7E6B,7D8D,7D6E,7CFA,7C93,7C81,7C2D,7C53,7C4E,7C7F,7BBF,7BAA,7B88,7ADE,7ABA,7A13,79AF,798E,794D,7911,7921,7929,7919,7924,78E2,7927,787F,7886,7892,77D2,7808,77B6,77DB,77A8,7755,77AC,77C5,7864,7875,7960,79E6,7A3E,7AD9,7B19,7B4C,7B3C,7B4E,7B3F,7B05,7AF1,7AF4,7B2D,7B6D,7B9D,7C0D,7C7F,7CD0,7D81,7DAF,7DA3,7DD5,7DCD,7DFE,7E2E,7DFA,7E42,7E22,7E6C,7E22,7E03,7E1E,7E01,7E4B,7DDF,7E36,7E47,7EA9,7EBD,7EA8,7E57,7E0A,7E14,7D95,7D67,7D3D,7D20,7CD7,7D08,7D5C,7D39,7D51,7D1D,7D11,7D57,7D4B,7D59,7D62,7DC9,7E30,7DF4,7E49,7E79,7EEB,7E5A,7EA7,7F17,7F57,7FC6,7FCA,8044,8032,803D,804C,8063,809A,80C5,8092,80CA,817E,8217,821D,8223,8256,82D0,8328,8328,8395,83B4,83E5,8413,8406,841E,83D2,83AC,8374,834D,82EF,8335,8369,837D,83AC,8377,83AD,83AA,83FE,83C2,83A6,8385,8399,8395,836F,8339,830C,82FA,82B1,8298,8272,82A6,828D,82AE,8298,8282,8229,8214,81D5,815B,8108,8068,80B1,80D4,80B7,80F3,80F3,8157,8189,8104,80EB,80E7,80AB,806E,802C,7FB7,7F82,7F7C,7F7D,7F64,7F7C,7F6B,7F3A,7FD4,8003,8023,8041,8042,8025,8008,7FEF,7FA6,7F67,7F20,7F0B,7ECC,7F1D,7F30,7F28,7F5B,7F6F,7F9C,7FB2,7F90,7F81,7F68,7F27,7EF9,7EE7,7EE0,7EB5,7E9E,7EB3,7EB5,7EC5,7F35,7F60,7F8E,7F2C,7F22,7ED7,7ED0,7E63,7E21,7E12,7DB6,7E1C,7DCD,7E5B,7E3C,7E1E,7E21,7DCA,7DCE,7D9B,7D5D,7D32,7CD4,7C83,7C73,7C45,7C2B,7C0E,7C53,7C31,7C1C,7C71,7C7E,7C88,7C4F,7BFC,7BCD,7C03,7BC8,7BC6,7B92,7B75,7BCC,7BD9,7C25,7C25,7C31,7C75,7CEB,7CFD,7CF6,7CFA,7CEC,7D53,7D6D,7D36,7D51,7DC4,7E1F,7E67,7E96,7F0E,7F35,7F75,7F9D,7F66,7F29,7F2D,7EDD,7E70,7DC5,7D97,7D2A,7D17,7D25,7D5A,7D79,7D96,7DE6,7DD1,7D95,7D8F,7D2C,7CC6,7C78,7C42,7BE8,7B7C,7B58,7B5E,7AE5,7A7E,7A88,79F7,79BE,7965,7934,78F2,786E,7866,783C,784E,77E2,7775,774F,7752,7790,7709,76EC,7740,7700,7711,76E0,76B7,76DE,76AD,76A8,76C0,770F,7765,77D0,7854,7889,7965,79D8,7A68,7AAC,7ABB,7AEE,7B49,7B47,7B82,7BA2,7BCC,7C09,7C36,7CEE,7D1A,7D1E,7D9B,7DAC,7DB9,7E2A,7E5E,7E6F,7EA5,7EE6,7E8C,7EC2,7EC0,7E6D,7E9F,7E7A,7E66,7EA0,7ED5,7EA2,7ECB,7EA4,7E8C,7EC9,7E7B,7E40,7DFC,7E11,7DB6,7D42,7D1D,7D4B,7D7E,7D77,7D6A,7DB1,7DFD,7E72,7E4C,7E8E,7E8D,7EF2,7EE6,7EF7,7FB2,7F21,7F7C,7F84,801B,8062,80CF,80F7,813E,81D0,81C6,8219,8233,8240,824E,823C,82B3,82E3,82FA,832D,836C,83DC,840A,8487,84D9,853E,85EC,8633,8616,863C,8664,8689,8629,8594,853C,853B,8540,856F,853D,85D9,8642,8696,86F0,869C,86EE,86A9,867D,865F,85DC,85CE,85A8,8581,856D,8581,85BD,85AF,8599,85A7,85CB,85B8,8597,855D,8515,84A8,840F,83B2,83C0,8399,83A3,8359,83DD,844F,8461,84C6,84DB,8551,8559,8524,849A,8474,8451,8383,8343,8343,8356,8377,8366,83BA,841C,8448,843B,8424,846B,8443,840F,83AC,8355,8342,8301,82FB,82F4,831F,830B,835C,8387,835C,8334,8361,8360,8328,82A1,8280,8285,8253,8214,81CD,81D3,821B,8227,821A,8250,823B,82DE,8297,8284,8251,820E,81CB,817E,8152,80D4,80D0,80DC,8124,8138,8116,8151,8172,811F,80B2,8011,7FE8,7FF7,7FAD,7F84,7F7D,7FA9,800B,8049,8026,8062,804B,8071,8071,804F,7FA8,7FB1,7FC7,7F71,7F15,7F27,7F3C,7F1E,7F77,7F7D,8029,8060,80BF,80A4,8142,812A,80E6,8150,80E6,80EA,80F3,8116,8158,81B4,8227,8250,82C5,82E9,832D,8326,8319,82B8,8267,8282,8229,8215,81AD,817A,8162,812C,8163,8189,81A4,816D,81C1,81C6,815F,8111,80B2,8042,7F8A,7ED0,7E55,7E45,7E5D,7DE8,7DE9,7DA6,7D7A,7DC7,7CFB,7C21,7BCE,7B87,7B70,7B24,7AE7,7B0B,7AD2,7AD9,7AC5,7A56,7A3F,7A5B,7A12,7A0E,79F6,79B4,79EB,79BD,795C,78F1,78C2,78BF,78D9,7899,7917,79BF,7A82,7B00,7B73,7BD8,7C18,7C5D,7CB1,7CE8,7CC8,7D19,7D50,7D88,7DD5,7E2A,7E52,7ECE,7ECF,7F11,7F82,7FD7,806A,80BB,80D4,80E7,8148,814C,80CE,8096,80AD,80DC,80E6,80AB,80E7,8136,8150,8185,8171,8121,8104,810B,80D6,804A,80B7,8046,7FE0,7FE1,7F5B,7F4F,7E98,7EA1,7E7B,7EA1,7E93,7E33,7EAF,7F0F,7FB6,7FA8,7FE8,8075,809D,808B,8090,80CA,80B9,809D,8075,810D,815B,817D,8205,821E,8275,82AE,82DD,82FC,833E,83AA,83D1,83C4,8438,84A2,84F8,8543,854B,85DD,85FA,8645,86AF,86D4,86FD,872E,8700,86BD,86C5,8681,8637,85EF,860E,85C9,85C6,85DE,8624,8646,8658,86A6,86FE,8722,8714,86BF,871E,86CE,864F,8608,85D6,85C0,8590,8564,8552,8574,8556,854A,851F,8542,84CF,846D,841E,83FD,83CF,83BE,838C,8404,8441,8477,84BE,851C,856B,854B,8549,853E,8532,84D4,84CA,8470,8489,8442,847E,84CC,84D1,8526,855F,8591,8585,85DF,85F5,85EA,85E9,8619,85E8,859F,857F,856A,85A1,85AD,8561,8586,8592,85CF,858D,8513,855C,8530,84AE,8464,845D,840C,8367,830B,8307,82F7,82F5,82CF,82E1,82C3,82DE,82E7,8313,830D,827B,823F,81FD,8195,8120,80D7,80A0,807D,80C0,809A,8085,80BF,8076,800E,7FF8,7F41,7EA8,7E21,7DEF,7DF7,7DFB,7DC4,7E00,7E46,7EA8,7ED8,7E90,7ED3,7EAB,7EC2,7E15,7E18,7DA1,7DCD,7D99,7D98,7D65,7D4F,7DC9,7DE1,7E3F,7E70,7EB8,7EF3,7F68,7FA2,7F6A,7F66,7FF9,8020,8021,8062,80A4,8112,81F7,823B,8256,82F6,8320,8330,82E2,8245,8206,81AC,8137,80B5,801B,7FE0,7FFD,8015,8016,8026,808E,80FB,8116,8105,80DD,804E,7F92,7EFD,7E49,7D6B,7CD5,7C5B,7C07,7BDE,7B8D,7B66,7B4C,7B5B,7B33,7AA5,7A45,79BE,7907,785F,787A,77D9,77D4,77E0,7783,781F,77D6,77FA,7810,77C6,77F1,7798,7787,7748,771D,76BA,7669,7652,7653,768B,76CD,775B,7855,794A,7A3D,7B1B,7B7D,7C0D,7C4B,7CCF,7C9A,7C5C,7CC9,7CCD,7CED,7CEA,7D79,7D9A,7E13,7EA6,7ED7,7F48,7F7B,8041,80DE,8111,8124,8133,8174,8153,811E,80BD,808C,808D,8058,80A3,8076,80AA,80FB,8125,814E,809A,8084,803B,800E,7F61,7EE1,7EA1,7ECC,7E7D,7E53,7E66,7E35,7E4A,7E1E,7E64,7E1E,7E38,7DF7,7DD7,7DF6,7DCE,7DDA,7DEA,7E38,7E31,7E7B,7ED5,7EEF,7F6E,7FDC,7FFF,8078,810D,8141,812F,8129,8119,8143,814D,8167,81D9,81D4,823D,82AC,8300,83A7,83F2,8428,8456,8495,84BF,84B8,84BB,84C2,84F1,8522,8519,8531,8573,8584,8570,853E,8536,8526,8548,853A,851E,8535,856B,854E,8559,8579,855C,8547,853C,851C,8513,84EC,84BD,8495,8496,8454,8446,847E,842A,83F2,839D,8361,8385,832F,82C2,82EF,8334,8372,835F,8375,83D5,83DE,83F7,83E5,83EE,8445,83F7,8403,83DB,83CB,8394,83A9,8387,834F,8340,8377,8389,83F0,83DE,8387,83BF,8413,8473,842B,83D9,83CF,83F2,83F0,83C8,8380,83B7,83A9,8369,8320,82F0,82F0,82C4,8274,81FE,81E6,81FB,81CB,817C,8153,814C,814A,80E2,8122,8100,80DE,80DF,80BC,80D2,8068,8010,7FB5,7F89,7F0D,7E8F,7E68,7E7D,7E99,7E73,7E63,7E66,7E99,7E72,7E32,7E15,7D65,7DA2,7CF5,7D4D,7D29,7CAA,7CFB,7C79,7CB0,7D07,7D1D,7D10,7CCD,7CBE,7C7C,7C7F,7C71,7C41,7C7E,7C8F,7CAE,7CF5,7D32,7D82,7DC6,7DF4,7E21,7E8C,7EFF,7F0B,7F26,7F4B,7F93,7FDB,7FF0,7FBB,7FF9,7FFB,808E,80C9,8182,8220,82A0,8318,82F1,8338,82C8,8264,81A2,811C,80F4,8097,80A1,8081,80B8,80B8,80AA,80F0,807E,8078,8066,7FF8,7F9F,7EF9,7E9A,7DDB,7DAC,7CFC,7CAA,7C7A,7C37,7BFE,7BBE,7B82,7B12,7AB1,7A59,79A3,792C,78A7,77CD,7825,7784,7797,776D,77AD,77FE,7787,77FE,776D,77C4,7783,7740,771A,76F3,76F4,76B0,7658,766E,762F,7697,76B2,7704,7748,7813,7907,7944,7A40,7A87,7B19,7AFB,7B11,7B60,7B57,7BD4,7C0F,7C81,7C8D,7D34,7DCE,7E05,7EA8,7E66,7EEC,7F20,7F90,801E,801D,806A,8066,804E,8042,800E,8005,8017,803B,803A,8065,80B6,80FE,8118,80AC,8023,800B,7FBB,7F72,7F0F,7EB4,7E86,7E8A,7EC6,7E88,7EE4,7EA0,7ED0,7E31,7E50,7E0C,7DCC,7E11,7D9A,7DB7,7DDB,7DF8,7E7D,7E48,7E52,7E6A,7EE8,7F61,8016,8080,80E1,814A,81C2,8262,822C,8284,820C,81B7,81CB,81F5,8235,822F,82A3,836E,83DD,8434,848E,84F6,858B,855D,8525,8580,858F,859C,85C3,85CE,8645,8601,85F7,861F,865F,8624,85F4,85C9,85C0,8603,8578,8578,8557,857C,8554,8570,85AA,85B7,85D9,85D2,85D2,863C,8612,85CF,85A8,853C,8535,84D9,84A1,8458,841A,83FC,8392,837A,83C9,83DD,83B0,83FA,8442,847C,84BB,84EA,84BD,84C9,848C,8446,8454,845B,845C,8412,845C,841F,8437,841B,83D5,8420,8450,846E,849C,84E6,850F,853A,8532,8528,8557,854C,84FD,84E6,84B7,84A5,842B,8432,8441,83F9,83D7,83B2,83A6,83B7,83A9,8327,8342,8332,8302,82A7,8253,824F,81D9,81B8,814F,811A,80F8,80C9,8066,8053,8023,7FAD,7F5D,7F30,7EE8,7E80,7E58,7E40,7E66,7DEF,7E0F,7E12,7DF0,7DF8,7DD8,7D87,7D06,7D54,7CA5,7C46,7BD0,7B58,7B4F,7B11,7B0B,7AC8,7ACB,7AC8,7AA5,7A7E,7A66,7A6B,7A2C,7A68,7A8E,7AA3,7AD2,7B0F,7B8D,7BBC,7BC8,7BDD,7BE5,7C2D,7C22,7C21,7C61,7C6F,7CAF,7C6A,7CA1,7D31,7CF6,7D32,7DE4,7E74,7EB7,7F4B,7F91,7FF7,8017,800C,7FA5,7FC2,7F93,7F1C,7EB5,7E6F,7E42,7E17,7DB0,7DA6,7D9B,7D2C,7D9C,7D34,7DFF,7DB8,7D69,7DB8,7D85,7D9B,7CDD,7C95,7C63,7C2D,7BEC,7BDA,7B6A,7B2A,7AC6,7A1E,79B8,7907,790E,78A6,7876,78A8,78B3,78D3,7903,7943,792A,797B,7933,796C,78FC,7903,7916,78EE,7904,78FC,78FC,7888,788A,7838,780B,7892,78A8,792F,79EB,7A7A,7B0D,7C02,7CA5,7D00,7D5A,7D63,7DE4,7DCB,7E3D,7E5E,7E83,7F07,7EEF,7F66,7F3A,7F5D,7F56,7F63,7FC7,7FED,80A3,80C3,80FE,817F,8167,81D5,81EA,81BD,8184,8137,8159,810E,8119,80D4,80B8,80CE,800B,8013,7F8E,7F49,7EC2,7E77,7EA2,7E43,7EB3,7E5E,7EBA,7E82,7E86,7E18,7E04,7DF1,7D89,7DBE,7D9B,7DE5,7DFE,7DA3,7DA6,7E23,7E57,7E3A,7EE4,7F3A,7FB2,8038,8054,80EC,813F,814F,817E,8171,819E,81BC,81C4,81E0,8214,8272,827B,82B0,82F7,837E,83B1,839C,83E5,8445,84AD,8454,84AA,84FF,8516,8525,8503,852C,8511,8534,84B8,849D,848E,847A,83FC,83DA,83F9,83F3,83E5,83ED,844C,8494,845A,8464,84CF,84E0,84F6,849F,84E2,84EE,84BF,8432,83AF,83E7,83E2,8372,82EC,8338,837C,8348,8370,8353,83A3,83E3,8415,841F,8487,84DA,8506,84E3,8510,856A,84F2,84FC,84F7,84E7,84A5,846F,843D,84B0,847F,84A5,84FA,8522,858A,85C3,85F1,8648,86A4,8686,8691,86B7,86B9,8667,85E8,85CD,85AD,855D,851B,84F8,851F,8535,852E,84F0,84D5,84C3,8466,8426,83E7,83D4,83E4,838E,834C,8347,831F,82DA,8252,8239,8213,81D6,8192,811C,80C4,80B6,803C,7FD0,7FA4,7F88,7FAE,7F83,7FDE,7FC5,7FED,7FBE,7FC3,7F92,7F5B,7F02,7E62,7E21,7D6C,7CF3,7C6B,7C3E,7C5C,7C6B,7C5D,7C92,7CE5,7CB3,7D36,7D2D,7D4B,7DAC,7D61,7DA6,7D97,7DFA,7D98,7DE6,7E32,7E34,7E61,7E41,7EAA,7EAC,7EAB,7EE6,7F02,7EBC,7EBC,7EE1,7F08,7F27,7F5F,7FD2,8058,810C,81B5,81B1,81F9,824E,81E1,817C,80BE,809A,8019,7F6C,7F41,7EE0,7EF1,7E8C,7EA8,7EEA,7F2C,7F55,7F7D,7FDF,7F84,7FE7,7FAD,7F77,7F4C,7E8A,7DFB,7D5F,7DA2,7CEC,7C75,7C0A,7BB1,7BD1,7B55,7B27,7ABC,7B2E,7B60,7B36,7B5F,7B7F,7BC5,7BF8,7BE5,7BDD,7BEB,7BE4,7BCE,7BA1,7B4B,7B56,7B20,7B25,7B14,7B08,7B16,7B0B,7AF9,7B29,7BA0,7C35,7C59,7D34,7DD7,7E2C,7E95,7EC1,7ECF,7EC7,7ED0,7E69,7E71,7EAF,7E73,7E8A,7EF5,7F07,7F57,7FCE,7FD1,805A,80C8,80B9,8119,81AB,821A,8239,823A,820B,8229,81EA,81D6,8196,813F,8143,80F3,8128,80F1,8110,809F,808D,8094,8036,804F,802E,8016,8048,8088,806A,809A,808A,809B,804C,7FA7,7FA9,7F78,7FD0,7F63,7F78,7F91,7F85,7F9B,7F7D,7FFC,7FD2,7FC6,8031,80AA,812F,81A7,81BD,824C,82E7,833A,82D4,8311,8354,833A,82DE,82B7,82DA,8307,831B,82F1,8371,83CF,83DA,842F,8495,84EA,8517,8533,8558,85AB,85D7,8570,8568,858A,855E,851D,84BC,84FC,84DF,848A,8413,8421,846A,845A,8449,8429,8437,84A1,8487,8469,84A2,847B,847C,841C,842C,844C,8404,839C,835F,82EA,82AB,8247,81C6,81CE,81D3,81BB,821B,8242,82E3,8323,8366,840A,843C,8492,849A,8491,847E,8470,8463,8401,83F0,83BB,83A6,83A7,83B0,840D,841F,849F,84EA,84FB,85BE,8630,8633,8600,862B,862B,8641,862F,85D2,858D,8535,8514,84DD,84C4,8456,8471,849C,84A7,8497,847D,8490,843D,842D,83C0,835F,8386,8379,830E,82AE,82D4,82B4,822E,81BE,819E,816A,80D9,8044,8017,7FEA,8027,7FE6,7FBC,7FC2,7FF0,805B,8050,8067,8042,8028,8064,8087,7FD1,7F6C,7F26,7ECA,7E86,7DBC,7DA2,7DCD,7D7B,7DBA,7DBC,7DD5,7E4F,7EAB,7EAA,7E76,7EB7,7EF5,7F14,7EE6,7ED8,7EB3,7F10,7F11,7EE0,7F32,7EDC,7F35,7F40,7F39,7F07,7F0E,7ED8,7F1A,7F45,7F1E,7FA0,7FD2,7FEA,802F,8071,80EA,8163,8147,8141,811D,80DB,809C,8016,7FAE,7F70,7F22,7EF4,7EA4,7EB0,7E69,7E5B,7E84,7E82,7E6E,7EA9,7E99,7ED1,7EEC,7EDB,7E61,7E1E,7D9D,7D65,7CE5,7C3A,7C01,7B3F,7B19,7AD3,7A70,7A7E,7A84,7AB9,7ABD,7AE3,7AFB,7B22,7B4B,7B43,7B6D,7B35,7AFE,7AF3,7ADB,7A7A,7A7F,7A3F,7A4B,7A34,7A72,7A5B,7A6D,7AAA,7AB7,7B0A,7B1C,7B3A,7B81,7BA9,7BFE,7BF4,7C53,7CB0,7CFB,7CFB,7CDF,7D24,7CEA,7CE3,7D45,7D5B,7DA4,7D4E,7DA5,7DFE,7E42,7E83,7E95,7EFA,7F14,7F63,7F67,7F8D,8004,7FF9,7FF7,7FEE,800F,8054,8020,7FC7,7FB8,7FC2,7FB4,7FD5,7FC0,7FF5,8053,7FE6,7FB0,7FFE,8011,7FF2,7FB2,7FDF,7FE9,8008,7FD4,8024,7FD7,7FFF,7FE0,7FE5,8017,802E,801A,7FEF,8021,7FF2,8027,7FAF,7FF3,800C,7FDC,8017,8058,80FB,814D,8131,81A6,81FF,8208,81A0,816D,814F,8145,8122,80CE,8137,8129,8191,817C,818F,81E9,81EF,81E6,8207,8212,8213,8261,8227,8247,8253,825B,8239,8251,8239,8214,81B7,81BE,81EA,81D0,8178,818D,81A1,81B6,81AF,81C8,8220,8248,821D,81EF,81C2,821E,8231,81C3,81C7,8165,817E,8148,815A,812D,8092,806A,80AF,80C4,8114,817A,81AC,825E,82BA,8309,82FF,8342,83E0,83AF,8343,834E,8378,83A7,8347,8316,82E5,830D,8316,832B,8317,832D,8372,83B9,8414,8468,84C7,84EE,84B8,851C,851C,8510,8514,84F1,84DB,8457,848F,844D,8451,83AD,8377,83BD,839B,83B7,839E,836E,8315,832F,82EB,8297,8268,825C,823F,81E1,81E6,81B5,81B1,814C,80C1,8065,7FF1,7F85,7F67,7F44,7EDE,7E6F,7E88,7ECA,7EB7,7EBF,7EC5,7EC9,7EA9,7EE1,7ECB,7E99,7E96,7E2E,7DCF,7D9A,7D3E,7D31,7D23,7CA4,7CB8,7C6A,7CCD,7CD4,7CF9,7D23,7D14,7D58,7D7A,7D8D,7D4F,7D78,7D4D,7D95,7D36,7D4A,7D3D,7D70,7D22,7CBC,7CA2,7C98,7CD1,7C6F,7C62,7C52,7C59,7C66,7CD7,7CC5,7D2C,7CF1,7D6D,7DA2,7DD3,7DC7,7DC9,7D98,7D39,7D8B,7CE2,7CFC,7C85,7CA4,7CD7,7C61,7C66,7C6C,7C73,7C78,7C76,7C6C,7C9D,7CF7,7D00,7D2F,7CCB,7CB3,7C7C,7C5D,7BE7,7C0F,7B9F,7B46,7B17,7AB4,7A89,7A3A,7A2E,7A0C,7A01,7A3F,7A89,7AA7,7AC6,7AAA,7B2E,7B01,7B02,7AE0,7A78,7A33,7A09,79B2,79AA,794C,792E,7942,7935,78F9,7902,791D,7943,7946,7908,7935,795D,79A6,7937,7997,79A4,79A7,79F2,7A12,7A1C,79C0,7A0C,79F5,79F0,7968,7984,7943,7927,7963,795E,79B2,799F,7A01,7A3B,7A6F,7B0C,7AE8,7B14,7BCC,7BBE,7BF2,7BA5,7BA7,7B99,7B64,7B0F,7AFA,7B31,7B4F,7B38,7B09,7B83,7BA7,7BB8,7B6C,7B7C,7B91,7B82,7B8F,7BC5,7BFC,7C07,7C62,7CA3,7D16,7D44,7D77,7D76,7DB2,7D95,7D4E,7D60,7D16,7D12,7CCB,7CCE,7CF3,7D06,7D26,7D62,7DE1,7E06,7E35,7E6A,7E87,7E8E,7E3C,7E78,7E05,7E0A,7E2C,7DFC,7DF4,7DD0,7D9A,7E08,7E2D,7E31,7E6C,7E13,7E17,7E28,7E1D,7E32,7DFF,7DF5,7E5C,7E46,7EA1,7E97,7EEA,7EE2,7ED3,7EE4,7F18,7F14,7F19,7F12,7F1F,7F4B,7F7C,7F91,7FA2,7FCD,7FBD,7FC7,8005,801A,8027,802A,7FE8,801F,801D,8021,8010,801D,803A,8045,8079,8101,8120,8190,81B7,81D8,826C,8279,8296,82D8,82F3,82E6,8309,8338,833B,8371,837F,8350,83E9,83F6,8415,846F,847A,8451,84B4,84B2,84F1,851E,8518,8519,8539,8540,8585,85A6,8547,854A,852E,84FD,84A1,843B,8433,83EA,83DF,83E2,83DA,841E,83EC,83C1,83C7,839B,832B,8301,8332,82F9,82EE,8295,82A9,824B,821C,81E9,816D,8174,8118,8109,80DE,80B2,80B3,80EF,808D,80A2,8090,8063,808D,80AE,80CC,810C,80BB,80D0,80CF,8075,803D,8018,7FF6,7F94,7F5D,7F64,7FB2,7F47,7F68,7F8C,7F86,7F95,7FB3,7FB9,7FC3,7FC9,7FB7,7FA3,7F9A,7FA2,7F56,7F28,7F19,7EE5,7EE6,7EC0,7EA2,7EB3,7EAD,7EA5,7EA7,7E9B,7E91,7EA2,7E95,7E65,7EBD,7E60,7E8C,7E06,7E46,7DD8,7DDC,7DDD,7D43,7D76,7D68,7D6A,7D6D,7D5D,7D39,7D97,7D8C,7D87,7E1B,7E0A,7DE2,7E3E,7E49,7EA1,7E2E,7E0B,7E50,7E26,7E13,7DA5,7D90,7D7B,7D1D,7D3E,7D04,7CC9,7D08,7D02,7D51,7D98,7DB6,7E3F,7E21,7EA1,7E9A,7ECC,7E88,7E88,7ECE,7E53,7E05,7DD4,7DB8,7D8F,7CCB,7CDE,7D28,7D09,7D2B,7D21,7D55,7D53,7D48,7D44,7D64,7D28,7D1C,7D33,7D36,7CF1,7CB0,7CCF,7CB1,7C73,7C23,7BFC,7BE4,7BC6,7B7B,7B64,7B95,7B64,7B72,7B77,7B5B,7B8F,7BB0,7C0A,7C53,7C8A,7D3B,7D65,7D92,7D7C,7D4F,7D7B,7CEA,7CB2,7CB4,7C85,7C4B,7C6F,7C76,7C73,7CAB,7D05,7CF8,7D85,7DE4,7DBF,7E10,7E62,7E65,7E6C,7E74,7E74,7E8A,7E86,7E70,7EB3,7EBE,7F0C,7EAB,7EFB,7ED2,7EE9,7EF5,7EEC,7EE5,7E5F,7EB1,7EB1,7F77,7F2D,7FB0,7FE7,7FF6,805D,8044,800D,8016,7FB6,7F8D,7FA5,7F5A,7F4F,7EB8,7ED6,7EA1,7ED5,7EC7,7F69,7F6D,7F99,7FC5,7F99,7FEE,801E,8028,7FB4,7FC2,7FA5,7FB1,7F96,7F51,7F7B,7F72,7FA1,7FA6,7FB3,7FF8,800F,804D,8066,802F,8033,8061,801B,8035,805C,8040,8091,80C5,80C3,80D1,80BA,80D2,80B2,80D9,80EF,80F0,80F7,80F9,8176,81AF,81D7,81DE,8220,829F,8298,8308,8313,832E,8358,831F,8356,8334,8361,8388,838F,8380,83DD,8404,842E,8489,84AE,84F7,8523,854A,8595,8594,85E3,85FF,8636,8621,85FE,85FB,85EC,85AC,8598,858F,8547,85B0,8589,856F,854A,853C,8523,850A,84DB,8504,8521,851D,84D3,8476,8462,8439,83E2,83EE,838A,8384,836B,8329,8312,82BA,82AF,82B7,82E0,8294,8277,828C,82AE,822F,826A,8270,823D,8242,8243,8217,8203,81D8,81C4,81FE,817B,818C,8154,811D,8107,80BB,8113,8103,80F9,80D1,810D,8133,8124,8104,8100,80DB,80BE,80B5,80B3,8094,805B,8051,8018,8053,7FEB,8001,7FF1,7FEE,7FF1,7FCD,7FE9,7FCC,7FCC,7FB5,7F81,7F54,7F46,7F16,7F37,7F1A,7F20,7EE7,7EEE,7F11,7E92,7ED4,7EA4,7EB0,7E1B,7E35,7E40,7E22,7E13,7DE6,7E36,7E21,7E69,7DD4,7E66,7E40,7E34,7E49,7DD5,7DF6,7DAB,7DBC,7DBA,7D61,7D2E,7D6B,7D60,7D92,7DD6,7DA6,7DED,7E6A,7E55,7EAB,7E1B,7EAA,7EAB,7E83,7E67,7E13,7E9E,7E14,7E77,7E42,7E5C,7E6B,7EA5,7ED9,7EA2,7EBE,7ECF,7EFB,7E8C,7EAE,7E8F,7EE1,7E82,7EA7,7E30,7E72,7EA4,7E47,7E2E,7DF0,7E4B,7DDB,7DF2,7DB5,7DA5,7D9E,7DAD,7DAD,7DB9,7DFA,7DE6,7E10,7E6E,7E7A,7EAC,7EB2,7EF9,7F39,7F27,7F25,7F09,7F07,7F2D,7F3D,7EF7,7EEA,7F37,7F6D,7F83,7FAD,7FA5,7FD5,7FBF,8007,803A,806E,80AC,8103,8140,811F,8166,8171,819A,817C,8199,8168,815E,8174,8184,81C9,81CC,81D6,81C6,8205,820D,820D,81F8,8237,821B,81F5,826D,8266,8277,826E,8264,8258,8261,824A,823F,8223,8264,821F,81FD,821F,81E1,8206,81DA,81F1,81D0,81DC,81CE,81DE,8201,8210,81E9,81D2,81C1,81C2,8207,8194,8181,8178,8164,8166,8142,8127,812C,8156,8162,8156,8166,8152,818A,8178,8178,8164,8151,8164,8140,8104,8124,80C8,80BF,8106,80DF,8111,811C,8144,8141,8118,8132,8134,8178,81A4,8183,81EA,81DD,8209,8211,8238,823D,8241,8284,8274,824C,827D,82B7,82C5,82FB,831C,8380,8362,83F7,83DB,83E3,845B,845A,84AF,84ED,84F9,84C5,84EA,8515,84F0,845F,84AE,84B8,84A5,84DE,84CD,84E1,8548,84F0,854B,8546,8570,854D,851B,8548,8504,8502,849C,8451,842B,83E6,8360,8371,837D,831E,8335,832A,835E,8382,832D,8370,8319,82FF,82E0,8292,826B,8248,8282,8235,81FB,821C,8209,81FD,81FA,81DC,8195,818E,819E,8154,8154,811B,80DF,80CB,80DF,80EA,80CB,80D2,80F9,80FA,810A,8137,8107,80DC,80C1,80B0,80BD,808C,8058,8032,801B,8024,8012,7FFE,801A,8005,801A,7FE7,7FF5,8028,7FD0,8011,7FC5,7F81,7F93,7F4E,7F9B,7F76,7F67,7F4F,7F8D,7F96,7F89,7FC0,7FBA,7F6E,7F3A,7F1F,7F61,7EFE,7ED2,7EBF,7EAE,7EFA,7F12,7F41,7F34,7EF8,7EFB,7EEB,7EF0,7EE7,7EF2,7EA7,7E72,7E73,7E68,7E40,7E07,7E24,7E03,7E22,7E16,7E46,7E2F,7E3F,7E0B,7E3E,7E46,7E5A,7E78,7E3A,7E48,7E32,7E60,7E6B,7E15,7E66,7E4F,7E10,7E20,7E42,7DBB,7DEE,7D7E,7DD6,7DA4,7D67,7DAE,7D34,7DCA,7D65,7D74,7D8C,7D4A,7D32,7D27,7D44,7D61,7D17,7D0B,7D95,7D06,7D17,7CF6,7CE5,7CDE,7CEE,7CE4,7CBA,7D07,7D49,7D3D,7D5E,7D90,7D5F,7DD8,7DA3,7DBD,7DFD,7E00,7E24,7E21,7E7D,7E07,7E62,7E12,7E53,7E5E,7E2E,7E4A,7E96,7EDD,7F13,7F49,7F33,7F6C,7F6F,7F93,7F2E,7F61,7FA0,7FB8,7F8B,7FD6,800D,7FE6,8017,8005,7FED,7FE8,8012,8017,7FF9,8004,7FC9,803E,805C,8049,8029,8011,8019,8051,8063,80AA,8069,8038,8041,8023,804C,7FE6,7FEA,7FAD,7FA3,7F6A,7F97,7FAD,7F9B,7F93,7F7D,7F7E,7FD9,7FB2,7FDE,7FED,7FB6,7FB9,8008,802C,8006,7FC4,7FB7,7FAE,7F87,7F83,7F75,7F7A,7F36,7F34,7F2A,7F2A,7F47,7F82,7F4E,7F1B,7F57,7F88,7F77,7FA7,7FA0,7F78,7F81,7F5B,7F99,7F6F,7F21,7F28,7F12,7F14,7F2A,7F57,7F71,7F78,7F87,7F51,7F7C,7FE2,7F91,7FB9,7FCB,7FE3,8003,8009,803D,8087,807E,8092,8061,80B5,80CD,80C6,811D,80EF,80F0,812E,8164,81B6,81C2,81C3,81F7,8203,8221,8242,8228,826B,8254,828E,8285,82AF,82A6,8276,829C,8274,82A9,828D,8264,828D,82AA,827C,826F,824D,8263,8256,826B,824B,823C,8238,8236,825B,8232,8217,81E4,81C9,81B7,81A5,819C,8172,8152,80F7,80E1,80B9,80D2,8093,8088,80A6,8024,806A,8057,8041,800F,7FA9,7F67,7F44,7F58,7F44,7F40,7F42,7F4C,7F68,7F5A,7F38,7F3B,7F06,7F00,7ED5,7F2D,7F1A,7EEB,7EF7,7E8F,7E9B,7EC8,7ECC,7EAE,7E9B,7E6D,7E6D,7E95,7E9D,7E8C,7E7A,7E79,7E8F,7E7A,7E80,7EE5,7E97,7EF4,7EF0,7F1C,7F23,7EFC,7EFF,7F55,7F8C,7F89,7F94,7F57,7F88,7F67,7F0E,7F4F,7F38,7F3E,7F55,7F0F,7F56,7EF5,7F1E,7F4C,7F41,7F30,7F1A,7EFA,7EF2,7F24,7F0C,7EE9,7F19,7F3D,7EFB,7EFE,7F2D,7F06,7EAB,7ED7,7ED0,7F07,7F27,7EE0,7EBA,7EB8,7E67,7EA9,7E59,7E67,7E5B,7E5C,7E6D,7DE3,7E54,7DD6,7DE9,7D7E,7D8D,7D8D,7D52,7D41,7D4B,7D1C,7C89,7C9C,7CB3,7D01,7CED,7CDD,7D0E,7CD8,7CD9,7D34,7D07,7CA6,7C6A,7C5C,7C25,7C06,7C37,7BDB,7BBF,7BB6,7BBB,7BDB,7BE5,7BDE,7C0E,7C36,7C2F,7C7F,7C8D,7CAD,7C6E,7C2C,7C28,7C34,7C65,7C87,7CD8,7CB2,7CF8,7D3D,7DAF,7E10,7DC0,7DD8,7D8C,7DDB,7E41,7E21,7E85,7E4B,7E83,7E63,7E35,7EAC,7E6D,7EC3,7E7C,7EA7,7EAF,7E9A,7E77,7DE0,7E77,7E36,7E07,7E78,7E5C,7E97,7E74,7E9E,7E77,7EFB,7EED,7EE3,7EB4,7E18,7E8B,7E2E,7E9D,7E44,7E13,7DFA,7DDF,7E49,7E44,7E44,7E65,7E1C,7E8D,7E93,7EAE,7E78,7E54,7EC6,7E6E,7EF9,7ECA,7EFC,7E9E,7E9B,7E93,7EFB,7EF9,7EA7,7EF2,7EDC,7F22,7EAE,7F19,7F41,7F73,7F27,7F1E,7F35,7F7F,7FA0,7F77,7F9C,7FBA,7F9D,7FD9,7F65,7F0E,7F20,7F47,7F8F,7F94,7FDC,7FB2,7F8E,7FC2,7FF6,7FED,7FB2,7FE3,7F90,7F8D,7FCA,7FD9,7FE8,7F80,7FC4,7F97,7FBE,7FDE,7FFB,804A,8043,801C,803D,80AD,80D8,8138,818F,8158,8152,813F,8191,81A0,818A,81B3,81BE,81F3,8206,8242,8228,8230,825E,826B,828B,829B,82D9,82F5,8317,8314,8300,82EC,82DC,8290,828C,8270,82DB,82D5,8296,82BE,826C,82BE,82C5,830B,82C0,826D,8277,8268,82AA,826D,824B,8221,8215,825B,822D,81D4,81BB,818F,8184,816A,8161,8152,816A,812D,80FD,80EE,80C4,80CD,811C,80DF,806F,8056,8072,80B9,8091,8017,7FF4,7F90,7FCE,7FF8,7FD4,7F4A,7F39,7F79,7F74,7F7A,7F7B,7F47,7F22,7F5F,7F43,7F93,7F7E,7F4B,7F39,7F70,7F25,7FBF,7FC4,7FA7,7FE1,7FC5,7FE1,7FD5,802B,8019,7FF3,7F9C,7FE1,7FA8,7F8D,7F81,7F54,7F6D,7F97,7FFC,7FDC,7FFC,7F9F,7F72,7FA5,7FF7,7F96,7F92,7FE9,7F90,7FCC,7FDF,802D,7FDB,800B,7FE5,7FAF,7FD6,7FEB,8035,7FEF,7FD0,7FBF,7FFC,7FDE,7FA6,800D,7FE0,7FC7,7FD6,7F9D,7FC8,7FDD,7FD8,7FCA,7FE7,7FD3,7F89,7F7C,7F39,7F54,7F80,7F6C,7FC0,7F2D,7F58,7F74,7FB4,7FD2,7F81,7F9E,7F2A,7F54,7F3E,7EE0,7EFE,7EBF,7F2E,7F29,7EEA,7EB9,7EC4,7EAD,7E70,7F06,7EEF,7ED8,7E72,7EA9,7EB1,7EF5,7EEA,7F32,7F1E,7F53,7F41,7F2B,7F31,7F6E,7FAD,7F9F,7F68,7F1D,7F22,7F4D,7FD4,7FFC,8065,8037,804F,8085,8070,8087,80C0,80E5,80D7,80B2,80C1,810F,8131,8150,8119,80F3,8114,8125,8182,8184,8171,8183,815C,814B,8140,817A,819D,8134,8130,8150,8187,819C,816F,819A,8182,81AF,8185,8146,80FE,809F,80D5,80FB,8144,8159,8106,8097,8065,80B9,80B5,8120,815B,80EC,8055,8053,80A4,80E5,80EE,8114,80FB,8085,80CB,80C8,810D,8144,8115,8146,80DE,8107,80E7,80DF,8101,8140,8181,8183,81B3,8146,8140,81A9,8186,81A6,81F5,81E4,81B0,8164,816C,81BC,8180,814D,8133,811B,8178,819A,81BB,81B6,81B0,8158,8139,8127,8170,8185,8192,814D,819A,8174,8145,81C4,81DC,820B,819E,8195,81E9,8226,8234,8212,8231,823F,8224,8240,828F,82B6,82C8,8319,833B,8300,82D9,82E9,8303,8325,8301,82D4,82E6,833F,8338,8341,8357,8341,830E,8343,8358,831B,833B,830B,8350,8383,834F,8324,82D2,82FC,8330,8332,8343,82EC,830D,82E0,82EE,832C,82B4,82B9,82DE,828B,8254,8248,8289,8239,826A,8252,8226,81B4,8167,81A8,817D,8175,814F,8120,80F0,80CA,80AD,80A7,80B8,807A,805F,8072,80A5,8085,8055,8071,8064,8075,8010,7FEE,7FD4,802B,801F,7FBB,7FF0,7FC1,7FE8,7FEF,8043,804A,8023,8022,8079,8093,8060,80BB,80A5,80BE,806A,8087,8082,807E,80BB,80C3,80A3,8008,7FF6,802E,8072,802C,803B,8068,808B,8091,8045,8048,8068,80C8,80BB,80C1,80B4,8073,803E,804B,807B,80B3,806B,8056,8040,8021,8014,8032,8062,8068,8052,8036,802D,8049,806D,804F,805F,8034,801A,8064,8015,800B,7FED,7FCD,7FD2,7FBA,801A,7FDA,7FDC,7FBE,7FF8,7FD4,8006,801A,7FEE,7FCD,7FEA,807E,80A6,80A6,8093,808A,8061,8054,806E,80CD,8077,808D,8064,808F,8048,8085,805E,8017,80A9,809D,809E,80BB,80C9,8132,80E2,80F7,814B,814F,8183,8156,80E8,80B8,80C6,810C,810C,80E8,80EB,80C8,810F,810D,813F,8151,8122,8131,812B,8140,81A6,81AB,8156,8126,8141,8180,8199,81E7,81E5,8153,813B,811F,8120,80F3,8154,8179,8130,817B,8147,8173,81B6,819C,81E0,81E4,81F4,8191,816E,817A,811F,812F,811E,8143,8135,80B8,80BC,80D7,815C,8132,8122,812D,8127,815A,8128,811F,80EC,80DC,8090,808B,80BC,808F,8038,8014,802B,8055,800E,803F,8047,7FFD,8026,8004,8032,7FD5,7F98,7F78,7F96,7FA1,7F4C,7FAA,7FD2,7FFB,801C,7FA5,7FE9,7FFE,7FDF,7F85,7F89,7F8E,7F71,7F56,7F5C,7F37,7EE9,7F1C,7F33,7F38,7F53,7FA7,7F8D,7F55,7F4C,7F3B,7F45,7F6D,7F79,7F36,7EED,7EF5,7F29,7F8D,7F80,7F39,7ECE,7EFA,7F31,7F28,7FA1,7FA3,7F9E,7F1F,7F45,7FAE,7FF4,802E,7FDF,7FB6,7F96,7FD2,8015,8036,7FDE,7FE0,7FF0,7FCF,7FBD,7FE2,802B,806F,802F,802C,8021,8033,8086,802C,8031,805A,8057,7FFD,7FD5,8019,8000,7FD1,7FB1,7FE1,8003,7F83,7F55,7F47,7FAB,7FC9,7F8D,7FBC,7F79,7F50,7F34,7F80,7FBE,7F98,7F5D,7F37,7F1D,7F04,7F0F,7EF2,7EE1,7EC2,7EF3,7ECE,7EBC,7EC3,7EB5,7EC1,7E60,7E5C,7E8A,7EB0,7ECE,7E9D,7E78,7E84,7EBC,7EF4,7EFB,7EAC,7E78,7EA8,7EF4,7F4E,7F01,7EC3,7EB3,7EE9,7F32,7F1A,7F2D,7F62,7F29,7F21,7F48,7F78,7FDB,7FC7,7FCF,7FC6,7F65,7F31,7F39,7F7E,7FA3,7FCC,8001,7FD1,7F76,7F61,7F30,7F33,7FA6,8012,7FE8,7F9A,7F42,7F25,7F72,8003,8064,7FF4,7F8F,7F5D,7F9F,7FA7,7F70,7FA6,7F31,7F53,7EF5,7E9C,7EB7,7F16,7F3E,7F33,7F2B,7EE2,7EB9,7ED2,7EFD,7EF5,7ED9,7EB2,7E96,7EBA,7E9D,7E2F,7EDB,7E9B,7E97,7E4B,7E8E,7E66,7E2F,7E76,7EE6,7EEF,7E68,7EA2,7EED,7EF8,7E66,7E84,7E75,7E81,7E2D,7E73,7E89,7EC7,7EA2,7E52,7E56,7E73,7E4B,7EA9,7F11,7ED1,7E9F,7E3F,7E42,7E98,7EB6,7EB2,7EB8,7EB2,7EEB,7EF8,7E86,7E6C,7E32,7E87,7E97,7E97,7E91,7E8F,7E74,7E77,7E1D,7E2B,7E79,7ED0,7EA3,7E2E,7E12,7DD6,7E6C,7EAA,7ED4,7EBE,7E92,7E2B,7E2A,7EA9,7F0A,7E8F,7E9F,7E7F,7EF8,7F1C,7EC7,7ED2,7ED9,7ECE,7F18,7F10,7EFD,7EB4,7E44,7E4B,7ED4,7F33,7F17,7F3A,7EED,7EAB,7EBB,7E9D,7EC8,7F09,7F6B,7F10,7E6A,7E6A,7ED2,7F29,7EFC,7E81,7E6A,7F17,7F2A,7E9F,7E55,7E64,7EB1,7EFB,7F0D,7F06,7EFE,7EFB,7EF1,7EDA,7ED1,7F33,7EE7,7EFB,7EE9,7F14,7F4D,7F3D,7F28,7ECA,7F2A,7F80,7F43,7F0F,7F1C,7F5B,7F3D,7F18,7F1C,7F2E,7F2E,7EB0,7E75,7EC6,7F3D,7F25,7EA5,7E08,7E47,7EBA,7F47,7F8E,7F2B,7EF7,7EC1,7E94,7EE2,7F59,7F36,7F1E,7ECC,7EAA,7E5B,7E84,7EFE,7F96,7FE6,7F88,7F38,7ECE,7F40,7FE6,7FBD,7F4E,7F56,7F98,7FB1,7FA4,7FB7,7F96,7FBC,7FCE,7FE2,802B,801E,7FC0,7F98,8008,800D,8059,8033,7FD9,7FD3,7FE9,8081,8091,8070,7FC2,7FAB,7FEF,8019,807E,8099,800B,7F59,7F1A,7F3B,7FCD,803A,7FEC,7F64,7F26,7EB7,7F6A,7FBD,7FD6,7FDE,7F08,7E86,7E54,7F00,7F3F,7F41,7EFF,7E8A,7E2E,7E29,7E39,7ECA,7EBA,7ECD,7E44,7E47,7EAA,7E27,7DE1,7D3A,7DF4,7E91,7E56,7DEF,7D8D,7D67,7DB1,7DF5,7E64,7E6D,7DDF,7DC0,7D6D,7DBD,7E0D,7E25,7E25,7DF4,7D88,7DED,7E11,7E6C,7EBA,7E56,7EA8,7E52,7ED4,7E72,7EDD,7ED6,7EB7,7ECA,7ED0,7EEA,7EE2,7F0E,7F3D,7ED5,7EDB,7F26,7EF6,7F07,7EE4,7F4C,7F65,7F63,7F30,7F48,7F73,7F60,7F71,7F2D,7F22,7F0E,7F3E,7F5B,7F7B,7F7A,7F63,7F43,7EFA,7EE0,7F2A,7F6A,7F3B,7F0D,7F00,7EC6,7E9A,7EAC,7E36,7E49,7E2F,7EF5,7F0F,7F47,7F07,7ECF,7EB3,7EBD,7ECE,7F64,800B,7F9C,7EEA,7EBA,7EDF,7F74,7FBD,7FB6,7FA2,7F56,7FC4,7FB1,7F99,7FCF,7FDB,8011,7FB1,8014,800A,7FE4,7FDB,7F46,7F44,7F8A,801F,8068,8031,7F7B,7EEF,7EEB,7F6F,8001,8024,8037,801C,7F9B,7F9F,7F95,7FE6,8003,8007,7FD7,7FCD,7F93,7FD5,7FC2,7FA1,7F6A,7F80,7FD5,7FAD,7F6C,7EF2,7F3A,8022,8063,800C,7F9E,7FD0,7FCF,7FBA,7FD4,8000,8062,809E,7FD8,7F73,7FEB,800B,8086,8052,8031,803D,8097,8062,801F,804B,80DD,80D1,80DC,80AA,806F,806B,80DC,815D,810A,80F0,80F4,80E8,8099,80EE,8102,8120,8164,8130,80F4,814E,81AA,81DB,81D9,818F,8197,8157,818A,8232,82A2,8297,820A,815E,8123,8172,81B9,81FA,8248,8215,8157,815A,81C5,81DE,820F,81B4,8194,81BE,81ED,81E6,8187,8155,8185,81CC,81B5,81F0,81A0,8109,80DC,8120,8199,81C9,81D0,8142,80E5,8066,8076,80FF,8167,817F,8125,80EE,80C6,80EB,814B,81AC,819D,8157,8117,80E2,80D7,80DC,8151,815E,8169,815F,8101,811A,80F3,80E7,8134,819B,81DD,81DD,81C6,81B0,814F,8184,81D3,825E,827B,81C6,81EC,81D6,81BC,81B6,816B,81AD,81CE,8198,8133,812E,816D,8133,815A,8109,80F1,8143,8154,8122,80D0,8117,812E,810B,80C9,80F0,8146,8109,80B4,806A,804E,80D7,80D6,8080,803C,8027,8021,802C,8015,8019,7FFB,7FA5,7F6A,7F60,800A,7FCD,7F52,7F06,7EE1,7EDC,7EA3,7ED0,7F11,7EE8,7E5B,7E5C,7E92,7EF0,7ED4,7ECA,7EDB,7EAA,7EB9,7E9C,7ED0,7F4E,7F3B,7ECF,7E9B,7E95,7F0B,7F47,7F2C,7EDD,7EE1,7F20,7F63,7F61,7EEF,7EF7,7FAB,7F87,7F39,7F50,7FB6,7F9E,7F6B,7F16,7F37,7FBB,7FC1,7FDA,7F91,7F67,7F7C,7F77,7F54,7FA5,7FCB,7FC5,7F87,7F46,7F4D,7FE1,7FEA,7FC4,7F79,7F57,7F59,7F60,7FF5,7FF9,8030,7FA0,7F84,7FB1,7F85,7FCB,7FA6,801A,804E,800D,7F47,7F07,7F86,7FB4,7FC8,7FBD,7FFD,7FD9,7F89,7FAA,802A,8042,803B,807C,80A1,801B,7F3F,7F35,7F9A,8045,80A7,808F,8030,7FC5,7F79,7F59,8016,8069,808A,7FF1,7F45,7F48,7FEC,8087,8093,80C3,804E,800D,8001,8027,8083,8069,8065,804F,8069,7FFE,8032,805B,8057,8052,8030,8008,7FE2,7FEF,8014,8004,7FE4,7FF6,802B,7FD5,7FD6,8026,802F,8036,801D,800B,8014,802C,806A,8061,804D,80CE,80A3,803B,7FE0,7FFC,8056,8096,806F,7FB1,7F86,7FF5,8074,8041,8005,8059,8077,804D,8037,8032,7FED,805C,80A8,807F,8053,7FEF,8005,8077,808C,8097,80C3,80E8,808F,809C,80F1,80D4,80CB,80F5,814C,81B3,81B2,815F,8131,8120,81A9,81C6,81A9,8195,8199,8160,8153,8166,8188,8161,8137,814B,8121,818D,817D,810C,80EE,8141,81C6,8141,8159,815E,8118,810F,80A6,809F,80A4,80E7,8088,804F,8074,80F4,8112,80F6,8056,8026,802B,8015,8067,80AC,8094,80A6,80A6,8028,8072,809F,80C3,809D,80B9,80E5,8129,810C,807D,80E1,80BF,8105,8143,80CD,80E1,80BF,8158,8177,8176,814C,8122,812D,8129,818B,81A0,81AA,8187,8193,8216,820A,81B8,818F,81D9,819E,8145,8124,813E,8177,81B0,81B7,8125,80E4,818F,8205,824C,8196,810F,8178,8198,81CE,8175,80FB,810A,80F2,8158,81C7,81C9,81D4,8119,8126,814B,8170,8187,8157,8133,8106,810A,8100,8159,8183,81D6,818D,80A4,804D,80D2,81A9,81A3,8156,8115,80F7,808B,8082,8094,8099,807D,8096,8088,808C,8095,8064,8075,8089,80FC,80C8,8036,8070,8083,80A5,8084,805C,80E7,80F5,80FA,7FFF,7FE7,806B,8178,8172,8140,80D1,803C,80E2,8114,8177,8169,8150,80D2,80FA,8185,81EA,81BC,813B,8104,8122,8139,8162,8145,81A7,81E7,81C1,810A,8054,807F,80B9,81C5,816A,80DB,809E,8061,80CC,8142,81A0,80F9,8091,80BF,8120,80D1,80AF,80B9,80B1,80E8,80E6,80C4,809F,808C,808A,80FA,80B6,8063,8071,80FC,8151,810A,80A1,806D,8052,80DF,8112,80D8,80F0,805C,7FD5,8031,80AC,80EB,80B3,80C9,808F,8047,80BB,8103,8165,812D,8117,8134,814A,80E7,80EB,8120,8171,8180,8192,812A,80D4,80BF,808E,80E2,814C,8166,8134,8137,80DE,8090,80AC,813E,817C,811B,80A1,8073,80A5,80DC,80AF,80CD,80AF,8083,8060,8096,811B,80F2,8090,8089,80DD,80D9,808C,8054,807B,80C9,80B1,809E,80D5,8125,814D,8109,809C,80C3,80B9,8099,809B,80F8,815D,812B,80D1,80D6,8110,80F9,80EB,8112,8183,8149,80F8,80B2,80D1,8132,8180,8147,80ED,8106,813D,8180,811F,80B9,80BD,8175,820C,81A8,80B4,804F,8092,80B7,80CC,814A,8129,80A8,7FFD,7FFD,804F,808E,8089,8074,8059,8022,8001,7FE2,7FA7,8003,7FCA,7F76,7EEC,7F68,7FE0,7F7D,7F70,7F5E,7FC5,7F55,7F3C,7F3F,7F3F,7F0A,7F38,7F42,7F3C,7F35,7F69,7F7E,7F6E,7F30,7EF1,7F54,7F95,7FCE,7FA7,7F81,7F41,7EC5,7EDB,7FC8,8043,8031,7F1D,7ECB,7FAE,8025,8042,7FC1,7F9C,7FC9,7F84,7F96,8017,8012,7FED,7FDF,7FD9,7FED,800D,8045,806B,801F,80AC,8091,802A,804F,80C2,80EB,8050,805E,80B7,80DF,80BF,8072,8076,80A3,8095,802C,7FD5,7FE5,8012,8091,8096,8070,80AB,8088,806B,808A,80D9,809D,8068,8011,8009,8022,8090,80AB,802D,7FC7,7FA6,7FB2,7FC2,8005,8043,8026,804B,8077,803A,800C,7FAF,7FFC,8031,8021,7FDB,7FB2,7FC9,7F93,7F72,7FA3,802F,8040,7FFB,7FE8,7F86,7FD9,804B,802A,7FE3,7F9D,7F1E,7F34,7FB4,7FF8,8017,7FC0,7FAA,804E,8067,8047,7F9F,7F6A,7FD4,7FA9,7FCB,7FFF,8047,802F,7FF5,7FE6,7FFE,808B,803B,7FE3,7FF2,801F,7F96,7F7B,7FD9,8073,8072,802B,7FDD,7F7A,7F93,7FEC,7FDD,7FA9,7FC0,7FD1,7FE2,7F61,7F31,7F70,7FD2,7FB4,7F7F,7F81,7F5D,7F6A,7F56,7F94,8004,7FB2,7F73,7F7A,7FA5,7F5D,7F3C,7F9C,7FB9,7F88,7F58,7FA3,7F78,7F1D,7F95,8060,8069,7FB7,7FA1,7FBE,8010,7FFB,7FA7,7FAA,7FB2,7F63,7F68,7FFC,7FDA,7F9D,7F9A,7FCD,8000,8005,8057,808F,809A,809E,8050,7FE7,7FF5,8005,7FFE,80B5,80C6,8038,7FD8,7F69,7FE7,800F,801F,8029,8025,7FB0,7F84,7F51,8001,800D,7FD1,7F9B,7F3B,7F49,7F2D,7F1F,7F43,7F89,7F4C,7F50,7F30,7F09,7F01,7E96,7EA7,7EB7,7F3E,7F55,7F10,7E9B,7E75,7EF8,7F84,7FCE,7F8F,7F44,7F0F,7ED9,7EDA,7F53,7FDE,7FF2,7F80,7F36,7F39,7F53,7F9A,7FDA,8025,8095,7FCA,7F48,7F75,8020,7FE4,7FB3,7FF5,8050,809B,8049,8015,7FDD,8056,80D5,811F,80C3,7FF1,7FE1,806D,8094,807E,80F5,80F8,80B2,8040,8069,80AB,8080,805F,8054,8099,809A,8020,7FCA,7FDA,7FB4,7FE7,801E,7FF4,801A,802C,7FB3,7F66,7F26,7F52,7FAA,7F95,7F93,7F29,7F1A,7ED2,7EE7,7F00,7EEC,7EF3,7EA8,7EDE,7E86,7DE5,7DCD,7E6F,7F34,7F3A,7EF4,7E13,7DBD,7E3A,7EDF,7F7E,7FA0,7F6A,7EB0,7E3B,7E4E,7F06,7F9C,7F49,7ECF,7EB0,7EA6,7EF6,7F76,7FB9,7F2C,7F02,7F67,7FFE,7FC9,7FA3,7FAF,7F8E,7F6E,7FC4,8022,7FFE,7F7A,7F42,7F4F,7F37,7FAC,7FB8,7F7C,7F9C,7FD4,7FAB,7FC8,7F9A,7F66,7FCF,7FD9,7FF5,7FC0,7F6A,7F72,7F6A,7F65,7F82,7FA4,7FB7,7F9D,7F6B,7F5B,7EE7,7EC7,7EEF,7F00,7F14,7EAE,7EF6,7F27,7F2F,7F0E,7EDE,7F1B,7F21,7F0A,7E9D,7E3A,7E30,7E5B,7E9C,7EE2,7E90,7E77,7E65,7E75,7EEF,7F1C,7F2A,7EAC,7E77,7EE5,7ECA,7E89,7E7B,7ECD,7E55,7DF9,7EBC,7F4B,7F52,7F13,7EC0,7EB2,7EC3,7F11,7F53,7F4D,7F14,7EF2,7ED8,7F00,7F04,7F32,7F33,7EAB,7EAF,7EB9,7F55,7F85,7F5F,7F1C,7EF4,7EC3,7EB3,7F41,7FD5,7F93,7F03,7E9A,7EBA,7F21,7F64,7FC2,7F75,7E97,7E3D,7E93,7F80,7FB6,7F3D,7F21,7F36,7EE1,7EAD,7F1D,7FDE,7FBF,7F68,7F22,7F08,7F20,7F26,7FB6,7FA1,7F68,7F17,7F38,7F91,7FE6,7FC3,7F9F,7FBF,8034,801A,7F70,7F7E,7FDD,8025,8069,806E,803E,8018,8028,804E,80C5,80D7,80AD,8068,8080,80D8,80F1,8128,80EF,80A6,8012,800B,809A,80E1,8114,8101,8109,8092,800D,7F44,7FC6,80BC,8113,807E,8019,7FB6,7F77,7FEC,8059,811A,803D,7F93,7F32,7F22,7F94,800B,802D,7FE4,7F99,7FA8,7F7F,7F89,7F9C,7FB6,7F23,7F0D,7F23,7F50,7F3F,7F0C,7EF4,7E9D,7ECC,7EFC,7EF9,7EE9,7F22,7EC7,7E9C,7E4C,7E80,7ED5,7ED9,7E7F,7E8A,7E73,7EC4,7EF2,7F69,7F42,7F03,7EE3,7E88,7F0A,7F60,7FB9,7FA5,7F8D,7F76,7F65,7FB1,8014,806F,8099,803B,800D,7FEA,8031,8088,807C,8017,7FEF,7FB5,7FB1,8012,8063,8075,8074,8039,8004,7FCC,7FE7,7FC7,7FEB,807C,804C,7FBD,7F81,7F57,7FC6,7FFA,8065,802A,7F90,7F69,7F5E,800E,8031,8008,8005,7FD3,7F9C,7F8B,7F65,7F2D,7FA2,7FF8,7FFB,7FEF,7F4F,7F02,7EEB,7F04,7F1D,7F59,8015,7FE9,7F77,7EF0,7F10,7F29,7F93,7FAF,7F5E,7F21,7F4C,7FD8,7FF5,7FB1,7F30,7F13,7F07,7F68,805F,80A5,803F,7F6A,7ECA,7FC1,8032,8062,8088,7FD5,7F80,7F1D,7F13,7FDA,80B0,80BD,7FE0,7EF2,7F21,7EF1,7F12,7F51,7FCC,7FAF,7F64,7F30,7F95,7FDB,7F5A,7F3B,7F31,7F62,7F94,7F7C,7F8A,7FE6,7FC6,7F6D,7EEA,7EF8,7F50,7FA0,7F83,7F97,7F70,7F8B,7F5D,7F82,7F83,7F5D,7F91,7F92,7F91,7FA0,7F8C,7FB6,8030,8009,7F50,7EDE,7F61,7F7F,7FC7,7FAE,7F61,7F67,7F3D,7F67,7F64,7F1A,7F0E,7F47,7FCB,7F6E,7F87,7F56,7FA0,7FC2,7FD6,7FAA,7F2B,7F18,7F19,7FA8,8031,808F,8049,802B,8000,7FAC,7FB2,7FE4,804B,801F,802B,7FE4,7FF1,7FBD,7F97,8028,8047,8018,7FF2,7FDD,801C,8047,7FF5,7FDA,7FD4,7FDF,7FB6,7F9E,7F48,7FA8,8045,8052,8054,7FCC,7FE1,801E,8034,7FEA,7F73,8017,808D,808E,80DC,80E7,80A0,8081,805A,80A3,80A5,8088,8098,80C9,80FC,809F,803D,80B7,8132,8083,800C,8001,8097,81A0,8191,813C,80AB,808F,808D,8085,8110,815A,8151,808C,80B9,814C,81DC,81B3,80F4,80E0,8087,80D3,8166,8184,819F,8125,811E,80E0,80BA,80FC,80C8,80A3,8071,80E8,811A,8152,8192,80B9,7FEE,7FA6,80B6,817F,813A,80D6,80AC,8078,8047,80D4,8128,80BE,7FEA,7FF4,7FF4,8061,80D3,80A9,809B,8099,80B5,8022,7F9F,7FFC,802E,802A,8011,8046,809F,80AE,802D,8027,805B,805D,8012,806D,8114,80F5,804F,8033,807C,8039,802F,8033,8010,7FA7,7FD6,8105,814E,80FD,8095,8011,7FE1,7FF8,80AF,8175,8187,8165,8134,80FB,8097,8072,80B1,818D,81E0,80D8,8055,805E,8162,81DA,81CA,818D,8100,80D7,80FD,8161,81D1,820D,8173,816F,81BF,81FB,81A1,810B,80E4,8108,80A1,8086,80D1,815E,81B6,811F,80B4,8089,8036,8038,80DE,812E,814E,8101,80DB,80DD,80F4,8074,8052,80B5,813A,8138,80E4,800F,8039,80C1,816A,81DB,8152,809D,802E,80D1,814F,816B,819D,81E0,816F,807D,8017,800E,8106,81AB,81F7,817F,808E,8064,80E3,81B8,81C3,81A7,8145,8105,80CD,8100,8167,8138,8113,811A,8145,81D4,819B,8136,80FA,8104,8190,81DB,81DA,817C,8118,80D7,8140,8168,814F,81DA,81F8,81C8,81BF,812B,8117,8187,81FF,81A2,8118,80B9,813E,8187,814E,8129,8133,8158,8168,81BD,818B,813D,812E,81A8,81CD,81C1,818E,817B,8158,8169,8203,81B6,8179,81A3,819A,81D7,81F7,81FE,81BD,81C3,8181,81CF,8233,81E0,817D,80D4,80F7,81E7,8291,8223,810B,80E6,8180,8223,81AC,8102,8136,817D,813D,80BA,80CD,814B,8182,815F,8101,80E8,8122,8108,80EE,80D9,8136,80EA,8107,8122,8141,80E1,8027,8074,8125,8193,80F9,8079,808C,80C2,80E3,80E8,8045,8034,806C,8154,81A8,811A,808F,806C,810E,8186,80E8,7FFB,8045,8108,820E,81F2,813A,80BB,8064,80CA,812E,812F,807F,8079,8136,8195,817B,80FC,80CC,80DF,8188,81A7,80CB,8047,80AA,8135,80E4,8085,801B,807A,80C2,811C,8192,80B5,8001,804B,80F6,8102,80F2,8081,80B1,810D,80D2,8030,7FAE,8002,8167,81FD,813E,800E,7F76,7FFE,809D,8125,80E9,807A,8003,802C,8094,80A9,8098,8071,805B,806B,80CA,80C2,8069,7FE6,809B,810D,811E,80B5,801D,7FCC,8004,7FE3,8076,807B,8078,80D6,8018,7FD4,7F3E,8085,8133,80DA,8007,7F64,7FCE,80D4,8162,80A9,8006,7FED,8019,8034,7FE3,7FB4,7FDA,800D,80A4,80F7,80AE,7FE7,7F4E,7F59,7FFB,8086,8070,80A2,80C5,8098,7FFD,7F9F,7FF1,8026,804B,7FF5,7FF7,8048,8041,804B,7FED,7FE3,7FAF,7F73,7F8E,7FC6,8092,80C4,8034,7F3A,7F5A,7FF2,8035,7FD1,7F5C,7F82,7F7A,7FE8,7FE9,8001,7FB3,7F1A,7F0E,7F7E,8035,8099,8001,7FBA,7F7F,7F1F,7F37,7F7F,8026,8028,7F5F,7EC5,7EBC,7F0C,7FC3,7FAF,7F5E,7EEA,7ED8,7F02,7F1C,7F79,7F79,7F67,7F4B,7F42,7F79,7F89,7F53,7F8A,7FDD,7FB0,7FA6,7FC8,7FD8,7F45,7F09,7F71,7FC4,7F97,7F8E,7FEA,8015,7FB4,7F47,7F83,7FD0,7FA3,7F88,7F9D,7FB1,8005,7FF6,7FB1,7F84,7FC7,8003,7FF4,7FF9,7FA7,7F79,7F9B,8011,804F,7FE0,7F4C,7F7D,802E,807D,80B8,8050,8032,800C,8003,7FC4,7F72,8021,8040,8025,7FC3,7F7C,7F76,7FBF,8018,807B,8010,8020,8043,8047,8005,7FB4,7FBC,7FF6,8014,7FF8,80BC,80FC,8065,7FE4,7FF0,7FDB,7FC8,7F93,802E,80AC,8045,8043,7FF0,7FE8,7F9A,7FC5,8068,8084,8039,7FD7,7FFF,8044,801E,7FF1,8002,801C,7FF9,7F74,7F72,7FDA,800D,8063,8085,8043,7FD8,7FB3,7F83,7F97,7FA1,7F9F,801F,8019,804A,7FB6,7F3C,7EF0,7F60,7FC3,7F81,7F88,7FAE,8061,8091,8044,7FFD,7FBF,7F64,805C,8067,8071,802E,805B,811F,8107,80C9,8009,7FD9,8069,80F6,8103,80E0,805B,809E,809B,806F,8074,80D1,80E0,80E2,80CE,80B1,80AD,8094,80B9,80CD,8121,814E,80AA,8037,80A1,8102,80E5,80BE,80B9,8109,817C,8142,8107,80A5,8074,8082,8121,8172,8133,812D,810B,80D2,8076,8055,80B4,80C6,8094,8016,8030,803A,8036,803C,807A,802E,7FC3,8006,7FDF,8052,8080,804D,7FF1,7FD4,7FD8,7FA8,7FD5,7FC9,7FD9,7FF5,8050,805C,8027,7F97,7F5B,7FA6,7FC3,7FCA,7F87,7F3B,7F6F,7F5F,7F33,7F14,7F3F,7F45,7F91,7F7D,7F7E,7F3F,7EEC,7F04,7F1A,7F5A,7F7F,7F7D,7FAD,7F35,7EC8,7ED7,7F1F,7FBF,7FF3,7F8E,7F11,7E9B,7EE1,7F81,7F8A,7FD1,7FB8,7F8D,7F36,7F3A,7F5F,7F5A,7F66,7F73,7FC7,7FD5,7FAF,7F9B,7FE6,7FC5,7F72,7F45,7F42,7F7D,7F56,7F7C,7F7B,7F50,7F52,7F56,7F75,7F73,7F1D,7F01,7F37,7F28,7F73,7F36,7F48,7F69,7F35,7F10,7F3E,7F6D,7F54,7F0E,7EFC,7F32,7EC8,7ED0,7F8A,7FB4,7F51,7ED3,7E7E,7EBA,7EBA,7EED,7F5F,7F4F,7EAE,7EC5,7ECE,7EA7,7EB3,7EBF,7F0F,7ED7,7F0F,7EF5,7F65,7F61,7F17,7EC7,7EAC,7E95,7E87,7EAB,7EDF,7F20,7F70,7F33,7E7A,7E41,7E92,7F0F,7F16,7F16,7ECA,7EC4,7EDB,7EEE,7EC5,7EFC,7EF0,7F10,7EC4,7E81,7E59,7EA4,7F17,7EF5,7F17,7ED6,7E42,7E40,7E21,7E99,7EC6,7EBE,7EB7,7EA7,7ECB,7E96,7E4D,7E27,7E8B,7ECE,7ED3,7EB8,7E75,7E68,7EBC,7ECA,7EDB,7E5F,7E08,7E3F,7ED0,7EDD,7EC0,7EF4,7F01,7ED0,7EF6,7EE4,7EB4,7EED,7F13,7EE6,7EBC,7E6D,7ED9,7F35,7F3A,7EC9,7EAB,7EB7,7EDD,7F5F,7F16,7F28,7ED6,7EF9,7F38,7F16,7F25,7F17,7EF8,7EDB,7F2A,7F10,7EBC,7F00,7F20,7F32,7EFB,7EFC,7EBD,7EF4,7EDE,7EC1,7F39,7F84,7F70,7F15,7ECE,7F0A,7ECB,7ED5,7EF7,7EE7,7F58,7E93,7E5A,7E7E,7E93,7ED2,7E9C,7E73,7E1E,7EB8,7EEB,7EB6,7E95,7E8D,7EAB,7E5F,7E2C,7E84,7EAC,7E9E,7ED7,7EAC,7F08,7EFA,7EEF,7ECF,7EC0,7F08,7EE2,7EDE,7EC4,7F0B,7F60,7EF2,7EB7,7ED1,7EFC,7F32,7EF7,7E9E,7EE5,7F1F,7F79,7F93,7F63,7F58,7F10,7F1E,7EF7,7EED,7EE9,7F11,7F3D,7F18,7F66,7F18,7F55,7F2C,7F4F,7F12,7F1E,7F19,7F27,7F28,7EDB,7EB0,7EC7,7E7E,7E84,7EAA,7F01,7F14,7EF0,7EB6,7E62,7EBF,7E5F,7ECA,7EC6,7F10,7EFC,7EA5,7F04,7F17,7F40,7F40,7EBD,7EE1,7EAC,7EEA,7F06,7F46,7F32,7EE1,7EE2,7EB1,7EFC,7E6F,7EF5,7F89,7F97,7F50,7F26,7EEB,7ECB,7EEC,7F29,7F4D,7F2B,7F21,7EE5,7EC5,7F05,7F3B,7F01,7EF5,7EEB,7F52,7F2D,7F3F,7F33,7F1B,7F4A,7F28,7F41,7F19,7F09,7F29,7F12,7F5C,7F7F,7F71,7F69,7F2E,7F20,7EF4,7F0F,7F68,7F2C,7F48,7F82,7F71,7F85,7F77,7F97,7F8B,7F39,7F3E,7F91,7FB5,7F86,7FAB,7F61,7F1A,7F43,7F4E,7F9C,7FBA,7FF9,8025,7FB0,7F84,7F49,7F59,7FD2,7FE8,7FAC,7FB3,7FB1,7F99,7F78,7F48,7F4C,7FD6,7FE2,7FCE,7F85,7F37,7F2D,7F21,7F83,7F5F,7F02,7F1F,7F44,7F52,7F4D,7F43,7FA0,7F96,7F96,7F9D,7F90,7FB6,7F5E,7F92,7FC3,7FC7,7FD3,7FA9,7FA9,7F70,7F88,7FE1,7FA9,7FC7,8017,800E,7FB0,7FA4,7F97,7FCB,8012,801C,8062,8007,7FCC,7FD8,7FC9,7FB4,7FC8,7FBC,800D,802E,8031,8040,803C,8056,8025,800D,8027,8038,8065,806E,8073,8041,7FC1,7FCE,7FF1,8007,8005,802C,8028,8004,8072,8052,8070,8078,8041,8054,8048,8095,807A,804C,805B,805C,8092,804B,8036,8077,8071,808A,8081,80BA,80A8,80A8,805A,80CE,80CC,80C3,80FD,80BC,80BE,8092,80A5,80CC,8107,80F2,8082,80A0,809A,80B2,8095,8077,80C0,8084,80AD,80BE,80BB,80BB,808C,8074,80A0,808F,802C,8002,8019,8048,805A,801D,808B,809F,804E,8052,8047,8053,8074,8060,8031,7FFE,8006,7FE3,7FE4,7FAA,7FBA,7FCD,7FA8,7FE7,7FD2,7FBE,7FCA,7FEC,7F9B,7F90,7F53,7F58,7FB3,7FEC,8033,804F,804C,7FC2,7FBA,7FB0,7FB3,7FE2,7FF4,8008,8019,8002,8010,802F,8012,8080,805F,802C,803F,8025,8059,8063,807D,8080,8074,8083,809C,8025,800C,8044,804F,8087,8095,809C,8072,805D,807F,80C6,80BC,809F,80CB,80C2,80E0,80A0,80BC,80BB,80DD,80BE,80A3,8066,8093,80AB,80D1,80BC,80C7,8089,8067,8082,80AC,80A1,8068,8090,80A0,80A5,80BD,80CC,8087,80A3,807A,80B1,809A,809F,8081,8081,809F,806E,8081,8077,8072,80A4,809C,80A8,8070,80A1,80C0,809B,8098,8059,8072,8061,8018,8059,8072,8079,8056,800D,803E,803A,802A,800D,8046,8022,800A,8024,8016,8043,8030,8097,8034,7FF1,8041,8054,8038,7FDC,8022,8094,8059,803C,7FEA,803E,8023,7FFB,804E,806B,803F,7FDE,800B,801F,8028,8068,808B,8075,8037,801A,805A,8061,808D,8064,8071,8009,803F,8045,8035,80A7,80B5,8084,801D,8023,8048,8055,7FF9,8001,8012,801E,802E,802A,8028,8000,7FD7,7FE3,805B,803E,7FE7,7FE1,7FE0,802B,8062,8022,8013,802C,802D,8028,8061,804A,8062,803A,8027,8066,8020,8026,8012,8047,801E,805D,806C,8091,8081,80C0,80C6,8067,8055,802F,80BA,8091,8075,807C,8060,8097,8092,80BC,80D4,80E2,80C6,810D,80AF,8081,80CB,80D0,810E,80B9,80D0,809A,808B,80EF,80F0,8134,80F9,80D5,80E8,80D6,80E9,809C,80A9,80DE,8105,80F6,80E3,8103,8108,80F7,80F3,80F9,8103,80F7,80E9,80F7,80E2,8131,80FC,8104,810E,8121,813C,8116,813B,8148,8128,811D,8153,80F0,8130,813E,814C,8141,8113,812E,813D,812B,811E,812B,8138,812E,8122,811E,80DF,80D5,80D7,80F3,80B9,80CB,80C3,80BD,80B8,80B0,80B9,80AD,80CB,80E6,80F0,809C,80C4,8078,8088,809B,809F,80A3,80A0,807E,8087,80AB,8091,807D,8015,8029,8056,806C,8050,80A6,80B2,8071,80AD,809B,809F,806E,809F,8060,805A,803B,8061,80A3,8054,8067,8098,8063,803D,8032,8043,8058,8066,808C,809B,8072,801C,8064,8091,8066,8088,80BF,80FB,8114,80D9,8105,8098,8106,80FB,8116,815F,8143,812D,8128,8124,80EF,8111,8100,813D,8121,80E5,8117,80DB,80DF,8132,8128,811E,8137,812B,80FB,80A8,80ED,8112,8130,8114,80BD,80ED,80E7,80BC,8081,80D8,80E2,80A9,80B1,80BD,8126,80F6,811E,811D,80D5,80FE,80D2,8118,812B,8139,8122,8120,80F3,80E2,80BD,80EE,80F6,80BB,8111,8133,80ED,810D,8111,80F8,80F8,811F,80FE,812E,810B,811E,80BF,80E9,80E5,80A9,80D2,8084,8098,8022,805E,803E,8069,8048,809E,8034,8035,807E,8061,809E,808B,8082,806F,8063,806D,8029,804E,8042,7FF9,8018,803C,804D,8023,7FF2,802C,801D,803E,804C,7FE2,7FE8,7FE3,8016,7FF7,8011,8016,7FFC,7FEA,7F90,7FB4,7FAB,7FDE,7FD5,7FCE,8024,7FC5,7FB9,7FC1,7FFE,8019,8037,8017,7FE1,8024,8002,7FFD,7FD8,7FFE,802A,8004,7FD0,7FD5,7FDE,7FA2,7FA7,7FB4,7FB9,7F9A,7FE2,7F85,7F78,7F55,7F3D,7F72,7F9D,7F97,7F44,7F31,7F51,7F46,7F1C,7F0D,7F7C,7FA8,7F56,7F33,7F3D,7F68,7F53,7F18,7F0B,7EFC,7F0A,7EF8,7EF5,7EFD,7F02,7F04,7ED7,7ED0,7E98,7EF0,7EB8,7EAE,7EB6,7EB4,7F19,7EE4,7EDE,7EB4,7E9A,7E8D,7EAF,7ED5,7EDA,7F25,7E9C,7E74,7E71,7E6E,7ED3,7E88,7ECF,7EAA,7E63,7E52,7E82,7E86,7E49,7EB7,7EAB,7E7F,7E48,7E54,7E64,7E69,7E8C,7E84,7E8B,7E91,7E86,7E8E,7E91,7EAD,7EE2,7E9B,7EAE,7E98,7E87,7EA1,7E9B,7EA1,7E7E,7E4E,7E5A,7E84,7E9B,7ED4,7E7E,7EB6,7EA0,7E75,7E73,7E7D,7EF8,7EF2,7EF9,7F02,7ECA,7EBB,7EC3,7EC9,7EFA,7F25,7EFE,7EA6,7EAC,7ED4,7EC8,7EC1,7F10,7F09,7EB0,7EAF,7EAC,7E95,7EC7,7EE3,7EF9,7E7F,7E79,7E8C,7E86,7EA7,7E6E,7E60,7E05,7E7B,7E7D,7E6A,7E33,7E88,7E96,7E69,7EAC,7EA6,7EB6,7E6A,7E99,7EA1,7EDF,7EBD,7E70,7EE4,7EF9,7EF4,7ED5,7EDD,7EA9,7F0A,7EE7,7F08,7F10,7F08,7F51,7F47,7F50,7F26,7EF0,7F17,7F32,7F39,7F72,7F5F,7F56,7F43,7F2C,7F5B,7F4F,7F35,7F4D,7F3F,7F56,7F65,7F57,7F26,7F63,7F61,7F35,7F57,7F25,7F1B,7F33,7F1C,7F1F,7F1F,7EFB,7EF9,7EB1,7F02,7F2E,7EFD,7F07,7EDD,7EBE,7EC1,7ED6,7EED,7F03,7F07,7F25,7F04,7EED,7E7F,7ED2,7EEB,7EC2,7F08,7EDF,7EE1,7EDB,7E84,7EA4,7E9A,7EA3,7F11,7EDF,7F3D,7ECE,7EC0,7EAC,7EC0,7EE9,7F0F,7EB6,7E7F,7EED,7EA0,7EBE,7EA9,7EBA,7EC5,7E7C,7E6E,7EC3,7EBF,7E9B,7EC1,7EAE,7F09,7ED5,7ED0,7E5D,7EB1,7EAF,7E8C,7EB2,7EAC,7E5E,7E65,7E4A,7E7C,7E65,7E4F,7E7A,7E18,7EA0,7E6C,7EA6,7E83,7EB9,7E39,7E7E,7EC9,7EE1,7EAF,7E80,7ECC,7F14,7EB5,7EC3,7EF7,7EE0,7F05,7F33,7F12,7F0D,7F06,7F30,7F65,7F63,7F51,7F41,7F2A,7F34,7F30,7F3C,7F27,7F0E,7F0A,7F6C,7F11,7F4B,7F64,7F6F,7FC9,7F90,7FA7,7F2D,7F5C,7F6A,7F6D,7F9A,7FC0,7FC4,7FBB,7F77,7F8A,7FA9,7FD7,7FC0,7FDA,8009,7FC5,7FC1,7FA3,7FFD,7FD6,7FBA,7FBB,7FAA,7FAB,7FDB,8000,8004,7FC2,7FE7,7FD8,7FC7,7FC9,7F8B,800E,8018,8039,8002,7FE0,7F92,7FD9,7FCF,7FEF,803B,801B,8031,8028,8008,8032,8054,801B,804E,8035,803A,8031,8042,8043,8040,805D,803F,8080,8044,80A1,80AD,8077,809F,8070,80C5,80D1,808A,80BF,80EF,80CE,80CE,8100,80D1,80F5,8103,80FC,80F3,80DC,80E6,8123,813C,80E8,8116,80D7,8128,8107,80F9,811A,80D1,80CC,811F,8137,80F4,8121,80F6,80EC,80B1,80E6,80F8,80FB,812D,80F6,80E2,80C6,80D3,80F5,80C6,80D3,80DF,80E8,80FD,80D2,8100,8124,80BD,8082,80F2,8115,80FF,80CD,8113,8111,80C3,80C8,80B1,80C3,8128,8136,8113,80AB,8099,80B2,8071,80AE,80E4,8117,8107,8099,80BF,80A4,806B,809B,80BE,80AC,80BC,80AB,8093,8030,8068,805B,8048,8038,804B,8066,8060,80AA,8041,803D,8005,8058,8035,7FCA,802F,800C,8026,804A,805E,8080,8087,802F,802F,8037,8040,807D,804B,808F,8063,8029,804B,8013,8009,8021,8061,8050,803B,803C,8032,802C,802D,804B,8027,8001,8017,7FFD,7FEE,803A,802F,804B,7FE7,7FBD,7FFF,7FFF,7FD4,7FF3,800A,7FED,7FAD,7FF9,8013,7FF8,8013,8011,8005,8015,7FD9,7FF2,7FE8,7FFC,8036,800F,803E,8023,8044,8019,7FF7,803A,8022,7FF3,7FFE,8013,8001,8014,7FED,8015,8018,7FF6,7FE7,7FC3,7FD5,7FB7,7FB7,7FC0,7FA1,7FAE,7F96,7F92,7F9D,7F97,7F87,7FAB,7F9A,7F5F,7F51,7F49,7F29,7F36,7F79,7F48,7F41,7F3C,7F28,7EF0,7ECF,7F10,7F28,7F0B,7F3E,7F45,7EF8,7EF8,7F45,7F24,7F0E,7F18,7F3F,7F4D,7F48,7F39,7F55,7F05,7F41,7F57,7F86,7F64,7F52,7F85,7F8F,7FFD,7FD1,7FB7,7F49,7F94,7FC1,7FA6,7FD1,7FB6,7FCD,7FA2,7FC4,7FB0,7F92,7F7C,7FBB,7F96,7FA7,7F90,7F45,7FFE,7FB6,7FB2,7F7E,7FAE,7FB7,7FD1,7FF4,8030,8013,7FF1,7FF8,7FF1,7FF5,800A,7FDE,7FE6,8031,803B,8053,8057,8086,808A,806B,8049,801E,807D,8070,802F,807A,804C,8025,8055,803F,803E,801D,8050,8051,805B,807E,8051,8053,803F,8059,8069,8095,8081,804E,8070,8088,806E,8077,80FA,80C9,8084,8086,8094,8085,8091,80BC,80A5,80AB,80BE,8080,80AD,8094,80D2,80D9,80D9,812D,8123,8106,80DD,80D2,8124,80D8,8107,80E7,80A1,8093,808F,8136,812C,8120,8126,811A,811C,80EB,8128,8101,80E9,8108,80BD,80B7,80E9,80A1,8091,80CA,80BE,812A,80D9,80C6,80EA,8112,8141,80F7,8124,80CC,80C3,80DB,80C5,80ED,80FE,80FA,80E9,80FE,80DF,8108,80F9,80A9,8111,8110,814A,8127,8113,8127,812A,8122,8139,817A,8127,8174,812A,815F,817B,8179,8136,812C,8156,80E6,810D,8158,8162,810B,8117,8169,814B,8123,80E9,8119,8129,810E,8139,8139,80D1,80A0,80D4,80D7,80E6,80BA,8134,8105,80C1,810B,810B,8108,8117,80D7,80E1,80FE,80DE,8107,8149,812B,8107,80E7,80C5,80C0,80B4,80BA,80BC,80CF,80CD,80B8,807E,80D6,80E6,80E3,80EC,810F,8145,80F5,80F9,8105,80FD,80CA,80EB,80D5,80CB,80BB,80BE,80C2,80C6,80B5,80C8,8086,8078,80AD,80DF,80B6,80A9,80E4,80D8,80B4,808D,80DA,80AF,80ED,80E4,80C4,809E,80B4,8097,808E,8119,80E8,80DD,8077,80CD,80BC,80F1,8111,80DE,8147,80C5,80B4,80E5,80EA,80EB,80E7,80A9,80A6,80A9,80A5,8097,80AF,80B3,80B0,80C1,80E7,80CD,80C6,80E1,80BC,8089,8096,80A8,80E3,80B9,80A2,80C3,8082,809C,8087,80B7,80B1,80C7,80BB,8082,8081,807D,808B,8080,80B4,80C4,809B,8077,806C,8070,806F,806A,8094,809C,8095,8053,80A5,8095,8064,8088,806A,80B0,8075,8061,8061,807E,8089,8061,8061,8017,805D,8030,8025,804C,8083,8088,804C,80AA,8081,8047,8047,8029,8051,805E,8067,809B,805C,8023,8015,8051,8047,803E,8047,8045,8010,800B,7FE0,7FF4,8044,801B,8014,7FCA,7FD2,7FC4,7FC6,7FAD,8020,8038,8008,7FEE,7FCF,7FDE,7FB9,7FBD,7FC5,800E,7FE5,804A,7FEA,7FD6,7FE7,7FE0,8011,7FE8,7FFE,7FD4,8021,7FC9,7F87,7FAD,7FC1,801E,7FC3,7FC2,7FC4,7F9B,7FC4,7FB7,7FC3,7FB2,7FC5,8001,7FE9,7FD2,7FE6,7FAA,7FD8,7FE7,803D,803D,803A,8038,7FF1,7FE0,7FFF,802E,8028,802D,8028,8014,8017,8013,802D,8019,8030,8033,8011,8018,8014,8040,8012,800B,802C,8055,803A,8035,805A,802A,805A,8065,8046,8049,8052,8012,8018,803E,8053,808A,8057,8029,801B,8024,7FFB,801F,8013,802B,802E,8004,7FE0,8000,801B,8011,801F,803A,8014,800E,801E,8033,804E,8081,805D,8072,8059,8041,8048,802C,804D,803B,806E,806F,8042,803F,8035,8075,8053,806C,8085,80CC,8099,805D,808D,808D,8098,80B4,80E3,80B9,8087,8019,8047,8089,80A3,808D,8096,80A8,8033,8098,8081,8099,808C,80D0,80F8,80C8,80B1,809C,80A0,8091,80B5,80AC,807A,80AA,80A4,808C,80AB,8098,80CA,80E1,80DC,80A5,80AE,80C6,80ED,8101,811F,80FD,8102,8101,811D,8124,80EE,80E9,8114,80FC,811B,812A,8133,811E,811C,8144,8115,8150,8135,8111,816E,8128,8141,813E,8167,810C,8138,8138,8137,8138,810A,8159,811A,815B,813C,8144,814B,8123,8133,80F1,8141,815C,8125,8140,8131,8142,811E,814D,8128,80E0,815F,812F,8158,811B,8109,815B,813A,8150,8151,811D,812B,815C,815C,8185,818F,8108,8142,8180,814C,8151,8101,814D,8127,815F,813B,80DC,8146,80F8,8130,813F,8151,8168,813E,8142,813A,8119,80F0,80FA,80F2,80E3,80E6,80D6,80F2,80E9,80BA,80C9,80DA,80E8,80E2,80EF,80E4,80EF,80D5,80D2,80E1,80B8,810F,8107,80EA,8130,80F9,8128,812D,8126,8113,80DF,80F7,80E4,80CB,80A3,80B2,80BA,80A3,80AC,807B,8078,8047,802F,8032,8057,8056,802A,803D,8068,8066,8061,8049,8017,8005,7FF0,8033,804B,8047,8047,8053,8046,8036,8051,8074,8052,805E,8054,80A5,8084,8084,8066,8055,8049,8044,805F,8028,8060,807F,80C3,809C,809B,8060,8068,809C,80B2,80B2,80B8,80ED,80D9,80C6,80CD,80E0,80CB,80D9,8113,80CB,80EE,80DE,809B,809E,80AA,80D4,809E,80C4,808E,8099,80C1,80B7,80F7,80A8,80BD,80EB,80FC,80D6,80D5,80B8,80D5,80DC,80E2,80CA,80A4,80AF,80D3,80B6,80E8,810D,810B,8126,8102,8121,80FC,80F9,8101,8114,80FA,812D,80F1,80E3,80E4,80F1,8101,80F4,80DC,810A,80ED,80B9,80AC,80D9,8105,80AD,80E0,8099,80B9,80B1,80C5,80A3,8082,80B5,8094,808A,8075,804E,8070,8068,8057,8077,806E,8015,8042,804C,7FF2,8025,8040,804A,8047,8038,8037,802D,8017,8032,8004,800E,7FFA,7FDA,7FBD,7FBC,7FD4,7FB6,7FC7,7FD1,7FD7,7FAC,7FE2,7FDC,7FFA,800F,7FD6,7FCE,7FC0,7F7E,7F7D,8011,7F66,7FBC,7FB6,7F69,7F71,7F95,7FA5,7F60,7F6C,7F64,7F5A,7F9C,7F84,7FAB,7F65,7F94,7F8F,7F75,7F51,7F5F,7F8D,7F56,7F66,7F54,7F67,7F22,7F17,7F2E,7F1A,7F0F,7F13,7F62,7F0B,7EE8,7EF7,7EEC,7F13,7F09,7F23,7F08,7F1D,7ECA,7EFC,7F02,7EF8,7F27,7F21,7F2B,7F37,7EFD,7F17,7EE0,7EF6,7EBE,7E5B,7EC3,7E6A,7E74,7E56,7E32,7E88,7E8D,7E45,7E75,7E5A,7E3D,7E24,7E08,7E48,7E2C,7E34,7E5E,7E44,7E35,7E47,7E38,7E55,7E3B,7E72,7E6D,7E5C,7E5F,7E3E,7E52,7E7B,7E85,7E40,7E58,7E3E,7E26,7E4C,7E78,7E58,7E48,7E50,7E5B,7E89,7E4D,7E70,7E9B,7E8F,7E58,7E82,7E95,7E9A,7E9F,7EA8,7E80,7E8A,7EC3,7EA1,7EA4,7E93,7EC1,7EC1,7EBA,7EE9,7E9C,7EA6,7EA7,7E82,7EF2,7EB6,7EBB,7ECE,7E86,7EBC,7EFC,7EB3,7EED,7EDA,7EE7,7F0A,7F00,7F28,7F16,7F13,7EFE,7F34,7ECB,7F10,7F39,7F10,7F0D,7F31,7F1D,7F26,7F3D,7F23,7F2D,7F3A,7F22,7F33,7F63,7F62,7F6E,7F2D,7F55,7F46,7F72,7F36,7F4D,7F87,7F2A,7F4E,7F5B,7F98,7F96,7F8B,7F84,7F83,7F8D,7F3C,7F3F,7F41,7F6C,7F5F,7F43,7F73,7F18,7F0A,7F57,7F38,7F69,7F3C,7F2B,7F47,7F24,7F31,7F38,7F91,7F38,7F62,7F5B,7F6C,7F52,7F58,7F8B,7F43,7F83,7F80,7F73,7F55,7F7E,7F65,7F80,7F7E,7F75,7F7F,7F47,7F57,7F72,7F79,7F6B,7FA9,7FB5,7F87,7FE0,7F96,7FB4,7FF2,7FB4,7FFE,8002,800A,7FDF,7FE1,7FFB,8015,8020,8025,7FD3,7FF2,8012,8015,801E,8017,7FEC,7FF9,7FE9,7FEF,8018,7FC0,8002,7FF0,7FF9,800E,8017,800F,7FF0,8014,8039,7FE1,8005,8015,7FEB,8029,8025,802B,803F,8005,8014,800B,7FFC,8044,8013,801F,7FFF,7FE8,7FE5,7FF6,7FDA,8000,8009,7FC3,7F95,7F8A,7FA5,7FB0,7FA8,7F87,7F84,7FC5,7FEC,7FA5,7FBD,7FCE,7FB7,7F9D,7F98,7FC0,7FC6,7FE5,7FC3,7F96,7FCD,7FA6,7FF6,8003,7F8E,7FD0,7FD4,8000,7FD3,7FA5,7FD9,7FA9,7FE0,7F69,7F75,7FA9,7F77,7F89,7FA1,7F47,7F54,7F93,7F4A,7F46,7F60,7F38,7F54,7F4C,7F59,7F47,7F66,7F4F,7F81,7F79,7F85,7F6D,7F42,7F33,7F3E,7F5C,7F31,7F33,7F16,7F51,7F0B,7F1A,7F0F,7F1F,7F16,7F01,7ED0,7F06,7F16,7F0D,7F56,7F22,7F32,7EF0,7ED2,7F2E,7EEC,7ED1,7EE7,7EE7,7EE4,7EC6,7EB9,7EDB,7EE4,7EDB,7ECB,7EF1,7ED5,7EE3,7EB7,7EBF,7EAC,7E74,7EA3,7EB4,7EC2,7E83,7EBC,7E84,7E83,7E49,7E2B,7E94,7E7B,7E54,7E72,7E9C,7EA5,7EA4,7E87,7E62,7EA7,7EA9,7E8C,7E9D,7EA0,7F0B,7ED5,7EC8,7EF6,7EE4,7EEB,7F12,7F3A,7F00,7F13,7EF5,7F17,7F29,7F28,7F45,7F3E,7F43,7F6C,7F63,7F81,7F65,7F46,7F50,7F42,7F1D,7F27,7F3E,7F2F,7F7D,7F59,7F6F,7F4B,7F5C,7F6C,7F72,7F6E,7FB5,7F73,7F87,7FB3,7F73,7FAE,7F90,7F71,7F80,7FB0,7F7B,7FD0,7FBE,7FD2,7F8C,7FC3,7F95,7F7C,7F90,7FB0,7FDB,7FCF,7FD8,7FF6,7FFC,7FA3,8038,8056,802F,7FF3,8032,8060,804F,8047,803A,8034,804C,8036,8047,8026,8000,8047,7FF9,8033,8008,801E,8019,8001,8044,8029,801E,7FF0,803C,8027,8006,7FE7,7FF0,8015,7FDB,7FCB,8012,7FAE,7FB1,7FD5,7F91,7FDD,7FB0,7FE4,7FC6,7FD7,7F8B,7F8F,7FD2,7FC1,7FFF,7FE0,7FB6,7FF6,7FC8,7FEC,7FD3,7FCC,801A,8007,800C,8016,7FFB,7FDA,7FDB,7FD2,7FF9,7FE4,7FB7,7FC1,7FEC,7FFE,7FFD,7FCF,7FD7,7FE1,7FD0,7FCE,7FFF,7FDB,7FEE,8015,803C,8036,7FFB,7FE5,7FC2,7FCA,7FF1,7FF8,800C,800E,8013,8012,8003,8003,8009,7FF3,7FEE,7FF9,7FFF,7FEE,803D,8013,8043,8018,7FDA,8039,8027,8017,7FD6,800E,7FD6,7FFB,8030,8005,8044,8029,8018,8042,803F,8046,8054,8028,802E,7FE7,7FD4,7FCA,7FBC,7FBA,7FED,7FCA,7FAE,7FC5,7F73,7F97,7F9B,7FB6,7FA2,7FB3,7F75,7F81,7FA3,7F6D,7F64,7F8E,7F80,7F74,7F91,7F8A,7F75,7F8A,7F6C,7F75,7FA3,7F73,7F7F,7F6B,7F8A,7FAB,7FC2,7FA5,7F78,7FA2,7F82,7F80,7FA0,7F95,7F8A,7F9D,7F84,7F92,7F68,7F7C,7F8C,7F57,7F71,7F5F,7F73,7F21,7F68,7F97,7F64,7F57,7FA4,7F76,7F69,7FD0,7F8E,7F9C,7FC0,7FA4,7F9D,7FEC,8002,7FEF,7FDC,7FAC,7FBB,7FDD,7FDB,7FBD,7FCC,800E,8015,7FFA,8005,8003,7FD8,7FC5,7FF8,7FDF,7FF1,802B,8010,8009,804E,7FFF,8010,803A,806C,8088,8055,8060,807A,806A,805F,8054,804F,801B,8018,8000,8002,8041,8050,8032,7FFE,8037,801D,805C,804F,8050,802E,801E,8054,8009,8048,8041,8051,801A,8048,8057,8045,8049,8058,802D,8036,8063,8044,804E,805E,8063,805C,805C,806F,8037,8045,806F,8064,8024,8027,805E,8043,8068,8055,8057,8041,8050,804F,805A,805F,8054,8055,801A,8047,8050,8030,8003,8000,7FD1,7FE0,7FD9,7FC7,7FD5,7F9B,7FA8,7F8C,7F9F,7F87,7FB6,7FD1,7F95,7F80,7F66,7F76,7F57,7F7F,7F9B,7F8D,7F6B,7F90,7F7B,7F73,7F9F,7F71,7FBB,7FC8,7FA8,7F84,7F96,7FD0,7FAD,7F93,7FB0,7FCA,7FE5,7FAF,7FE4,8001,7FD2,7FE6,7FCF,8008,7FB2,7FB3,7FCF,7FD3,7FD9,7FE1,7FE2,7FE5,7FE9,7FDF,7FD9,7FC7,7FBF,7F95,7FA3,7FE4,7FCC,7FE4,7FDD,7FF9,7FF8,7F92,8006,7FCF,7FE1,7FDE,7FDE,7FFC,7FD4,8054,801E,8021,800A,7FE4,7FDE,8025,803F,8029,806A,800C,8041,8023,800A,8023,803B,8062,806A,8069,807F,804B,8053,803F,8059,8040,8061,806F,8046,8037,7FFB,803C,804A,8062,8043,8021,803C,8094,806E,8065,8074,8016,8064,8048,8057,8024,804E,8032,806C,8082,8091,8093,808C,80EA,8097,808B,8092,8084,80B6,808C,808F,80D0,80CF,80B0,8086,80A4,80C2,80E1,8098,80AD,80C4,8098,8084,808F,80A3,80A4,80B7,80E8,80B5,80A7,808B,8062,808D,8081,8093,8081,8086,808B,8082,806D,808E,8090,808F,80C5,8077,807D,8041,806D,80A4,8066,80A9,80B6,8080,807A,8081,806B,8062,804E,807B,8078,8077,8073,80A3,808B,804E,809D,808B,80A2,8059,8082,8059,807A,808F,8056,8055,802E,806B,8049,8067,8044,803A,8041,8032,8040,803E,804A,800C,7FEA,8035,802C,7FFF,8002,802B,802C,7FD7,8014,7FE5,8015,7FE0,7FE6,7FDD,7F8B,7FD6,7F6A,7FC1,7FF1,7FB9,7FCA,7F78,7FB4,7FB8,7FB1,7FC2,7FBB,7FE6,7FC3,7FD6,7FBD,7FD5,7F90,7F8F,7F5A,7FAD,7F67,7F69,7F68,7F4A,7F25,7F3F,7F4C,7F08,7F58,7F28,7F2D,7F1E,7EEB,7F13,7F10,7F12,7F10,7F02,7EB7,7EE0,7EBB,7ED1,7EAB,7E7F,7E82,7E8D,7E9B,7E70,7E8A,7E78,7E75,7E91,7E89,7EA9,7EBF,7EC3,7EB9,7EAD,7ECA,7EC8,7ED0,7E88,7F07,7EDF,7EE0,7F20,7EE4,7F31,7F15,7F01,7EED,7F26,7F6D,7F17,7F67,7F6C,7F69,7F92,7F49,7F72,7FA2,7F67,7F9B,7F76,7F9A,7F56,7F1E,7F67,7F5C,7F30,7F29,7F59,7F06,7F15,7F2E,7F24,7F0A,7F1D,7F27,7F24,7F23,7F37,7F36,7F60,7F4A,7F32,7F13,7F32,7F38,7F77,7F9A,7F51,7FA2,7FAA,7F9B,7FE5,7FEB,7FD6,800A,7FE8,7FF3,7FE3,8005,8015,8012,7FFE,8029,800F,7FF1,8003,7FE5,8039,7FF0,800B,7FE7,7FD1,7FBA,7F9A,7FA6,7F93,7FA4,7F67,7FDD,7FC6,7FE1,7FB4,7FAD,7FB7,7FA8,7FB2,7FB8,7FB0,7FB5,7FEC,7FB5,7F9C,7FBE,7FE2,7FB4,7FA7,7FB5,7FAD,7FBF,7FCC,7FAB,7FB0,7F87,7FA7,7F78,7F8A,7F70,7F52,7F83,7FB8,7FA1,7FB3,7FCC,7FBF,7FDE,7F94,7F76,7FB8,7FD5,7FCC,7F7E,7F77,7FD6,7F7E,7FBC,7FAE,7FCD,7FBC,7FA7,7F7B,7FCA,7FC7,7F97,7FC6,7FB3,7FD5,7FB0,7FD7,7FE6,7FCF,7FEC,7FDF,7FBA,7FF2,800B,7FE9,7FED,7FBE,7FC7,7F88,7FCB,7FEC,8011,7FF5,7FD9,8009,7FDD,802C,8029,8018,802B,800B,8017,8011,8044,8074,8031,803F,801A,800A,801F,7FEF,7FE4,8000,8001,7FF6,8006,800C,7FF7,7FC2,7FC3,7FCA,7FBC,7FEC,7F9B,7F98,7F39,7F73,7FAE,7F7D,7F8D,7FAE,7F92,7F80,7FB6,7FCB,7FB5,7F90,7F92,7F94,7FC3,7FA3,7F8E,7F90,7FB6,7F92,7F8A,7F8B,7F9C,7FA2,7FBD,7FCF,7F9E,7FA9,7FC7,7FA7,7FA7,7FAF,7F97,7FB2,7FB7,7FB0,7F97,7FEA,7FD2,7FD0,7FBC,7FCC,7FAE,7FAC,7F93,7F9C,7F98,7FA0,7F81,7F78,7F98,7F85,7F53,7F37,7F47,7F59,7F78,7F0A,7F83,7F68,7F22,7F15,7F21,7EFC,7F55,7F1D,7EFB,7F0B,7F0F,7F1E,7EEF,7F22,7F1D,7F28,7F1B,7F14,7EE9,7F27,7F20,7F64,7F2D,7F21,7F18,7F3D,7F3E,7F36,7F2F,7F3B,7F80,7F22,7F41,7F66,7F2E,7F70,7F5A,7F48,7F67,7F2E,7F5F,7F58,7F21,7F2A,7F2B,7F14,7F1E,7F14,7F34,7F45,7F5A,7F69,7F26,7F23,7F52,7F80,7F1C,7F1B,7F46,7F33,7F43,7EF0,7F03,7F3E,7F2A,7F3B,7F3D,7F3E,7F6B,7F66,7F5A,7F57,7F2A,7F22,7F27,7F30,7F2F,7F25,7F4A,7F34,7F4D,7F7E,7F3D,7F3D,7F43,7F4A,7F44,7F47,7F37,7F3D,7F1A,7EF2,7F2D,7F2A,7F0E,7F11,7F29,7F14,7F13,7F19,7F2D,7F2D,7F59,7F30,7F79,7F60,7F07,7F41,7F54,7F4D,7F41,7F8C,7F68,7F6C,7F76,7F37,7F6B,7F6C,7F90,7F73,7F51,7F6D,7F51,7F49,7F3C,7F52,7F34,7EFA,7F4C,7F4E,7F50,7F43,7F62,7F5C,7F25,7F26,7F32,7F2B,7F17,7F40,7F07,7F2E,7F24,7F1E,7F4D,7F28,7F43,7F6F,7F6F,7F84,7F93,7F8E,7F85,7F92,7F85,7F5B,7FB3,7FAD,7F71,7F4B,7F40,7F4A,7F22,7F45,7F30,7F0C,7F50,7F6C,7F5B,7F20,7F16,7F60,7F46,7F6C,7F27,7F30,7F46,7F63,7F3C,7F39,7F6D,7F43,7F79,7F89,7F60,7F4A,7F60,7F4F,7F71,7F97,7F71,7F81,7F6C,7FA8,7FA8,7F9A,7F8D,7FDB,7FD5,7F97,7F98,7FAF,7FCA,7FBC,7FC7,7FC0,7FEA,7F98,7FAC,7FD3,7FAC,7F7E,7F7F,7F97,7FAD,7F9B,7FCB,7FB9,7FD2,7FF3,7FDA,8024,800F,7FEE,7FEE,7FD0,7FB8,7FE5,7FD0,7FE6,7FE8,7FF4,7FD9,7F9E,7FFA,7FCC,7FC6,7FE7,7FD0,7FE6,7FD2,7FB4,7F9C,7F9A,7F6E,7FCF,7FAF,7FC3,7FA9,7F82,7F95,7F86,7F85,7F62,7F94,7F5D,7F59,7F69,7F76,7F6E,7F6B,7F7B,7F5E,7F5B,7F35,7F71,7F33,7F21,7F5C,7F25,7F0D,7F4F,7F3D,7F09,7F34,7F11,7F17,7F49,7F16,7EED,7F40,7F4F,7EF7,7F5E,7F34,7F30,7F31,7F12,7F69,7F27,7F41,7F61,7F5B,7F5C,7F6A,7F93,7F88,7F62,7F65,7F5E,7F82,7FB7,7F9F,7FD5,7FDB,7FCC,7FDF,7F91,7FA4,7FA4,7FC6,7FBA,7F85,7FCA,7FB7,7FB0,7FB6,7FB9,7FB5,7FF1,7FEF,8007,7FB2,7FD3,7FE4,7FD0,7FED,7FCB,800A,7FFD,803D,8011,804C,801D,8041,8063,804E,8064,8043,8054,8020,8066,8070,806E,807B,805F,8047,8076,808F,80AD,8085,8090,80AC,8083,809A,80A5,807D,806A,8066,8073,8088,806A,8092,80BB,8076,8091,80A0,809C,8099,8079,807B,80A3,80A7,80C9,80BC,80A2,809E,80D3,8092,80DA,80DA,80AC,8102,80B0,80BE,80B8,809F,80D1,80EF,80DC,80AC,8088,809C,808C,8095,806C,8085,80AC,8094,8099,8089,80AA,8069,8098,80C0,806C,8075,8098,80A1,8084,80C6,8083,80C1,8078,8087,80A5,809C,80D9,807F,80A1,809D,80A7,809C,80A8,80A3,80A4,80E2,80B7,8087,80BD,80CC,80C6,80DF,80FA,80CB,80BE,80DE,80D0,809A,80DB,80FA,80C1,80F7,80D6,80FB,80E3,80F6,80F9,80C5,80FF,80A8,80E3,80F8,80F0,80DC,80C5,810A,80EB,80D7,8109,80BF,811B,810A,8111,8133,80EC,8144,80DF,80E8,80F3,80FA,80DA,80CA,80E7,80E7,80D1,80CD,80D8,80AF,80D9,80ED,80C4,8112,80BC,809C,80E0,8098,80C7,80AE,80BF,80B9,80CB,80DC,80F0,80F0,80EF,80ED,80E1,80E7,80AD,80C7,80BF,80AA,80BA,80CE,80B1,80A3,809A,80C4,80F1,80DA,80F1,80B6,80F7,810B,80B6,80DE,80B6,80D9,80D0,80E0,80E7,80E2,80E0,80CC,80BE,80BB,80BE,808C,8073,80A3,80B7,80CA,80CB,80B4,80E0,80BD,80C4,812D,80F7,80FE,8106,80E5,80B0,80D4,80C7,80BF,807F,80A9,80CB,80BF,80B1,80B8,80AC,80BB,8126,8103,8114,80FD,80E7,8111,80FC,8094,80BF,809F,80C7,80B8,80BF,80E2,80D6,80C5,809A,80A4,808A,80CD,80C3,8070,80AC,8083,8049,8062,803F,8046,804C,8091,8087,80B7,809F,80D6,80E2,80C1,80B5,807D,8063,808B,8075,8049,8035,8029,8021,7FFD,7FF2,7FB3,7FC3,7FEF,7FED,7FCC,7FEE,8017,8017,8010,8026,8019,7FFD,8008,8003,803C,8054,804A,80A0,8096,80EF,80D6,80BD,80D7,80B3,813D,8111,80F0,80D9,8103,80B6,80B8,80BC,80BD,80B2,808A,80B0,809E,80BA,80D1,80F1,80AB,80CF,80FA,8103,80F2,80F6,80F9,80B8,808F,8083,807C,80AB,80CE,80DD,80EB,80CC,80D0,80E3,811D,8122,80DE,80F9,80CC,80C0,80EB,80AB,80DC,80F3,80B5,813B,8141,814C,8169,8174,817B,819A,819A,81BE,8203,81F1,81DC,81A4,816F,816E,81A8,8147,8130,8167,8153,818D,817F,817E,8179,8123,813B,816C,8151,8183,8168,810C,811D,80E4,810E,8137,8139,8187,8136,8150,8172,8164,817E,816D,815B,80DB,8141,8120,814D,8166,817E,81BF,81E2,8193,81BC,81B4,8199,81C7,816C,818D,814E,811A,8141,8145,8100,8135,814A,811A,812B,80E5,80FC,812A,8165,813B,8139,8105,80ED,80EB,80DD,80C9,80AC,8122,8120,814E,814D,8115,8143,80FD,8132,814A,815D,814E,8126,8150,815F,8166,8124,8108,80FF,8126,8133,8112,8176,819D,8130,811F,812B,8172,8184,8139,813F,8127,8137,8153,811E,8162,8143,811F,8113,80C4,80B2,80C3,808F,809B,8099,80B6,8115,814C,8138,8130,8150,8103,810B,80D7,806E,804E,808A,8069,808E,8103,8102,810C,811E,80F4,811D,80F9,80EE,80F3,8097,8084,80C2,80B0,808C,80A5,80B2,8082,808E,805D,805A,80C6,80D0,810F,8130,814C,80E1,80D0,80AA,8087,802C,8038,804B,8046,80C3,80C1,80B5,80D2,80E7,80C1,8126,8113,8111,808C,8071,8034,8016,804C,8028,8052,8099,80C7,80C8,808C,8038,800D,7FBE,7F8B,7F0F,7F4D,7F13,7F60,7F58,7F4E,7F91,7FB6,8002,7FF3,7FB3,7F7B,7FC1,7F73,7F39,7F3C,7F7B,7F84,7F97,802D,806C,8051,7FF6,7FDA,800E,8007,800F,8014,8001,802E,8011,8000,801B,7FF9,7FC3,7F83,7F96,7FC2,7FB4,7FA5,7F61,7F8C,800D,8034,7FD9,7F92,7F84,7F2E,7EEF,7EAA,7EF8,7F1F,7F5F,7FBB,7FBC,7FA3,7F48,7FAB,7F69,7EFB,7EE2,7EC6,7EF6,7F12,7F17,7F0F,7F2E,7F21,7F30,7F33,7EDD,7F0A,7E92,7E48,7E5C,7E0C,7E6E,7E78,7E57,7E90,7E70,7EA0,7E7F,7E90,7E59,7E4C,7E1D,7E73,7E99,7E6E,7DF2,7DDD,7DA2,7DA2,7E3D,7E30,7E45,7DEF,7E19,7E17,7E81,7E38,7E84,7E16,7E21,7DFA,7E36,7E49,7E51,7E33,7E29,7E3C,7E4B,7E3C,7E84,7EC4,7EEC,7EDF,7F06,7EE8,7ED2,7EC3,7E61,7E81,7E85,7ECF,7EDB,7EDF,7EEA,7E9C,7E84,7E87,7EB9,7EB1,7EA2,7E57,7E72,7EBA,7EB5,7EB7,7E83,7E98,7E5C,7E74,7E7F,7E84,7E76,7E75,7E3F,7E15,7E4A,7E59,7E80,7E78,7E51,7D7D,7DEC,7D81,7E28,7E3A,7E03,7E18,7DDA,7E78,7E5E,7EAA,7E6E,7E88,7DC9,7DFC,7E25,7E29,7E1D,7E42,7E5D,7E9E,7EE0,7EC7,7F0F,7EFF,7EC6,7E7F,7E32,7E71,7E66,7E9A,7E6E,7E67,7E61,7E9B,7F30,7EF2,7F4B,7ED8,7EF5,7EE9,7EE2,7ECA,7EBB,7E7E,7E76,7E64,7E89,7EF6,7EBB,7EE1,7E99,7ED5,7EF0,7EE9,7EFC,7EC9,7EF5,7ECC,7EB2,7EF1,7EB0,7EC8,7EFF,7F3C,7F34,7F74,7F77,7F4C,7F34,7F27,7F3D,7F0A,7F32,7F5C,7F36,7F4C,7F15,7ED3,7E82,7E8C,7E70,7E44,7E67,7EC7,7F27,7F31,7ED4,7ED3,7E59,7E95,7E66,7E5B,7E97,7E79,7E89,7E77,7F42,7F6B,7FED,7FD8,7FC3,7F89,7F58,7F3B,7F2D,7F3B,7F49,7F50,7FBC,7FB3,8009,8000,7FF0,7FE4,7F6F,7F41,7F5A,7F0C,7EEB,7F50,7F7B,7F5A,7F30,7F58,7F7B,7F61,7F71,7F81,7F8A,7F5D,7F2C,7F5E,7F70,7F8E,7F8F,7FE5,7F83,7F7A,7FB0,7F7C,7F6C,7F96,8006,7FCB,7F96,7F6C,7FE9,7FD6,7FF3,7FA4,7F75,7F77,7F84,7F69,7F5E,7FA3,7F94,7F51,7F4E,7F95,7F82,7F8E,7F58,7F33,7F30,7F96,7F3C,7F4C,7F69,7F79,7F8A,7F76,7FB0,7FB6,7FC9,7FD6,7F95,7F9F,7F96,7FA4,7FC6,7FE4,8033,8021,8012,8069,80A7,8062,8091,80AE,808C,809F,8072,80A2,8055,806C,803E,8034,801D,802C,802F,8019,801F,7FF3,801C,7FF6,7FE9,8045,802C,8008,805C,8011,802C,801E,8024,807A,80BE,811C,812F,8118,8125,80F8,80AE,80C6,80B8,80C0,80D6,80EF,812D,8166,819F,81EC,81D2,8186,8125,8136,8123,80D4,80D5,80D3,80D0,80B1,80FF,8125,80BC,80C9,8089,805B,809F,8065,8071,809C,809D,80AA,80B4,80AF,80BE,80CD,80B8,80B0,80B3,80A8,8099,8096,80E8,80F5,80A3,80FB,80F1,80D8,80AD,80CE,80B5,80C2,80DA,8110,8117,8144,81A5,818D,8198,813D,814F,811C,80FF,80D0,80BC,80B2,80D6,80BD,80D0,810E,810A,80FD,80FB,8177,80C8,80A0,8078,8062,80CC,809A,80DF,8085,80D7,80E3,80B8,8102,80C2,80FA,80E0,80D2,80F8,8105,80FF,813E,812D,8178,819A,8169,816B,8168,8102,80D5,80FE,8133,8175,8126,815D,8142,8176,811E,8109,8116,80CC,8119,8100,80E4,80F2,8125,8128,8138,816C,8152,8174,8116,8120,8147,8136,8163,8164,818E,8181,8188,8110,8133,8146,80E8,8163,814D,81AE,8194,817B,8197,8147,8106,80AE,811E,80E9,80FC,8119,8106,815B,815E,815A,817B,8143,8105,8110,80E9,80D7,80DE,80F4,8113,8146,8149,8159,8191,81AC,8124,810D,80ED,8102,80EC,80CD,8139,80F1,8107,80EC,80C9,80B5,80A1,8066,8052,806A,806B,80A3,80D3,8109,8131,813D,80D0,80F3,80CF,807A,808C,8049,8077,80DC,80FA,8100,8140,8110,80F7,810A,812E,8104,8129,810E,8086,80E3,80AA,810F,812C,810C,813D,8131,813D,8100,80D3,80D9,8084,8038,8088,8094,80AB,80A3,80B9,80DB,80A8,80B4,8042,8043,8031,8043,804F,7FF8,8047,803C,8048,8035,8053,8071,806F,8047,8040,803F,7FD2,7FBC,7FF9,7FFA,8017,8036,8052,8075,8055,805D,8050,8037,7FE1,7FDB,7FCB,7FAA,7F90,7F94,7FCB,8013,8063,800D,7FB6,7FC4,7FA5,7F77,7FA5,7FCB,8014,7FF2,7FEE,8045,806C,8061,803E,803A,7FD9,7FDB,7FD6,7FAF,7FDD,7FC1,7FD8,7FCA,7FBB,8006,801B,802C,7FFB,7FEA,7FD9,7FDF,7FFB,8014,805A,806B,801E,7FFC,7F9F,7FA1,7FAB,7FDC,7FAE,7FB4,7FDA,7FA8,803B,7FE5,8017,802F,806A,807D,8001,7FF3,7FE7,7FD6,7FD3,8023,7FFC,800F,8017,8021,800D,802F,804A,805A,801C,8002,801B,8010,8028,7FF9,802C,8003,7FDE,8005,7FF5,7FCD,7FD6,7FBB,7FA9,7FE0,7FE0,800D,7FEF,7FAD,8026,7FFF,7FF0,8008,7FE3,8008,802D,7FF8,804D,804E,807D,808F,808C,80B0,8075,809E,8097,8057,8023,8031,8016,807F,8082,8057,803F,8019,8038,7FE4,7FFB,7FE7,7FF3,8052,802C,8049,8058,8039,805A,80A5,80A5,809F,8064,809D,8086,808E,80DA,8069,805B,804C,8069,8071,8064,80A1,80A2,80A7,80E0,80C6,80DD,80EC,80DE,80C5,80CE,80D6,811B,8118,80FD,8110,80F6,813A,814D,813D,8165,81B4,8195,8177,8160,81A6,815A,811D,811E,8117,8118,8147,814D,818D,81E6,8193,8190,81B9,8191,8138,8147,8145,8139,8155,8147,8150,81A9,8186,81B4,8170,8177,817B,8154,8111,811B,8135,810A,812F,813D,817B,8176,8171,8154,8135,80FB,8117,80F9,80ED,80EF,8124,811D,8146,8162,813E,817E,8141,80F7,8105,80C1,80E4,8152,8119,8122,8176,8177,8160,8123,8142,8164,8128,8131,818C,81C4,8183,81A3,8188,8184,817E,817E,8116,80D7,80FB,80AE,80EE,80FD,80D9,80EC,8129,815E,8193,8116,8134,812B,80E3,80C8,80A9,80B7,8090,80D9,80BA,80E5,80A2,80C5,80D2,80B8,8095,80C2,80BA,805B,8070,8070,80A9,80A4,8092,8090,8074,8095,806E,8060,807E,8097,8067,805D,8043,804C,800A,8042,8035,8014,8036,8022,8032,802E,8084,7FFA,8005,800C,7FFE,8015,7FFA,7FE3,7FFB,7FC3,7FF2,7FF9,7FD7,7FD5,7FC8,7FD1,7F97,7F8C,7F9F,7F89,7FBE,7FAE,7F96,7FA0,7F75,7F6C,7F61,7F44,7F63,7F76,7F58,7F61,7F58,7F47,7F3F,7F69,7F49,7F34,7F40,7F2A,7F53,7F53,7F06,7F2C,7F49,7F0E,7F72,7F78,7F72,7F7A,7FB6,7FB0,7F61,7F90,7F8E,7F20,7F5E,7F74,7F85,7F70,7F9A,7F9F,7F64,7F9A,7F54,7F28,7F69,7F43,7F40,7F67,7F62,7F88,7F7D,7F77,7F87,7FBA,7FAD,7F6B,7F5C,7F46,7F7D,7F5C,7F71,7F73,7F9F,7FA1,7FAC,7F85,7F77,7FC9,7F8B,7FD6,7FED,7FDF,7FF7,7FE8,7FBF,7FED,7FFE,8000,7FD0,7FD3,8017,8006,7FF9,802C,806A,807E,8068,8072,808F,8056,8085,8038,802B,800C,803A,801A,8025,8034,8012,804C,8027,8042,8030,8003,8012,8016,8050,8054,801B,8080,8026,807F,8054,801A,803C,804F,8055,8037,8024,8013,8049,8062,808B,80AB,80D2,80BC,80EA,80B5,80D2,80A0,80A1,8082,809B,810F,80BC,80A3,80B8,80D1,80C1,8066,806B,8055,807C,80A6,802F,808F,80A7,80F1,80A1,80AD,8096,806B,805F,803E,8050,8031,8064,8099,8090,80F1,80E8,80D0,80AD,8089,80BF,80CF,807B,8084,8065,8084,8057,8031,8064,8073,8068,8079,8080,8087,8092,803E,8061,8087,8079,80C0,80A9,8077,8054,804B,804E,8079,8033,8029,803E,7FF1,8048,803D,8034,804E,8034,8003,7FFF,7FD4,7FDB,7FD5,7FC1,7FE3,7FF3,7FE4,7FDA,801D,8009,7FB8,7FF3,801C,7FC6,7FDF,7FCB,7FBC,7FD4,7FFC,8002,7FF2,8007,8055,8032,8035,7FD5,7FDE,7FE8,7FC6,7FEF,7F97,7FC3,7FF8,7FC9,8013,7FFE,7FDD,7FD0,7FD6,7FCA,7FBD,7FDF,7F8C,7FB6,7F98,7F68,7FCB,7F9E,7FB9,7F85,7F68,7F6A,7F10,7F17,7EE8,7F07,7ED8,7EE9,7EBE,7E8D,7E79,7EA4,7EAA,7E7A,7E5E,7E12,7E3E,7E44,7E42,7E1F,7DFF,7E45,7E0E,7E1C,7DD7,7DF5,7DE8,7DFD,7DF6,7DE8,7DD7,7DA2,7E28,7E04,7DED,7DE1,7E08,7DD6,7DDB,7D94,7DD9,7D85,7DB5,7D63,7D9E,7DC1,7E02,7DF7,7DCF,7E17,7D9D,7DBC,7D2A,7D5C,7D56,7D65,7D87,7D3B,7D9D,7DA9,7DD8,7DC8,7DFF,7DFE,7E19,7E4E,7E11,7E85,7E4E,7E5D,7E2C,7E57,7E80,7E51,7E9E,7EC5,7EBB,7EC8,7EC7,7EEA,7ED9,7EC8,7F1F,7F21,7F30,7F52,7F37,7F29,7F2F,7F16,7F0E,7F02,7EE2,7F24,7EDB,7EEA,7EB3,7E8B,7EC3,7E98,7E99,7EC9,7ECB,7EBB,7EC0,7F2F,7F4C,7F27,7F2D,7F21,7EE3,7EDA,7EEA,7EEE,7EE3,7EF2,7F0E,7F03,7F04,7F40,7F79,7F63,7F99,7F4F,7F7C,7FBF,7FE4,8005,7FE5,7F5C,7FFE,80CF,803A,7FC7,7FC7,8082,80CE,7FF5,7FF5,8067,80A8,80F0,80E6,80E5,80A3,80CA,8104,817A,8191,80D6,8059,8129,81CF,8199,8133,816D,81D9,815A,8123,817F,81B4,813C,808D,80D8,81EF,8272,8183,80FA,8180,82A1,8287,8127,80DE,8195,820E,8168,809A,80F2,8170,81C5,8147,813E,81C6,81A0,815E,8158,8225,81E4,812A,8111,8155,81B1,817C,80AC,809F,8102,813B,811A,809C,80AC,80F8,80AC,80CD,80AD,8047,8066,805E,804C,8066,807B,8056,803B,8002,808E,80C7,809B,804B,802E,808C,80B4,8024,7FD8,8058,803C,7FFB,7FD5,804B,804B,8080,802B,8017,8085,801E,8058,8010,7FB9,8004,804C,8026,7FA8,7FE1,8033,801D,7FC6,7FD3,7FB3,7FEA,8008,7FFC,7FCA,7FCA,7FEF,7FD1,7F98,7F95,7F92,7FAF,7F8A,7F81,7FDE,7FF6,803D,7F78,7F5B,7FCA,801C,7F25,7EC2,7F14,7F42,7F4D,7F73,7F4F,7F60,7F7A,7FA8,7FE2,7FA1,7F3A,7EFD,7F1B,7F2B,7EF6,7EA5,7F0A,7EF0,7F03,7F23,7F11,7F5A,7F79,7F16,7EDE,7F3E,7F7D,7F32,7E86,7ECE,7F4E,7F1F,7E6C,7DEA,7E5D,7EBD,7E8A,7E72,7E6B,7E84,7E65,7EBB,7EC6,7E81,7E1F,7DE2,7DDF,7E05,7E11,7DAE,7DB3,7D51,7E63,7E0C,7DF3,7D96,7DD9,7E47,7D90,7D4A,7CFD,7D2C,7CA5,7C17,7C13,7C2F,7C8A,7C4D,7BEA,7C1E,7C74,7CC9,7C31,7BE7,7C5B,7C19,7BF4,7B97,7BB0,7C1C,7C46,7BD8,7C16,7C6D,7C51,7C2F,7BB5,7BF1,7C04,7C27,7B7F,7B51,7C12,7C3D,7BD4,7B9F,7C13,7CD0,7CDB,7C11,7BC6,7C3C,7CC0,7C87,7BD5,7BA8,7C6A,7C7D,7C97,7BB9,7B9B,7C63,7C53,7C36,7C0C,7CBD,7CD7,7CED,7CBB,7CB8,7CB2,7C8D,7C6C,7C16,7C60,7C87,7C50,7BF9,7C3A,7D4B,7D7E,7D08,7D36,7D91,7DA3,7DA0,7DA3,7D80,7DC5,7E53,7DE8,7E55,7E97,7EC2,7ED7,7E9A,7F2E,7F8F,7EE5,7E99,7F42,7F9B,7F0F,7ECF,7ECD,7F67,7FD9,7F87,7F65,7F89,804E,80E4,8092,803F,8070,80D4,8104,8086,8059,805D,80AF,8051,7FF3,8056,80F0,80E4,8056,808C,8127,818F,8125,806F,80B3,811E,8107,80EC,809D,809C,80DD,80EF,807A,80D1,809A,80C2,80CC,8041,80AD,80F2,80A4,8046,8061,8076,8092,8070,7FEA,7FE7,7FB1,7FBC,8008,7FAE,7FE1,800C,7FC1,802A,8049,8014,7FE7,7FF8,8035,8057,802F,7FA7,7FD3,7FB0,801C,804A,7FF3,7FDA,8053,8080,800D,7FEF,7FFE,8048,7FFA,7FD5,7FF8,7FF5,8006,8007,8001,803B,7FFB,803F,8059,7FF7,7FC2,7FE9,8012,7FC7,7FD3,7FCC,7FE9,8000,7FE6,7F98,7F97,7FDB,7F97,7F90,7F9C,7FAD,8007,7FFC,7FBF,7F5B,7F71,7F44,7F2A,7EFB,7ED0,7EA2,7EA1,7ED0,7EB7,7ED7,7EA3,7EDC,7EB5,7ED9,7DE8,7E2D,7E62,7DF6,7E4F,7DF9,7E89,7EF3,7F6F,7F30,7EF6,7EC2,7EFF,7F0E,7E95,7E3F,7E04,7EA4,7E51,7E3A,7E7A,7EFD,7F81,7F67,7F17,7F49,7FAF,7F7A,7F44,7F44,7F79,7FAD,7F78,7F35,7F4F,7FDC,8027,7FD8,7FF5,8066,8088,808E,8000,8039,8061,8011,8026,8044,7FEA,7FF9,803F,805A,8047,802F,8072,80BA,811A,80D5,80E0,8091,8086,809A,8022,7FAE,7F7C,7F94,7F58,7FA0,7FBB,7FF9,8044,7FF0,7FBD,8030,8008,7F95,7F08,7F07,7EC2,7E94,7E23,7E6C,7EB3,7EA1,7EFD,7E34,7E9E,7E4C,7E67,7E84,7E22,7DFD,7DE1,7E08,7DC8,7D96,7D97,7DEE,7E16,7DC1,7DC4,7E0E,7DF5,7E0F,7DCD,7D77,7D7F,7D95,7D5E,7D24,7CE0,7D10,7D3B,7D56,7D11,7D2F,7D74,7DB7,7DD5,7DBB,7D8A,7D5A,7D90,7DA8,7DB7,7D4E,7DBD,7DF3,7E05,7DE9,7E4B,7E65,7E9E,7E8C,7E46,7EC4,7E5D,7EE3,7EAF,7EB0,7EED,7EC4,7F0B,7E9D,7F29,7EF4,7F4F,7F70,7F86,7F48,7F51,7FAD,7F90,7FB5,7F56,7F9D,7F94,7F2A,7F51,7F2B,7F92,7F82,7F8C,7FAE,7FD1,7FFD,8004,7FC9,7FA3,7F84,7FF7,7FA7,7F89,7F6B,7EF8,7F35,7F07,7FB5,7FF7,8048,8085,80C5,80C4,80DC,815E,8132,80D7,80C9,80AC,80EA,80F9,811D,8137,8168,8150,813E,81AE,81F2,8218,8238,822A,81FB,8223,8251,81FE,820A,8249,8290,82EB,82DF,8377,8344,838A,8395,83C9,8439,8407,83DE,83CA,83C1,835D,8387,83A1,83D5,83DD,837B,8384,83F2,841F,8420,8427,83F1,83EC,83E8,83DE,83CA,837F,83A7,83E2,83CD,83B0,8353,8345,830F,82F4,8327,834F,8351,8399,8378,8318,8301,828B,8298,8205,8231,820E,8263,8232,81FD,827D,8263,822D,821C,8247,81E1,8212,820B,81D4,8207,81E8,81E2,81CB,8201,819C,81AD,81C1,8140,8171,8167,8135,8154,8144,8129,810B,80D6,80FE,80C5,8098,80A5,80B1,8086,8090,80B4,80D6,80AD,809D,80D3,80C1,80AD,808E,8049,8065,8061,8070,7FF7,7FF4,804D,8077,803A,801A,802D,8047,8059,7FE9,7FA2,7FB0,7F8E,7F49,7F7F,7F8A,7FBB,7FB6,7FCC,7FE3,7FD1,7FB3,7F49,7F5F,7F46,7F10,7EF2,7ECA,7ECE,7EFF,7EDD,7ECA,7F2F,7F6F,7F61,7F8B,7F5A,7F78,7F21,7F27,7F0B,7F17,7F54,7F34,7FC0,8004,803C,8034,8027,8055,8068,805F,8077,804A,804F,80B2,80AF,80FC,8107,80FC,814B,811C,8138,8155,81BA,81FB,822E,823B,8236,81F0,8244,81D0,817D,8170,814E,8168,8120,8189,81C0,81F2,821B,8219,822F,825A,8275,81EF,81A3,814E,8172,8160,8135,8113,8111,80F6,80DD,80F9,8105,80D9,8082,8066,804E,801B,7FB3,7F8A,7F8B,7FB7,7FD6,7FFF,8016,803B,8055,8022,7FC8,7F9B,7F94,7F51,7F18,7F22,7EF6,7EFC,7F31,7F58,7F66,7F8C,7FED,7FDA,8002,7FFC,7FD6,7FEF,7FE5,7FE4,7F81,7F69,7F28,7F0E,7F28,7F4E,7F4E,7F95,7FF6,8012,7FE5,7FD2,8010,7FE9,7FBC,7F5A,7F53,7F6E,7F49,7F47,7F5A,7FBB,7FDF,7FD0,7FC9,7FD6,7FD7,7FE1,7FD2,7FC4,7FC9,7FC6,7FDA,8026,802C,8082,8092,805D,809C,80A5,80A9,80A5,80A6,808D,80A9,8060,807D,8040,80AD,80A1,8091,80CC,80DE,8115,810F,80D8,80D5,80D0,80EC,80C0,8029,7FC9,7FFD,802E,800F,804E,805E,80DF,8101,8114,8136,80F3,80D1,80B5,8073,7FEB,7FFD,8056,807C,80C1,80FC,815E,81AD,81EB,8264,821A,81F2,820D,81CC,81D8,8203,81EF,822E,822C,81F8,8249,82FF,82FD,8334,8335,833B,8325,8335,838B,8342,8380,838C,838D,83C4,8409,845D,844C,844B,84A9,84DC,84D2,8529,850A,84CD,84EE,84AD,848F,845C,83FD,8434,847B,84D5,8560,854E,857D,85D8,85C2,85A4,8545,8503,845B,8461,843B,8404,83E7,83CB,845E,8472,8484,84A6,84B3,848A,8477,8445,8410,83E2,83F9,8367,834B,834F,832A,82EB,82DA,82E0,82DD,82CB,8283,8291,8279,824F,8232,81FF,81E9,81B5,815D,8111,8101,8116,80F0,80B0,804F,8078,8093,8068,800C,7FDA,7FCF,7FC5,7F9E,7F1E,7F52,7F4A,7F6B,7F2C,7F50,7F41,7F3C,7F3B,7EF8,7F13,7EEC,7EC1,7E95,7E85,7E76,7E5A,7E5C,7E0D,7E05,7E00,7DF7,7E17,7E13,7DF9,7DE6,7DDA,7DD8,7DDF,7DDD,7DFB,7DFC,7E24,7DE7,7DF4,7DAD,7DBF,7D78,7D7E,7D34,7D32,7D65,7D25,7D2C,7D0B,7D25,7D64,7D14,7CF3,7D2A,7D1D,7D47,7DA0,7DA2,7DDC,7D86,7E05,7DF7,7E51,7DEB,7D82,7DA2,7D56,7D8B,7CFD,7D50,7D91,7D85,7DCD,7DC2,7E0F,7E57,7E77,7ED2,7EA0,7ED4,7EA8,7E90,7E5F,7E68,7E52,7E61,7E47,7E48,7E96,7E4B,7EA1,7E92,7EEF,7EC9,7EDE,7EEC,7ED0,7EA6,7E8B,7EB0,7E94,7ECF,7E8F,7E70,7E65,7E75,7EBD,7EF1,7ECA,7E97,7ED4,7EEC,7E9F,7E65,7E53,7E8E,7E7E,7E96,7E81,7EDA,7EF9,7F00,7EF2,7F16,7F07,7EDA,7EC5,7E6E,7EE2,7EA8,7E89,7EF0,7E9E,7EDB,7ED8,7EB1,7F16,7EF0,7EEA,7F1B,7EDF,7EB6,7ED6,7EB5,7EF2,7E90,7EAB,7E9E,7EDD,7F01,7ED7,7ECE,7ED3,7F0F,7EC0,7EB2,7EAE,7ECF,7EBF,7EC4,7E8F,7EA2,7E8D,7E55,7EB0,7EC6,7EDC,7EA1,7E94,7ECC,7EA7,7E96,7EAB,7E9E,7E74,7E37,7E44,7E0C,7DF0,7DB5,7E26,7DF4,7E07,7DF1,7DB0,7E45,7DD0,7E09,7E43,7E35,7E65,7DC1,7DC4,7D89,7D4C,7D55,7D33,7D28,7D3B,7D71,7D6E,7DA9,7DD0,7DAB,7E1C,7DE2,7DC0,7DF5,7DD3,7E39,7DD9,7E24,7E52,7E69,7E95,7EBB,7ED1,7E7A,7EB1,7E94,7E6A,7EC5,7EDE,7E7B,7EC1,7EC5,7F2D,7EE8,7F57,7F7A,7FC9,7FA9,7FEA,803B,801B,801C,7FBC,7FCE,7FE3,7FE3,8028,8057,80A9,80DC,80E4,8138,8152,8191,81A5,81B2,81CD,81BF,81BE,81E9,821D,8248,8233,825B,82E2,8355,8325,831A,83B7,83A6,83AC,83D1,83BE,83CB,83CC,83F6,83FD,83FA,840C,841E,8401,83E3,841C,8410,8405,83DD,8402,8457,83FA,8373,8398,83F2,83B6,838C,8377,8367,83BC,8391,8352,8346,8357,834E,82E9,82AF,826B,826A,829C,8276,825F,8269,8263,8252,8263,8258,8230,81E0,81A4,81A4,81B1,817D,813B,8101,80F9,80CA,80BC,80A8,80A0,80D0,80B3,80BE,80BF,80B4,80AA,80C6,8037,8079,8086,806B,8032,7FF5,8008,7FED,7FB2,7FAE,7F98,7F94,7FEE,7FEB,7FE8,7FED,802F,8037,8005,7F75,7F82,7F9F,7F70,7F7B,7F42,7F3C,7F02,7ED7,7EE3,7EFD,7ED8,7EC4,7F18,7F58,7F34,7F17,7EE6,7F19,7F27,7F18,7ECB,7E7D,7EBD,7E7A,7E6E,7E2D,7E35,7E8C,7E5A,7E7F,7E9F,7E69,7E4C,7E1D,7E44,7DD2,7E70,7E14,7E5A,7E05,7E5D,7E18,7DEB,7E02,7DB7,7DF0,7D67,7DBE,7D8E,7E3D,7E55,7E0A,7E5E,7E89,7EA0,7E76,7E3F,7E5C,7E50,7E1C,7E3E,7E2E,7E99,7EA6,7ED4,7F0C,7F08,7F3C,7F59,7F55,7F34,7F60,7F79,7F53,7FA5,7F79,7FB0,7F99,7F99,7FAA,7FB5,7FAF,7FE6,8026,805F,80AB,8097,808C,8089,810C,808D,805C,803F,801B,802C,800F,7FFE,8033,8060,805E,8058,8077,80A8,8080,8060,8074,8023,8011,7FE6,7F99,7FAD,7FF3,7FBA,7F7C,7FA1,7FC6,8028,7FFF,7FB7,7F78,7F87,7F63,7F3C,7F11,7F26,7F1C,7F1A,7F35,7F37,7F71,7F4F,7F46,7F1D,7EC8,7EE7,7EB3,7E82,7E11,7DE1,7E5E,7DD7,7E08,7DCD,7E53,7E55,7ED0,7E79,7E7C,7EAD,7ED0,7EA7,7E8F,7E7B,7E51,7E3D,7DB5,7DE3,7DC7,7E49,7DAD,7E1C,7E5F,7E72,7EAD,7E61,7EB1,7EA4,7E73,7E02,7E3E,7DC1,7DE0,7DF9,7DBD,7E26,7DD4,7DCE,7D93,7D45,7D7C,7D6F,7D42,7D24,7D78,7D7D,7D3B,7D73,7D67,7D59,7D8F,7D87,7D6E,7DA4,7DB0,7D7D,7DCC,7D9A,7D5F,7DB1,7D45,7D54,7D8A,7D65,7D54,7D35,7DF3,7DD7,7E0A,7E4C,7E61,7EDF,7E83,7EDE,7E63,7E97,7EBB,7EA7,7E61,7EBE,7F18,7F67,7F6C,7FAB,7FCD,7FE5,8023,7FFA,8040,804A,8056,8077,80B5,80CC,8097,80CB,80AF,807B,809C,80D8,80FD,812D,8143,8167,81E6,8170,81C0,8227,81E7,8214,8208,81AD,81C9,8227,823D,81E9,8203,82A4,82A3,82DB,82B8,82EE,82E4,8321,8309,82CC,82DD,830C,82DD,8312,832B,8364,8357,835D,836D,835F,838E,8383,8378,83B0,8412,83A9,83DC,836A,8389,834E,82F2,82C4,8279,82B6,82A9,82D5,82E0,8305,8361,831F,82F1,8321,82E7,82CC,82B9,8254,8270,8214,821E,820E,81FE,81AA,81BA,8207,823C,8221,8204,8208,8203,81EF,8161,8159,8145,811E,80F8,8102,810C,80F6,8105,8134,80F7,80E8,80D4,80AF,809C,8089,8052,8017,8005,7FE1,7FCC,7F84,7FAB,7FD3,7FA0,7FC8,7F62,7F91,7F73,7F2A,7F60,7F55,7F55,7EF9,7EF9,7EC3,7ED3,7F09,7EEC,7E79,7E7E,7E7E,7EA3,7E85,7EB1,7E95,7E80,7E49,7E61,7E2C,7DBA,7DF6,7DD0,7E4D,7E4D,7EB9,7EB5,7E9A,7E88,7EB9,7E44,7E1C,7DE0,7D8D,7D56,7D26,7D8F,7D76,7DD0,7E2A,7E54,7EC2,7E97,7F04,7EE6,7E9F,7EB9,7E8A,7E58,7E7C,7E77,7EB2,7ED4,7EF1,7EF3,7F1B,7F4B,7F5E,7F50,7F4F,7F3B,7F76,7F68,7F83,7FB2,7FA0,7FA0,7FE2,7FEC,8026,8042,8067,802F,8015,8037,8014,802D,8043,8037,808B,80BF,80CC,80F0,8112,8143,8154,81B0,81B2,81B4,81E2,8190,819A,8177,812D,8121,80E8,810F,8128,8178,81B5,819E,81E2,8207,823C,8254,821A,8211,8212,81E1,81B6,81A3,8182,8122,810C,8143,8184,81BD,81C7,821A,81E3,81B4,8191,819B,8176,8139,8155,817F,814C,814C,815C,817D,818A,8158,814A,8114,80DB,80F5,80C1,8078,806D,8093,807F,808B,807A,8089,809B,809C,80D0,809B,808B,8034,801F,7FF5,7F81,7F82,7F5F,7F93,7F7C,7F99,7F7E,7F8D,8013,7FC5,7FE0,7FC5,7F72,7F88,7F6B,7F1D,7EDD,7EEC,7F04,7EF7,7F08,7F15,7F24,7EED,7EFC,7F53,7F48,7EF2,7EEC,7EED,7F0A,7F11,7EE3,7EFF,7F27,7F1C,7F48,7F58,7F6D,7F37,7F33,7F69,7F74,7FB5,7F9F,7F76,7F8E,7FA4,7F9C,7F6C,7F6A,7F9A,7FAA,7F9B,7FA2,7FF4,803B,8069,804D,807D,808F,8092,809B,80E6,80E0,80E4,8111,8131,8166,814E,814E,816F,815E,8144,8194,8161,8120,8149,8155,8120,8149,817D,8178,81B4,81B2,81CB,81DC,8210,81A2,81A2,81AA,818C,81C7,81D6,8217,8272,8243,8239,826C,8225,8224,8229,8209,8204,822E,8247,8269,828F,82A4,82B7,82EA,830B,82D3,8307,8316,8315,8320,82D9,82CF,82DA,8329,82BB,82ED,8316,833B,83A7,83A5,83CA,83D4,83F2,839D,8347,832B,832D,8324,8305,8340,830D,8383,836F,8334,8358,8377,8393,8357,8387,837F,836E,833F,833E,8347,8324,8335,834D,8326,8319,832C,82E9,82C6,82D6,82CB,8268,8237,820E,81C3,81C6,81B9,81D2,8195,81B5,81AC,81A4,81C7,8175,817D,813C,8167,811C,8101,8085,80B0,80AF,8049,8068,8032,807F,804A,8024,8044,8059,802E,7FF0,803C,8017,7FD1,7F68,7FAC,7FA2,7F8F,7FC6,7F78,7FA7,7FD3,7F6D,7F47,7F75,7F55,7F10,7ECD,7ECB,7ED9,7EDA,7E8F,7EB8,7EB5,7E90,7ED3,7EE5,7ED1,7EB4,7ECC,7EA0,7E07,7DE7,7E4A,7DDA,7DE2,7DA1,7DF9,7DEE,7DFF,7E39,7E13,7E2E,7E10,7E24,7DF7,7DFC,7DF6,7DCB,7DE7,7DD4,7DEF,7DD3,7E14,7E41,7E91,7E7A,7E6B,7EA3,7E9D,7E7B,7E55,7E32,7E37,7E67,7E2E,7E2F,7E5A,7E87,7E97,7E63,7E7D,7EBF,7EF8,7EA1,7E98,7EA0,7E8E,7E87,7EA9,7ED4,7EEC,7F06,7EDF,7F08,7F11,7F0C,7F15,7F3B,7F22,7F6B,7F71,7F2B,7FA5,7FA8,7F2E,7F49,7F4B,7F4F,7F5F,7F4D,7F75,7FA4,7F7A,7FAD,7FB6,7FF2,8001,7FA7,7FC7,7FC9,7F6D,7F21,7F43,7F19,7F19,7F24,7F12,7F32,7F66,7F60,7F3E,7F27,7F23,7F65,7F3E,7F1C,7EDC,7EB9,7F21,7EFE,7F14,7EEF,7ECC,7EB3,7E7D,7E97,7E9E,7EC4,7EBC,7ECA,7EF8,7EDA,7F30,7F21,7EFF,7F2F,7F19,7EC7,7F26,7F15,7EEB,7F2B,7EF7,7F24,7EE3,7EBC,7EA3,7ED2,7EFA,7EDC,7EAB,7EDA,7EF2,7EFE,7F2F,7F41,7F2E,7F18,7F25,7EE4,7EED,7EFF,7ED6,7ECA,7ED4,7EC6,7EB6,7EC4,7EE7,7EE7,7E9C,7E9B,7EC5,7F05,7EE6,7ED4,7EFB,7EFA,7EEE,7EE1,7EA5,7EAE,7E93,7E79,7E39,7E55,7E51,7E38,7E97,7E7C,7E94,7EA6,7E64,7EC0,7E9D,7EC1,7EAB,7EC4,7EF5,7F48,7F09,7EF0,7F05,7ED8,7EC3,7E8C,7E61,7EB4,7E92,7EC2,7EE4,7F10,7F64,7F67,7F9B,7F64,7FA2,7FBD,7FA1,7FBA,7FB9,7F9E,7F89,7FD0,7FF7,7FD5,7FBD,7FBC,7FB8,7FB9,7FCC,7F7B,7FDA,7FBB,7F9F,7FE5,7FF7,8015,8045,80A2,8061,8072,805C,8059,807D,8056,8058,803E,806D,80A2,80F0,8137,8148,814B,81B1,81F4,81FC,81FD,8213,8246,8228,823A,8256,824E,8210,81ED,821B,826A,8265,82AC,831F,833A,834D,8380,8384,8354,8333,8318,82EB,8315,82C3,82D1,82CE,82A3,82CC,82E2,8309,8302,8316,8346,82EA,82BD,830A,82E5,82EE,826D,823E,8233,825C,8214,8211,821A,81EE,81F9,81AA,81BB,81C0,8194,817F,8179,8189,813A,8100,8123,8130,8124,80F4,80A5,80A5,8081,8030,8058,8042,803A,8001,7FA9,7FCA,7FB5,7FA1,7F89,7F5A,7F8F,7FC3,7FB8,7FB5,7F99,7F90,7F9D,7F6E,7F21,7EE0,7EBB,7EB7,7ED3,7ECD,7EC2,7EBE,7ECD,7EBA,7ECC,7ED7,7E9A,7EDD,7EAB,7EBF,7E8D,7EA1,7EC0,7E70,7E96,7E77,7E86,7E18,7E05,7E03,7E23,7E2E,7DE8,7DDC,7E1A,7E8A,7DF5,7E30,7DE3,7E53,7DF4,7DDF,7D95,7DCD,7E03,7DAF,7DC6,7D4A,7D7A,7D6B,7D0E,7D0D,7D58,7D97,7D9B,7D2B,7D87,7D90,7DA0,7DE1,7D6F,7DA7,7DC7,7D88,7DB3,7D3C,7D2E,7D2B,7D29,7D4D,7D35,7D18,7D7E,7DE8,7E05,7E26,7DDF,7E60,7DE7,7E4A,7DFB,7E28,7E0A,7E33,7DF6,7DF8,7E45,7DF6,7E65,7E1B,7E7A,7EAF,7EA9,7EA0,7EAC,7EBC,7EBC,7E96,7E87,7E77,7E70,7E72,7E71,7E4C,7E64,7E4B,7EB9,7EC9,7ED4,7F04,7F2A,7F10,7EDE,7EDE,7EEC,7E98,7E6F,7E8C,7EAF,7EA7,7EA7,7F0E,7F0F,7F7C,7F90,7FA7,7F99,7FC7,7F93,7FA5,7F83,7F29,7F50,7EFF,7F55,7F32,7F2B,7F40,7F5A,7F86,7F86,7F64,7F7A,7F3C,7F33,7F82,7F3A,7F07,7F50,7F67,7F45,7F77,7F5A,7FAC,7F95,7F79,7F62,7F50,7F5E,7F4F,7F49,7F42,7F42,7F56,7F69,7F6A,7F24,7F84,7FFE,7FC0,7FDD,7FD0,7FBD,7FD9,7FB0,7F7B,7F4E,7F80,7F43,7F25,7EDE,7F43,7F4D,7F1C,7F4B,7F5C,7FD2,7F76,7F9D,7F9C,7FAD,7F9F,7F39,7F26,7F13,7EEE,7ED9,7EFF,7EAB,7F23,7EEE,7EAF,7EC0,7EC1,7F50,7F1E,7F1F,7F47,7F44,7F10,7F12,7F01,7ED5,7EE7,7F06,7EF1,7EE4,7F2D,7F12,7F39,7F43,7F2D,7F2C,7F5B,7FA2,7F3E,7F55,7FB5,7F93,7FB5,7F94,7F86,8009,7F9A,7FAF,7FD0,7FA9,7FAD,7FCF,7FBC,7FF3,8006,7FFF,804D,807D,8058,8036,8055,7FFF,802E,8007,7FDB,8037,8035,8052,8071,80BC,80AE,80A3,80AD,8080,8083,8092,8086,80C6,808D,80AE,8097,80F6,80F0,80C5,811A,8155,81D7,81BC,81B3,8205,8223,8213,81F4,81BB,819F,81B2,81F4,81AF,81DA,820C,824D,8260,825B,828E,8264,827E,8243,822A,8228,81F7,8219,820E,8220,822D,824B,8268,8278,829A,8299,828D,82A3,8293,824D,823A,8209,8228,81B5,81C3,81EE,81E4,821F,8228,81FF,8244,826F,825C,826B,823A,8247,8213,81F8,81F8,819A,8169,812E,80F2,814C,812B,8156,814E,8183,8199,816E,818A,8185,8183,8127,80D5,80BE,80AC,80C2,8088,806D,8050,807C,808B,8071,8077,8087,8061,807E,80AF,8046,805F,8063,8023,8028,7FF8,800A,7FF8,7FF7,7FDC,7FC6,7FE3,7FD2,7FD5,7FDC,7FE0,7FE2,8015,7FF4,7FCD,7FD9,7FC1,7FC5,7FA6,7F8C,7F87,7F97,7F60,7F7E,7F0E,7F0D,7F2C,7EFD,7F27,7ED0,7ED7,7EC1,7F19,7F0A,7EDC,7EF8,7EBC,7ED4,7ECA,7E92,7E87,7E7E,7DE1,7E66,7E2B,7E4A,7E62,7E85,7EB0,7ED4,7EE7,7F50,7F71,7F02,7EE4,7EF2,7F08,7F10,7EEB,7EE2,7F48,7F3C,7F6F,7F33,7FB4,8028,7FFF,7FF5,802B,8033,8066,801D,803A,805D,8071,8046,8072,80B1,80C4,80B0,80E3,8110,8105,812C,80FC,8110,8106,8114,8103,8116,80F2,812F,813B,810C,8167,817D,8186,817A,81C8,8196,81BF,8176,814F,8170,81AD,8188,8171,81F2,8216,81FE,81F6,81EC,822F,8238,8226,8225,8201,823D,81E6,8223,81A9,819E,822B,8204,820C,8202,81F3,8215,81C4,81BE,81BD,819A,81DC,8164,8165,815E,8129,8120,813A,80ED,80F9,8105,80D2,80DC,80C9,80CE,80BA,80BF,80DE,80A0,8076,80B2,807C,805A,805B,8051,8044,808D,802A,8037,8008,7FB6,7FA3,7FAC,7F7E,7F71,7F72,7FA1,7F5F,7F62,7F63,7F21,7F10,7EF1,7EA5,7E89,7E70,7E73,7E81,7E50,7E70,7E50,7E7D,7E7A,7E0C,7E92,7E12,7E2C,7DCE,7E03,7DD2,7DF6,7E36,7DE5,7E11,7DDB,7E1A,7DF9,7E0E,7DC7,7E49,7DF9,7E1E,7E24,7E78,7E88,7E9B,7EC5,7EB5,7EE9,7EE5,7EDC,7EC4,7ECE,7EEA,7F17,7F18,7EFF,7F0A,7F17,7F68,7F4B,7F47,7FA2,7F6A,7F97,7FC8,7F86,7FB6,7FC5,7F7C,7F7B,7F42,7F88,7F68,7FBE,7FCD,8018,8039,7FF6,8035,8053,805E,8032,8017,8028,800D,7FDF,8044,805A,803A,807C,807F,80A8,80E6,80BB,810A,80E0,811A,80F7,813A,8160,8120,814D,812B,815E,819A,81BF,81B5,81E6,81C4,820F,8260,827D,82B0,8278,8287,8287,8253,82C2,82A4,8295,82A8,82A9,82CE,82C3,82E3,82DE,82CD,82F1,8332,8310,833E,8329,82F9,8329,8321,82CD,82EE,82D6,82D5,8323,8327,82D0,82B7,82BA,8285,82A6,8246,8272,8251,828F,8260,824E,82A0,8274,8267,821F,821F,820D,81FF,81E4,81D4,8209,81EC,81A2,81D3,81D6,81A5,814D,80FF,80E6,80EA,80B9,80A4,807E,806F,8098,809F,80AD,8078,8078,8099,8060,805B,802E,7FF6,8037,801B,7FFD,8007,7FB2,7FA5,7FA0,7F6E,7FA2,7FA7,7FDE,8008,7FA1,7FDA,7F9E,7F64,7F34,7F35,7F36,7F12,7EE1,7EAB,7ECD,7EF8,7ED7,7F16,7F2F,7F52,7F2A,7F03,7F0C,7ED6,7ED0,7E74,7E9A,7E42,7E56,7E60,7E76,7E77,7E7E,7EB5,7EB8,7E53,7E3B,7E3E,7E38,7E64,7E35,7E2D,7E20,7E5D,7E79,7E55,7E8D,7E4B,7DF2,7E13,7DD0,7DCA,7DC2,7E17,7DDA,7DEB,7DCC,7E33,7DE3,7E2A,7E1C,7E47,7E7C,7E79,7ED9,7E51,7EBA,7E52,7E5C,7E3F,7E23,7E43,7E04,7E4B,7E5F,7E89,7E61,7EDB,7F25,7F3B,7F54,7F45,7F42,7F46,7F32,7EDD,7EBB,7E9E,7E81,7E8C,7F21,7F13,7F50,7FBB,7FBC,8023,8043,805A,8058,8019,8018,8037,7FBF,7FE3,7FCC,8010,802F,7FDD,803A,805A,808D,80AA,80A4,80AA,806C,80A3,80AD,80D6,80AC,80DD,8122,80DC,810B,80F5,80DE,80FF,80DA,80DB,80EB,80B3,809A,8090,80A9,80D7,8086,80D9,808F,80B2,80F6,80E6,80C9,80F4,80F4,80A8,80C6,809D,8073,8056,8035,800C,7FF6,7FDA,7FDD,7FD7,7FD9,8011,8011,8012,801F,7FE0,7FD2,7FB0,7FA9,7F59,7F3B,7F0F,7EE7,7EF7,7EC7,7EC6,7EAE,7EA6,7ED7,7E55,7E6F,7E98,7E43,7E5B,7E40,7E56,7E16,7E6A,7DE9,7DE0,7D8A,7DC7,7DCB,7D6D,7DCC,7D67,7D68,7D8C,7D44,7DAA,7D66,7D0F,7D71,7D4B,7D6C,7D89,7D1B,7D60,7D88,7D4F,7D79,7D7B,7D76,7DA8,7D2D,7D43,7D9D,7DB7,7D89,7D5C,7D67,7D79,7D99,7D5C,7DC9,7D85,7DD2,7E11,7DDF,7E32,7E28,7E78,7E77,7EA4,7E98,7ED5,7EE9,7E99,7EBD,7E9C,7ED1,7EBD,7E79,7EE1,7ED5,7F21,7F00,7F1B,7F2E,7FA5,7FE2,7F7F,7FD1,8005,8036,8024,8034,805D,8079,8078,8088,807D,8095,80AC,80CC,80C7,80D7,8119,8142,816F,8173,81E8,81EF,81F9,8239,8254,8299,826F,8277,82BC,82D3,82D1,82BF,82F4,8304,831C,832B,82FC,82F2,8322,8308,82FD,82FF,8300,8346,8375,8351,8338,839E,8379,8355,836F,82EF,8346,832D,82D6,82EF,82D0,82B8,829E,82C6,8284,826B,82A1,8257,8250,825A,824B,82A0,827D,8268,82A0,8266,825A,81F6,81FA,81B1,8195,8197,819F,81B2,81A0,81B3,81A1,81D0,816A,815D,8139,8152,8144,810C,812F,80F5,8149,8114,812C,8117,810A,8114,8108,80F5,80C7,80C2,8093,807E,809F,809B,8071,80AC,80C4,809C,8074,80C8,8098,8034,8051,801B,7FF7,7FDC,7F86,7F60,7F48,7F48,7F16,7F23,7F30,7ED9,7EFD,7F1E,7F2D,7ED0,7EFB,7EBB,7EA6,7E70,7E6A,7DF3,7E09,7DE5,7DDE,7DF8,7DAA,7DC5,7DCC,7DF2,7DAB,7DF0,7DBF,7DCD,7D77,7D7D,7D78,7D52,7D5C,7D99,7D30,7DB8,7D87,7DBC,7DEB,7D9F,7E16,7DB8,7DEA,7D7F,7DC1,7DA5,7D83,7DEC,7DB5,7DED,7E00,7E39,7E39,7E6C,7EAF,7E9C,7E97,7EAC,7ECF,7EAF,7E90,7E7B,7E8F,7EA9,7EA2,7F03,7F00,7F59,7F74,7FBD,7FBD,7F84,8009,7FEE,7FDC,7FCE,7FD0,7F92,7FC7,8013,8002,8077,8099,810D,813B,8156,815A,813F,813D,8148,8139,810B,8102,80FF,80E5,8117,811D,8124,8157,8149,81D1,81BF,81B2,817E,8180,8199,816A,814D,8155,8174,8186,81AA,8177,816F,819B,81A9,81A0,81BA,81CE,81C6,81D4,81C4,81B0,81A2,815E,8165,8166,8164,8145,8127,8186,816C,8186,816A,8158,8155,810D,80EA,80B4,80C6,809B,805D,807F,8078,8078,8096,809E,8097,80A2,8086,80A2,806C,804E,803B,8020,7FFE,7FCE,7FD4,7FD6,7FB9,7FC3,7F89,7FB1,7FA6,7F73,7FB9,7F96,7FC5,7F6B,7F39,7F35,7F37,7F28,7F2E,7F31,7F1A,7F30,7F72,7F53,7F8C,7F6C,7F2B,7F31,7F27,7F14,7EAA,7EBD,7ED3,7ECD,7ED9,7EE8,7F36,7EDE,7EEC,7F47,7EF3,7F14,7EE4,7ED5,7F2C,7F1E,7EFC,7F03,7F27,7F04,7EFC,7F2E,7F53,7F8A,7FCE,7FAE,7FC9,7FEA,7FE0,7FF4,7FFD,7FEA,7FFA,8015,7FC2,802C,8063,8029,804D,8073,809D,80B3,80B3,8061,8085,80A3,80B3,8083,807D,8088,8059,809E,80CC,80D7,80DF,8124,8116,814D,817A,819A,819C,8187,81C7,81C6,81E3,8207,820E,8243,8254,8292,8253,8261,8285,827B,828C,82BC,82CB,82D3,82E8,8300,832F,8337,836A,8346,8314,831C,82EC,82EA,8324,8313,8338,8368,8320,8327,836F,837D,8368,8335,8362,8338,832F,833E,831F,832E,82FB,82F2,82F1,82D6,82D2,82F5,82D4,82AE,828E,827E,826D,8280,8261,823E,8221,8232,81FE,81ED,81BC,8189,817E,8169,8164,8158,8162,80F5,813B,80D9,80BE,80C0,8091,80A2,8073,8054,802D,800B,8011,8051,8000,7FF8,7FF1,8000,7FBB,7FA7,7F7A,7F79,7F66,7F7F,7F51,7F25,7EC1,7EA2,7EBE,7E7D,7E81,7E50,7E2A,7E0F,7DF5,7DFB,7DE6,7DA2,7DED,7DA8,7DC8,7D79,7D93,7D38,7D37,7D60,7CC7,7D22,7CD1,7C87,7CC8,7C80,7CCA,7CA4,7CB7,7CA9,7C60,7CA7,7C38,7C8B,7CA8,7C56,7C87,7CA3,7C9B,7C92,7C9F,7CB9,7C7C,7C85,7CB0,7CA8,7CB5,7C8E,7CE7,7CF8,7CE0,7D0E,7D10,7D0F,7D40,7CFC,7D24,7DB5,7D60,7DD0,7DCA,7E21,7E23,7DE4,7E13,7E06,7E4B,7DFA,7E3F,7E16,7E6B,7E7B,7E86,7EBF,7EAB,7EE2,7ED5,7EEC,7F11,7F2F,7F4C,7F39,7F8A,7FAB,7FBC,7FA0,7FC6,7FDC,7FEC,7FDE,8024,8053,8082,8080,809F,80FC,80C2,80D1,80C0,8105,80B8,80B9,80B6,80B8,80E4,80B1,80D0,80D4,8120,814B,8126,817A,814D,816A,8123,8152,8136,811B,8145,80FE,8116,811E,8137,8115,813C,814E,8159,811E,8134,8101,8122,810D,80E2,8107,80C0,80ED,80CF,8118,80AB,8103,80E6,80DC,8113,809B,811A,80DB,80D8,80C6,80C1,80A3,80AE,8096,803E,804E,8037,802C,803C,8000,8026,8033,7FF4,7FEE,7FAD,7FC4,7FB7,7FDB,7F82,7F7B,7FA6,7F9E,7F6C,7F49,7F2B,7F2C,7F30,7F15,7F29,7F0E,7F00,7EB4,7E7C,7E61,7E83,7E43,7E01,7E4C,7DEC,7E67,7E4F,7E57,7E5F,7E8B,7E62,7E52,7E6A,7E4D,7E4A,7E1E,7E26,7E52,7E3D,7E80,7E7C,7EAE,7EDA,7EB7,7EFF,7EBF,7F00,7E93,7EB2,7ED9,7EA1,7EE4,7E9A,7F25,7F07,7F61,7F49,7F77,7F56,7F60,7F7A,7F31,7F5D,7F30,7F4C,7F68,7FB3,7FAB,7F77,7FD5,8003,7FF9,806D,804D,8091,8083,8093,80B2,8055,8075,8071,8052,806B,8082,8048,8096,80B5,80D8,80F2,814E,8158,8177,8185,81A0,81CD,817F,819B,8195,819B,815D,81AF,81E6,825C,8240,821B,8287,828C,8285,8231,825D,8290,8278,8251,824F,82AD,8271,82C4,82ED,8295,82EC,82D1,82D6,82B0,82E4,82E6,8297,82B1,8280,82A2,829B,8272,82A7,8275,82A5,8278,8297,829B,8279,827D,8237,820B,81F6,8203,81E7,81D7,819C,818A,818C,81A4,819E,8187,818F,8189,815F,8167,8106,80FA,80DC,808E,80B6,807C,8075,808B,8050,8061,8051,8052,800A,7FE2,7F85,7F86,7F67,7F35,7EE5,7EF9,7F26,7EEC,7F0B,7F3B,7F32,7F37,7F51,7F2A,7F2C,7EF8,7EDC,7E59,7E3A,7E1B,7DFA,7DCC,7DC5,7DDD,7DE1,7DD1,7E1B,7DE7,7E25,7DBA,7DB2,7D67,7D4C,7D3A,7CB7,7CB8,7CA0,7C63,7C53,7CA2,7C4C,7C40,7C46,7C4F,7C5E,7C97,7C55,7C65,7C38,7C62,7C13,7BF3,7BEC,7BC4,7BE8,7C1C,7C18,7C0B,7C66,7C5C,7C76,7C48,7C6D,7C6A,7C5A,7C2C,7C68,7C5F,7C2E,7C76,7C57,7C94,7CD2,7C92,7C9D,7CF8,7CE6,7CC4,7CCC,7CFB,7CBF,7CD7,7D0C,7D0A,7D42,7D56,7DC5,7DC6,7E3C,7DF5,7E25,7E09,7E4C,7E46,7E44,7E40,7E3D,7E8A,7E20,7E8B,7E5D,7EB2,7EED,7F87,7F93,7F85,7F96,7FA9,7FA6,7FAD,7FAB,7FBE,7F8D,7FC8,7FEE,7FF1,805D,8058,80C4,80B8,80F0,810F,80D1,8160,8107,8133,8162,8140,8174,8169,816A,817C,817A,817F,81CA,81E5,8205,8225,8232,8200,8211,8238,8231,8240,8226,81E9,81EF,81E9,8212,8222,81C5,81EE,81EC,81D8,81CC,81D2,81CE,81B2,81DA,81C9,8188,818A,815F,812E,8135,80DE,810C,80CA,80EE,80DB,80A0,80E3,80AB,80A7,8073,808D,8083,8052,800C,8035,7FDB,7FD9,7FB2,7FAD,7FB2,7F8A,7F39,7F3A,7F66,7F13,7F20,7EEC,7F01,7EE5,7F26,7F08,7EDD,7ED9,7ED3,7F12,7E95,7EE8,7EA8,7E9E,7E95,7EAC,7ECA,7E77,7EE0,7EB7,7ECB,7EFB,7EE1,7F01,7F25,7F24,7F13,7F04,7F25,7EFE,7EF9,7EEE,7F03,7F1D,7F15,7F27,7F15,7F42,7F71,7F73,7F9F,7F8D,7FAB,7FD2,7FB8,7FC1,7FAF,800A,7FEC,7FE6,7FFB,7FCC,7FA9,7FCA,7FF7,8027,8062,80A0,80AA,808F,80E9,80AF,80BE,80C6,80BB,80E7,80C7,80DE,80CB,810A,80F2,80F4,815F,8151,8171,8169,816A,818D,81C8,81C0,81C1,8196,81D8,81F5,821B,821A,823D,8251,8245,8272,8266,82C6,82D1,82D4,82CF,82E1,8331,8326,833E,8361,8368,8389,8358,83B9,838B,83AA,837B,838B,83A8,839D,83A8,837B,83CF,83EA,8406,83EA,842E,8428,8438,843E,8406,840D,83F3,83EF,840B,83AF,8399,8400,840B,840D,83F6,8427,8433,83E5,8448,83FC,83EF,83D7,83D5,839E,8373,8368,8338,82FD,82EA,82F4,82B7,82CA,82C5,82B1,82BF,829F,8274,8255,8218,823E,81D1,81A8,817F,81BF,81C0,81B7,81A2,8186,8190,8160,8101,8115,810C,80DA,80CA,80C3,80E1,80C8,80DB,8094,80F0,809E,8098,805A,8065,8085,8027,7FFE,7FE7,7FD8,7FEA,7F96,7F75,7F6F,7F61,7F8B,7F31,7F7E,7F6C,7F54,7F24,7F0A,7EF2,7EE7,7EC8,7E7C,7E9D,7E5A,7E75,7E38,7E29,7E4D,7E1E,7E65,7E49,7DEB,7E31,7E01,7E05,7D93,7DA8,7DA5,7DAC,7DC9,7D69,7DAB,7D70,7DC4,7D64,7DE1,7D98,7D81,7D95,7D3E,7DAE,7D15,7D9F,7D1F,7D27,7DD0,7D4C,7D91,7D41,7DE6,7E02,7DC3,7DBC,7DF2,7DF0,7E01,7E15,7E33,7E0E,7E1A,7E32,7E06,7E2F,7DF9,7E12,7DF3,7E09,7DF4,7E25,7E2A,7E67,7E31,7E9A,7EA4,7EB6,7EC5,7EB1,7E9C,7EF5,7EFD,7F07,7F2C,7F16,7F3B,7F39,7FA7,7F7C,7F7D,7FE5,7FE1,8042,802A,803A,8044,8050,8086,807B,8094,8079,808B,809B,808F,80BA,80CC,8103,8103,80CF,8110,80FB,8108,80F5,8129,8111,80F7,80E2,8118,810D,8083,80BA,80A9,809B,809A,808C,80BD,8087,807F,80A2,80AB,80B6,8095,80A2,808F,808E,808B,804A,8079,801E,8007,8010,7FFD,7FEC,7FE1,8030,7FDF,7FCA,7FD2,7FBC,7FF1,7FC0,7F9A,7F77,7F4F,7F4F,7F4F,7F72,7F15,7F44,7F28,7F27,7F25,7F02,7F04,7F05,7EFA,7ED3,7F31,7F04,7EFF,7F0E,7E95,7EDA,7EB1,7EBC,7EA5,7E43,7E7C,7E8E,7E91,7E44,7E95,7E74,7EA4,7E76,7E57,7E49,7E25,7E1E,7E16,7E10,7E05,7E2A,7E18,7E51,7E3D,7E36,7E49,7E55,7E53,7E4F,7E6B,7E70,7E54,7E46,7DFF,7E05,7DFC,7E40,7E33,7EB3,7E63,7EC6,7EB6,7EC1,7EE5,7ECB,7EAE,7E9E,7E80,7EA5,7EB6,7EA4,7EB4,7EE9,7F02,7EB4,7ED9,7F27,7F40,7F67,7F83,7F4F,7FC1,7FA7,7F8F,7FB8,7FAF,7FB1,7FBC,7FEC,7FEF,7FED,8009,803D,8041,8066,8068,80AA,80C8,80CA,80F2,80F3,80F0,8110,8146,813E,8141,815F,8154,8177,8198,8178,8162,816F,8160,816A,8181,8196,81B9,81DD,81ED,822A,822A,8218,8212,8231,8248,8281,8240,8264,8277,8251,824A,8260,8261,828B,82CA,82AA,82AD,82E4,8311,82D9,82F0,832A,8324,8326,8318,82FF,82A4,82A8,82B4,82D4,8293,826C,829F,828B,827E,82A9,8298,8275,8285,8267,825F,8226,8265,823E,8219,8217,81EB,81E7,81B5,81C8,8194,81F1,81A3,81A7,81C4,8185,81AD,8137,8117,80EF,80F5,80AC,80CC,80BB,80B7,80E4,80CE,80D2,80F4,80E4,80BB,8069,8056,8063,8067,8025,7FDD,8006,7FC8,7FCE,7FA7,7FC1,7FC8,7F90,7F98,7F66,7F65,7F5C,7F58,7F3C,7EDF,7EF7,7E94,7E6D,7E3A,7E4C,7E25,7E46,7E3C,7E13,7E1F,7E67,7DF7,7E05,7DCC,7D8D,7DB3,7D92,7DF1,7D69,7DB6,7DA2,7DFB,7DC1,7DF8,7DD1,7DF4,7DCD,7DE1,7E01,7D8B,7DCE,7D76,7DBA,7D76,7DC9,7D4F,7DBE,7DF5,7DDB,7E70,7E07,7E3C,7DDF,7E41,7DD0,7E15,7DB0,7DDE,7DAA,7DB4,7DDD,7E19,7E0C,7E2B,7E6E,7E4D,7EA1,7E34,7E53,7E76,7E7C,7E66,7E34,7E6A,7E63,7E7D,7EAF,7EAF,7EE8,7EE4,7EE0,7F54,7F5F,7F31,7F37,7F35,7F1E,7F3E,7F59,7F37,7F44,7F6F,7F72,7F85,7F97,7F62,7F6E,7F89,7F69,7F91,7F9D,7F2E,7F3E,7F37,7F41,7F4E,7F47,7F17,7EE9,7EFD,7EF9,7F17,7F5A,7F38,7F3F,7F58,7F3D,7F48,7F3F,7F1D,7F3B,7F4C,7F10,7F55,7F20,7EF5,7EEB,7EB8,7EE2,7ECB,7ED2,7EBF,7EC9,7ECD,7EF2,7EFE,7F11,7F0A,7EE7,7EFD,7EAB,7E97,7E82,7EB4,7E9C,7E77,7E6F,7EC1,7E3F,7EAC,7DE4,7E14,7E1A,7DC8,7E25,7DC2,7E13,7DD6,7E06,7D9A,7DF9,7DF8,7DDC,7DFB,7DA5,7DE8,7DD2,7DD2,7DBF,7D95,7DBC,7DB4,7D9A,7DB8,7D8C,7DD9,7DE5,7D88,7E08,7D9E,7DDE,7DD9,7DB8,7E00,7DAB,7DC7,7DAD,7D8F,7DA0,7D7C,7DBE,7DC9,7DB0,7DBC,7DC9,7D8C,7DFE,7DD7,7DD0,7E09,7DD8,7E3D,7DF0,7E2A,7DFE,7E08,7E24,7DDA,7E51,7E32,7E77,7E15,7E19,7E84,7E70,7E9C,7E88,7EC7,7EDA,7EF2,7EE5,7F4A,7F26,7F57,7F6B,7FB7,7FBB,7FAB,8002,7FC8,7FE3,7FD5,7FE2,7FEE,8003,802F,803A,8031,8087,8086,8066,80A1,809C,80AF,80E6,8113,80F5,811A,8100,8117,8112,8121,8153,811D,8112,8111,8137,816B,8195,8197,81B1,81B5,81F6,8206,8226,81FD,820B,8200,8210,823B,8227,823E,825F,8243,8259,826C,826B,82A7,829D,8274,8279,82B2,828A,8297,828E,827E,82C9,828C,829D,829D,82A7,828A,82B2,82AB,82C8,82C1,8278,829A,8266,8285,8276,828C,826B,823D,8248,8251,8214,8244,81F6,81CA,81D7,8183,81C6,8182,8189,816E,8166,8151,8131,816E,814D,8142,8148,812C,80F3,8120,8122,80BD,80FA,809B,805E,8057,8045,806F,7FFC,801C,8050,806C,805A,8006,801F,8001,7FEE,7FCC,7F6E,7FB9,7F53,7F50,7F47,7F13,7F8C,7F2A,7F0B,7F19,7F2C,7EDC,7EDD,7EB7,7E7C,7EA0,7E5E,7E7C,7E59,7E16,7E12,7DE8,7DF9,7D7F,7DC6,7D96,7DAB,7DB3,7D68,7D76,7D67,7D64,7D95,7D49,7CFF,7D49,7D79,7D42,7D77,7D76,7D18,7D3B,7D52,7D2D,7D3C,7D46,7D09,7D44,7D62,7D29,7D1C,7DAC,7D6F,7D4F,7DDF,7DBD,7DE8,7DA8,7DB8,7E0A,7DC3,7E23,7DD2,7DE4,7E12,7DE0,7E67,7E22,7E79,7E85,7E9A,7EA6,7EE0,7F08,7F01,7EFB,7EC3,7EE0,7F02,7EE1,7EEE,7F3F,7EEF,7F0C,7F36,7F52,7F54,7FA8,7FA9,7FF1,7FFF,7FD7,8021,8016,8020,8043,8060,804C,8056,8048,8052,804E,80A0,8091,809A,80A0,8100,80DC,813E,8133,8113,815E,8152,816F,8145,813B,8132,814C,812F,813E,8147,8142,8153,814D,8195,81B5,8178,81C6,81CF,81D5,81A7,8170,8137,8160,8142,812C,812B,811F,8115,8166,814A,8116,8161,812B,815F,813E,817A,8159,8119,8105,80E1,80BF,80A8,8097,8097,80A9,8077,808E,8095,8072,8076,806E,8045,8031,7FFE,7FF2,7FE9,7FA6,7F7F,7F98,7F57,7F63,7F84,7F7C,7F80,7F70,7F73,7F80,7F77,7F35,7F40,7F45,7F35,7F2A,7EE3,7EFB,7EEE,7EDA,7F1F,7EF4,7F0A,7EF6,7EE1,7F19,7F1C,7EFC,7EC4,7ECA,7ECA,7EA9,7EBD,7EB9,7EE2,7EEC,7E9E,7E81,7EEE,7EBF,7ECC,7F04,7EF5,7F2D,7EF6,7EDD,7F3F,7F3F,7F45,7F4B,7F38,7F8D,7F94,7FA9,7FA2,7F6C,7FD1,7FBB,7FD1,7FDA,7FFE,804F,800D,805F,808E,80AF,8090,80C3,80BB,80A9,80BF,80CA,80F4,80BF,80D7,80C8,80D2,80F2,8104,810F,812D,8104,8155,8145,814B,817E,8172,8185,8145,8171,8164,816F,81A8,81B6,81A6,8196,81E3,81C3,8188,8201,8212,828C,8246,8241,82A1,825B,82BB,8299,826A,8268,8267,8290,828B,8297,82BE,82E3,82E6,82C3,82E7,830D,82FF,8320,8351,831B,8314,832F,830B,831E,82CA,82DD,82FE,82DB,82FB,82EA,82F4,82E4,82F5,8331,832F,834D,8345,8327,8317,82C3,82B1,82CC,82B6,82A6,8278,8297,82AB,828B,8290,82BE,82B6,82B2,82BF,82C8,82E5,82CA,82EA,82BE,829E,8294,8288,8271,8287,823D;