memory_initialization_radix=16;memory_initialization_vector=7FFF,7FFF,7FFF,7FFF,7FFF,7FFF,7FFF,7FFE,7FFE,7FFE,7FFF,8000,8001,8002,8002,8001,7FFF,7FFC,7FF9,7FF8,7FF9,7FFD,8006,8012,8022,8033,8043,8050,805A,805F,805F,805D,8059,8054,8051,804F,804F,8050,8052,8054,8054,8054,8053,8051,804F,804D,804B,804A,804A,804B,804C,804E,8050,8052,8054,8055,8054,8053,8051,804E,804A,8046,8042,8040,803D,803C,803C,803C,803D,803D,803E,803E,803E,803E,803D,803C,8039,8036,8033,802F,802B,8027,8023,8021,8020,8020,8022,8025,8029,802C,802F,8030,802F,802C,8029,8024,8020,801C,801A,8019,8019,801A,801C,801E,801F,8021,8023,8025,8026,8028,8029,802A,802A,8029,8027,8023,801F,801B,8017,8014,8012,8013,8014,8017,801B,801E,8021,8023,8023,8023,8022,8020,801E,801B,8019,8017,8014,8012,800F,800D,800A,8008,8007,8006,8007,8008,800A,800D,8011,8015,8019,801C,801D,801D,801D,801B,801A,8019,8019,8019,801A,801A,801A,8019,8018,8017,8015,8014,8014,8014,8015,8016,8017,8016,8014,8012,800E,800A,8007,8004,8002,8000,7FFF,7FFF,7FFF,7FFF,7FFF,7FFF,7FFF,8000,8001,8003,8006,8009,800B,800E,8010,8011,8011,8010,800E,800B,8007,8003,7FFF,7FFC,7FF9,7FF9,7FF9,7FFA,7FFC,7FFE,8000,8002,8002,8001,8000,7FFE,7FFC,7FFA,7FF8,7FF7,7FF6,7FF5,7FF4,7FF4,7FF3,7FF3,7FF2,7FF1,7FF0,7FF0,7FEE,7FED,7FEB,7FEA,7FE8,7FE6,7FE4,7FE3,7FE3,7FE3,7FE3,7FE4,7FE6,7FE7,7FE8,7FE8,7FE8,7FE7,7FE4,7FE1,7FDD,7FD9,7FD6,7FD3,7FD2,7FD2,7FD3,7FD5,7FD7,7FDA,7FDC,7FDF,7FE0,7FE2,7FE3,7FE4,7FE5,7FE5,7FE4,7FE3,7FE2,7FE0,7FDF,7FDD,7FDC,7FDB,7FDA,7FDA,7FDA,7FDA,7FDA,7FDA,7FDB,7FDA,7FD9,7FD7,7FD4,7FD0,7FCB,7FC7,7FC3,7FC0,7FBF,7FC0,7FC3,7FC6,7FC9,7FCB,7FCC,7FCB,7FC9,7FC5,7FC1,7FBE,7FBB,7FB9,7FB9,7FBA,7FBB,7FBD,7FBF,7FBF,7FBF,7FBF,7FBE,7FBC,7FBC,7FBB,7FBC,7FBD,7FBF,7FC1,7FC4,7FC8,7FCB,7FCE,7FD1,7FD3,7FD4,7FD3,7FD0,7FCD,7FC8,7FC4,7FC0,7FBD,7FBC,7FBC,7FBD,7FBE,7FC0,7FC2,7FC4,7FC4,7FC3,7FC1,7FBF,7FBB,7FB7,7FB3,7FAF,7FAD,7FAB,7FAB,7FAC,7FAD,7FAF,7FAF,7FAF,7FAE,7FAB,7FA8,7FA5,7FA2,7FA0,7F9F,7F9E,7F9D,7F9B,7F99,7F95,7F91,7F8C,7F87,7F84,7F82,7F82,7F83,7F86,7F8A,7F8E,7F92,7F96,7F98,7F9A,7F9C,7F9D,7F9F,7FA0,7FA1,7FA3,7FA4,7FA5,7FA5,7FA5,7FA4,7FA3,7FA1,7FA0,7F9E,7F9D,7F9A,7F98,7F95,7F92,7F8F,7F8E,7F8D,7F8F,7F92,7F97,7F9D,7FA3,7FA8,7FAC,7FAE,7FAD,7FAB,7FA8,7FA5,7FA2,7F9F,7F9E,7F9F,7FA0,7FA1,7FA3,7FA4,7FA5,7FA4,7FA3,7FA1,7F9F,7F9D,7F9B,7F9B,7F9C,7F9E,7FA1,7FA5,7FA9,7FAE,7FB2,7FB5,7FB7,7FB7,7FB6,7FB4,7FB1,7FAF,7FAD,7FAB,7FAA,7FA9,7FA8,7FA7,7FA5,7FA2,7F9F,7F9D,7F9B,7F9B,7F9C,7F9E,7FA1,7FA4,7FA7,7FA8,7FA8,7FA6,7FA4,7FA1,7F9F,7F9E,7F9F,7FA1,7FA4,7FA7,7FAA,7FAC,7FAD,7FAD,7FAC,7FAC,7FAC,7FAD,7FB0,7FB3,7FB6,7FB9,7FBA,7FBA,7FB8,7FB5,7FB2,7FAF,7FAE,7FAE,7FAF,7FB2,7FB4,7FB7,7FB8,7FB8,7FB8,7FB7,7FB5,7FB5,7FB5,7FB6,7FB8,7FBA,7FBC,7FBE,7FC0,7FC0,7FC0,7FBF,7FBE,7FBC,7FBB,7FBA,7FBA,7FB9,7FBA,7FBB,7FBC,7FBE,7FC1,7FC5,7FC8,7FCA,7FCC,7FCE,7FCE,7FCE,7FCD,7FCD,7FCE,7FCF,7FD1,7FD4,7FD7,7FDA,7FDD,7FDF,7FE1,7FE1,7FE0,7FDF,7FDE,7FDD,7FDD,7FDD,7FDD,7FDD,7FDD,7FDC,7FDA,7FD7,7FD3,7FD0,7FCE,7FCD,7FCE,7FCF,7FD2,7FD5,7FD7,7FD9,7FD9,7FD9,7FD9,7FD9,7FD9,7FDA,7FDC,7FDF,7FE2,7FE4,7FE6,7FE8,7FE9,7FE9,7FE8,7FE7,7FE6,7FE6,7FE5,7FE5,7FE6,7FE7,7FE9,7FEB,7FEC,7FEC,7FEC,7FEA,7FE8,7FE5,7FE3,7FE0,7FDF,7FDE,7FDD,7FDE,7FDF,7FE1,7FE2,7FE4,7FE6,7FE7,7FE9,7FEA,7FEA,7FEB,7FEB,7FEB,7FEC,7FED,7FEF,7FF0,7FF2,7FF3,7FF4,7FF5,7FF5,7FF5,7FF5,7FF4,7FF4,7FF4,7FF4,7FF5,7FF5,7FF6,7FF7,7FF8,7FF8,7FF9,7FF9,7FF8,7FF7,7FF6,7FF5,7FF5,7FF6,7FF9,7FFC,8001,8005,8009,800C,800E,800F,800F,800E,800E,800E,800F,8011,8014,8017,801B,801F,8023,8025,8026,8026,8025,8023,8020,801E,801D,801C,801C,801D,801E,801F,8020,8020,8020,8020,8020,8021,8022,8023,8025,8026,8026,8026,8026,8026,8026,8027,8028,802B,802D,8030,8033,8035,8036,8037,8038,803A,803B,803D,803F,8042,8044,8045,8046,8046,8046,8045,8044,8042,8040,803E,803D,803B,803A,8039,8039,8038,8038,8038,8038,8038,8037,8037,8036,8035,8035,8035,8036,8037,8039,803C,803F,8042,8045,8047,8047,8047,8045,8043,8041,8040,803F,803E,803E,803D,803D,803C,803B,803A,8039,803A,803C,8040,8044,8048,804C,804D,804E,804C,8049,8046,8043,8041,8041,8043,8045,8049,804D,8050,8052,8053,8053,8051,804F,804C,8048,8045,8043,8042,8041,8042,8044,8046,8049,804C,804E,8050,8051,8052,8052,8051,8051,8050,8050,8051,8051,8052,8054,8055,8057,8058,805A,805B,805D,805F,8062,8066,806A,806F,8073,8077,807A,807C,807C,807A,8076,8072,806F,806B,8069,8068,8069,806B,806D,806F,8071,8071,8071,8071,8070,806F,806F,806F,8070,8072,8075,8078,807C,807F,8081,8082,8083,8082,8080,807E,807B,8079,8078,8078,8079,807A,807C,807D,807E,807D,807B,8078,8074,8071,806E,806C,806C,806C,806E,8070,8074,8077,807B,807E,8081,8084,8086,8087,8088,8088,8087,8087,8086,8086,8085,8085,8085,8085,8085,8084,8084,8083,8082,8081,8081,8080,807F,807D,807C,807B,8079,8078,8078,8078,8079,807A,807B,807C,807C,807D,807C,807C,807C,807B,807B,807B,807B,807B,807B,807B,807B,807A,8079,8078,8076,8075,8074,8073,8072,8071,8071,8071,8071,8071,8071,8071,8071,8071,8072,8072,8072,8071,8070,806E,806B,8069,8067,8065,8065,8065,8065,8066,8066,8066,8065,8064,8061,805F,805C,805A,8058,8056,8056,8055,8056,8056,8057,8058,805A,805B,805C,805C,805B,8059,8056,8053,804E,804A,8045,8042,803F,803E,803D,803E,803E,803F,8040,803F,803F,803E,803E,803D,803D,803E,803F,8041,8043,8045,8047,8048,8049,804A,804A,8049,8048,8046,8044,8042,8040,803E,803C,803B,8039,8038,8036,8033,8031,802E,802B,8028,8026,8025,8024,8024,8023,8021,801F,801C,8019,8016,8014,8012,8012,8013,8016,8019,801C,801F,8021,8022,8023,8023,8023,8023,8024,8025,8027,8029,802B,802C,802C,802B,8028,8025,8020,801C,8018,8015,8013,8010,800F,800D,800B,8008,8006,8004,8002,8001,8001,8000,8001,8001,8002,8002,8003,8003,8004,8004,8004,8004,8003,8003,8002,8001,8000,8000,7FFF,7FFE,7FFD,7FFC,7FFA,7FF9,7FF7,7FF5,7FF3,7FF0,7FEE,7FEB,7FE7,7FE4,7FE0,7FDD,7FDA,7FD9,7FD8,7FD9,7FDA,7FDC,7FDE,7FE0,7FE1,7FE2,7FE1,7FE0,7FDE,7FDB,7FD7,7FD4,7FD1,7FCF,7FCE,7FCE,7FCE,7FCE,7FCF,7FCF,7FD0,7FCF,7FCF,7FCE,7FCC,7FCA,7FC8,7FC5,7FC2,7FC0,7FBE,7FBF,7FC1,7FC4,7FC8,7FCC,7FCF,7FD1,7FD1,7FCF,7FCD,7FCB,7FC9,7FC8,7FC9,7FCB,7FCD,7FD0,7FD1,7FD2,7FD1,7FCF,7FCD,7FCA,7FC8,7FC6,7FC6,7FC7,7FC9,7FCB,7FCD,7FCE,7FCD,7FCB,7FC8,7FC3,7FBF,7FBB,7FB9,7FB8,7FB8,7FB9,7FBB,7FBD,7FBE,7FBE,7FBD,7FBB,7FB9,7FB8,7FB7,7FB7,7FB8,7FBA,7FBD,7FBF,7FC1,7FC1,7FBF,7FBD,7FB9,7FB6,7FB3,7FB2,7FB1,7FB2,7FB4,7FB6,7FB7,7FB8,7FB7,7FB5,7FB3,7FB2,7FB1,7FB0,7FB1,7FB3,7FB4,7FB6,7FB7,7FB8,7FB8,7FB8,7FB7,7FB7,7FB7,7FB6,7FB5,7FB2,7FAF,7FAB,7FA7,7FA3,7FA1,7F9F,7FA0,7FA3,7FA6,7FAA,7FAE,7FB2,7FB4,7FB6,7FB6,7FB5,7FB5,7FB4,7FB3,7FB3,7FB3,7FB2,7FB1,7FB0,7FAE,7FAA,7FA7,7FA2,7F9D,7F98,7F93,7F90,7F8D,7F8C,7F8D,7F8F,7F93,7F96,7F9A,7F9D,7FA0,7FA1,7FA2,7FA3,7FA4,7FA4,7FA6,7FA7,7FA8,7FA9,7FAA,7FA9,7FA8,7FA5,7FA2,7F9F,7F9D,7F9A,7F98,7F96,7F94,7F93,7F92,7F91,7F90,7F8F,7F8F,7F8F,7F90,7F91,7F93,7F94,7F96,7F98,7F9A,7F9B,7F9D,7FA0,7FA2,7FA5,7FA8,7FAA,7FAC,7FAC,7FAB,7FA9,7FA5,7FA1,7F9C,7F99,7F96,7F96,7F96,7F98,7F9B,7F9D,7FA0,7FA2,7FA3,7FA4,7FA5,7FA5,7FA6,7FA8,7FA9,7FAA,7FAB,7FAC,7FAC,7FAC,7FAB,7FAA,7FA9,7FA7,7FA5,7FA2,7FA0,7F9E,7F9E,7F9E,7F9F,7FA1,7FA3,7FA5,7FA6,7FA6,7FA6,7FA5,7FA3,7FA1,7FA0,7FA0,7FA0,7FA2,7FA3,7FA5,7FA7,7FA8,7FA9,7FAA,7FAC,7FAE,7FB0,7FB3,7FB7,7FBA,7FBD,7FBF,7FBF,7FBF,7FBD,7FBB,7FB9,7FB7,7FB6,7FB5,7FB6,7FB7,7FB9,7FBB,7FBE,7FC0,7FC2,7FC3,7FC3,7FC4,7FC4,7FC4,7FC4,7FC5,7FC7,7FCA,7FCD,7FD0,7FD3,7FD4,7FD4,7FD2,7FCE,7FCA,7FC6,7FC1,7FBD,7FBA,7FB9,7FB8,7FB7,7FB7,7FB8,7FB8,7FB9,7FB9,7FBA,7FBB,7FBD,7FBE,7FC1,7FC3,7FC5,7FC7,7FC9,7FC9,7FC9,7FC9,7FC8,7FC8,7FC9,7FCB,7FCD,7FD0,7FD3,7FD6,7FD7,7FD7,7FD7,7FD5,7FD3,7FD1,7FD0,7FD0,7FD1,7FD3,7FD5,7FD7,7FD9,7FDB,7FDC,7FDD,7FDF,7FE0,7FE1,7FE2,7FE2,7FE2,7FE1,7FDF,7FDD,7FDA,7FD6,7FD3,7FD0,7FCE,7FCE,7FCE,7FCF,7FD2,7FD4,7FD6,7FD8,7FD9,7FDA,7FDA,7FD9,7FD8,7FD7,7FD6,7FD6,7FD7,7FD8,7FD9,7FDB,7FDC,7FDD,7FDD,7FDC,7FDA,7FD8,7FD6,7FD3,7FD2,7FD2,7FD2,7FD4,7FD6,7FD9,7FDB,7FDD,7FDF,7FE1,7FE2,7FE3,7FE5,7FE7,7FE8,7FEA,7FEB,7FEC,7FEC,7FEB,7FE9,7FE7,7FE5,7FE4,7FE4,7FE5,7FE7,7FEB,7FF0,7FF5,7FFA,7FFE,8002,8004,8007,8009,800C,800F,8013,8016,801A,801D,8020,8021,8021,8021,8021,8021,8022,8023,8025,8028,802A,802C,802E,802E,802D,802B,8029,8027,8025,8024,8024,8024,8026,8027,8029,802B,802C,802C,802D,802D,802C,802B,802A,8029,8027,8025,8024,8022,8022,8022,8024,8027,802A,802D,8030,8032,8034,8034,8034,8034,8034,8034,8034,8035,8035,8036,8036,8036,8036,8035,8034,8033,8032,8032,8032,8032,8033,8035,8038,803A,803D,803F,8040,8041,8041,8041,8041,8041,8042,8044,8045,8046,8047,8048,8048,8048,8048,8048,8048,804A,804C,804F,8052,8055,8057,8058,8057,8055,8052,804E,8049,8044,803F,803B,8037,8035,8033,8033,8034,8037,803B,803F,8043,8047,8049,8049,8048,8046,8045,8043,8044,8046,804B,8051,8057,805D,8061,8062,8061,805D,8058,8052,804D,804A,804A,804B,804D,8050,8052,8053,8052,8050,804D,804A,8049,8049,804B,804E,8051,8054,8055,8055,8053,8051,804E,804C,804C,804D,8052,8057,805E,8064,806A,806E,8071,8072,8072,8071,8070,806F,806D,806C,806B,8069,8067,8064,8062,8061,8060,805F,8060,8061,8063,8065,8067,8069,806B,806E,8070,8072,8073,8074,8074,8074,8073,8071,806E,806B,8067,8064,8061,805F,805E,805E,805E,805F,805F,805F,805E,805D,805C,805B,805B,805C,805D,805E,805F,8060,8061,8061,8060,805F,805E,805D,805C,805B,805B,805A,805A,8059,8059,8059,8058,8058,8058,8057,8056,8055,8054,8054,8054,8055,8057,805A,805D,8061,8064,8065,8065,8063,8060,805D,805A,8057,8057,8057,805A,805D,8061,8064,8067,8068,8068,8067,8065,8063,8062,8062,8062,8063,8065,8067,8068,8068,8068,8066,8064,8061,805E,805B,8058,8056,8055,8054,8055,8056,8057,8059,805A,805B,805C,805C,805C,805B,805A,8058,8056,8053,8050,804C,8048,8044,803F,803B,8038,8035,8033,8032,8032,8033,8034,8036,8037,8039,803A,803B,803B,803C,803C,803B,803B,803A,8039,8038,8036,8033,8030,802D,802B,802B,802B,802C,802E,8031,8032,8033,8032,8030,802D,802A,8027,8026,8025,8026,8028,802A,802C,802E,802D,802C,8029,8025,8021,801C,8018,8015,8014,8014,8015,8018,801A,801D,801F,8020,801F,801E,801D,801C,801B,801B,801D,801F,8023,8026,802A,802C,802D,802D,802B,8029,8025,8022,801F,801C,8019,8017,8015,8014,8013,8012,8011,8011,8012,8014,8017,8019,801B,801C,801B,8019,8015,8010,800B,8007,8005,8004,8005,8008,800C,8011,8015,8018,8019,8019,8017,8014,8010,800D,800A,8007,8006,8006,8007,8007,8007,8006,8004,8001,7FFC,7FF8,7FF4,7FF2,7FF0,7FF1,7FF2,7FF4,7FF6,7FF8,7FF8,7FF6,7FF3,7FF0,7FEB,7FE8,7FE5,7FE2,7FE1,7FE1,7FE0,7FDF,7FDD,7FDB,7FD8,7FD5,7FD3,7FD1,7FD1,7FD1,7FD2,7FD3,7FD4,7FD4,7FD3,7FD1,7FCF,7FCD,7FCC,7FCC,7FCC,7FCD,7FCF,7FD0,7FD1,7FD1,7FD1,7FD1,7FD1,7FD0,7FD0,7FD0,7FD0,7FCF,7FCE,7FCD,7FCB,7FC9,7FC6,7FC4,7FC3,7FC2,7FC2,7FC2,7FC4,7FC6,7FC8,7FCB,7FCE,7FD0,7FD3,7FD4,7FD5,7FD5,7FD4,7FD2,7FCE,7FCA,7FC6,7FC2,7FBF,7FBD,7FBC,7FBC,7FBC,7FBE,7FC0,7FC2,7FC3,7FC4,7FC4,7FC4,7FC4,7FC3,7FC1,7FBF,7FBE,7FBD,7FBD,7FBD,7FBE,7FBF,7FC1,7FC2,7FC2,7FC1,7FC0,7FBD,7FBA,7FB7,7FB5,7FB3,7FB3,7FB3,7FB4,7FB5,7FB6,7FB7,7FB7,7FB7,7FB6,7FB6,7FB5,7FB5,7FB5,7FB5,7FB5,7FB5,7FB4,7FB4,7FB4,7FB3,7FB3,7FB3,7FB3,7FB3,7FB1,7FB0,7FAE,7FAB,7FA9,7FA7,7FA6,7FA7,7FA8,7FAA,7FAD,7FAF,7FAF,7FAF,7FAE,7FAC,7FAA,7FA9,7FA9,7FAB,7FAE,7FB2,7FB6,7FB9,7FBB,7FBC,7FBA,7FB8,7FB4,7FB1,7FAD,7FAA,7FA7,7FA5,7FA2,7F9F,7F9B,7F96,7F91,7F8D,7F88,7F85,7F83,7F82,7F82,7F84,7F86,7F89,7F8C,7F8F,7F92,7F94,7F96,7F98,7F99,7F99,7F9A,7F9A,7F99,7F99,7F99,7F98,7F98,7F98,7F99,7F9A,7F9A,7F9B,7F9B,7F9B,7F9A,7F98,7F97,7F96,7F95,7F95,7F96,7F98,7F9A,7F9C,7F9D,7F9E,7F9E,7F9D,7F9D,7F9C,7F9B,7F9B,7F9C,7F9C,7F9D,7F9D,7F9D,7F9D,7F9C,7F9A,7F98,7F97,7F95,7F94,7F94,7F94,7F95,7F97,7F99,7F9A,7F9B,7F9C,7F9C,7F9C,7F9C,7F9C,7F9C,7F9C,7F9C,7F9C,7F9D,7F9E,7F9E,7F9E,7F9E,7F9E,7F9E,7F9D,7F9D,7F9D,7F9D,7F9D,7F9E,7FA0,7FA1,7FA2,7FA3,7FA3,7FA3,7FA2,7FA1,7FA0,7F9F,7F9F,7F9F,7FA0,7FA1,7FA2,7FA3,7FA4,7FA5,7FA6,7FA6,7FA7,7FA8,7FA9,7FA9,7FAA,7FA9,7FA8,7FA7,7FA6,7FA6,7FA6,7FA8,7FAA,7FAD,7FB1,7FB4,7FB8,7FBA,7FBC,7FBD,7FBE,7FBE,7FBD,7FBC,7FBB,7FB9,7FB7,7FB5,7FB3,7FB1,7FB1,7FB2,7FB4,7FB8,7FBC,7FC1,7FC6,7FC9,7FCB,7FCB,7FCA,7FC8,7FC7,7FC6,7FC5,7FC5,7FC7,7FC8,7FC9,7FC9,7FC9,7FC6,7FC3,7FBF,7FBA,7FB6,7FB3,7FB2,7FB3,7FB6,7FBA,7FBF,7FC3,7FC7,7FCA,7FCC,7FCD,7FCD,7FCC,7FCC,7FCC,7FCC,7FCC,7FCD,7FCE,7FCF,7FD0,7FD2,7FD3,7FD5,7FD6,7FD7,7FD6,7FD5,7FD3,7FD1,7FCE,7FCB,7FC9,7FC8,7FC7,7FC7,7FC7,7FC8,7FC8,7FC9,7FCA,7FCB,7FCC,7FCD,7FCE,7FCE,7FCD,7FCC,7FCA,7FC8,7FC5,7FC3,7FC2,7FC3,7FC5,7FC8,7FCC,7FD1,7FD5,7FD9,7FDC,7FDE,7FDE,7FDE,7FDC,7FDB,7FD9,7FD8,7FD8,7FD8,7FD9,7FDB,7FDC,7FDE,7FDF,7FDF,7FDF,7FDE,7FDE,7FDD,7FDE,7FDF,7FE0,7FE2,7FE3,7FE5,7FE6,7FE7,7FE7,7FE8,7FE9,7FEA,7FEC,7FEE,7FF0,7FF2,7FF3,7FF2,7FF1,7FEF,7FED,7FEC,7FEB,7FEC,7FEF,7FF2,7FF6,7FFA,7FFE,8001,8003,8004,8006,8007,8008,8009,800B,800D,800F,8011,8014,8017,801A,801D,801F,8020,801F,801D,801B,8018,8016,8015,8017,8019,801E,8023,8028,802C,802F,8031,8031,8030,802F,802E,802E,802E,802E,802E,802E,802E,802E,802E,802E,802F,8031,8035,8039,803E,8043,8047,8049,8049,8048,8045,8042,803F,803C,803B,803B,803C,803E,8040,8041,8042,8042,8042,8042,8043,8043,8045,8046,8048,8049,8049,8049,8048,8047,8045,8043,8042,8041,803F,803E,803E,803D,803E,803F,8040,8043,8045,8047,8048,8049,8048,8047,8045,8043,8042,8041,8041,8041,8041,8041,8041,8041,8041,8041,8041,8042,8043,8044,8045,8045,8045,8045,8045,8046,8047,804A,804D,8050,8052,8053,8052,8051,804F,804D,804D,804D,804F,8051,8053,8054,8053,8051,804E,8049,8045,8042,8040,8041,8042,8045,804A,804E,8053,8058,805C,805F,8060,8060,805F,805D,805A,8057,8056,8055,8056,8059,805C,8060,8064,8069,806D,8072,8076,807B,807F,8083,8086,8086,8085,8082,807E,8079,8074,806F,806C,806A,806A,806A,806B,806B,806B,806A,8069,8068,8066,8064,8062,805F,805D,805A,8058,8056,8054,8054,8054,8055,8057,8058,8059,805A,805A,805A,805A,805A,8059,8059,8058,8056,8054,8051,804E,804C,804B,804B,804D,8051,8054,8058,805C,805E,805E,805E,805C,805B,805A,8059,805A,805B,805C,805E,8060,8061,8062,8062,8062,8061,8060,805F,805E,805C,805A,8059,8057,8056,8055,8055,8055,8056,8056,8057,8057,8057,8057,8056,8055,8054,8053,8052,8051,8051,8050,804F,804E,804D,804D,804C,804C,804C,804D,804D,804E,804D,804D,804C,804B,804A,8049,8048,8048,8047,8046,8046,8044,8043,8041,803F,803E,803D,803E,803F,8040,8042,8044,8046,8047,8048,8048,8048,8048,8048,8047,8046,8044,8042,803F,803B,8037,8033,802E,802B,8029,8029,802A,802C,802E,8031,8033,8034,8033,8032,8031,802F,802D,802C,802B,802C,802D,802E,802F,8030,8030,802F,802C,8029,8025,8021,801E,801C,801C,801D,801F,8022,8025,8027,8028,8027,8024,8020,801C,8018,8015,8013,8012,8013,8015,8017,8019,801B,801D,801E,801F,8020,8021,8022,8022,8022,8021,8020,801E,801C,8019,8016,8013,8010,800D,800B,8009,8008,8008,8009,800B,800D,800F,8011,8013,8014,8014,8014,8013,8011,8010,800E,800E,800D,800E,800F,8010,8012,8013,8015,8015,8015,8014,8012,800F,800C,8009,8007,8006,8005,8005,8005,8006,8006,8005,8004,8002,7FFF,7FFC,7FF9,7FF7,7FF5,7FF4,7FF4,7FF4,7FF4,7FF5,7FF5,7FF5,7FF5,7FF3,7FF1,7FEE,7FEB,7FE7,7FE4,7FE2,7FE0,7FDF,7FDF,7FE0,7FE1,7FE2,7FE2,7FE2,7FE2,7FE2,7FE1,7FE0,7FDF,7FDD,7FDB,7FD8,7FD6,7FD3,7FD1,7FD1,7FD2,7FD3,7FD6,7FD9,7FDB,7FDC,7FDD,7FDC,7FDA,7FD8,7FD6,7FD5,7FD4,7FD3,7FD3,7FD4,7FD4,7FD5,7FD6,7FD7,7FD8,7FD9,7FDA,7FDB,7FDB,7FDB,7FDB,7FDB,7FDB,7FDC,7FDE,7FE0,7FE3,7FE5,7FE8,7FE9,7FEA,7FEA,7FE9,7FE7,7FE5,7FE2,7FE0,7FDF,7FDD,7FDD,7FDC,7FDC,7FDB,7FDA,7FD9,7FD7,7FD5,7FD3,7FD2,7FD0,7FD0,7FD0,7FD1,7FD2,7FD2,7FD2,7FD1,7FD0,7FD0,7FCF,7FCF,7FCE,7FCE,7FCC,7FC9,7FC3,7FBB,7FB2,7FA8,7FA0,7F99,7F95,7F95,7F99,7F9F,7FA5,7FAA,7FAB,7FA6,7F9C,7F8B,7F76,7F5F,7F48,7F35,7F28,7F23,7F26,7F31,7F40,7F50,7F5D,7F64,7F64,7F5C,7F4E,7F3F,7F31,7F27,7F26,7F2C,7F39,7F4C,7F5F,7F72,7F80,7F89,7F8C,7F8B,7F88,7F83,7F80,7F7E,7F7F,7F82,7F87,7F8B,7F8F,7F91,7F92,7F91,7F8E,7F8C,7F8A,7F89,7F8A,7F8D,7F92,7F97,7F9C,7F9F,7FA0,7F9E,7F9A,7F96,7F91,7F8D,7F8A,7F89,7F88,7F87,7F83,7F7D,7F73,7F66,7F57,7F49,7F3D,7F36,7F33,7F36,7F3E,7F49,7F56,7F62,7F6D,7F75,7F7A,7F7C,7F7C,7F7A,7F79,7F78,7F79,7F7A,7F7D,7F80,7F84,7F87,7F89,7F8B,7F8B,7F8B,7F8A,7F8A,7F8A,7F8A,7F8B,7F8B,7F8B,7F8B,7F8B,7F8C,7F8D,7F8F,7F93,7F98,7F9F,7FA7,7FB0,7FB7,7FBE,7FC2,7FC3,7FC2,7FBD,7FB5,7FAB,7F9F,7F93,7F86,7F7B,7F72,7F6B,7F66,7F63,7F61,7F60,7F5F,7F5C,7F59,7F56,7F54,7F53,7F54,7F58,7F5E,7F67,7F70,7F79,7F81,7F87,7F8A,7F8B,7F89,7F86,7F82,7F7E,7F7A,7F76,7F74,7F73,7F72,7F73,7F74,7F75,7F76,7F77,7F78,7F79,7F7A,7F7B,7F7E,7F82,7F87,7F8B,7F90,7F95,7F98,7F9A,7F9B,7F9B,7F9B,7F9B,7F9B,7F9B,7F9C,7F9E,7FA0,7FA2,7FA4,7FA6,7FA8,7FA9,7FA9,7FA9,7FA8,7FA7,7FA6,7FA4,7FA4,7FA3,7FA4,7FA6,7FA9,7FAC,7FB0,7FB4,7FB6,7FB8,7FB9,7FB8,7FB7,7FB6,7FB4,7FB2,7FB0,7FAE,7FAC,7FAA,7FA8,7FA6,7FA4,7FA3,7FA3,7FA4,7FA5,7FA6,7FA7,7FA7,7FA7,7FA7,7FA6,7FA5,7FA5,7FA5,7FA7,7FAA,7FAF,7FB4,7FB9,7FBE,7FC3,7FC7,7FC9,7FCB,7FCC,7FCC,7FCC,7FCD,7FCF,7FD2,7FD5,7FD8,7FDA,7FDB,7FDA,7FD6,7FD0,7FCA,7FC3,7FBE,7FBB,7FBA,7FBC,7FC0,7FC4,7FC7,7FC9,7FC8,7FC4,7FBF,7FB8,7FB2,7FAD,7FAA,7FA9,7FA9,7FA9,7FA9,7FA9,7FA8,7FA6,7FA4,7FA3,7FA3,7FA5,7FA7,7FAB,7FB0,7FB6,7FBB,7FC0,7FC4,7FC6,7FC7,7FC7,7FC5,7FC3,7FC0,7FBD,7FBC,7FBC,7FBC,7FBD,7FBE,7FBE,7FBC,7FB9,7FB5,7FB1,7FAE,7FAE,7FB1,7FB7,7FBF,7FC6,7FCA,7FC8,7FBF,7FAD,7F94,7F77,7F57,7F3A,7F23,7F13,7F0B,7F08,7F08,7F08,7F04,7EFC,7EF1,7EE4,7ED8,7ED0,7ECF,7ED5,7EE3,7EF6,7F0C,7F22,7F37,7F48,7F55,7F5D,7F61,7F62,7F61,7F5D,7F5A,7F56,7F53,7F51,7F4E,7F4B,7F46,7F3F,7F36,7F2E,7F29,7F29,7F30,7F3F,7F53,7F6B,7F81,7F92,7F9C,7F9D,7F96,7F89,7F7C,7F70,7F69,7F67,7F6B,7F71,7F77,7F7B,7F7B,7F75,7F6B,7F5E,7F4F,7F40,7F35,7F2F,7F2E,7F35,7F42,7F53,7F68,7F7D,7F8F,7F9C,7FA4,7FA8,7FAA,7FAB,7FAF,7FB6,7FC1,7FCF,7FDD,7FE9,7FF0,7FF3,7FF1,7FEB,7FE5,7FDF,7FDC,7FDD,7FE1,7FE9,7FF2,7FFC,8005,800D,8013,8016,8017,8016,8014,8013,8015,8019,8021,802B,8035,803D,8041,8040,803A,8030,8026,801E,801A,801B,8020,8029,8034,803D,8045,8049,804A,8049,8047,8046,8046,8048,804C,8052,805A,8063,806B,8072,8077,8079,8077,8073,806D,8068,8065,8065,8069,806F,8075,807A,807C,807A,8075,806C,8063,805C,8058,8059,805D,8064,806B,8073,8079,807D,807F,8080,8080,8080,8080,8081,8081,8081,8082,8082,8082,8082,8080,807E,807A,8076,8071,806D,806B,806B,806E,8074,807C,8086,8090,809A,80A5,80AF,80B9,80C4,80CE,80D8,80E0,80E6,80E8,80E5,80DE,80D4,80C6,80B8,80AB,80A1,8099,8095,8094,8092,808F,8088,807C,806B,8058,8044,8035,802C,802B,8033,8040,804F,805B,805F,805B,8050,803E,802C,801E,8017,8018,8023,8034,8048,805B,806B,8075,807A,8079,8076,8070,806A,8066,8065,8066,806B,8073,807B,8081,8085,8085,807F,8076,806B,8061,805B,8059,805D,8066,8072,807F,8089,8091,8096,8098,8099,809B,809E,80A2,80A7,80AB,80AC,80AB,80A6,809D,8092,8086,807A,8070,8068,8065,8066,806C,8075,8081,808C,8095,8098,8095,808C,807F,8071,8065,805D,805C,8060,8068,8072,8079,807D,807C,8076,806D,8062,8056,804C,8043,803C,8037,8032,802F,802C,802B,802A,802A,802C,802F,8033,8039,8041,804B,8057,8063,806F,807B,8084,808A,808E,8090,8092,8093,8094,8096,8096,8095,8090,8087,807A,806A,8059,8048,803A,8030,802B,802A,802D,8034,803B,8043,8049,804D,804D,804A,8044,803B,8032,8029,8022,801D,801C,801D,801F,8021,8022,8021,801E,8019,8014,800F,800A,8007,8006,8005,8005,8006,8007,8008,800B,800F,8014,801A,8021,8027,802D,8030,8032,8032,8031,802E,802C,802A,8029,8029,802A,802B,802C,802B,802A,8027,8023,801F,801B,8019,801A,801C,8021,8029,8031,803A,8042,8049,804F,8054,8058,805B,805E,805F,805F,805D,8059,8053,804A,8040,8033,8025,8015,8005,7FF5,7FE6,7FD8,7FCD,7FC6,7FC4,7FC5,7FCB,7FD4,7FDF,7FEB,7FF5,7FFE,8004,8008,800B,800D,800E,800F,8010,8011,8013,8014,8014,8014,8013,8011,800F,800D,800C,800B,800B,800C,800E,8011,8015,8019,801C,801F,8021,8022,8023,8024,8024,8023,8020,801B,8013,8007,7FF7,7FE6,7FD4,7FC3,7FB4,7FAA,7FA4,7FA3,7FA7,7FAE,7FB7,7FC1,7FCB,7FD4,7FDA,7FDE,7FE0,7FE0,7FDF,7FDE,7FDD,7FDE,7FE1,7FE4,7FE9,7FED,7FEF,7FEE,7FEB,7FE6,7FDF,7FD9,7FD3,7FD0,7FD0,7FD3,7FD8,7FDE,7FE5,7FEB,7FF1,7FF5,7FF7,7FF9,7FF9,7FF8,7FF5,7FF1,7FEB,7FE4,7FDA,7FD0,7FC5,7FBB,7FB1,7FA8,7FA1,7F9C,7F98,7F95,7F93,7F91,7F90,7F8F,7F90,7F91,7F93,7F97,7F9D,7FA4,7FAD,7FB6,7FBF,7FC8,7FD0,7FD7,7FDB,7FDE,7FDE,7FDE,7FDE,7FDD,7FDC,7FDB,7FDB,7FDB,7FDA,7FD9,7FD8,7FD5,7FD1,7FCD,7FC7,7FC1,7FBB,7FB5,7FB0,7FAC,7FAA,7FA9,7FAB,7FAD,7FB0,7FB4,7FB9,7FBD,7FC2,7FC9,7FD0,7FD8,7FE1,7FEA,7FF1,7FF5,7FF5,7FF1,7FEA,7FE0,7FD4,7FC8,7FBD,7FB5,7FAF,7FAC,7FAA,7FAA,7FA9,7FA9,7FA9,7FA9,7FA9,7FAB,7FAF,7FB3,7FB9,7FBF,7FC4,7FC9,7FCB,7FCC,7FCA,7FC6,7FBF,7FB6,7FAC,7FA1,7F98,7F92,7F90,7F93,7F9B,7FA8,7FB6,7FC5,7FD1,7FD9,7FDB,7FDA,7FD4,7FCE,7FC9,7FC7,7FC9,7FCD,7FD3,7FD9,7FDD,7FDE,7FDC,7FD6,7FCC,7FC1,7FB4,7FA7,7F9B,7F90,7F87,7F81,7F7E,7F80,7F85,7F8E,7F98,7FA3,7FAD,7FB5,7FBC,7FC0,7FC3,7FC4,7FC4,7FC3,7FC0,7FBB,7FB4,7FAC,7FA4,7F9C,7F95,7F90,7F8D,7F8C,7F8D,7F8F,7F90,7F92,7F93,7F94,7F96,7F98,7F9C,7FA0,7FA6,7FAC,7FB3,7FBB,7FC3,7FCA,7FD0,7FD3,7FD3,7FD0,7FCA,7FC0,7FB5,7FA8,7F9C,7F90,7F85,7F7B,7F73,7F6D,7F68,7F67,7F68,7F6C,7F73,7F7B,7F83,7F8A,7F8F,7F92,7F94,7F96,7F99,7F9F,7FA7,7FB2,7FBF,7FCD,7FDA,7FE5,7FEE,7FF3,7FF5,7FF5,7FF3,7FEF,7FEC,7FE9,7FE7,7FE7,7FEA,7FEF,7FF5,7FFB,8000,8003,8004,8002,7FFE,7FFA,7FF6,7FF4,7FF3,7FF3,7FF4,7FF4,7FF2,7FEE,7FE9,7FE1,7FD7,7FCD,7FC4,7FBB,7FB4,7FAF,7FAC,7FAC,7FAE,7FB3,7FB9,7FBF,7FC5,7FCB,7FD1,7FD8,7FE0,7FEB,7FF9,8009,801A,8029,8035,803C,803E,803A,8033,802B,8022,801C,8019,8019,801A,801B,801B,8019,8013,800A,7FFE,7FF0,7FE1,7FD3,7FC7,7FBE,7FB9,7FB7,7FB9,7FBE,7FC3,7FC9,7FCF,7FD4,7FD8,7FDD,7FE2,7FEA,7FF3,7FFE,8009,8012,8019,801C,801C,801A,8017,8015,8014,8015,8017,801A,801C,801C,801B,8017,8012,800E,800B,800B,800F,8017,8023,8030,803F,804C,8056,805B,805A,8054,8047,8036,8022,800E,7FFB,7FEA,7FDB,7FD0,7FC5,7FBC,7FB2,7FA9,7FA1,7F9C,7F9A,7F9D,7FA6,7FB3,7FC5,7FD8,7FEC,7FFE,800D,8018,801F,8023,8023,8020,801A,8013,800B,8002,7FF9,7FF0,7FE7,7FDF,7FD8,7FD2,7FCD,7FCB,7FCC,7FD2,7FDC,7FEB,7FFF,8016,802F,8046,805A,8069,8072,8076,8075,8070,8069,8060,8057,804D,8043,8038,802D,8022,8016,800C,8003,7FFD,7FF9,7FF9,7FFC,8001,8007,800E,8015,801C,8023,8029,802F,8034,803A,8040,8046,804C,8052,8056,8058,8058,8055,804F,8046,803C,8031,8026,801E,8017,8015,8015,8019,8020,8028,8031,8038,803D,803F,803E,803A,8035,8030,802C,802C,8030,8039,8045,8054,8063,8070,8079,807D,807C,8077,806D,8061,8054,8047,803B,8032,802B,8028,8028,802B,8031,803A,8046,8052,805F,806D,807A,8087,8094,80A1,80AE,80BB,80C7,80D2,80DA,80DF,80E1,80DF,80D9,80D1,80C6,80BA,80AD,80A1,8095,808A,8080,8075,806A,805F,8052,8045,8037,802A,801D,8012,800A,8004,8002,8003,8007,800E,8017,8022,802E,803A,8045,8050,805A,8064,806D,8077,8081,808B,8095,809E,80A7,80AF,80B5,80B8,80BA,80B8,80B5,80B1,80AC,80A9,80A7,80A7,80AA,80B0,80B7,80BF,80C8,80CF,80D5,80DA,80DC,80DC,80DB,80D8,80D3,80CC,80C5,80BC,80B4,80AB,80A3,809C,8095,808F,8089,8084,807F,807B,8078,8078,8079,807E,8087,8093,80A2,80B4,80C6,80D7,80E6,80F1,80F7,80F7,80F2,80E7,80D9,80C9,80B8,80A8,8098,808B,8081,807B,8078,807A,8080,808A,8098,80A7,80B7,80C7,80D5,80E2,80ED,80F8,8104,8110,811C,8129,8135,813E,8143,8144,813F,8136,8129,8119,8108,80F6,80E5,80D6,80C9,80BF,80B8,80B5,80B6,80BA,80C0,80C8,80D1,80DB,80E5,80F0,80FC,810A,811A,812B,813B,8149,8154,815A,815A,8156,814D,8141,8133,8125,8117,8108,80FA,80EB,80DD,80CE,80C1,80B6,80B0,80AE,80B2,80BC,80CC,80E0,80F8,8111,8129,813E,814F,815A,8160,8161,815D,8157,814F,8146,813B,812F,8120,810E,80F9,80E0,80C5,80AA,8090,807A,806A,8060,805E,8061,806A,8078,8089,809C,80B1,80C7,80DE,80F6,8110,8129,8142,8159,816C,817B,8184,8187,8185,8180,8178,8170,8169,8166,8165,8167,8169,816B,816A,8165,815A,814B,8138,8123,810F,80FD,80EE,80E4,80DE,80D9,80D5,80D0,80C8,80BF,80B6,80AF,80AB,80AE,80B7,80C5,80D8,80EC,80FE,810A,810E,810C,8103,80F6,80E9,80DD,80D5,80D1,80D1,80D5,80D9,80DE,80E0,80E1,80E1,80E0,80E0,80E3,80E9,80F3,8101,8112,8124,8138,814B,815D,816D,817A,8184,818C,8192,8197,819B,819D,819D,819B,8195,818D,8180,8171,815F,814B,8137,8123,810F,80FB,80E6,80D0,80B8,809F,8084,806B,8055,8043,8039,8036,803B,8048,8059,806D,8081,8093,80A1,80AB,80B2,80B7,80BB,80C2,80CC,80DA,80EC,8102,811A,8131,8145,8153,815B,815B,8153,8146,8136,8124,8114,8107,80FE,80FA,80FA,80FC,8101,8105,8109,810B,810D,810D,810D,810D,810C,810A,8107,8103,80FC,80F3,80E7,80D8,80C8,80B8,80A7,8098,808A,807F,8077,806F,8069,8063,805C,8057,8052,8051,8053,805A,8066,8076,808A,80A0,80B4,80C6,80D3,80DC,80E1,80E2,80E2,80E0,80DF,80DE,80DD,80DB,80D7,80D1,80C8,80BC,80AD,809D,808C,807B,806D,8061,8058,8052,804E,804C,8049,8047,8043,803F,803C,803B,803C,8041,8049,8053,805D,8066,806C,806E,806C,8067,8062,805E,805E,8063,806E,807D,808F,80A1,80B2,80C0,80C9,80CE,80CF,80CE,80CC,80CA,80C9,80C7,80C4,80BE,80B4,80A4,808D,8072,8052,8032,8013,7FF9,7FE6,7FD9,7FD3,7FD2,7FD4,7FD6,7FD7,7FD7,7FD4,7FD2,7FD2,7FD5,7FDD,7FEA,7FFC,8010,8024,8036,8043,804B,804D,804B,8047,8042,803E,803D,8040,8046,804E,8058,8061,8068,806D,8071,8073,8075,8078,807D,8083,808A,8090,8094,8094,8090,8086,8078,8066,8053,803E,802B,8019,8008,7FF8,7FE8,7FD7,7FC6,7FB3,7FA1,7F90,7F81,7F77,7F72,7F73,7F7C,7F8A,7F9D,7FB4,7FCB,7FE1,7FF4,8003,800D,8014,8018,801B,801E,8023,8029,8031,8039,8042,8048,804C,804D,804C,804A,8047,8044,8044,8045,8047,804B,804F,8052,8053,8053,8051,804D,8049,8045,8041,803D,803A,8036,8031,802B,8022,8016,8008,7FF7,7FE6,7FD4,7FC5,7FB8,7FB0,7FAC,7FAC,7FB0,7FB7,7FBF,7FC8,7FD0,7FD8,7FDE,7FE5,7FEC,7FF5,7FFF,800C,801B,802B,803B,804A,8057,8061,8069,806F,8075,807B,8082,808B,8096,80A2,80AF,80BC,80C7,80D0,80D7,80DC,80DF,80E1,80E2,80E3,80E3,80E2,80DF,80DA,80D2,80C5,80B5,80A0,8088,806E,8053,8039,8023,8011,8004,7FFC,7FF9,7FFA,7FFC,8000,8004,8008,800C,8011,8016,801C,8023,802A,8030,8036,803A,803D,8040,8042,8045,8048,804C,8051,8056,805C,8062,8068,806D,8072,8077,807B,807E,8081,8082,8082,8081,8080,807F,807D,807B,8079,8075,8070,8069,8061,8057,804D,8043,8038,802E,8024,801C,8014,800E,8009,8006,8005,8004,8004,8004,8003,8001,7FFE,7FFA,7FF7,7FF4,7FF2,7FF1,7FF2,7FF4,7FF6,7FF9,7FFB,7FFC,7FFC,7FFC,7FFB,7FFB,7FFA,7FFA,7FFB,7FFE,8003,800A,8012,801C,8027,8031,803A,8042,8047,8049,8049,8044,803D,8033,8027,8019,800A,7FFB,7FEC,7FDE,7FD2,7FC7,7FC0,7FBA,7FB7,7FB6,7FB8,7FBB,7FC0,7FC7,7FCF,7FD9,7FE3,7FEE,7FF8,8001,8009,800E,8011,8012,8011,800E,800A,8005,7FFF,7FFA,7FF4,7FEF,7FEC,7FEA,7FEA,7FEE,7FF4,7FFE,800C,801D,8031,8047,805E,8074,8089,809B,80A9,80B3,80B8,80B8,80B4,80AC,80A1,8092,8081,806E,8058,8041,8028,800F,7FF6,7FDF,7FCA,7FB9,7FAC,7FA4,7FA0,7FA1,7FA6,7FAF,7FBB,7FC9,7FD8,7FE8,7FF7,8006,8014,8020,8029,8032,8038,803D,8042,8045,8048,804C,804F,8054,805A,8061,8069,8073,807D,8087,8092,809E,80AA,80B7,80C6,80D7,80E8,80F9,8109,8117,8123,812B,812F,8131,8131,8130,812D,8129,8124,811E,8116,810B,80FF,80EF,80DF,80CD,80BA,80A9,8099,808B,8080,8078,8072,8070,806F,806F,8070,8072,8073,8075,8075,8075,8074,8072,8070,806E,806C,806A,806A,806C,806F,8073,807A,8080,8088,808F,8097,809E,80A7,80B0,80BB,80C7,80D4,80E1,80EE,80FA,8105,810E,8116,811C,8120,8122,8123,8122,811E,8117,810C,80FF,80EF,80DE,80CC,80BA,80A9,8099,808A,807C,8070,8063,8058,804D,8043,803A,8032,802C,8027,8023,8022,8022,8025,802A,8032,803A,8044,804D,8056,805E,8066,806C,8074,807B,8084,808E,8099,80A5,80B1,80BD,80C9,80D6,80E2,80EE,80F8,8100,8105,8105,8100,80F7,80EA,80DA,80CA,80BB,80AD,80A2,809A,8094,8090,808E,808D,808E,8091,8096,809F,80AB,80BB,80CD,80E1,80F7,810B,811E,812E,813A,8143,8149,814D,8150,8153,8156,8158,8159,8159,8156,8150,8149,8142,813D,813D,8143,8152,8167,8181,819E,81BA,81D2,81E4,81EF,81F3,81F1,81EC,81E5,81DE,81D7,81D1,81CA,81C1,81B5,81A6,8193,817F,816A,8156,8145,813A,8133,8132,8134,8137,813A,813B,8138,8132,8129,811E,8114,810B,8105,8102,8102,8102,8102,8101,80FE,80FA,80F4,80EF,80EB,80E9,80EB,80F0,80F9,8105,8116,812A,8141,815A,8174,818F,81A9,81C1,81D6,81E7,81F3,81FB,81FF,81FF,81FB,81F5,81EE,81E6,81DE,81D5,81CD,81C5,81BD,81B3,81A9,819D,818F,8182,8175,8169,815F,8158,8154,8152,8152,8152,8152,8151,814E,814A,8144,813E,8138,8133,8130,812E,812D,8130,8135,813D,8148,8156,8166,8176,8184,818E,8192,8190,8187,8178,8165,8151,813F,8130,8125,811F,811D,811C,811B,8118,8111,8106,80F8,80E6,80D2,80BC,80A7,8091,807C,8068,8055,8043,8031,8021,8011,8001,7FF0,7FDF,7FCC,7FB7,7FA2,7F8C,7F78,7F68,7F5B,7F54,7F51,7F53,7F59,7F5F,7F66,7F6B,7F6D,7F6D,7F69,7F63,7F5C,7F53,7F4A,7F41,7F39,7F32,7F2D,7F29,7F28,7F29,7F2C,7F31,7F39,7F43,7F4F,7F5C,7F6A,7F77,7F84,7F8F,7F99,7FA1,7FA7,7FAB,7FAB,7FA9,7FA5,7F9E,7F96,7F8E,7F89,7F86,7F88,7F8E,7F98,7FA5,7FB4,7FC2,7FCF,7FDB,7FE6,7FEF,7FF8,8001,800B,8014,801D,8026,802D,8034,8039,803C,803E,803E,803C,8037,8031,8029,8021,801A,8015,8014,8019,8023,8032,8046,805C,8073,8089,809E,80B0,80BF,80CC,80D8,80E2,80EC,80F6,80FF,8108,8110,8116,811A,811B,8117,8110,8105,80F6,80E5,80D4,80C2,80B3,80A5,809A,8090,8086,807D,8071,8064,8054,8041,802D,8019,8004,7FF1,7FE0,7FD1,7FC4,7FB8,7FAE,7FA4,7F99,7F8F,7F84,7F7A,7F6F,7F66,7F5F,7F59,7F55,7F53,7F52,7F52,7F51,7F4F,7F4B,7F45,7F3D,7F33,7F27,7F1B,7F0F,7F05,7EFE,7EF9,7EF8,7EF9,7EFE,7F03,7F0A,7F11,7F17,7F1C,7F21,7F24,7F28,7F2D,7F32,7F37,7F3D,7F42,7F46,7F48,7F47,7F43,7F3D,7F33,7F28,7F1C,7F0F,7F03,7EF8,7EEE,7EE7,7EE0,7EDB,7ED7,7ED4,7ED0,7ECD,7EC9,7EC6,7EC3,7EC0,7EBD,7EBB,7EB8,7EB6,7EB3,7EB0,7EAE,7EAE,7EB0,7EB5,7EBF,7ECB,7EDA,7EEA,7EFA,7F06,7F0F,7F13,7F13,7F0E,7F06,7EFC,7EF2,7EE8,7EE0,7ED8,7ED0,7EC7,7EBC,7EAD,7E9B,7E87,7E70,7E59,7E44,7E31,7E23,7E19,7E13,7E11,7E12,7E14,7E16,7E19,7E1A,7E1B,7E1C,7E1B,7E1A,7E19,7E15,7E11,7E0A,7E02,7DF9,7DF1,7DEA,7DE5,7DE4,7DE5,7DE9,7DEE,7DF3,7DF7,7DFA,7DFA,7DF9,7DF8,7DF8,7DF9,7DFD,7E04,7E0F,7E1B,7E29,7E36,7E42,7E4C,7E54,7E5B,7E60,7E64,7E6A,7E70,7E78,7E81,7E8A,7E93,7E9C,7EA4,7EAC,7EB4,7EBC,7EC5,7ECE,7ED7,7EDE,7EE2,7EE4,7EE2,7EDD,7ED8,7ED3,7ED1,7ED3,7EDA,7EE6,7EF5,7F06,7F16,7F24,7F2D,7F33,7F35,7F34,7F32,7F32,7F34,7F3A,7F43,7F4F,7F5C,7F6A,7F76,7F7F,7F85,7F87,7F87,7F85,7F82,7F7F,7F7D,7F7B,7F7A,7F78,7F77,7F74,7F70,7F6B,7F65,7F5E,7F56,7F4E,7F44,7F3A,7F2E,7F22,7F16,7F09,7EFC,7EEF,7EE1,7ED2,7EC2,7EB1,7E9F,7E8B,7E75,7E5E,7E46,7E2C,7E11,7DF6,7DDB,7DC2,7DAD,7D9C,7D90,7D89,7D87,7D87,7D89,7D8A,7D8A,7D87,7D82,7D7B,7D74,7D6E,7D6A,7D69,7D6B,7D71,7D79,7D83,7D8E,7D98,7DA1,7DA9,7DAE,7DB3,7DB7,7DBC,7DC2,7DC8,7DCF,7DD6,7DDD,7DE1,7DE4,7DE4,7DE2,7DDE,7DDA,7DD4,7DCE,7DC5,7DBA,7DAB,7D98,7D81,7D67,7D4D,7D35,7D21,7D15,7D11,7D15,7D1F,7D2D,7D3B,7D47,7D4E,7D4F,7D4A,7D40,7D35,7D2B,7D25,7D25,7D2A,7D35,7D43,7D51,7D5D,7D65,7D66,7D62,7D58,7D4B,7D3C,7D2D,7D1F,7D13,7D08,7CFD,7CF1,7CE4,7CD5,7CC4,7CB1,7C9F,7C8E,7C80,7C76,7C6E,7C6A,7C67,7C65,7C62,7C5E,7C58,7C50,7C49,7C44,7C42,7C44,7C4C,7C58,7C68,7C79,7C8B,7C9C,7CAB,7CBA,7CC8,7CD6,7CE6,7CF8,7D0C,7D22,7D39,7D50,7D68,7D7E,7D92,7DA6,7DB7,7DC6,7DD4,7DDF,7DE8,7DEF,7DF5,7DF8,7DFB,7DFD,7E01,7E06,7E0E,7E19,7E26,7E36,7E46,7E55,7E61,7E69,7E6C,7E6B,7E66,7E60,7E5A,7E58,7E5A,7E61,7E6E,7E7E,7E91,7EA4,7EB8,7ECB,7EDC,7EEC,7EFC,7F0A,7F19,7F27,7F36,7F46,7F57,7F69,7F7C,7F8E,7F9E,7FAB,7FB3,7FB5,7FB2,7FA9,7F9D,7F8F,7F80,7F72,7F65,7F5A,7F4F,7F44,7F3A,7F30,7F26,7F1D,7F15,7F0E,7F08,7F01,7EFA,7EF1,7EE6,7ED9,7EC9,7EB8,7EA6,7E94,7E84,7E75,7E69,7E5F,7E57,7E51,7E4C,7E47,7E42,7E3C,7E35,7E2E,7E28,7E25,7E24,7E25,7E27,7E2B,7E2D,7E2D,7E2B,7E26,7E1F,7E16,7E0F,7E08,7E04,7E03,7E03,7E04,7E06,7E08,7E09,7E09,7E09,7E0A,7E0C,7E11,7E19,7E23,7E31,7E40,7E50,7E60,7E6E,7E79,7E80,7E84,7E85,7E83,7E80,7E7C,7E78,7E76,7E75,7E75,7E78,7E7D,7E85,7E90,7E9F,7EB1,7EC5,7EDA,7EEE,7F00,7F0E,7F18,7F1D,7F20,7F21,7F20,7F1F,7F1F,7F20,7F22,7F25,7F29,7F2D,7F32,7F38,7F3D,7F44,7F4B,7F53,7F5B,7F64,7F6D,7F76,7F7F,7F87,7F8D,7F92,7F94,7F95,7F95,7F94,7F93,7F92,7F92,7F93,7F95,7F99,7F9E,7FA5,7FAE,7FB8,7FC6,7FD5,7FE5,7FF6,8007,8018,8026,8032,803B,8041,8045,8046,8046,8045,8044,8044,8046,804A,8051,8058,805F,8064,8065,8062,805B,8051,8044,8038,802D,8027,8025,8027,802D,8033,8038,8039,8034,8029,8016,7FFF,7FE5,7FCC,7FB7,7FA7,7F9F,7F9E,7FA2,7FA9,7FB1,7FB7,7FB7,7FB3,7FA9,7F9A,7F89,7F78,7F68,7F5A,7F50,7F48,7F43,7F3F,7F3E,7F3D,7F3C,7F3C,7F3B,7F39,7F37,7F33,7F2E,7F28,7F22,7F1C,7F18,7F16,7F17,7F1B,7F22,7F2A,7F33,7F3B,7F41,7F46,7F47,7F47,7F45,7F44,7F44,7F46,7F4C,7F56,7F62,7F6F,7F7C,7F88,7F91,7F97,7F99,7F98,7F96,7F93,7F90,7F8F,7F8F,7F90,7F93,7F96,7F97,7F97,7F94,7F8D,7F84,7F79,7F6C,7F61,7F58,7F53,7F53,7F58,7F60,7F6A,7F73,7F79,7F7B,7F77,7F70,7F66,7F5B,7F51,7F4A,7F46,7F45,7F47,7F49,7F4C,7F4D,7F4D,7F4D,7F4C,7F4C,7F4E,7F50,7F55,7F5B,7F64,7F6D,7F77,7F82,7F8C,7F94,7F98,7F96,7F8D,7F7C,7F62,7F41,7F1B,7EF4,7ED0,7EB5,7EA5,7EA3,7EAF,7EC7,7EE9,7F0E,7F33,7F53,7F6B,7F78,7F7B,7F76,7F6C,7F5F,7F53,7F4A,7F47,7F48,7F4F,7F59,7F65,7F70,7F79,7F81,7F86,7F8B,7F90,7F99,7FA6,7FB6,7FCB,7FE1,7FF7,800B,801B,8026,802C,802E,802C,8027,801E,8013,8006,7FF7,7FE5,7FD4,7FC4,7FB7,7FAF,7FAD,7FB2,7FBE,7FD0,7FE7,8000,801B,8034,804B,805D,806B,8073,8076,8075,8071,806C,8065,805F,8059,8054,804E,8047,803E,8034,802A,8020,8018,8014,8015,801A,8023,802E,8039,8042,8047,8046,803F,8031,801E,8007,7FEF,7FD7,7FC3,7FB3,7FAA,7FA8,7FAD,7FB8,7FC7,7FD8,7FE9,7FF8,8003,800B,8011,8017,801D,8026,8033,8043,8056,8068,8078,8084,808A,8089,8082,8078,806B,8060,8058,8054,8057,8060,806E,8080,8094,80A7,80B6,80C1,80C5,80C2,80B9,80AB,809A,8089,8078,8069,805E,8055,804D,8045,803C,802F,8020,800F,7FFE,7FED,7FE1,7FD8,7FD6,7FD8,7FDE,7FE6,7FEE,7FF5,7FF8,7FF7,7FF3,7FED,7FE5,7FDE,7FD8,7FD4,7FD1,7FD0,7FCD,7FCA,7FC4,7FBD,7FB4,7FAA,7FA2,7F9E,7F9E,7FA4,7FAF,7FBF,7FD0,7FE1,7FF0,7FF9,7FFD,7FFC,7FF6,7FEE,7FE5,7FDE,7FD9,7FD9,7FDC,7FE3,7FEC,7FF5,7FFF,8009,8011,8019,8022,802A,8033,803C,8046,8050,805A,8063,806B,8072,8077,807C,8080,8082,8084,8083,8082,807F,807A,8073,806C,8063,805A,8051,804A,8045,8042,8041,8043,8046,8048,8048,8046,8040,8036,802A,801C,800E,8000,7FF6,7FEE,7FE9,7FE7,7FE6,7FE7,7FE8,7FE9,7FE9,7FE8,7FE6,7FE4,7FE2,7FE0,7FDF,7FE0,7FE3,7FE8,7FF0,7FF9,8006,8015,8026,803A,8050,8068,8082,809D,80B8,80D4,80EF,8108,8120,8135,814A,815D,816F,8182,8196,81AC,81C4,81DE,81F9,8214,822C,8240,824D,8253,8252,8249,823C,822E,8220,8215,8211,8214,821F,822F,8244,825C,8273,8288,829A,82A6,82AE,82B0,82AD,82A6,829D,8291,8286,827A,8270,8267,825F,8258,8250,8247,823C,822F,8220,8211,8203,81F9,81F5,81F6,81FD,8208,8215,8222,822C,822F,822C,8221,820F,81F9,81E0,81C7,81B0,819E,8191,8188,8183,817F,817B,8177,816F,8165,8158,814A,813D,8131,8127,8122,8120,8123,8128,8130,813A,8145,8150,815B,8164,816A,816C,8169,8161,8154,8145,8135,8128,811E,811A,811C,8123,812C,8135,813B,813C,8137,812E,8121,8112,8105,80FB,80F4,80F1,80EF,80EC,80E6,80DA,80C7,80AC,808C,8068,8043,801F,7FFF,7FE3,7FCD,7FBC,7FAF,7FA3,7F97,7F8A,7F7B,7F6B,7F5A,7F49,7F3B,7F31,7F2A,7F28,7F29,7F2D,7F30,7F32,7F31,7F2D,7F26,7F1C,7F12,7F07,7EFE,7EF6,7EEF,7EE9,7EE3,7EDC,7ED4,7ECA,7EC0,7EB7,7EB0,7EAB,7EAB,7EAC,7EAF,7EB3,7EB4,7EB3,7EAF,7EA8,7E9F,7E96,7E8F,7E89,7E87,7E87,7E88,7E89,7E89,7E85,7E7D,7E72,7E63,7E52,7E40,7E2F,7E21,7E16,7E10,7E0F,7E13,7E1B,7E24,7E2D,7E34,7E37,7E33,7E2A,7E1C,7E0B,7DFA,7DED,7DE5,7DE6,7DF0,7E02,7E19,7E32,7E4B,7E61,7E73,7E7F,7E88,7E8E,7E94,7E9A,7EA1,7EAA,7EB5,7EBF,7EC9,7ED1,7ED7,7EDC,7EE0,7EE3,7EE8,7EEE,7EF8,7F05,7F15,7F27,7F3A,7F4D,7F5E,7F6C,7F75,7F7A,7F7B,7F7A,7F76,7F72,7F6F,7F6D,7F6C,7F6E,7F70,7F72,7F73,7F74,7F73,7F6F,7F69,7F61,7F56,7F49,7F3B,7F2A,7F18,7F05,7EF1,7EDC,7EC7,7EB3,7EA0,7E90,7E82,7E79,7E75,7E75,7E78,7E7F,7E86,7E8D,7E90,7E90,7E8B,7E82,7E74,7E65,7E53,7E43,7E33,7E26,7E1A,7E10,7E06,7DFC,7DEE,7DDD,7DC9,7DB2,7D9A,7D82,7D6D,7D5D,7D52,7D4E,7D4E,7D50,7D53,7D52,7D4C,7D3F,7D2B,7D11,7CF4,7CD7,7CBC,7CA6,7C94,7C87,7C7C,7C73,7C6A,7C5E,7C51,7C43,7C34,7C26,7C1B,7C12,7C0C,7C06,7C00,7BF7,7BEB,7BDB,7BC9,7BB5,7BA2,7B92,7B86,7B7E,7B7C,7B7D,7B82,7B89,7B91,7B9A,7BA2,7BAB,7BB5,7BC0,7BCE,7BE0,7BF4,7C0C,7C27,7C45,7C65,7C87,7CA9,7CCC,7CEE,7D10,7D30,7D4D,7D68,7D80,7D95,7DA8,7DB9,7DC7,7DD4,7DE0,7DEA,7DF3,7DFD,7E07,7E12,7E20,7E2F,7E41,7E54,7E67,7E79,7E8A,7E98,7EA3,7EAC,7EB3,7EB8,7EBB,7EBC,7EBD,7EBE,7EBF,7EC1,7EC5,7ECB,7ED3,7EDE,7EEA,7EF5,7EFE,7F04,7F05,7F01,7EF8,7EEB,7EDE,7ED2,7ECC,7ECD,7ED7,7EEA,7F05,7F25,7F45,7F60,7F74,7F7D,7F7B,7F6F,7F5B,7F43,7F2B,7F18,7F0C,7F08,7F0C,7F18,7F29,7F3C,7F52,7F67,7F7C,7F8F,7FA2,7FB4,7FC6,7FD7,7FE6,7FF2,7FFC,8002,8004,8003,8000,7FFA,7FF4,7FEC,7FE2,7FD7,7FC9,7FBA,7FAA,7F9C,7F92,7F8D,7F90,7F9A,7FAC,7FC1,7FD6,7FE9,7FF4,7FF7,7FF1,7FE3,7FD0,7FBC,7FAB,7FA0,7F9E,7FA5,7FB7,7FD1,7FF1,8015,8039,805B,8077,808E,809D,80A5,80A6,80A2,8099,808E,8080,8071,8062,8052,8042,8032,8022,8014,8008,7FFF,7FF8,7FF4,7FF0,7FEC,7FE7,7FDE,7FD0,7FBE,7FA8,7F8F,7F75,7F5B,7F43,7F2D,7F1B,7F0B,7EFE,7EF3,7EEA,7EE3,7EDD,7ED7,7ECF,7EC5,7EB8,7EA8,7E96,7E84,7E75,7E6A,7E66,7E6B,7E79,7E8D,7EA5,7EBD,7ED2,7EDE,7EE0,7ED6,7EC2,7EA4,7E81,7E5C,7E39,7E1B,7E06,7DFB,7DF9,7DFF,7E0B,7E1A,7E28,7E34,7E3B,7E3D,7E39,7E32,7E29,7E20,7E18,7E13,7E11,7E11,7E14,7E19,7E1E,7E25,7E2D,7E35,7E3F,7E49,7E54,7E5E,7E68,7E71,7E79,7E82,7E8C,7E99,7EA9,7EBC,7ED1,7EE6,7EFA,7F0A,7F12,7F13,7F0A,7EF8,7EDF,7EC3,7EA6,7E8C,7E78,7E6D,7E6B,7E73,7E82,7E96,7EAC,7EC0,7ED1,7EDD,7EE3,7EE5,7EE3,7EE0,7EDC,7EDB,7EDC,7EE2,7EEC,7EFA,7F0C,7F21,7F37,7F4C,7F5F,7F6F,7F7B,7F84,7F8C,7F95,7FA1,7FB1,7FC6,7FE1,7FFE,801D,8039,8050,805F,8066,8063,8058,8048,8035,8022,8015,8011,8017,802A,8048,806F,809C,80C9,80F3,8114,812B,8136,8136,812D,811F,810E,80FD,80EE,80E1,80D6,80CC,80C4,80BC,80B7,80B7,80BC,80CA,80E2,8101,8128,8153,817F,81A9,81CC,81E8,81FB,8205,8208,8204,81FB,81EF,81E0,81CE,81BA,81A5,8190,817C,816A,815D,8155,8153,8157,815F,816B,8176,8180,8186,8189,8189,8188,8187,8187,818A,8190,8198,81A2,81AB,81B3,81B9,81BF,81C3,81C9,81CF,81D8,81E1,81EB,81F4,81FB,81FE,81FE,81FA,81F3,81E9,81DE,81D2,81C5,81B7,81A5,8190,8175,8156,8134,810F,80EB,80CB,80B3,80A4,80A0,80A5,80B0,80BE,80CB,80D3,80D3,80CB,80BC,80AA,8097,8088,807E,807A,807B,807D,807E,807A,8070,8062,8052,8046,8042,804C,8066,808E,80C2,80FA,812F,8159,8172,8178,816C,8151,812D,8107,80E4,80C8,80B3,80A4,8099,808E,807F,806D,8057,803F,8027,8010,7FFC,7FEC,7FDF,7FD3,7FC7,7FB7,7FA4,7F8C,7F72,7F56,7F3C,7F27,7F19,7F16,7F1C,7F2B,7F3E,7F53,7F65,7F70,7F72,7F6C,7F61,7F54,7F4A,7F46,7F4C,7F5B,7F73,7F90,7FAE,7FC8,7FDC,7FE8,7FEC,7FE9,7FE4,7FE0,7FDF,7FE6,7FF4,8009,8023,8040,805C,8074,8086,8091,8095,8090,8085,8073,805C,8041,8023,8003,7FE4,7FC9,7FB3,7FA5,7FA1,7FA6,7FB5,7FC9,7FE1,7FF8,800C,801A,8020,801E,8017,800C,8001,7FF8,7FF3,7FF2,7FF5,7FFB,8000,8001,7FFD,7FF3,7FE1,7FCB,7FB4,7F9F,7F8F,7F87,7F88,7F91,7F9E,7FAD,7FBA,7FC2,7FC4,7FC0,7FB8,7FAF,7FA9,7FA7,7FAC,7FB6,7FC5,7FD6,7FE7,7FF4,7FFC,7FFF,7FFC,7FF5,7FED,7FE7,7FE4,7FE6,7FEB,7FF2,7FF8,7FFB,7FF7,7FEC,7FDA,7FC2,7FA8,7F8F,7F7A,7F69,7F5E,7F58,7F54,7F52,7F51,7F4E,7F4C,7F4C,7F4D,7F52,7F5B,7F66,7F72,7F7A,7F7D,7F77,7F68,7F51,7F34,7F16,7EFC,7EEA,7EE4,7EEB,7EFC,7F16,7F31,7F48,7F56,7F57,7F4A,7F30,7F0D,7EE7,7EC4,7EA8,7E98,7E95,7E9C,7EAB,7EBA,7EC4,7EC3,7EB3,7E94,7E68,7E36,7E04,7DDB,7DC1,7DB9,7DC4,7DDF,7E04,7E2C,7E50,7E6B,7E79,7E7C,7E76,7E6C,7E63,7E61,7E67,7E76,7E8C,7EA3,7EB7,7EC3,7EC5,7EBE,7EB0,7EA0,7E96,7E95,7EA1,7EBB,7EDE,7F08,7F33,7F5A,7F7B,7F95,7FAA,7FBA,7FCA,7FDA,7FEC,7FFE,8011,8022,802E,8033,8030,8025,8013,7FFB,7FE1,7FC7,7FAF,7F9D,7F90,7F8A,7F88,7F8B,7F91,7F9A,7FA5,7FB2,7FC3,7FD6,7FEB,8001,8015,8024,802C,802B,801F,800A,7FEB,7FC5,7F9C,7F71,7F4A,7F2A,7F12,7F05,7F02,7F06,7F0D,7F12,7F12,7F08,7EF5,7EDB,7EBE,7EA4,7E93,7E8E,7E97,7EAD,7ECB,7EEB,7F07,7F19,7F1E,7F16,7F03,7EE9,7ECC,7EB3,7EA1,7E99,7E9C,7EA9,7EBF,7ED9,7EF5,7F0F,7F26,7F37,7F42,7F48,7F4C,7F50,7F58,7F65,7F7A,7F96,7FB7,7FDA,7FFB,8016,8027,802F,802E,8027,801C,8014,8010,8012,801B,8029,8039,804A,8058,8063,806C,8072,8077,807C,8080,8082,8081,807A,806E,805D,8047,8030,801A,8007,7FFA,7FF3,7FF3,7FF8,8001,800C,8018,8024,802F,803B,8046,8053,8063,8077,8091,80B2,80D9,8104,8131,815B,817F,8198,81A4,81A3,8197,8184,816F,815D,8153,8153,815E,8172,818C,81A4,81B8,81C2,81BE,81AD,8190,8168,8139,8107,80D5,80A6,807C,8057,8037,801C,8004,7FEE,7FD9,7FC2,7FA8,7F89,7F64,7F3A,7F0C,7EDD,7EB4,7E94,7E84,7E87,7E9E,7EC7,7EFF,7F3F,7F7F,7FBA,7FE9,800B,8020,802C,8032,8038,8043,8056,8073,809A,80C9,80FB,812C,8156,8173,8181,817E,8169,8145,8116,80E0,80AA,8077,804C,8029,8010,7FFF,7FF5,7FEF,7FEC,7FE9,7FE5,7FE0,7FD9,7FD1,7FC8,7FC0,7FB9,7FB2,7FAB,7FA4,7F9A,7F8E,7F7E,7F6A,7F53,7F38,7F1B,7EFD,7EDE,7EC0,7EA4,7E8C,7E78,7E6A,7E63,7E64,7E6E,7E80,7E9B,7EBE,7EE7,7F14,7F41,7F6A,7F8D,7FA5,7FB2,7FB2,7FA9,7F99,7F88,7F7A,7F74,7F76,7F80,7F91,7FA3,7FB2,7FBD,7FC2,7FC3,7FC4,7FCA,7FDB,7FF9,8025,805E,809D,80DD,8116,8144,8162,8170,816F,8163,814F,8139,8123,810E,80FA,80E8,80D6,80C4,80B1,809F,808E,8081,8078,8072,806F,8069,805E,8049,8026,7FF6,7FB8,7F70,7F25,7EDB,7E98,7E5F,7E31,7E0B,7DEB,7DCA,7DA4,7D75,7D3C,7CFA,7CB6,7C74,7C3E,7C19,7C0D,7C1A,7C3F,7C79,7CC0,7D0E,7D5B,7DA1,7DDC,7E09,7E29,7E3B,7E41,7E3C,7E30,7E1F,7E0D,7DFE,7DF6,7DFB,7E0E,7E31,7E63,7EA1,7EE7,7F30,7F76,7FB5,7FEB,8015,8034,8046,804E,804C,8042,8031,8019,7FFD,7FDD,7FB9,7F93,7F6C,7F44,7F1D,7EFA,7EDD,7EC8,7EBC,7EBC,7EC8,7EE1,7F03,7F2F,7F61,7F94,7FC6,7FF2,8013,8027,802B,801F,8006,7FE4,7FBD,7F99,7F7E,7F71,7F75,7F89,7FAC,7FDA,800D,8040,806C,808F,80A5,80AE,80AB,809E,808B,8074,805D,8049,8039,802D,8026,8021,801B,8014,8009,7FFA,7FE6,7FD0,7FBA,7FA6,7F97,7F8F,7F8F,7F98,7FAB,7FC8,7FED,801A,804C,807E,80AD,80D2,80E9,80F0,80E7,80CF,80AD,8088,8066,804B,803C,803B,8049,8063,8087,80B1,80DD,8106,8126,8139,813B,812A,8109,80DB,80A7,8072,8043,801D,7FFF,7FE8,7FD2,7FBB,7FA1,7F83,7F65,7F4C,7F3B,7F37,7F41,7F57,7F76,7F9A,7FBE,7FE0,7FFE,8018,802D,8041,8055,806B,8083,80A1,80C4,80EC,8117,8141,8169,8188,819E,81A8,81A8,81A0,8193,8186,817B,8172,816B,8163,8158,8148,8134,811E,8108,80F8,80EE,80EB,80F0,80F8,8100,8102,80FC,80EC,80D5,80BB,80A4,8096,8099,80B0,80DC,811B,8167,81B7,8205,8248,827C,82A0,82B6,82C4,82CF,82DD,82F1,830F,8334,835E,838A,83B4,83DA,83F9,8411,8423,842F,8438,843D,8442,8447,8450,845E,8471,8487,84A1,84BB,84D3,84E7,84F5,84FC,84FD,84F6,84E6,84CC,84A6,8472,8430,83E3,838F,833C,82F1,82B6,8293,828A,829C,82C4,82FB,8336,836A,838E,8399,8389,8360,8324,82E2,82A7,827D,826C,8277,8297,82C2,82E7,82F9,82EC,82BC,826F,8211,81B4,816A,8146,814F,8185,81E2,8255,82CB,8331,8379,839A,8391,8363,831C,82C9,8276,8230,81FE,81E2,81DA,81E0,81EC,81F6,81F8,81F2,81E4,81D5,81C8,81C5,81CC,81DC,81EE,81F8,81F2,81D3,819B,814C,80EF,8091,803E,8001,7FE0,7FD8,7FE3,7FF6,8006,800A,7FFB,7FDA,7FAE,7F7F,7F5A,7F48,7F52,7F79,7FBB,8010,8070,80D0,8128,8173,81AE,81DD,8202,8223,8244,8268,828D,82B1,82D2,82EC,82FD,8304,8302,82FB,82F1,82E8,82E1,82DC,82D9,82D6,82D1,82C7,82B6,829C,827A,8251,8221,81EF,81BC,818C,815F,8137,8111,80ED,80C9,80A1,8076,8049,801B,7FF1,7FCE,7FB7,7FAF,7FB9,7FD3,7FFB,802D,8061,8092,80B8,80CF,80D6,80CD,80BA,80A5,8094,808F,8099,80B2,80D8,8104,812F,8154,816F,817F,8188,818D,8192,8197,819D,81A1,819D,818D,816D,813D,80FE,80B5,8069,8023,7FEB,7FC4,7FB1,7FB0,7FBB,7FCC,7FD9,7FDA,7FCA,7FA7,7F72,7F32,7EEF,7EB3,7E84,7E69,7E60,7E67,7E76,7E85,7E8D,7E87,7E72,7E4D,7E20,7DEF,7DC5,7DA7,7D9D,7DAA,7DCD,7E06,7E50,7EA5,7EFD,7F53,7FA0,7FDF,800E,802C,8039,8037,8029,8013,7FF6,7FD7,7FB8,7F9A,7F7F,7F67,7F52,7F40,7F30,7F22,7F14,7F06,7EF6,7EE3,7ECB,7EAF,7E8D,7E66,7E3A,7E0B,7DDA,7DA9,7D79,7D4D,7D26,7D03,7CE6,7CCF,7CBF,7CB7,7CB9,7CC3,7CD8,7CF7,7D1E,7D4E,7D85,7DC2,7E05,7E4E,7E9B,7EEA,7F3A,7F86,7FCB,8004,802E,8048,8052,804F,8044,8035,8027,801F,801C,801F,8024,8029,802A,8025,8019,8006,7FF1,7FDA,7FC6,7FB4,7FA4,7F95,7F81,7F64,7F3B,7F03,7EBF,7E70,7E1F,7DD3,7D94,7D69,7D55,7D57,7D6E,7D91,7DBA,7DE2,7E03,7E1B,7E2A,7E36,7E42,7E57,7E79,7EAC,7EF1,7F46,7FA5,8008,8069,80C0,810A,8146,8176,819C,81BC,81DB,81FB,821E,8243,8269,828D,82AC,82C5,82D6,82DC,82D9,82CA,82B2,828F,8265,8234,8202,81D0,81A4,8182,816E,816B,817D,81A4,81DF,822C,8285,82E2,833A,8386,83BD,83DC,83E1,83D0,83B0,8387,835D,833A,8321,8312,830C,830B,830C,830C,830A,8307,8307,830D,831F,8342,8378,83C3,8420,848B,84F9,8561,85B6,85EE,8601,85EC,85B4,855F,84FB,8495,8439,83F0,83BB,8398,837F,8368,834A,8322,82F3,82C5,82A4,829E,82BF,830D,8389,8429,84DE,8591,862B,8696,86BE,869C,8632,858E,84C7,83FC,834D,82D7,82AD,82D5,8345,83E7,849E,8549,85CC,8616,8624,8600,85BB,856E,852F,850F,8516,8544,8593,85FA,866C,86E0,874A,87A1,87DB,87EF,87D4,8784,8701,8650,8582,84AB,83E5,8349,82EC,82D8,830E,8382,841D,84C0,854A,859E,85A2,854D,84A0,83AC,828A,815F,804C,7F72,7EE3,7EA8,7EBA,7F04,7F6D,7FD6,8025,8047,8032,7FE8,7F74,7EE6,7E51,7DC9,7D5A,7D0F,7CEE,7CF4,7D20,7D69,7DC7,7E2F,7E97,7EF3,7F3A,7F65,7F70,7F5A,7F28,7EE2,7E91,7E43,7E02,7DDA,7DD2,7DED,7E29,7E81,7EE6,7F4A,7F99,7FC1,7FB5,7F6D,7EED,7E41,7D7C,7CB5,7C05,7B7F,7B2E,7B13,7B29,7B64,7BB5,7C0B,7C5C,7C9C,7CC4,7CD1,7CBF,7C8E,7C3F,7BD9,7B63,7AEC,7A82,7A32,7A07,7A07,7A31,7A7F,7AE5,7B54,7BBF,7C19,7C5C,7C84,7C93,7C8F,7C82,7C76,7C74,7C84,7CAA,7CE7,7D35,7D8C,7DE3,7E2F,7E66,7E83,7E85,7E6E,7E44,7E0E,7DD5,7DA0,7D76,7D59,7D4D,7D50,7D63,7D82,7DAA,7DD6,7E00,7E23,7E39,7E3E,7E2F,7E0D,7DDC,7D9F,7D5E,7D20,7CEB,7CC3,7CAD,7CA9,7CB6,7CD2,7CF8,7D23,7D4E,7D73,7D8D,7D9A,7D98,7D87,7D6C,7D4A,7D26,7D07,7CF1,7CEA,7CF5,7D10,7D3B,7D70,7DA8,7DDA,7DFE,7E0E,7E06,7DE9,7DBA,7D84,7D51,7D2B,7D17,7D19,7D2E,7D4F,7D75,7D95,7DA9,7DAC,7D9F,7D84,7D61,7D3D,7D1D,7D07,7CFD,7D01,7D11,7D2D,7D52,7D7E,7DAE,7DE1,7E14,7E47,7E78,7EA6,7ECD,7EED,7F02,7F0A,7F05,7EF2,7ED4,7EB0,7E8B,7E6A,7E53,7E48,7E4C,7E5E,7E7D,7EA5,7ED5,7F07,7F39,7F67,7F8E,7FAC,7FBF,7FC6,7FC2,7FB6,7FA5,7F95,7F8A,7F85,7F88,7F90,7F9C,7FA6,7FAD,7FB0,7FB0,7FB0,7FB5,7FC3,7FDC,8001,802E,8061,8096,80CA,80FA,8126,8150,8179,81A1,81C8,81ED,820E,8227,8237,823C,8237,822A,8218,8204,81F3,81E7,81E1,81E3,81EC,81FA,820A,821A,8228,8232,823B,8242,824A,8255,8263,8270,827B,827E,8275,825F,823C,8211,81E5,81C0,81A9,81A6,81B8,81DD,820E,8245,827A,82A8,82CC,82E7,82FB,8310,8329,834D,837D,83B9,83FE,8444,8482,84AF,84C6,84C2,84A5,8478,8445,841A,8401,8404,8425,8460,84AB,84FB,8543,8579,8598,85A1,859C,8592,858D,8597,85B2,85DF,8615,864B,8677,8692,869A,8694,8689,8688,869E,86D3,8728,8797,8810,8882,88D8,8905,8905,88DC,8899,8852,881F,8813,8839,8893,8913,89A7,8A33,8A9D,8AD1,8AC3,8A77,89FC,8969,88DD,8873,8840,884D,8896,890B,8997,8A21,8A98,8AF2,8B2F,8B58,8B7B,8BA3,8BD7,8C15,8C52,8C7F,8C8D,8C6F,8C22,8BAA,8B16,8A77,89E2,8966,890C,88D3,88B4,889F,8882,884F,87FC,8787,86FA,8666,85E1,8581,8556,8565,85A6,8604,8660,869C,869D,8657,85CF,8517,8452,83A0,831F,82DE,82D8,82F9,8321,8331,830F,82B2,8223,817D,80E0,8070,8046,8069,80D2,8167,8209,8293,82EB,82FE,82CA,8259,81BF,8115,8072,7FE9,7F87,7F4B,7F2E,7F22,7F16,7EFB,7EC8,7E7D,7E26,7DD5,7DA0,7D97,7DC3,7E1F,7E98,7F15,7F77,7FA9,7FA1,7F63,7F04,7E9D,7E4C,7E25,7E2E,7E63,7EB0,7EFD,7F31,7F39,7F0E,7EB2,7E36,7DAF,7D35,7CE2,7CC5,7CE5,7D3D,7DBA,7E3F,7EAE,7EE8,7EDB,7E84,7DF4,7D47,7CA6,7C36,7C10,7C3B,7CA7,7D35,7DBC,7E14,7E22,7DDD,7D52,7C9D,7BE2,7B46,7AE4,7AC8,7AEE,7B46,7BB7,7C26,7C7B,7CA6,7CA2,7C70,7C1E,7BBB,7B5A,7B0C,7ADC,7ACB,7AD3,7AE5,7AEF,7AE1,7AB2,7A62,79FE,799B,7950,792F,7942,7982,79DB,7A2E,7A5E,7A52,7A00,7970,78B8,77F9,7757,76EF,76D1,76FF,776B,77FE,789A,7922,797E,799E,797C,7918,787C,77B5,76D6,75F5,7525,747B,7407,73D5,73E9,7440,74D1,758C,765F,7736,77FB,789D,790E,7943,793B,78F7,7885,77F6,7762,76E1,7689,7668,7682,76D0,7741,77BC,782B,7879,789B,7890,7862,781F,77DA,77A3,7786,7787,77A8,77E3,7832,788B,78E6,793A,797F,79AC,79BD,79AD,797C,792E,78CA,7859,77E7,777E,7729,76F1,76DE,76F4,7735,779E,7827,78C2,795D,79E7,7A4C,7A82,7A84,7A59,7A0C,79B1,795A,7916,78F0,78EA,7900,792A,7962,799F,79DC,7A18,7A53,7A8A,7ABF,7AEF,7B1A,7B3F,7B60,7B7F,7BA0,7BC6,7BF5,7C2B,7C67,7CA5,7CDF,7D0E,7D2D,7D39,7D2D,7D09,7CD1,7C88,7C36,7BE7,7BA5,7B7D,7B78,7B9D,7BE9,7C56,7CD7,7D5C,7DD3,7E2F,7E67,7E78,7E66,7E3B,7E04,7DCC,7DA1,7D8A,7D8C,7DA7,7DDA,7E21,7E75,7ED2,7F34,7F96,7FF6,8053,80AA,80F9,813F,8178,81A3,81BC,81C3,81B9,81A3,8186,816B,8159,8156,8167,8189,81B8,81EE,8222,824D,8268,8272,826F,8263,8257,8255,8264,8289,82C7,831A,837D,83E5,8449,849F,84E0,850A,8521,852B,8532,853E,8559,8585,85C1,8606,864B,8688,86B4,86CF,86D8,86D8,86D6,86DA,86EA,8709,8735,8767,879B,87C8,87ED,880A,8821,8839,8859,8886,88C5,8916,8976,89E1,8A50,8ABD,8B22,8B7D,8BCF,8C1B,8C67,8CB9,8D15,8D80,8DF9,8E7D,8F05,8F8A,9006,9075,90D6,912A,9174,91B6,91F1,9226,9252,9272,9287,9293,929A,92A1,92AC,92B7,92BA,92A3,925E,91D4,90FA,8FCB,8E54,8CB1,8B07,897E,883C,8759,86DD,86BC,86DB,8718,874C,8759,872B,86BF,8621,8568,84B3,8420,83C4,83A5,83BA,83EB,8416,8416,83D0,8336,8250,813C,8026,7F42,7EBC,7EAD,7F18,7FE4,80E6,81E8,82B7,832F,8342,82F8,826B,81BC,810D,8077,8003,7FB0,7F71,7F38,7EF6,7EA7,7E4A,7DE9,7D8F,7D47,7D1D,7D14,7D29,7D55,7D89,7DB3,7DC5,7DB2,7D76,7D19,7CAA,7C41,7BF7,7BDD,7BF9,7C44,7CA8,7D05,7D3F,7D41,7D06,7C9E,7C24,7BBF,7B90,7BAE,7C20,7CD9,7DBF,7EAC,7F7D,8015,8061,805D,8010,7F8A,7EE3,7E35,7D95,7D19,7CCA,7CAE,7CBD,7CEB,7D27,7D60,7D88,7D97,7D8E,7D74,7D50,7D2D,7D0F,7CF6,7CDF,7CC3,7C9F,7C73,7C44,7C19,7BFA,7BEB,7BEB,7BF5,7BFD,7BF8,7BDC,7BA6,7B56,7AF3,7A8A,7A27,79D7,79A8,79A2,79CB,7A26,7AAE,7B5B,7C1D,7CE0,7D8B,7E0B,7E4F,7E4F,7E10,7DA0,7D14,7C85,7C0A,7BB2,7B82,7B77,7B87,7BA3,7BBC,7BC9,7BC4,7BAF,7B8F,7B6B,7B4C,7B36,7B2A,7B23,7B1A,7B05,7ADD,7A9A,7A3A,79BE,792D,7890,77F4,7765,76ED,768F,764B,761A,75F0,75C0,757E,7527,74BE,7451,73F4,73C0,73CA,741C,74B5,7584,766D,774D,7805,787D,78AE,789E,785F,780C,77BD,7786,7771,777F,77A8,77E2,7821,785F,7896,78CA,78FD,7935,7976,79C2,7A17,7A6F,7ABF,7AFC,7B1A,7B0E,7AD5,7A70,79EA,7955,78C5,784C,77F8,77CB,77C0,77C9,77D8,77DC,77CF,77AF,7784,7759,773D,773A,7755,778C,77D8,782C,787E,78C0,78EC,78FD,78F2,78D0,789D,7862,782A,77FD,77E2,77DD,77ED,780D,783B,7870,78A9,78E7,792A,7975,79C9,7A24,7A82,7ADB,7B26,7B5D,7B7A,7B7D,7B6A,7B49,7B21,7AFB,7ADC,7ACA,7AC4,7ACB,7ADC,7AF5,7B13,7B32,7B50,7B6C,7B86,7BA1,7BBF,7BE5,7C18,7C58,7CA4,7CF7,7D48,7D91,7DCA,7DEE,7DFF,7E02,7DFC,7DF7,7DF9,7E06,7E1F,7E43,7E70,7EA3,7EDB,7F17,7F57,7F9B,7FE1,802A,8073,80BA,80FF,813F,8179,81AC,81D4,81F0,81FC,81FA,81EB,81D5,81BF,81B3,81B5,81CA,81EF,821C,8248,8269,8276,826F,8256,8233,8213,8201,8208,822D,8272,82D4,834D,83D4,8461,84EA,8568,85D3,8625,865B,8676,8677,8666,864A,862D,861B,8619,862F,865D,86A3,86FE,876A,87E3,8866,88EF,897D,8A0F,8AA3,8B39,8BCE,8C5F,8CE9,8D68,8DD8,8E36,8E81,8EBB,8EEA,8F14,8F43,8F7F,8FCE,9031,90A5,9123,91A2,921B,9289,92EC,9348,93A7,9410,9487,950C,9595,9615,967A,96B0,96AB,9664,95E2,9530,9464,9392,92CD,921F,9186,90FA,9068,8FBE,8EED,8DED,8CC0,8B76,8A21,88D8,87AE,86B2,85E8,8550,84E1,8491,8459,8431,8413,83FA,83E2,83C2,8396,8356,82FE,828C,8204,816B,80CD,8033,7FA9,7F35,7EDF,7EA8,7E90,7E90,7EA2,7EB9,7ECB,7ED0,7EC2,7EA5,7E82,7E6A,7E6D,7E98,7EF0,7F70,8007,809D,8119,8168,817D,8158,8105,8095,8019,7FA0,7F30,7ECC,7E70,7E1A,7DC9,7D81,7D49,7D29,7D28,7D4B,7D8E,7DE9,7E50,7EB4,7F07,7F3C,7F4B,7F2F,7EE7,7E7B,7DF8,7D70,7CFA,7CA8,7C89,7CA2,7CE9,7D4B,7DAC,7DEF,7DFF,7DD4,7D73,7CF1,7C69,7BF6,7BAF,7B9E,7BBE,7C02,7C57,7CAB,7CF0,7D21,7D3E,7D4C,7D53,7D57,7D58,7D55,7D4A,7D34,7D13,7CEB,7CC0,7C99,7C7C,7C6E,7C71,7C84,7CA4,7CCE,7CFC,7D29,7D4F,7D6A,7D77,7D75,7D66,7D50,7D3B,7D2D,7D2C,7D3D,7D5E,7D89,7DB7,7DDF,7DF8,7DFF,7DF3,7DD8,7DB3,7D8D,7D6C,7D54,7D47,7D43,7D46,7D4C,7D53,7D56,7D56,7D4E,7D3F,7D26,7D02,7CD1,7C92,7C46,7BEC,7B8B,7B25,7AC2,7A67,7A18,79DA,79AB,798C,7978,796B,7963,795D,7958,7953,7951,7950,7950,7950,794D,7946,793B,792C,791A,7904,78E7,78BE,7883,782F,77C2,7740,76B9,763F,75EB,75D2,7600,7676,7725,77F6,78CA,7982,7A0A,7A56,7A68,7A4C,7A14,79CF,7989,7949,790F,78D5,7897,7851,7802,77AA,774E,76F4,76A4,7667,7646,7649,7674,76C4,7734,77B2,782D,7891,78CE,78DD,78C2,7886,783B,77F1,77B1,7780,775C,773C,771A,76F3,76CA,76AB,76A1,76B8,76F6,7759,77D8,7863,78EA,7960,79BB,79F8,7A1B,7A2A,7A2B,7A26,7A20,7A1C,7A1C,7A1F,7A23,7A26,7A24,7A19,7A02,79E1,79B8,7990,7973,796B,797E,79AE,79F8,7A53,7AB0,7B04,7B44,7B6C,7B7C,7B7A,7B6F,7B63,7B5C,7B5E,7B6A,7B7E,7B98,7BB5,7BD6,7BFB,7C27,7C5D,7CA0,7CEF,7D48,7DA8,7E09,7E63,7EB0,7EE9,7F0C,7F18,7F11,7EFD,7EE6,7ED4,7ECC,7ED2,7EE4,7EFF,7F1E,7F3B,7F54,7F67,7F79,7F8D,7FA8,7FCC,7FFC,8034,8073,80B3,80F2,812C,8163,8196,81C6,81F7,8228,825A,828C,82BC,82E7,830A,8325,8336,8340,834B,835E,8387,83D2,8446,84E5,85A7,867A,8742,87E3,8843,8851,880C,8783,86D3,8622,8596,854C,8552,85A5,862F,86D1,876C,87E3,882B,8844,883D,882D,882F,8853,88A1,8916,89A2,8A31,8AB2,8B17,8B5B,8B83,8B98,8BA8,8BBE,8BE3,8C18,8C61,8CBB,8D27,8DA8,8E46,8F06,8FF1,910A,924F,93B8,9535,96AF,980D,9932,9A07,9A7A,9A82,9A26,9978,9898,97AA,96D5,9636,95DC,95C6,95E1,9610,9633,962D,95ED,9570,94C0,93EF,930E,9226,913B,9045,8F37,8E06,8CAD,8B31,89A1,8813,869B,854C,842E,8341,827B,81D0,8133,809A,8000,7F67,7ED2,7E47,7DCE,7D6B,7D21,7CF3,7CDF,7CE1,7CF1,7D05,7D0F,7D03,7CDA,7C90,7C2E,7BC6,7B6D,7B3C,7B47,7B97,7C2B,7CF0,7DCF,7EAA,7F65,7FED,803C,8056,804C,8030,8016,800C,8018,8038,8064,8091,80B4,80C7,80C9,80BD,80AB,809A,8092,8096,80A5,80BB,80CF,80D9,80D1,80B2,807B,802F,7FD3,7F70,7F0C,7EAC,7E54,7E01,7DB0,7D5B,7D01,7C9E,7C38,7BD5,7B81,7B48,7B32,7B44,7B7B,7BCD,7C2C,7C85,7CCA,7CEE,7CEC,7CC7,7C89,7C3C,7BEF,7BAB,7B78,7B57,7B47,7B43,7B44,7B44,7B3E,7B30,7B1B,7B01,7AE7,7AD6,7AD4,7AE9,7B18,7B63,7BC3,7C30,7C9D,7CFC,7D44,7D6E,7D79,7D6B,7D4D,7D2A,7D0A,7CF4,7CEB,7CED,7CF7,7D05,7D14,7D22,7D2D,7D37,7D40,7D49,7D52,7D59,7D5F,7D60,7D5C,7D52,7D42,7D2B,7D10,7CF1,7CD3,7CB7,7C9E,7C88,7C72,7C59,7C38,7C0B,7BD1,7B8C,7B42,7AF9,7ABA,7A8A,7A6C,7A60,7A61,7A6A,7A74,7A7A,7A77,7A68,7A4A,7A1A,79D7,797E,7912,7896,7814,7796,772B,76DF,76BA,76C1,76F0,773D,779D,7801,785C,78A3,78D1,78E6,78E5,78D7,78C6,78BB,78BF,78D3,78F4,7918,7932,7932,790B,78BB,7846,77BD,7738,76D3,76A4,76BA,7714,77A6,7856,7906,799A,79FC,7A20,7A09,79C0,7957,78E0,786A,77FF,77A3,7755,7710,76CC,7685,7638,75E7,7595,754B,750F,74E9,74DC,74E8,7506,752D,7553,756D,7576,7570,7561,7552,754F,7560,7586,75BC,75F7,7629,7645,7641,761E,75E4,75A2,756B,7553,7567,75AE,7625,76BF,776C,7814,78A5,790F,7948,794F,792B,78E7,7891,7839,77EB,77B0,7789,7777,7773,7778,7781,778B,7797,77A8,77C2,77E9,781F,7862,78AC,78F7,793B,7972,7999,79B2,79C2,79D0,79E5,7A07,7A36,7A73,7AB8,7AFD,7B3D,7B71,7B97,7BB2,7BC6,7BDB,7BFC,7C2E,7C77,7CD8,7D4B,7DC7,7E41,7EAC,7EFD,7F2C,7F37,7F23,7EF6,7EBC,7E80,7E4B,7E23,7E0A,7E01,7E06,7E15,7E2F,7E53,7E82,7EBF,7F08,7F5D,7FB9,8014,8069,80B0,80E7,810C,8123,8134,8147,8165,8194,81D8,822F,8294,8300,836C,83CF,8427,8475,84BE,850A,8562,85CD,864D,86E0,877D,8819,88AA,8923,897F,89BC,89DC,89E4,89D9,89BF,899A,896B,8934,88FB,88C8,88A5,889F,88BF,890A,897D,8A0D,8AAC,8B46,8BCB,8C30,8C74,8C9F,8CC0,8CEB,8D32,8DA2,8E42,8F0C,8FF1,90DC,91B5,9264,92DA,9310,930D,92E7,92B9,92A6,92CE,9347,9418,9537,968A,97EA,992F,9A37,9AE9,9B40,9B45,9B0E,9AB5,9A56,9A00,99BD,998D,9968,9944,9916,98D3,986D,97D7,96FD,95CD,9438,9239,8FD9,8D33,8A72,87C8,856A,837F,821A,8138,80C2,808F,8075,804A,7FF4,7F64,7E97,7D97,7C6E,7B2E,79E7,78AB,7790,76AB,760F,75C9,75DB,763B,76D2,7783,7831,78C3,7930,797B,79B4,79F1,7A44,7ABC,7B5B,7C1D,7CF7,7DDF,7ECB,7FB5,809A,8174,823D,82E9,836D,83BF,83DE,83CF,83A3,836D,8341,832D,8337,8359,838A,83BC,83E6,8406,841C,842E,843E,8449,8447,8429,83E3,836C,82C9,8205,8136,8074,7FD2,7F59,7F07,7ECF,7E9E,7E64,7E15,7DAE,7D38,7CBF,7C52,7BFD,7BC7,7BB0,7BB3,7BC8,7BE6,7C06,7C20,7C2F,7C2C,7C15,7BE9,7BAA,7B5F,7B12,7AD2,7AAA,7AA3,7AC1,7B01,7B58,7BBD,7C22,7C82,7CD9,7D28,7D76,7DC6,7E1D,7E78,7ED3,7F27,7F6C,7F9C,7FB5,7FB9,7FAD,7F99,7F86,7F7B,7F7D,7F8F,7FB1,7FDD,8010,8044,8074,809A,80B6,80C6,80CD,80CB,80C5,80B9,80A9,8092,8072,8046,800E,7FC9,7F7C,7F2B,7EDC,7E95,7E5B,7E2F,7E12,7E03,7DFE,7DFE,7DFE,7DF9,7DE7,7DC6,7D93,7D50,7D03,7CB2,7C69,7C2E,7C08,7BF8,7BFA,7C07,7C14,7C18,7C0D,7BF1,7BC9,7B9E,7B7B,7B67,7B69,7B80,7BA8,7BD8,7C06,7C28,7C39,7C36,7C21,7C00,7BD9,7BB4,7B95,7B80,7B77,7B7A,7B87,7B9D,7BB7,7BD4,7BF0,7C0A,7C21,7C33,7C42,7C51,7C60,7C71,7C85,7C99,7CAA,7CB2,7CAC,7C93,7C65,7C23,7BD1,7B74,7B13,7AB4,7A5D,7A10,79CF,799D,797B,796B,796B,797A,7994,79B2,79CB,79D6,79CB,79A7,796A,7916,78B3,7849,77DD,7774,7712,76B6,7663,761A,75DF,75B7,75A7,75B2,75D8,7616,7664,76BB,7711,7760,77A3,77D7,77FD,7814,781C,7818,7806,77E9,77C4,779D,777A,7763,775B,7767,7786,77B4,77EC,7829,7867,78A4,78E0,791F,7961,79A7,79F1,7A3A,7A7E,7AB7,7ADF,7AF3,7AF1,7ADC,7AB7,7A86,7A50,7A1A,79EA,79C5,79AF,79A9,79B6,79D4,7A04,7A41,7A8A,7AD9,7B2C,7B7E,7BCB,7C0F,7C44,7C67,7C76,7C6E,7C54,7C2A,7BF9,7BC9,7BA6,7B98,7BA4,7BCB,7C0C,7C5E,7CB8,7D11,7D5F,7D9E,7DCC,7DEB,7E02,7E17,7E30,7E51,7E7D,7EB0,7EE6,7F1C,7F4C,7F73,7F93,7FAD,7FC6,7FE4,800A,8039,8071,80AC,80E5,8117,813D,8157,816B,817F,819E,81D2,8222,828F,8315,83AB,8444,84D1,8545,8597,85C3,85CB,85B4,8589,8555,8524,8501,84F7,850E,854D,85B5,8643,86ED,87A5,8859,88F4,8965,89A2,89A8,8980,893A,88ED,88AD,888A,888D,88B4,88F4,8942,898F,89D4,8A0D,8A42,8A7B,8AC6,8B2E,8BBA,8C6E,8D48,8E47,8F64,909C,91E8,933E,9493,95D5,96F2,97D7,9877,98CE,98E6,98D0,98A7,9885,987C,9895,98C9,9901,9924,9914,98BC,9817,972D,9618,94F9,93F6,932F,92B9,9299,92C6,9327,9397,93EE,9401,93AE,92DE,918A,8FBB,8D89,8B17,888E,8614,83C8,81BF,7FFF,7E87,7D4D,7C49,7B73,7AC6,7A40,79DD,7997,7961,792C,78E7,7887,7807,7770,76D0,763D,75CB,7587,7576,7591,75C9,760E,7651,768D,76C1,76F8,773D,779D,781F,78C5,798B,7A6A,7B5A,7C51,7D4C,7E44,7F35,801A,80ED,81A7,8243,82BE,8317,8350,8370,837C,837B,8372,8367,835D,835A,8362,8379,83A1,83D5,840F,8442,8462,8462,8439,83E7,8370,82DF,8242,81A5,8111,808A,8010,7FA0,7F37,7ED2,7E73,7E1B,7DCC,7D88,7D4F,7D1D,7CF1,7CC5,7C97,7C68,7C37,7C07,7BD7,7BA5,7B6F,7B33,7AF1,7AAB,7A69,7A33,7A12,7A0D,7A25,7A56,7A97,7ADC,7B19,7B47,7B63,7B72,7B7A,7B85,7B9A,7BBD,7BF1,7C32,7C7D,7CCC,7D1C,7D69,7DB0,7DEF,7E23,7E49,7E60,7E6A,7E6A,7E66,7E64,7E6A,7E7A,7E92,7EAE,7EC7,7ED7,7EDD,7ED8,7ECD,7EC4,7EC3,7ECC,7EDE,7EF1,7EFD,7EF7,7EDA,7EA5,7E5E,7E0D,7DBF,7D7D,7D4F,7D34,7D26,7D1C,7D0C,7CEC,7CB9,7C74,7C21,7BCA,7B79,7B36,7B07,7AF0,7AEF,7B00,7B1D,7B3C,7B56,7B63,7B5D,7B42,7B14,7AD9,7A9A,7A5F,7A32,7A17,7A12,7A1E,7A36,7A53,7A6E,7A82,7A8E,7A96,7AA0,7AB0,7ACB,7AF1,7B21,7B55,7B87,7BB1,7BCE,7BDC,7BDB,7BCF,7BB9,7B9C,7B79,7B53,7B29,7AFF,7AD7,7AB3,7A99,7A8B,7A8D,7A9F,7ABF,7AEA,7B1A,7B4A,7B71,7B89,7B8B,7B71,7B37,7AE0,7A6E,79EA,7962,78E1,7874,7826,77F8,77E8,77EF,77FE,780B,780B,77F8,77D2,77A0,776B,773C,771A,7709,7708,7710,771A,771C,7710,76F1,76BD,7677,7623,75C9,756D,7519,74D0,749A,747A,7472,7485,74B2,74F7,754E,75B4,761F,768A,76EE,7742,7784,77AF,77C2,77BF,77A8,7783,7757,772C,770A,76F6,76F6,770B,7735,7770,77B7,7805,7855,78A4,78F0,793A,7981,79C7,7A0A,7A49,7A81,7AAE,7ACC,7AD8,7AD1,7AB8,7A8E,7A57,7A1A,79DA,799F,796C,7948,7935,7935,794A,7971,79A8,79EB,7A35,7A82,7ACD,7B14,7B52,7B88,7BB3,7BD4,7BE9,7BF3,7BF4,7BED,7BE2,7BD8,7BD6,7BDF,7BF9,7C25,7C63,7CB0,7D06,7D61,7DBB,7E12,7E66,7EB7,7F08,7F5A,7FB0,8006,805A,80A4,80DF,8106,8116,8111,80FA,80DA,80BB,80A7,80A8,80C4,80FF,8155,81C3,823E,82BD,8335,839E,83F0,842C,8452,8469,8478,8489,84A3,84CC,8506,8550,85A5,8601,865F,86BB,8713,8768,87BB,880A,8856,8898,88CC,88EA,88EB,88CE,8895,884A,87FC,87C0,87A9,87C6,8823,88BD,898B,8A78,8B6B,8C4A,8CFE,8D7C,8DC2,8DDB,8DDE,8DE1,8DFD,8E40,8EAD,8F36,8FC6,903F,9085,9086,9041,8FC7,8F3A,8EC7,8EA0,8EED,8FC6,912B,9308,9530,976C,997F,9B32,9C5C,9CE7,9CD3,9C32,9B29,99E5,9896,976A,9684,95F8,95C6,95DC,9617,9647,9639,95C1,94C1,9332,9127,8EC8,8C4E,89F6,87F5,866F,856F,84E6,84B0,849D,847B,8422,8378,8279,8132,7FBB,7E34,7CB9,7B62,7A39,7941,7873,77C4,772B,769F,761C,75A5,753E,74F0,74C2,74BA,74D7,7517,7570,75D6,763F,76A1,76F7,7742,7789,77D6,7836,78B0,7948,79F9,7AB9,7B79,7C29,7CBE,7D31,7D85,7DC3,7DF8,7E34,7E84,7EEF,7F75,8010,80B6,815B,81F2,8273,82D9,8323,8354,8372,8386,8395,83A5,83B9,83D1,83E9,83FC,8402,83F2,83C8,8380,831E,82A9,822A,81B0,8145,80F1,80B8,8098,8088,807D,806A,8044,8004,7FA8,7F33,7EAB,7E1C,7D90,7D13,7CAB,7C5D,7C27,7C06,7BF4,7BE7,7BD9,7BC3,7BA1,7B72,7B37,7AF4,7AB0,7A6F,7A37,7A0B,79EE,79DF,79DE,79EA,79FE,7A1A,7A3C,7A62,7A8A,7AB2,7AD9,7AFE,7B1E,7B3A,7B52,7B65,7B76,7B87,7B9B,7BB4,7BD4,7BFD,7C2E,7C67,7CA7,7CEB,7D32,7D79,7DC0,7E05,7E48,7E88,7EC5,7EFE,7F31,7F5D,7F7F,7F97,7FA3,7FA3,7F98,7F86,7F70,7F5B,7F4A,7F40,7F3E,7F45,7F52,7F63,7F74,7F83,7F8D,7F90,7F8C,7F7F,7F69,7F4A,7F20,7EEC,7EB0,7E6E,7E2C,7DF0,7DBF,7D9E,7D8E,7D8B,7D90,7D92,7D88,7D6A,7D34,7CE7,7C8C,7C2F,7BDF,7BA9,7B97,7BAB,7BE1,7C2F,7C84,7CD1,7D05,7D18,7D04,7CCE,7C7F,7C24,7BCD,7B89,7B62,7B60,7B81,7BC3,7C1A,7C79,7CD4,7D1C,7D47,7D4F,7D34,7CF9,7CA7,7C4C,7BF4,7BAC,7B7D,7B6E,7B7D,7BA6,7BDF,7C1B,7C4F,7C6F,7C72,7C57,7C1F,7BD0,7B72,7B11,7AB8,7A6F,7A3C,7A22,7A20,7A31,7A4F,7A73,7A95,7AAF,7ABC,7AB9,7AA5,7A83,7A54,7A1D,79E3,79AD,797E,795D,794A,7946,794E,795D,796F,797C,7981,797C,796F,795B,7948,793A,7937,7942,795B,7980,79AC,79DA,7A03,7A24,7A39,7A43,7A44,7A40,7A39,7A36,7A38,7A44,7A5A,7A7A,7AA6,7ADB,7B18,7B5A,7B9E,7BE2,7C20,7C55,7C80,7CA0,7CB5,7CC1,7CC8,7CCE,7CD8,7CE8,7D01,7D21,7D48,7D73,7D9F,7DC9,7DEE,7E0D,7E27,7E3C,7E4E,7E5E,7E6F,7E82,7E99,7EB3,7ED2,7EF4,7F19,7F3F,7F65,7F88,7FA7,7FC0,7FD3,7FE1,7FEA,7FF1,7FF7,7FFF,8009,8016,8025,8037,804A,805E,8076,8090,80AF,80D2,80F7,811C,8140,815D,8174,8183,818C,8194,81A0,81B5,81D8,820C,824F,829C,82EE,833A,8379,83A3,83B5,83B1,839C,837F,8366,835B,8365,8388,83C1,840C,845E,84AE,84F5,852F,855D,8583,85A7,85D0,8604,8643,868B,86D7,8721,8760,8792,87B4,87C7,87D0,87D4,87D8,87E2,87F5,8812,8838,8869,88A0,88DC,8919,8956,8990,89C5,89F5,8A21,8A4C,8A78,8AAB,8AE6,8B2D,8B7F,8BDB,8C3D,8CA2,8D05,8D62,8DB6,8DFF,8E41,8E7D,8EBA,8EFD,8F4F,8FB8,903C,90DE,919E,9276,935C,9444,9520,95E3,9682,96F8,9747,9773,9785,9788,9787,9787,978F,979D,97B1,97CA,97E6,9805,9826,9847,9865,9876,986C,9838,97CB,971A,9624,94F3,939D,923F,90FA,8FEC,8F28,8EB5,8E89,8E8C,8E9D,8E9D,8E6E,8DFE,8D4C,8C5F,8B4D,8A2F,891E,882C,8764,86C6,864D,85EC,8596,8540,84E3,847D,8410,839F,8330,82CA,826F,8221,81E1,81AD,8183,815F,8140,8120,80FE,80D6,80A8,8075,8041,8011,7FEC,7FDA,7FE0,7FFF,8035,807C,80C9,8111,8149,816B,8174,816A,8157,8146,8147,8162,819D,81F7,8269,82E5,835E,83C7,8417,844B,8465,846B,8467,8463,8464,8470,8486,84A5,84C7,84EB,850C,852B,8546,855F,8574,8587,8593,8598,8592,8581,8564,853E,8512,84E3,84B6,848B,8463,843C,8413,83E6,83B4,837C,833F,8300,82C1,8283,8246,820C,81D2,8198,815C,8121,80E7,80B0,807E,8052,802B,8008,7FE3,7FBB,7F8B,7F53,7F13,7ECE,7E88,7E45,7E0A,7DDA,7DB4,7D99,7D85,7D76,7D67,7D56,7D42,7D2B,7D12,7CF8,7CE0,7CCC,7CBE,7CB5,7CB2,7CB5,7CBD,7CC9,7CD7,7CE5,7CF2,7CFC,7D01,7D00,7CF9,7CEC,7CDB,7CC9,7CBB,7CB2,7CB2,7CBB,7CCC,7CE3,7CFC,7D12,7D23,7D2B,7D2B,7D23,7D16,7D09,7CFD,7CF6,7CF5,7CF9,7D01,7D0A,7D12,7D16,7D16,7D12,7D0B,7D02,7CF9,7CF0,7CE9,7CE2,7CDA,7CD1,7CC7,7CBC,7CB2,7CAA,7CA6,7CA8,7CAE,7CB7,7CC0,7CC5,7CC4,7CBA,7CA7,7C8D,7C6E,7C4E,7C31,7C19,7C08,7BFF,7BFC,7BFF,7C05,7C0B,7C12,7C17,7C1A,7C19,7C15,7C0D,7BFF,7BEB,7BD1,7BB2,7B91,7B6F,7B50,7B38,7B28,7B22,7B26,7B2F,7B3C,7B47,7B4B,7B46,7B37,7B1D,7AFD,7AD8,7AB5,7A97,7A82,7A77,7A78,7A82,7A95,7AAE,7AC9,7AE1,7AF4,7AFC,7AF6,7ADF,7AB6,7A7B,7A34,79E6,799A,7958,7927,790E,790E,7927,7955,7991,79D4,7A17,7A54,7A85,7AA7,7ABA,7ABD,7AB3,7A9D,7A81,7A62,7A46,7A32,7A29,7A2E,7A41,7A5F,7A84,7AAC,7AD2,7AF2,7B0C,7B20,7B31,7B40,7B50,7B5D,7B63,7B59,7B36,7AF2,7A8A,7A04,796B,78D3,7852,77FF,77E7,780C,7862,78D0,7934,796B,7956,78E9,7827,772A,761E,7536,74A7,7499,7521,763A,77C3,7985,7B3E,7CA8,7D89,7DBC,7D3B,7C1F,7A9B,78F9,7788,768F,7642,76B8,77E3,7998,7B91,7D7D,7F0E,8007,8045,7FCA,7EB4,7D40,7BB7,7A64,7985,7940,799F,7A8C,7BD9,7D48,7E9B,7F9B,8024,802C,7FC0,7F01,7E1B,7D3D,7C8F,7C2C,7C1C,7C58,7CCB,7D58,7DE3,7E53,7E9B,7EB7,7EAB,7E87,7E58,7E2F,7E16,7E11,7E20,7E3B,7E57,7E6A,7E6C,7E59,7E31,7DFC,7DC3,7D93,7D79,7D7F,7DAB,7DF9,7E63,7EDA,7F4B,7FA2,7FCF,7FC7,7F87,7F17,7E88,7DF0,7D69,7D09,7CE2,7CF8,7D49,7DC5,7E58,7EEA,7F65,7FBB,7FE4,7FE1,7FBA,7F7D,7F39,7EFA,7ECA,7EAE,7EA6,7EAE,7EC4,7EE1,7F05,7F2D,7F5C,7F91,7FCF,8015,8061,80AF,80FA,813E,8175,819C,81B3,81BB,81BA,81B6,81B6,81C1,81DF,8213,825F,82C1,8335,83B1,842E,84A0,84FF,8543,856B,8579,8575,8569,8564,8573,85A2,85F7,8671,870A,87B6,8864,8903,8982,89D8,89FF,89F9,89CF,898A,8936,88DF,888B,883D,87F5,87B0,876D,872A,86E9,86AD,867B,8657,8645,8644,864F,865F,866C,866C,8656,8627,85DD,857B,8504,847F,83F3,8365,82DA,8255,81DA,8168,8101,80A3,804C,7FF9,7FA4,7F4A,7EE8,7E7B,7E06,7D8D,7D15,7CA8,7C4B,7C03,7BD1,7BB1,7B9C,7B88,7B69,7B37,7AEC,7A88,7A0E,7988,7900,7882,7818,77C7,7793,7779,7774,777E,7790,77A4,77B7,77C7,77D4,77E0,77EC,77FB,780D,7823,783E,785C,7880,78A7,78D3,7903,7935,7968,799A,79C7,79EF,7A11,7A2F,7A4B,7A6A,7A90,7ABF,7AF9,7B3C,7B86,7BD0,7C15,7C50,7C7F,7CA1,7CB9,7CCB,7CDC,7CF0,7D0C,7D2E,7D57,7D84,7DB1,7DDA,7DFF,7E1E,7E37,7E4D,7E60,7E71,7E81,7E8E,7E97,7E9C,7E9A,7E93,7E89,7E7E,7E77,7E78,7E83,7E9C,7EC2,7EF5,7F31,7F71,7FB0,7FE5,800C,801E,801A,7FFF,7FD0,7F92,7F4C,7F06,7EC9,7E9B,7E7F,7E77,7E7E,7E8F,7EA2,7EAD,7EA9,7E91,7E64,7E23,7DD5,7D82,7D33,7CF1,7CC2,7CA7,7C9F,7CA6,7CB4,7CC1,7CC6,7CBE,7CA8,7C84,7C56,7C21,7BEC,7BBC,7B93,7B74,7B5F,7B53,7B51,7B57,7B64,7B77,7B90,7BAD,7BCD,7BEC,7C08,7C1E,7C2B,7C2E,7C28,7C1A,7C07,7BF2,7BDE,7BD1,7BCB,7BD0,7BDE,7BF7,7C17,7C3E,7C69,7C94,7CBE,7CE4,7D04,7D1D,7D2D,7D37,7D3B,7D3B,7D3C,7D40,7D4B,7D5D,7D77,7D96,7DB9,7DDB,7DFA,7E12,7E21,7E29,7E2B,7E29,7E26,7E24,7E24,7E28,7E2E,7E35,7E3D,7E43,7E47,7E4B,7E4E,7E51,7E55,7E58,7E59,7E56,7E4D,7E3B,7E20,7DFB,7DCE,7D9C,7D67,7D33,7D06,7CE1,7CC7,7CB9,7CB6,7CBE,7CCC,7CDD,7CEC,7CF5,7CF6,7CEB,7CD4,7CB1,7C85,7C51,7C1A,7BE3,7BAF,7B80,7B58,7B36,7B1B,7B05,7AF2,7AE1,7AD1,7AC0,7AB0,7AA2,7A96,7A8E,7A8A,7A8B,7A8E,7A93,7A97,7A97,7A94,7A8C,7A81,7A77,7A6F,7A6C,7A70,7A7B,7A8B,7A9D,7AAF,7ABD,7AC5,7AC7,7AC4,7ABF,7ABB,7ABF,7ACC,7AE4,7B08,7B35,7B67,7B9A,7BC7,7BEA,7C02,7C0D,7C0C,7C04,7BF8,7BEE,7BE9,7BEB,7BF7,7C0A,7C23,7C3F,7C5B,7C75,7C8D,7CA2,7CB7,7CCD,7CE6,7D03,7D26,7D4C,7D74,7D9B,7DBF,7DDD,7DF5,7E06,7E11,7E1A,7E23,7E2D,7E39,7E47,7E52,7E58,7E53,7E43,7E29,7E08,7DEB,7DDB,7DE2,7E04,7E3D,7E7E,7EB0,7EB6,7E75,7DD6,7CD6,7B82,79FE,787C,7736,7662,7625,768B,7781,78D7,7A49,7B8E,7C64,7C9E,7C2F,7B2E,79CD,7854,770F,7643,761B,76A6,77D1,796C,7B35,7CE5,7E3C,7F0E,7F49,7EFA,7E45,7D60,7C88,7BF4,7BCA,7C1C,7CDF,7DF6,7F34,8065,815F,8204,8248,8237,81EB,8189,8137,8111,8126,8175,81ED,8270,82E2,832A,833B,8318,82D1,8282,8248,823E,8273,82E5,8386,8437,84D5,853F,855C,8521,8495,83CE,82EF,821D,817C,8125,8123,8173,8202,82B4,8369,8403,846B,8495,847F,8436,83CC,8357,82EF,82A6,8288,829B,82DC,8341,83BE,8444,84C7,853E,85A3,85F6,863A,8675,86AE,86EB,8731,877F,87D6,8834,8895,88FA,8962,89D0,8A46,8AC6,8B53,8BE7,8C7E,8D0C,8D85,8DDC,8E08,8E01,8DC8,8D5F,8CD3,8C2F,8B84,8AE2,8A55,89E9,89A2,8981,8982,899C,89C3,89E9,8A03,8A03,89E4,89A3,8942,88C8,883D,87AA,8716,8683,85F2,855E,84C3,841D,836A,82AC,81EA,812C,807B,7FDF,7F5E,7EF7,7EA4,7E5F,7E1D,7DD7,7D85,7D27,7CC0,7C55,7BEE,7B93,7B47,7B0B,7ADB,7AAE,7A7D,7A3D,79E8,797D,78FF,7876,77EC,776F,7708,76BF,7696,768D,76A0,76C7,76FD,773B,7780,77C8,7811,785B,78A4,78E8,7927,795D,798C,79B4,79DA,7A01,7A30,7A6A,7AAF,7AFF,7B56,7BB2,7C0D,7C65,7CB9,7D0A,7D59,7DA8,7DF8,7E48,7E95,7EDE,7F20,7F5B,7F90,7FC4,7FFB,8038,807E,80CB,811B,8166,81A5,81D0,81E4,81E0,81C8,81A3,817A,8155,813C,8132,8136,8145,8159,816E,817D,8185,8184,817B,816B,8157,813E,8120,80FE,80D6,80A9,8076,8040,800A,7FD8,7FAB,7F85,7F65,7F49,7F2B,7F08,7EDC,7EA6,7E66,7E20,7DD9,7D98,7D64,7D3F,7D2B,7D28,7D31,7D42,7D55,7D67,7D74,7D7C,7D7E,7D7A,7D74,7D6A,7D5E,7D50,7D41,7D32,7D24,7D1B,7D19,7D21,7D34,7D53,7D7B,7DA9,7DD9,7E07,7E30,7E50,7E69,7E79,7E83,7E88,7E8B,7E8C,7E8C,7E8C,7E8D,7E8F,7E94,7E9C,7EA8,7EB9,7ECE,7EE7,7F01,7F1B,7F34,7F4C,7F63,7F7A,7F92,7FAD,7FCC,7FEF,8013,8038,8059,8074,8087,8093,8097,8095,808F,8089,8083,8080,807E,807D,807D,807B,8078,8073,806F,806C,806C,8070,8077,807F,8085,8086,807F,806E,8053,802F,8004,7FD6,7FAB,7F84,7F64,7F4D,7F3C,7F31,7F27,7F1D,7F0E,7EF9,7EDC,7EB8,7E8E,7E61,7E35,7E0B,7DE8,7DCD,7DB9,7DAB,7D9F,7D92,7D80,7D65,7D40,7D11,7CDA,7C9D,7C5F,7C21,7BE7,7BB1,7B7F,7B50,7B21,7AF1,7ABF,7A8C,7A59,7A28,79FD,79DB,79C3,79B5,79B0,79B1,79B3,79B5,79B2,79AA,799E,7993,798B,798B,7997,79AF,79D1,79FA,7A23,7A48,7A64,7A73,7A76,7A71,7A68,7A61,7A62,7A6F,7A89,7AAD,7AD9,7B08,7B33,7B58,7B74,7B87,7B94,7B9F,7BAD,7BC0,7BDC,7BFF,7C29,7C54,7C7E,7CA2,7CC0,7CD9,7CEE,7D05,7D22,7D49,7D7D,7DBC,7E05,7E52,7E9D,7EE2,7F1B,7F47,7F67,7F7D,7F8E,7FA0,7FB8,7FDA,8008,8043,8087,80D0,8119,815D,8195,81BE,81D7,81E0,81DC,81CF,81C0,81B3,81AB,81AB,81B3,81C1,81D2,81E3,81F2,81FF,820B,8219,822B,8244,8264,828B,82B3,82D8,82F4,8304,8306,82FD,82EC,82DC,82D1,82D3,82E4,8304,8330,8362,8392,83BA,83D4,83DD,83D3,83B9,8394,836A,8342,8322,830E,830B,8316,832E,834F,8372,8392,83AA,83B9,83BE,83BD,83B9,83B5,83B5,83B7,83BB,83BC,83B5,83A3,8387,8364,8344,8330,8334,8356,8396,83EF,8451,84AA,84E5,84F4,84CE,8477,83FF,837F,8314,82DA,82E3,8338,83D3,849E,857F,8655,8705,877C,87B3,87AF,8782,8740,8701,86D8,86D0,86EC,8724,876B,87B3,87EF,8817,882A,882E,882D,8833,884E,8886,88DD,8952,89DC,8A71,8B06,8B92,8C0E,8C79,8CD5,8D28,8D78,8DCD,8E2B,8E96,8F0C,8F8B,900C,908A,90FC,915B,91A5,91D6,91EE,91F0,91E0,91C0,9195,9162,9128,90E6,909C,9047,8FE8,8F80,8F11,8EA1,8E34,8DD2,8D7D,8D37,8CFC,8CC5,8C8A,8C41,8BE1,8B65,8ACD,8A1D,895D,8899,87DA,872B,8692,8610,85A4,8549,84F9,84AE,8462,8412,83BB,835F,82FF,829D,823A,81DA,817D,8123,80CD,807A,802A,7FDB,7F8F,7F45,7EFC,7EB5,7E6F,7E2B,7DEA,7DAD,7D77,7D4D,7D31,7D27,7D30,7D4D,7D7A,7DB3,7DF2,7E2F,7E66,7E92,7EB1,7EC3,7EC9,7EC5,7EB9,7EA8,7E94,7E80,7E70,7E67,7E6A,7E7C,7EA0,7ED6,7F1B,7F6C,7FC2,8019,806B,80B6,80F7,812F,8160,818C,81B5,81DE,8209,8237,8268,829C,82D2,8307,8339,8365,8386,839A,83A0,8397,8382,8365,8346,832A,8313,8306,82FF,82FE,82FD,82F9,82ED,82D8,82B8,828F,8260,822C,81F5,81BC,8181,8143,8101,80BC,8074,802B,7FE3,7F9F,7F62,7F2D,7F00,7EDA,7EBA,7E9E,7E82,7E67,7E4B,7E2E,7E12,7DF6,7DDD,7DC8,7DB8,7DAD,7DA8,7DA7,7DA9,7DAD,7DB2,7DB6,7DB9,7DBB,7DBC,7DBC,7DBC,7DBC,7DBC,7DBE,7DC0,7DC3,7DC8,7DCF,7DD8,7DE5,7DF6,7E0B,7E23,7E40,7E60,7E84,7EAA,7ED4,7F00,7F2D,7F5A,7F84,7FA8,7FC4,7FD6,7FDE,7FDD,7FD5,7FCB,7FC2,7FBF,7FC4,7FD3,7FEA,8008,8029,804C,806E,808D,80A7,80BE,80D1,80E2,80F0,80FB,8105,810C,8111,8113,8113,8111,810C,8105,80FB,80EF,80E2,80D4,80C7,80BC,80B5,80B1,80B0,80B2,80B3,80B2,80AD,80A1,808F,8079,805F,8047,8031,8022,801A,8018,801B,801F,8020,8018,8004,7FE1,7FAD,7F68,7F15,7EB9,7E58,7DFA,7DA6,7D60,7D2F,7D15,7D13,7D25,7D49,7D76,7DA7,7DD2,7DF1,7E00,7DFC,7DE7,7DC3,7D97,7D67,7D3B,7D16,7CFD,7CEE,7CE7,7CE5,7CE2,7CD9,7CC9,7CB0,7C90,7C6E,7C4F,7C37,7C29,7C26,7C2C,7C39,7C47,7C53,7C59,7C5A,7C58,7C57,7C5C,7C6A,7C84,7CAA,7CD8,7D09,7D36,7D59,7D6E,7D72,7D66,7D4E,7D2F,7D11,7CFA,7CF0,7CF8,7D12,7D3E,7D79,7DBB,7E00,7E41,7E78,7EA1,7EB9,7EC2,7EBD,7EB0,7E9F,7E90,7E87,7E87,7E91,7EA3,7EB9,7ED0,7EE2,7EED,7EED,7EE4,7ED3,7EBC,7EA5,7E91,7E83,7E7E,7E83,7E91,7EA6,7EC0,7EDC,7EF8,7F11,7F27,7F39,7F47,7F51,7F59,7F5E,7F5F,7F5E,7F59,7F52,7F49,7F40,7F38,7F32,7F31,7F36,7F3F,7F4E,7F62,7F7A,7F95,7FB2,7FD0,7FED,8006,8018,8021,801E,800F,7FF6,7FD5,7FB3,7F96,7F85,7F82,7F90,7FAD,7FD5,8002,802F,8056,8075,808C,809C,80A9,80B6,80C6,80DB,80F8,811C,8148,817B,81B5,81F3,8232,8270,82A9,82D9,82FF,8318,8327,832D,832E,832D,832B,832A,8329,8328,8325,8321,831C,831B,8323,8339,8361,839B,83E4,8436,8487,84CB,84F7,8504,84EF,84BB,8471,841F,83D4,839F,838D,83A5,83E7,8450,84D3,8562,85F0,866D,86CF,8710,8731,8736,8729,8715,8704,8701,8711,8736,876F,87B6,8807,8859,88A8,88EF,892F,8966,8998,89C7,89F7,8A2A,8A62,8AA3,8AEE,8B45,8BA8,8C1B,8C9E,8D33,8DD9,8E8F,8F54,9022,90F4,91C0,927D,931F,939C,93ED,940C,93FA,93BC,9359,92DC,924E,91B7,911D,9081,8FE3,8F43,8EA0,8DFC,8D5A,8CBF,8C2F,8BAB,8B32,8AC0,8A4E,89D4,894C,88B4,880A,8753,8692,85CA,84FC,8426,8346,8258,815B,8052,7F45,7E3D,7D47,7C6D,7BB7,7B26,7AB5,7A5D,7A12,79CB,7980,792F,78D9,7881,782B,77DB,7794,7756,7721,76F3,76CE,76B3,76A3,76A2,76B2,76D6,770C,7753,77AA,780D,787C,78F4,7975,79FF,7A92,7B2B,7BC9,7C67,7D03,7D97,7E20,7E9E,7F0E,7F72,7FCB,801B,8065,80AB,80EF,8133,8178,81BE,8205,824E,8297,82E1,832A,8371,83B6,83F7,8431,8462,8487,849D,84A2,8497,847E,845A,8430,8404,83D9,83B0,8386,835A,8328,82EB,82A3,8250,81F4,8192,812E,80CC,806D,800F,7FB2,7F52,7EEE,7E84,7E15,7DA3,7D30,7CBE,7C4F,7BE5,7B81,7B23,7ACC,7A7D,7A38,79FC,79C9,799B,7970,7943,7910,78D7,7897,7855,7819,77E7,77C8,77BF,77CC,77ED,781B,7850,7887,78BC,78ED,791E,7951,798B,79CD,7A1A,7A70,7ACE,7B30,7B93,7BF4,7C54,7CB0,7D08,7D5E,7DAE,7DF9,7E3E,7E7A,7EAF,7EDC,7F05,7F29,7F4A,7F6A,7F88,7FA3,7FB9,7FCA,7FD4,7FDA,7FDE,7FE1,7FE6,7FEF,7FFB,8007,8010,8011,8007,7FF0,7FCD,7FA0,7F6D,7F3A,7F0C,7EE5,7EC7,7EB1,7E9F,7E8E,7E7A,7E60,7E40,7E1B,7DF2,7DC9,7DA2,7D7D,7D5B,7D3A,7D18,7CF1,7CC7,7C97,7C64,7C31,7C00,7BD4,7BAE,7B90,7B77,7B63,7B51,7B40,7B30,7B22,7B16,7B0D,7B07,7B04,7B01,7AFD,7AF7,7AEE,7AE5,7AE1,7AE6,7AF9,7B1C,7B51,7B94,7BDE,7C26,7C64,7C90,7CA6,7CA7,7C95,7C7A,7C5E,7C4A,7C47,7C5A,7C83,7CC0,7D0E,7D63,7DB9,7E05,7E42,7E68,7E75,7E67,7E42,7E0A,7DC5,7D7C,7D35,7CF6,7CC5,7CA1,7C8A,7C7A,7C6B,7C57,7C37,7C04,7BBC,7B5E,7AED,7A6E,79EA,7967,78F1,788D,7842,7812,77FD,7800,7815,7836,785D,7883,78A3,78B8,78C0,78BB,78A8,7889,7860,7830,77FC,77C8,7797,776B,7748,772E,771E,7719,771F,772F,7749,776A,7791,77BA,77E2,7807,7825,783A,7846,7849,7847,7842,783D,783B,783E,7845,784F,785B,7867,7870,7875,7878,7877,7876,7875,7874,7875,7878,787C,7880,7885,788A,7890,7898,78A0,78A9,78B0,78B5,78B5,78AE,789F,7888,786B,7848,7823,77FF,77DE,77C4,77B1,77A7,77A7,77B1,77C5,77E2,7807,7833,7863,7895,78C5,78F2,791A,793B,7956,796B,797D,798E,79A0,79B5,79D0,79F0,7A18,7A45,7A76,7AAB,7AE1,7B16,7B48,7B77,7BA2,7BCA,7BF1,7C1B,7C4B,7C83,7CC6,7D15,7D6E,7DCE,7E34,7E9A,7EFE,7F5D,7FB6,8008,8052,8092,80CA,80F8,811C,8139,8151,8168,8186,81B0,81EC,823D,82A2,831A,839E,8427,84AB,8526,8591,85EC,8638,8679,86B3,86EC,8727,8765,87A6,87E6,8822,8856,8880,889E,88B1,88BD,88C6,88D2,88E7,8909,893B,897D,89CC,8A23,8A7D,8AD5,8B29,8B76,8BC2,8C11,8C6A,8CD7,8D5C,8DFC,8EB6,8F83,905B,9132,9200,92BB,9361,93EF,9468,94CF,9526,956F,95AB,95D8,95F5,9601,95FA,95E0,95AE,9561,94F0,9450,9377,925A,90F8,8F56,8D85,8BA0,89C8,8820,86C4,85C6,8525,84D4,84B6,84A5,847E,841F,8376,827D,813D,7FC8,7E38,7CA6,7B2A,79D4,78AB,77B0,76E0,7630,7599,7511,7491,7416,739F,732E,72CA,7278,7240,7227,7230,7258,729A,72EE,7348,73A0,73F0,7437,7479,74BC,750B,756E,75EB,7683,7730,77E8,78A1,794E,79E8,7A6B,7ADB,7B40,7BA5,7C19,7CA7,7D56,7E28,7F17,8019,8121,821F,8306,83CA,8468,84DD,852F,8564,8587,859E,85B3,85C9,85E3,85FF,861A,8631,863F,8642,8638,8620,85FD,85D2,85A0,856B,8535,84FF,84C8,848C,8449,83FB,839E,8330,82B4,822C,819F,8113,8090,8019,7FB2,7F57,7F03,7EB0,7E56,7DF1,7D7D,7CFE,7C7A,7BF9,7B85,7B26,7ADF,7AB1,7A99,7A91,7A92,7A95,7A97,7A96,7A94,7A92,7A95,7AA0,7AB5,7AD5,7AFF,7B31,7B6A,7BA8,7BEA,7C2F,7C75,7CBD,7D05,7D4D,7D94,7DDC,7E26,7E74,7EC8,7F25,7F8B,7FF8,806A,80DC,814A,81B2,8211,8268,82B8,8305,8350,8399,83DF,841F,8453,8476,8483,847A,845D,8431,83FD,83CB,83A1,8385,8379,837A,8384,8391,839B,839C,838F,8373,8346,8309,82BC,8262,81FC,818C,8118,80A3,8031,7FC8,7F6B,7F1B,7ED9,7EA3,7E74,7E4A,7E20,7DF5,7DC8,7D9A,7D70,7D4A,7D2D,7D1A,7D11,7D10,7D14,7D1B,7D22,7D29,7D2D,7D31,7D36,7D3E,7D4C,7D61,7D7E,7DA2,7DCE,7DFF,7E35,7E6D,7EA7,7EE0,7F17,7F4D,7F81,7FB3,7FE3,8013,8042,8070,809C,80C5,80E8,8105,8119,8125,812A,8129,8124,811E,8117,8110,8107,80F6,80DC,80B2,8078,802E,7FD7,7F7A,7F1F,7ECE,7E8D,7E60,7E48,7E3F,7E3F,7E3F,7E36,7E1D,7DEE,7DA8,7D4D,7CE2,7C6D,7BF5,7B81,7B16,7ABA,7A6B,7A2B,79F5,79C7,799C,7972,7945,7918,78EA,78BD,7893,786B,7844,781A,77E9,77AD,7764,7711,76B8,7662,761A,75EB,75DD,75F3,762D,7682,76EA,7757,77BC,7810,784E,7875,788A,7895,789F,78B2,78D7,7910,7960,79C2,7A30,7AA2,7B0E,7B6E,7BBB,7BF5,7C1C,7C35,7C44,7C50,7C5E,7C6F,7C84,7C9B,7CB2,7CC4,7CCE,7CCF,7CC9,7CBB,7CAB,7C9B,7C8E,7C84,7C7E,7C79,7C72,7C64,7C4C,7C28,7BF8,7BBE,7B7F,7B40,7B08,7ADE,7AC5,7AC1,7ACF,7AED,7B15,7B3F,7B66,7B82,7B91,7B93,7B89,7B7A,7B6B,7B62,7B63,7B71,7B8B,7BB0,7BDB,7C08,7C34,7C5C,7C80,7CA0,7CC0,7CE0,7D04,7D2C,7D58,7D87,7DB9,7DEB,7E1D,7E4F,7E82,7EB8,7EF3,7F36,7F83,7FD9,8037,809A,80FD,815B,81AC,81EC,8217,822D,8230,8225,8213,8203,81FA,81FE,8213,8237,8268,82A3,82E2,8324,8364,83A0,83D7,8407,8430,8452,846E,8487,84A1,84C2,84EF,852D,857E,85DF,864A,86B3,8710,8756,877F,8787,8775,874E,8720,86F5,86D7,86CD,86D9,86FE,8739,878A,87EF,8869,88F5,898F,8A31,8AD0,8B63,8BDD,8C38,8C70,8C86,8C85,8C77,8C6A,8C6B,8C83,8CB8,8D0C,8D7D,8E08,8EA7,8F56,9010,90D2,9197,925D,9324,93EB,94B8,958E,9671,9765,9867,9971,9A77,9B68,9C33,9CC6,9D13,9D0E,9CAF,9BEF,9ACB,9941,9753,9508,9270,8FA8,8CD2,8A19,87A7,85A2,841D,831F,8298,826B,826E,8278,8265,821A,818A,80B5,7FA4,7E63,7D03,7B91,7A19,78A5,773E,75EC,74B9,73A9,72C1,7202,716B,70F9,70AA,707D,7074,7090,70D4,7142,71D5,7289,7352,7428,7503,75E1,76C3,77AF,78AC,79BC,7ADE,7C0A,7D31,7E42,7F2A,7FDE,8058,809C,80B6,80B7,80B5,80C3,80F1,814B,81D6,8291,8376,847B,8591,86A7,87AD,8892,894A,89CF,8A20,8A41,8A3C,8A1B,89E6,89A5,8958,88FE,8895,8817,8784,86DF,862B,8571,84B8,8405,835B,82BA,821D,8180,80DF,803B,7F93,7EED,7E51,7DC6,7D53,7CFC,7CC1,7CA0,7C91,7C8A,7C7E,7C61,7C29,7BCE,7B4E,7AAB,79EC,791D,784C,7788,76DD,7656,75F7,75C2,75B5,75CA,75FD,7647,76A2,770B,777F,77FA,787A,78FD,797F,79FE,7A76,7AE5,7B49,7BA0,7BEB,7C2B,7C61,7C92,7CBF,7CED,7D1E,7D51,7D87,7DBD,7DF0,7E1D,7E41,7E5E,7E75,7E8D,7EAD,7EDB,7F1C,7F73,7FDD,8052,80C9,8136,818C,81C2,81D0,81B5,8173,810E,808D,7FF8,7F57,7EB1,7E0C,7D6C,7CD6,7C4E,7BD7,7B73,7B23,7AE8,7ABF,7AA7,7A9B,7A97,7A97,7A95,7A90,7A82,7A6A,7A47,7A18,79DF,799E,795A,7917,78D9,78A3,7878,7857,783F,782C,781C,7810,7807,7804,780C,7824,784F,788F,78E2,7947,79B8,7A2F,7AA7,7B1D,7B8B,7BEF,7C46,7C8D,7CC2,7CE3,7CF0,7CEB,7CD9,7CC0,7CA8,7C98,7C94,7CA0,7CBA,7CDE,7D08,7D32,7D58,7D7A,7D96,7DAD,7DC1,7DD1,7DDE,7DE5,7DE3,7DD7,7DBE,7D98,7D66,7D2B,7CE9,7CA3,7C5A,7C0F,7BC3,7B78,7B2E,7AE4,7A9C,7A54,7A0C,79C2,7976,7927,78D8,788B,7845,780A,77DC,77BE,77AD,77A5,77A0,7798,7787,776A,7740,770C,76D1,7695,765B,7626,75F9,75D3,75B3,7599,7584,7576,756D,756B,7570,757B,758B,759D,75B0,75C0,75CD,75D6,75DE,75E4,75ED,75FA,760E,762B,7651,7680,76B7,76F3,7731,776E,77A6,77D7,77FF,781B,782E,7838,783D,7840,7844,784D,785D,7875,7895,78BA,78E3,790D,7936,795A,7978,798F,799E,79A5,79A2,7996,7981,7963,793F,7916,78EA,78C1,789B,787C,7866,7858,7852,7851,7853,7856,7856,7853,784D,7844,783A,7831,782B,782A,7830,783C,784F,7869,7887,78A8,78CA,78EC,790C,792A,7945,795E,7978,7993,79B3,79D8,7A06,7A3C,7A7C,7AC5,7B17,7B70,7BCF,7C32,7C98,7D00,7D66,7DCB,7E2C,7E87,7EDD,7F2C,7F74,7FB5,7FF1,8029,805F,8095,80CC,8107,8145,8188,81CD,8214,825A,829C,82D9,830D,8339,835A,8372,8382,838F,839B,83AB,83C3,83E4,840F,8442,8479,84AF,84DF,8506,8525,853D,8554,8570,8596,85CA,860C,8658,86A8,86F4,8737,876C,8796,87BA,87E1,8815,885C,88B9,892B,89AA,8A29,8A9D,8AFC,8B3E,8B64,8B75,8B7B,8B85,8BA0,8BD8,8C34,8CB4,8D54,8E0A,8EC9,8F85,9031,90C6,9142,91A8,9201,9259,92BC,9336,93CC,947E,9545,9614,96DE,9796,9835,98BB,9930,99A4,9A26,9AC4,9B88,9C70,9D73,9E83,9F8D,A080,A14C,A1E7,A249,A26B,A241,A1C0,A0D8,9F7D,9DAB,9B68,98CB,95F6,9318,905E,8DF1,8BEB,8A55,8923,8840,878C,86EB,8647,8595,84D2,8405,8337,826E,81AD,80F4,803C,7F82,7EBF,7DF4,7D1F,7C45,7B69,7A90,79BF,78FC,784F,77BF,7754,7714,7701,7719,7753,77A6,780A,787A,78F6,7987,7A3A,7B19,7C2D,7D75,7EE4,8066,81E3,8342,846F,855F,8613,8691,86E7,8722,874F,8775,879B,87C2,87EB,8816,8845,8876,88A9,88DB,8908,892E,894A,895F,8970,8982,899A,89BA,89DF,8A01,8A16,8A11,89EC,89A1,8936,88B1,881E,8785,86EC,8651,85AF,84FC,842D,8340,8234,8114,7FEC,7ECE,7DCC,7CF2,7C49,7BD1,7B86,7B63,7B5D,7B6B,7B83,7B9F,7BB5,7BC2,7BC1,7BB0,7B8E,7B60,7B28,7AEC,7AB1,7A79,7A44,7A13,79E2,79B2,7983,7959,793D,7934,7947,7979,79CB,7A38,7AB7,7B40,7BCB,7C52,7CD5,7D56,7DDC,7E6C,7F08,7FB1,8061,810D,81AB,822F,8291,82CC,82DF,82CF,82A4,8269,8226,81E5,81AD,8184,816B,8163,816A,817B,8192,81AA,81BD,81CB,81D1,81D2,81CF,81CB,81C5,81BD,81AD,8190,815F,8117,80B5,803E,7FB7,7F2A,7EA0,7E21,7DB0,7D50,7CFB,7CAF,7C65,7C1C,7BD1,7B88,7B44,7B0A,7AE0,7AC8,7AC4,7AD5,7AF7,7B27,7B60,7B9C,7BD6,7C09,7C31,7C4C,7C5D,7C65,7C6C,7C75,7C84,7C9B,7CB8,7CD8,7CF6,7D0E,7D1E,7D28,7D34,7D47,7D6A,7DA3,7DF2,7E55,7EC2,7F31,7F96,7FED,8031,8064,808C,80AF,80D3,80FA,8125,814D,816D,817D,8176,8157,811E,80D0,8073,800F,7FAC,7F50,7F00,7EBD,7E84,7E52,7E1F,7DE6,7DA2,7D51,7CF4,7C93,7C36,7BE6,7BAB,7B88,7B7C,7B7F,7B87,7B89,7B7A,7B53,7B13,7ABD,7A58,79ED,7982,791E,78C2,786F,7823,77DE,77A0,776A,7741,7728,7721,772D,774A,7773,77A1,77CD,77F0,7802,7802,77EE,77CA,779A,7767,7738,7712,76FB,76F4,76F8,7703,770E,7712,770A,76F6,76DA,76BB,76A2,7697,76A1,76C2,76F8,7740,7792,77E6,7837,7880,78BF,78F5,7924,794D,7971,7992,79AD,79C0,79C9,79C6,79B6,799A,7974,7948,791C,78F3,78D3,78BF,78B7,78BA,78C5,78D0,78D8,78D5,78C6,78AA,7884,7857,782B,7804,77E7,77D7,77D0,77D2,77D7,77DA,77D7,77CD,77BB,77A4,778B,7773,7760,7754,774F,7752,775C,776A,777C,7791,77A9,77C4,77E4,780A,7839,7870,78AF,78F7,7943,7990,79DC,7A22,7A61,7A98,7AC9,7AF8,7B26,7B59,7B92,7BD3,7C19,7C62,7CAB,7CEF,7D2E,7D66,7D97,7DC5,7DF1,7E1F,7E4F,7E83,7EB9,7EF1,7F28,7F5F,7F92,7FC4,7FF2,801F,804B,8075,809F,80C7,80ED,8111,8131,814C,8160,816C,816F,816A,815D,814B,8139,812B,8126,8130,8149,8172,81AA,81EA,822F,8272,82AF,82E3,8310,8336,8359,837F,83AC,83E1,8421,846A,84BA,850D,8561,85B1,85FD,8643,8683,86C1,8700,8742,878A,87DA,8830,888A,88E4,8937,8981,89BF,89F3,8A1F,8A4D,8A82,8AC7,8B1E,8B89,8C05,8C8A,8D12,8D97,8E15,8E8C,8EFD,8F6E,8FE2,905F,90E7,917D,9223,92DA,93A3,947E,9567,9658,9748,982B,98F7,99A1,9A25,9A82,9AB8,9ACB,9AB6,9A71,99ED,9915,97DA,9630,941C,91B2,8F16,8C73,89F3,87BA,85D9,8450,830C,81F2,80E7,7FD6,7EB5,7D89,7C5F,7B4B,7A5C,799B,7906,7897,783E,77EF,779E,7743,76DD,766C,75F4,7578,74FE,748C,7428,73D8,73A2,7387,7383,738F,73A3,73B6,73C7,73DB,7400,744D,74D6,75AB,76D1,783F,79E0,7B95,7D3E,7EC2,8011,8128,8210,82D6,8389,8434,84DA,8579,8609,8682,86DC,8715,8730,8730,871F,8703,86E5,86CB,86BA,86B5,86BE,86D3,86F1,870F,8725,872C,8720,8700,86D4,86A5,867E,8667,8662,8667,866A,8656,861A,85A8,84FB,8417,830B,81EA,80C8,7FB7,7EC3,7DEF,7D3B,7C9F,7C15,7B96,7B21,7AB5,7A59,7A11,79E4,79D7,79EC,7A20,7A6E,7ACB,7B2C,7B87,7BD1,7C04,7C21,7C2D,7C2F,7C33,7C42,7C64,7C98,7CDC,7D27,7D6F,7DAA,7DD4,7DEC,7DF7,7E00,7E12,7E3A,7E81,7EEB,7F77,801F,80D8,8196,824E,82F5,8386,83FF,8462,84B4,84FC,853F,857F,85BD,85F4,861C,862D,8621,85F5,85AB,854B,84E1,8477,841A,83CE,8395,836A,8343,8319,82E3,829D,824A,81EF,8195,8146,8109,80E2,80CE,80C9,80C9,80C4,80B1,808A,804B,7FF4,7F89,7F10,7E91,7E14,7D9F,7D39,7CE2,7C9C,7C63,7C34,7C0B,7BE4,7BBF,7B9F,7B87,7B7E,7B88,7BA9,7BDF,7C26,7C76,7CC9,7D16,7D58,7D91,7DC2,7DF1,7E25,7E62,7EA9,7EF8,7F49,7F95,7FD5,8002,801D,8025,8022,8018,800F,800D,8014,8027,8043,8066,808D,80B5,80DC,8101,8121,813E,8156,8168,8173,8177,8171,8162,8146,8120,80EE,80B3,8071,802B,7FE2,7F9A,7F51,7F07,7EB9,7E66,7E0A,7DA6,7D38,7CC5,7C50,7BDD,7B72,7B10,7ABC,7A73,7A36,7A01,79D2,79A7,797E,7957,7932,7913,78FA,78E8,78DE,78D9,78D6,78D0,78C2,78A9,7883,7852,781A,77DF,77A7,7777,7750,7732,771C,7708,76F6,76E5,76D4,76C9,76C7,76D2,76ED,7718,7750,7791,77D5,7819,7859,7892,78C6,78F4,791E,7946,796D,7992,79B5,79D7,79F5,7A11,7A28,7A3A,7A44,7A47,7A42,7A36,7A27,7A17,7A0A,7A04,7A07,7A11,7A21,7A34,7A44,7A50,7A56,7A55,7A50,7A49,7A42,7A3D,7A38,7A33,7A2A,7A1C,7A07,79EA,79C5,799B,796C,793C,790B,78DB,78AD,7881,7858,7832,7811,77F4,77DD,77CB,77C0,77BC,77C2,77D2,77ED,7814,7846,7880,78C0,7901,7940,797A,79AF,79DF,7A0C,7A39,7A68,7A9B,7AD2,7B0A,7B43,7B79,7BAC,7BD9,7C01,7C27,7C4D,7C75,7CA1,7CD3,7D0A,7D46,7D85,7DC6,7E08,7E48,7E86,7EC2,7EFA,7F30,7F63,7F94,7FC1,7FEB,8010,8031,804C,8060,806E,8075,8076,8073,806C,8063,805A,8051,804A,8045,8042,8040,8041,8043,8046,804B,8052,805C,806C,8082,80A2,80CF,810A,8153,81A9,8207,8268,82C4,8316,835A,838D,83B1,83CB,83E0,83F7,8417,8443,847E,84C4,8513,8566,85B7,8603,8647,8682,86B4,86DF,8705,8729,874E,8778,87A9,87E5,882D,8881,88E3,8951,89C9,8A4B,8AD6,8B66,8BFD,8C97,8D34,8DD0,8E6A,8EFE,8F8A,900D,9088,9100,9178,91F7,9281,931A,93C0,946E,951E,95C4,9659,96D4,9734,977A,97AB,97CC,97DF,97E2,97C9,9783,96FB,961E,94DD,9337,9139,8EFB,8CA0,8A4D,8825,863E,849F,8342,8213,80FB,7FE2,7EB6,7D71,7C19,7ABE,7972,784C,7759,76A4,762A,75E2,75BD,75A9,7595,7575,7544,7503,74BA,7473,743C,741C,7417,742A,744C,746E,7484,7487,7476,745C,744B,7459,749E,7529,75FF,7719,7867,79CD,7B32,7C80,7DA7,7EA4,7F7D,8040,80FC,81C1,8296,837F,8474,856A,8651,871A,87B8,8824,885C,8868,8851,8825,87F3,87C6,87A1,8785,876B,8749,8716,86CD,866F,8604,859A,8540,8505,84EF,84FD,8526,8556,857B,857F,8556,84F9,846D,83BD,82F9,8232,8176,80CE,803F,7FC4,7F57,7EEF,7E82,7E08,7D7F,7CE7,7C47,7BA9,7B18,7AA0,7A48,7A13,79FF,7A03,7A17,7A31,7A4B,7A63,7A7D,7AA1,7AD7,7B26,7B8F,7C0C,7C95,7D1B,7D91,7DEE,7E2D,7E50,7E5F,7E65,7E6D,7E83,7EAB,7EEA,7F3C,7F9E,8009,8074,80D9,8133,817D,81B9,81E9,8212,823E,8272,82B5,8307,8368,83CE,8431,8486,84C6,84EE,84FF,84FF,84F4,84E4,84D4,84C3,84AA,8482,8445,83EF,837F,82FA,826A,81D9,8153,80DE,8081,803B,8008,7FE3,7FC5,7FA6,7F82,7F53,7F1A,7ED8,7E90,7E46,7E03,7DC9,7D9D,7D7F,7D6D,7D62,7D56,7D46,7D2C,7D08,7CDC,7CAC,7C7E,7C56,7C39,7C26,7C1B,7C17,7C16,7C17,7C1B,7C24,7C36,7C55,7C83,7CC2,7D12,7D6E,7DD4,7E3D,7EA5,7F06,7F5D,7FA9,7FE7,801A,8041,8061,807B,8090,80A2,80B0,80B9,80BC,80B8,80AD,809C,8087,806E,8052,8032,800E,7FE5,7FB5,7F81,7F4B,7F16,7EE8,7EC4,7EAD,7EA3,7EA3,7EA8,7EAF,7EB1,7EAC,7E9D,7E81,7E5A,7E26,7DE7,7D9D,7D4B,7CF2,7C97,7C3C,7BE5,7B93,7B49,7B06,7AC9,7A90,7A5A,7A28,79FA,79D0,79AC,798E,7974,795C,7944,7928,7907,78DF,78B0,787B,7844,780A,77D0,7797,775E,7727,76F0,76BB,7688,7658,762D,7609,75EC,75D8,75CA,75C2,75BF,75BE,75C0,75C3,75CA,75D6,75EC,760D,763B,7677,76BE,770F,7765,77BD,7812,7860,78A7,78E4,7918,7942,7964,797F,7995,79A6,79B5,79C1,79CB,79D1,79D3,79CF,79C5,79B4,799E,7983,7967,794C,7932,791B,7906,78F4,78E2,78D0,78BD,78AB,7898,7887,7877,7867,7856,7843,782B,780F,77ED,77C7,77A0,7779,7756,7739,7725,771B,771A,7721,7730,7744,775C,7777,7792,77AF,77CE,77EF,7815,7840,7872,78AA,78E8,792C,7973,79BB,7A03,7A48,7A8A,7ACA,7B07,7B41,7B7A,7BB1,7BE6,7C18,7C46,7C70,7C96,7CB8,7CD9,7CFA,7D1C,7D43,7D6E,7D9D,7DD1,7E07,7E3D,7E73,7EA6,7ED7,7F05,7F31,7F5D,7F89,7FB6,7FE5,8015,8045,8074,809F,80C7,80EA,8108,8123,813A,814E,8161,8172,8182,8191,819E,81AA,81B6,81C3,81D3,81E7,8201,8221,8247,8274,82A7,82E0,831F,8365,83B1,8404,845E,84BC,851C,857C,85D8,862F,867F,86C9,870E,8752,8797,87DF,882B,887B,88CC,891C,8969,89B0,89F1,8A2E,8A68,8AA3,8AE1,8B25,8B71,8BC5,8C21,8C85,8CF1,8D64,8DDC,8E5A,8EDA,8F5C,8FDD,905B,90D7,9152,91CC,9249,92CD,935B,93F4,9498,9544,95F2,969F,9742,97DA,9864,98E2,9956,99C2,9A25,9A78,9AAD,9AB0,9A6C,99CA,98BF,9748,9572,9356,9117,8EDB,8CC2,8AE1,8941,87DA,8699,8567,842F,82E2,817F,800C,7E9A,7D3E,7C09,7B0A,7A46,79BD,7965,7933,791B,790F,7906,78FD,78F1,78E6,78E1,78E7,78FD,7921,794E,7979,7995,7994,7970,7928,78C9,7865,7817,77FA,7820,7892,794D,7A3E,7B4F,7C66,7D6F,7E5D,7F31,7FF3,80B3,817E,8262,8361,847A,85A3,86CD,87EA,88EC,89C9,8A7C,8B03,8B60,8B99,8BB5,8BBA,8BAE,8B94,8B6C,8B32,8AE2,8A78,89F4,895B,88B7,8816,8789,871E,86DD,86C5,86CC,86E1,86F1,86EA,86BF,866E,85FA,8571,84E3,845F,83F0,839A,835B,8329,82F9,82BD,826D,8202,817A,80D8,8025,7F69,7EAD,7DFA,7D56,7CC3,7C43,7BD3,7B71,7B1B,7AD3,7A9B,7A78,7A6E,7A84,7ABC,7B13,7B84,7C05,7C8A,7D08,7D75,7DCF,7E14,7E4B,7E7B,7EAE,7EEB,7F37,7F92,7FF7,805F,80C0,8112,814E,8171,817D,8177,8169,815A,8155,815E,8179,81A5,81DE,821F,8263,82A7,82E8,8328,8368,83AA,83EF,8436,847A,84B5,84E0,84F4,84EF,84CE,8495,844A,83F4,839A,8343,82F3,82AA,8265,8221,81D8,8184,8122,80B0,8030,7FA8,7F20,7E9F,7E2D,7DD1,7D8E,7D64,7D50,7D4C,7D52,7D5D,7D68,7D73,7D7C,7D85,7D90,7D9C,7DA7,7DAF,7DB2,7DAC,7D9B,7D82,7D61,7D3F,7D1F,7D06,7CF6,7CEF,7CEF,7CF4,7CFA,7CFD,7CFC,7CF6,7CEE,7CE6,7CE3,7CE9,7CFF,7D26,7D60,7DAE,7E0B,7E72,7EDC,7F40,7F97,7FDE,8012,8034,8049,8056,805E,8063,8066,8063,8056,803B,8010,7FD5,7F8D,7F3C,7EE9,7E98,7E4C,7E07,7DC8,7D8A,7D4C,7D0C,7CCA,7C86,7C45,7C09,7BD6,7BAF,7B94,7B84,7B7E,7B7E,7B80,7B82,7B7F,7B76,7B66,7B4F,7B32,7B11,7AED,7AC9,7AA5,7A81,7A5A,7A2D,79FA,79BC,7973,791F,78C4,7865,7806,77AD,775E,771B,76E6,76BF,76A2,768E,7681,7678,7673,7672,7676,7680,7691,76AA,76CB,76F1,771B,7746,7771,779A,77C0,77E1,77FE,7816,7829,7838,7843,784C,7854,785D,7866,7871,787D,7889,7894,789F,78A9,78B5,78C5,78D9,78F4,7915,793B,7964,798D,79B5,79DA,79FB,7A1A,7A38,7A55,7A6F,7A87,7A99,7AA4,7AA4,7A9B,7A88,7A6D,7A4C,7A27,7A01,79D8,79AF,7984,7958,792C,7900,78D7,78B1,7891,7878,7865,7858,7853,7855,785E,786F,7888,78A9,78D0,78FB,792A,7958,7987,79B5,79E1,7A0E,7A3A,7A66,7A92,7ABC,7AE4,7B08,7B28,7B44,7B5E,7B76,7B8F,7BA9,7BC7,7BE7,7C0B,7C32,7C5B,7C87,7CB5,7CE5,7D17,7D4B,7D80,7DB9,7DF3,7E31,7E72,7EB4,7EF8,7F3D,7F80,7FC0,7FFC,8033,8065,8092,80BB,80E1,8103,8123,8140,815A,8172,8187,819B,81AC,81BC,81CB,81D8,81E3,81ED,81F5,81FD,8206,8212,8222,8237,8250,826C,828A,82A7,82C5,82E3,8302,8326,834E,837D,83B0,83E7,841F,8455,848B,84C0,84F5,852C,8567,85A5,85E5,8627,8669,86AA,86EC,8731,877C,87CF,882A,888A,88ED,894F,89AB,8A03,8A57,8AAC,8B06,8B69,8BD7,8C4E,8CCC,8D4B,8DC7,8E3F,8EB3,8F28,8FA1,9024,90B3,914D,91F2,929D,934C,93FC,94AE,9562,9619,96D2,978B,9840,98ED,998C,9A1D,9A9E,9B11,9B78,9BCF,9C10,9C2F,9C1B,9BC4,9B1B,9A1A,98C2,9721,954B,9357,9160,8F77,8DA9,8BFA,8A66,88E6,876F,85FA,8485,8311,81A2,8040,7EF6,7DCB,7CC8,7BF3,7B4C,7AD5,7A8A,7A63,7A57,7A5D,7A6B,7A7B,7A8A,7A97,7AA6,7AB9,7AD1,7AED,7B08,7B1C,7B20,7B10,7AEA,7AB5,7A7B,7A4A,7A31,7A3C,7A71,7AD0,7B52,7BEE,7C97,7D43,7DED,7E93,7F3B,7FEA,80A9,817E,826C,8372,848A,85AC,86CB,87DD,88D8,89B4,8A6D,8B03,8B77,8BCE,8C0D,8C39,8C52,8C5A,8C4F,8C2D,8BF2,8B9C,8B2D,8AA8,8A16,897F,88EC,8865,87EC,8784,8729,86D4,8681,8628,85C6,855C,84ED,847F,8419,83C1,837B,8347,8320,82FE,82D8,82A5,825D,81FD,8186,80FD,8068,7FCF,7F36,7EA2,7E11,7D84,7CF7,7C69,7BDC,7B53,7AD3,7A62,7A06,79C2,7998,7986,7989,799D,79BE,79EA,7A20,7A5D,7AA4,7AF4,7B4E,7BB3,7C23,7C9E,7D23,7DAE,7E3B,7EC3,7F40,7FAC,8000,803B,8060,8072,8079,807C,8081,808B,809B,80AD,80BC,80C7,80C9,80C5,80BD,80B4,80B0,80B3,80BE,80CF,80E3,80F7,8108,8115,811F,8128,8131,813B,8146,8151,8158,8159,8150,8139,8113,80DC,8094,803A,7FD0,7F59,7ED8,7E53,7DD0,7D53,7CE0,7C78,7C19,7BC2,7B6E,7B19,7AC3,7A6C,7A18,79CD,7990,7964,794C,7946,794F,7961,7977,798D,79A2,79B6,79CA,79E1,79FD,7A1E,7A43,7A69,7A8C,7AA8,7ABB,7AC3,7AC1,7AB6,7AA7,7A97,7A8A,7A84,7A87,7A92,7AA6,7AC0,7ADD,7AFB,7B16,7B2E,7B45,7B5D,7B78,7B9C,7BC9,7C02,7C43,7C8A,7CD0,7D10,7D44,7D6A,7D81,7D8D,7D90,7D8F,7D8D,7D8A,7D85,7D7B,7D68,7D49,7D19,7CD9,7C8A,7C30,7BD0,7B6F,7B13,7ABF,7A76,7A38,7A02,79D2,79A3,7972,793C,7900,78C1,7881,7848,7819,77FA,77EB,77EA,77F2,77FD,7803,77FE,77EC,77CD,77A4,7777,774A,7722,76FF,76E1,76C4,76A2,7676,763E,75FA,75AC,755A,750B,74C6,7490,746C,745C,745E,746F,748A,74AB,74CE,74F2,7516,753D,756A,75A0,75E3,7633,7690,76F8,7765,77D1,7837,7891,78DD,791A,794B,7972,7995,79B5,79D5,79F5,7A11,7A26,7A31,7A2F,7A20,7A07,79E7,79C6,79A8,7992,7986,7982,7985,798B,7991,7992,798F,7985,7978,7969,795C,7953,7950,7953,795C,7967,7972,797A,797C,7978,796C,7959,7943,792B,7915,7903,78F5,78EB,78E3,78DD,78D6,78CD,78C5,78BE,78BD,78C3,78D4,78F1,791A,794D,7987,79C6,7A06,7A46,7A86,7AC7,7B0A,7B52,7BA0,7BF3,7C4C,7CA8,7D03,7D5C,7DAE,7DFA,7E3D,7E79,7EAF,7EE1,7F12,7F42,7F72,7FA3,7FD2,7FFF,8028,804B,806A,8085,809F,80BA,80DA,8100,812E,8164,81A0,81DF,821E,825A,8293,82C7,82F8,8328,8358,838B,83C1,83FB,8435,846E,84A1,84CD,84EE,8503,850D,850F,850D,850C,8511,851F,8538,855C,8588,85B8,85E5,860D,862F,864A,8665,8685,86B1,86EE,873F,87A1,8811,8887,88FB,8967,89C7,8A1B,8A67,8AB2,8B00,8B59,8BBE,8C31,8CAF,8D33,8DB7,8E37,8EB1,8F23,8F8F,8FFA,9067,90DA,9158,91E0,9273,930D,93AB,9448,94E1,9573,95FF,9687,9710,979D,9832,98D0,9975,9A1C,9ABE,9B53,9BD7,9C46,9CA1,9CEC,9D29,9D5C,9D82,9D94,9D86,9D48,9CCC,9C08,9AF9,99A7,9820,9677,94C2,9311,9171,8FE5,8E67,8CF0,8B77,89F6,886A,86D8,854A,83CC,8268,8127,800F,7F20,7E5A,7DB6,7D31,7CC7,7C72,7C31,7C03,7BE5,7BD8,7BDD,7BF1,7C16,7C47,7C7F,7CB9,7CEC,7D11,7D23,7D21,7D0F,7CF7,7CE4,7CE2,7CFA,7D30,7D82,7DE7,7E57,7EC5,7F2C,7F8A,7FE2,803E,80A7,8127,81C2,827A,834A,842A,8510,85F4,86D0,879F,8861,8915,89BD,8A59,8AEA,8B6C,8BDE,8C3B,8C7F,8CA9,8CB3,8C9E,8C6A,8C18,8BAF,8B33,8AAD,8A23,899A,8914,8891,880D,8784,86F1,8651,85A6,84F5,8446,83A1,830F,8296,8236,81EB,81B0,817A,8142,8101,80B5,805F,8001,7FA0,7F3E,7EDE,7E7E,7E1C,7DB3,7D41,7CC2,7C37,7BA3,7B0A,7A73,79E5,7964,78F4,7897,784B,780E,77DD,77B4,7791,7772,775B,774D,7750,7767,7798,77E4,784A,78C7,7954,79E8,7A7D,7B0A,7B8D,7C04,7C70,7CD3,7D32,7D8D,7DE6,7E3A,7E89,7ECD,7F05,7F2C,7F44,7F4D,7F49,7F3C,7F2B,7F18,7F08,7EFB,7EF1,7EE9,7EE0,7ED6,7EC8,7EB8,7EA6,7E97,7E8E,7E8F,7E9A,7EB1,7ED0,7EF5,7F17,7F34,7F45,7F47,7F3B,7F20,7EFB,7ECC,7E98,7E5F,7E23,7DE2,7D9D,7D51,7CFD,7CA2,7C40,7BD9,7B6E,7B03,7A9A,7A35,79D8,7984,793B,78FE,78CC,78A5,788A,787A,7875,787C,7890,78B1,78DE,7917,7958,799C,79E0,7A1F,7A59,7A8C,7AB9,7AE5,7B11,7B41,7B73,7BA6,7BD8,7C03,7C23,7C37,7C3E,7C3C,7C33,7C29,7C22,7C1E,7C1F,7C23,7C27,7C2B,7C2E,7C30,7C34,7C3D,7C4C,7C63,7C80,7CA3,7CC9,7CEE,7D12,7D34,7D52,7D6E,7D86,7D9B,7DAA,7DB2,7DB1,7DA7,7D94,7D77,7D53,7D27,7CF3,7CB7,7C72,7C25,7BD0,7B77,7B1C,7AC2,7A6B,7A19,79CD,7985,7942,7903,78C8,7894,7868,7844,7829,7815,7806,77F7,77E7,77D3,77BC,77A3,778A,7774,7763,7755,7749,773D,772E,771A,7700,76E2,76C0,769E,767E,7660,7646,7630,7620,7614,760E,760E,7613,761D,762B,763D,7651,7669,7687,76AB,76D7,770E,774E,7796,77E3,7831,787C,78C3,7905,7941,797A,79B0,79E6,7A1B,7A4E,7A7C,7AA4,7AC3,7AD9,7AE5,7AE8,7AE3,7AD9,7ACB,7ABB,7AA9,7A96,7A82,7A6D,7A58,7A42,7A2B,7A12,79F8,79DF,79C6,79B1,79A0,7995,7990,7991,7996,799D,79A5,79AB,79B0,79B5,79BA,79C0,79C9,79D4,79E1,79EE,79F9,7A00,7A04,7A04,7A03,7A03,7A05,7A0B,7A17,7A28,7A3E,7A58,7A75,7A94,7AB5,7AD8,7AFE,7B26,7B53,7B83,7BBA,7BF7,7C3A,7C85,7CD6,7D2B,7D81,7DD7,7E2A,7E79,7EC2,7F05,7F44,7F80,7FB9,7FF1,8028,805C,808E,80BC,80E7,810F,8133,8156,8177,8196,81B5,81D3,81F1,820F,822F,824F,8273,8299,82C1,82EB,8315,8340,836A,8396,83C3,83F4,8429,8462,849D,84D7,8510,8543,856F,8596,85B9,85DB,85FE,8625,8651,8681,86B5,86EA,8720,8756,878B,87C1,87F9,8834,8872,88B5,88FC,8948,8999,89EE,8A49,8AA7,8B08,8B6A,8BCB,8C2A,8C86,8CE1,8D3E,8D9D,8E04,8E72,8EE7,8F63,8FE1,905E,90D7,914D,91BF,922F,92A2,9319,9396,941B,94A5,9533,95C4,9657,96EB,977F,9815,98AA,993E,99CD,9A54,9AD1,9B42,9BA5,9BFB,9C42,9C7A,9C9F,9CAA,9C93,9C53,9BE1,9B39,9A5B,994A,980F,96B3,9541,93C3,923F,90BB,8F37,8DB4,8C30,8AAC,8928,87A8,862D,84BD,835C,820D,80D6,7FBA,7EBE,7DE4,7D2E,7C9C,7C2C,7BDC,7BA6,7B88,7B7B,7B7D,7B8B,7BA3,7BC3,7BE7,7C0C,7C2E,7C47,7C56,7C59,7C54,7C4A,7C40,7C3D,7C43,7C55,7C70,7C92,7CB8,7CDE,7D05,7D2E,7D5C,7D94,7DDB,7E33,7E9E,7F1B,7FA9,8044,80EB,819D,825A,831F,83EB,84BC,858C,8657,8718,87C9,8867,88EE,895F,89B7,89F7,8A1D,8A2A,8A1E,89F9,89BD,896C,8908,8895,8815,8789,86F1,864F,85A1,84EB,842E,8370,82B5,8202,815C,80C6,8040,7FCB,7F65,7F0B,7EBB,7E74,7E36,7DFE,7DCC,7D9E,7D72,7D43,7D10,7CD5,7C90,7C42,7BEB,7B8D,7B2B,7AC6,7A60,79FB,7998,7935,78D2,786D,7807,779F,7737,76D0,7670,7618,75CE,7595,7571,7564,756E,758D,75C1,7605,7657,76B5,771B,778A,77FF,787A,78FC,7982,7A0C,7A96,7B1F,7BA2,7C1C,7C8C,7CEF,7D44,7D8D,7DC9,7DFA,7E1F,7E3B,7E4C,7E53,7E4E,7E3E,7E25,7E03,7DDA,7DAF,7D85,7D5E,7D3C,7D20,7D0B,7CFB,7CEE,7CE3,7CD8,7CCD,7CC3,7CBB,7CB6,7CB6,7CBA,7CC2,7CCB,7CD4,7CD8,7CD7,7CCE,7CBD,7CA5,7C86,7C61,7C37,7C06,7BCD,7B8B,7B3E,7AE8,7A8A,7A26,79C2,7961,7908,78B9,7876,783E,7812,77EF,77D4,77C1,77B6,77B1,77B4,77BF,77D2,77ED,7810,783C,7870,78AD,78F2,793F,7991,79E4,7A35,7A80,7AC1,7AF7,7B21,7B40,7B58,7B69,7B76,7B7F,7B85,7B84,7B7E,7B71,7B5E,7B47,7B30,7B1B,7B0C,7B04,7B04,7B09,7B13,7B1F,7B2C,7B3A,7B49,7B5B,7B70,7B8A,7BA8,7BCC,7BF3,7C1C,7C45,7C6D,7C91,7CAE,7CC1,7CC9,7CC3,7CAF,7C8F,7C65,7C32,7BFB,7BC0,7B82,7B42,7AFD,7AB3,7A64,7A0F,79B9,7964,7914,78CC,788D,7857,7829,77FF,77D6,77AD,7781,7756,772D,7709,76EF,76E0,76DC,76E3,76F0,76FF,770D,7715,7715,770C,76FE,76EA,76D5,76C0,76AC,769B,768A,7679,7667,7652,763A,7621,7608,75F2,75E2,75D9,75DA,75E6,75FE,761F,7648,7677,76AA,76E0,7718,7752,7791,77D5,7821,7874,78CD,792B,798A,79E4,7A37,7A7E,7AB7,7AE4,7B04,7B1A,7B2A,7B34,7B3A,7B3B,7B37,7B2C,7B18,7AFB,7AD4,7AA6,7A74,7A3F,7A0D,79DF,79B8,7997,797E,796A,795B,794F,7946,7940,793E,7942,794B,795D,7977,7998,79C0,79EC,7A1A,7A47,7A71,7A96,7AB6,7AD2,7AEA,7B01,7B18,7B30,7B49,7B62,7B7A,7B90,7BA1,7BAD,7BB5,7BBA,7BBE,7BC5,7BD2,7BE6,7C04,7C2B,7C5A,7C90,7CCA,7D06,7D44,7D82,7DC2,7E03,7E49,7E93,7EE3,7F38,7F91,7FEB,8044,8099,80E6,812C,816B,81A3,81D6,8208,8239,8269,8298,82C4,82E9,8307,831C,8329,832F,8333,8338,8341,8351,836A,8389,83AF,83D7,8401,842A,8451,8476,849B,84C2,84EC,851C,8554,8596,85DF,8630,8687,86DF,8736,878A,87DA,8824,886B,88AF,88F2,8935,8979,89BB,89FB,8A37,8A6E,8AA1,8AD1,8B02,8B37,8B70,8BB0,8BF5,8C3D,8C86,8CCD,8D13,8D58,8DA0,8DEE,8E46,8EAB,8F1D,8F9C,9026,90B7,914C,91E1,9275,9306,9397,9427,94BB,9555,95F8,96A3,9756,980C,98BE,9966,99FA,9A74,9AD2,9B14,9B3E,9B59,9B6B,9B77,9B7B,9B72,9B4D,9AFD,9A75,99AC,98A1,975A,95E9,9460,92D4,9155,8FEC,8E9C,8D5E,8C27,8AED,89A7,8850,86E9,857A,840E,82B2,8172,8058,7F6B,7EAB,7E16,7DA5,7D50,7D0C,7CD3,7C9F,7C70,7C48,7C2B,7C21,7C2D,7C50,7C87,7CC8,7D0A,7D42,7D69,7D7D,7D80,7D7C,7D7B,7D88,7DAA,7DE1,7E2B,7E7E,7ED2,7F1E,7F5D,7F8E,7FB7,7FE0,8014,805B,80BC,813B,81D5,8287,8348,840F,84D4,8590,863D,86DB,876B,87F3,8876,88F9,897F,8A07,8A8B,8B04,8B68,8BB0,8BD6,8BD8,8BBB,8B85,8B3E,8AEE,8A9A,8A43,89E5,897E,8907,887E,87E3,8739,8686,85D3,8526,8486,83F4,8372,82FD,8290,8228,81C2,815A,80F1,8087,801E,7FBA,7F5C,7F08,7EBC,7E79,7E3A,7DFB,7DB9,7D6E,7D19,7CBA,7C53,7BE9,7B80,7B1D,7AC2,7A6E,7A20,79D4,7987,7938,78E5,7892,7844,7800,77CB,77A9,779C,77A3,77BC,77E5,7819,7857,789B,78E6,7936,798B,79E6,7A49,7AB3,7B24,7B9D,7C1A,7C99,7D16,7D8C,7DF8,7E57,7EA7,7EE9,7F1E,7F48,7F6B,7F86,7F9A,7FA5,7FA8,7F9F,7F8C,7F70,7F4D,7F28,7F04,7EE3,7EC6,7EAD,7E96,7E7F,7E66,7E48,7E28,7E05,7DE2,7DC1,7DA5,7D8F,7D80,7D76,7D6F,7D6A,7D62,7D56,7D42,7D26,7D00,7CD2,7C9C,7C62,7C25,7BE7,7BA9,7B6A,7B29,7AE5,7A9E,7A52,7A03,79B2,7962,7917,78D2,7896,7863,783B,781A,7801,77EC,77DC,77D0,77CA,77CD,77DA,77F5,781D,7852,7893,78DB,7925,796F,79B3,79F0,7A26,7A57,7A83,7AAE,7AD9,7B03,7B2D,7B53,7B74,7B8D,7B9D,7BA5,7BA7,7BA3,7B9D,7B97,7B90,7B8B,7B86,7B80,7B7A,7B72,7B69,7B5F,7B55,7B4C,7B46,7B42,7B43,7B48,7B53,7B63,7B77,7B8C,7BA1,7BB0,7BB9,7BB9,7BAF,7B9D,7B86,7B6C,7B51,7B35,7B19,7AFA,7AD7,7AAF,7A80,7A4D,7A16,79DE,79A5,796D,7935,78FC,78C1,7884,7846,7809,77D1,779F,7776,7755,773B,7725,7710,76FA,76E2,76C6,76AA,768F,7677,7663,7656,764E,764B,764B,764F,7656,765E,7668,7674,7681,768F,76A0,76B3,76C9,76E4,7703,7728,7750,777C,77AA,77D9,780A,783C,7870,78A7,78E3,7923,7966,79AA,79EC,7A2A,7A62,7A93,7ABF,7AE5,7B07,7B27,7B46,7B62,7B7B,7B90,7B9E,7BA6,7BA5,7B9E,7B8F,7B7C,7B65,7B4D,7B33,7B1A,7B02,7AEA,7AD4,7ABE,7AA9,7A93,7A7F,7A6B,7A59,7A4B,7A42,7A3D,7A3D,7A42,7A4A,7A55,7A60,7A6C,7A7A,7A89,7A9C,7AB3,7ACF,7AF0,7B16,7B3F,7B69,7B93,7BBC,7BE3,7C08,7C2C,7C4D,7C6F,7C8F,7CB0,7CD2,7CF5,7D1A,7D40,7D68,7D92,7DBC,7DE8,7E14,7E41,7E6E,7E9D,7ECF,7F03,7F3A,7F75,7FB2,7FF2,8032,8073,80B4,80F6,8139,817D,81C3,820A,8251,8298,82DD,831F,835E,8399,83CF,8401,842F,8458,847D,849D,84BA,84D5,84EF,8509,8526,8546,8569,858F,85B5,85DB,8600,8624,8648,866F,869B,86CE,8709,874D,8798,87E9,883D,8892,88E8,893F,8995,89ED,8A45,8A9E,8AF7,8B4E,8BA5,8BF9,8C4C,8C9C,8CEB,8D37,8D80,8DC7,8E09,8E49,8E87,8EC4,8F03,8F43,8F86,8FCA,900F,9055,909B,90E3,912F,9182,91DE,9246,92BA,9339,93C1,9451,94E6,9580,961D,96BD,975D,97F9,988E,9917,9992,99FD,9A5A,9AAC,9AF5,9B39,9B74,9B9E,9BAD,9B92,9B40,9AAE,99DA,98C8,9788,962B,94C3,9361,920E,90CB,8F93,8E5E,8D21,8BD5,8A77,8909,8794,8621,84BA,8369,8235,8123,8035,7F6C,7EC6,7E43,7DDD,7D92,7D5C,7D36,7D1B,7D08,7CFD,7CFA,7D01,7D13,7D2E,7D4F,7D71,7D8D,7D9F,7DA6,7DA3,7D9C,7D97,7D9A,7DA8,7DBF,7DD8,7DED,7DF6,7DF0,7DDC,7DC1,7DA8,7D9D,7DAA,7DD2,7E15,7E6F,7EDA,7F4E,7FC7,8043,80C4,814B,81DA,8271,830E,83AC,8448,84DD,856A,85ED,8666,86D4,8735,8787,87C4,87EA,87F7,87EB,87CA,8798,8758,870C,86B2,8648,85CB,8538,8491,83DA,831C,8260,81AE,810D,807E,7FFD,7F86,7F13,7EA1,7E30,7DC2,7D5C,7D03,7CBA,7C82,7C56,7C33,7C12,7BEF,7BC9,7B9E,7B72,7B46,7B1C,7AF5,7ACD,7AA4,7A76,7A42,7A06,79C4,797C,792F,78DE,788A,7832,77DA,7783,7733,76ED,76B7,7692,767E,767B,7683,7693,76A8,76C2,76E2,770C,7744,778D,77E8,7854,78CD,794F,79D5,7A5B,7ADF,7B5F,7BDC,7C55,7CC8,7D35,7D98,7DEF,7E39,7E75,7EA4,7EC5,7EDB,7EE7,7EEB,7EE6,7EDB,7ECA,7EB3,7E99,7E7C,7E5D,7E3C,7E19,7DF4,7DCC,7DA3,7D7B,7D57,7D3A,7D27,7D1E,7D20,7D29,7D37,7D44,7D4F,7D54,7D53,7D4C,7D40,7D31,7D20,7D0D,7CF8,7CE0,7CC5,7CA6,7C84,7C5E,7C33,7C04,7BD0,7B96,7B57,7B14,7ACE,7A88,7A45,7A08,79D2,79A4,797D,795D,7943,792F,7920,7917,7917,791F,7932,794D,7970,7998,79C3,79F0,7A1D,7A4C,7A7F,7AB6,7AF2,7B32,7B74,7BB5,7BF1,7C25,7C4E,7C6B,7C7D,7C84,7C83,7C7B,7C6D,7C5C,7C48,7C33,7C1F,7C0C,7BFD,7BF1,7BE8,7BDF,7BD5,7BC6,7BB3,7B99,7B7A,7B5A,7B3B,7B20,7B0B,7AFF,7AFA,7AFB,7B01,7B08,7B0E,7B13,7B15,7B14,7B11,7B0C,7B04,7AFA,7AEE,7ADE,7ACA,7AB1,7A91,7A6A,7A3B,7A06,79CB,798E,7950,7914,78DC,78A7,7873,783E,7805,77C6,7780,7737,76EC,76A6,766A,763C,761D,760E,760C,7613,7620,762F,763E,764E,7660,7677,7694,76BA,76E8,771F,775C,779F,77E4,7828,786B,78A9,78E4,7919,794B,797A,79A8,79D7,7A05,7A34,7A61,7A8B,7AAF,7ACC,7AE3,7AF3,7B01,7B0E,7B1D,7B30,7B47,7B60,7B77,7B8A,7B95,7B99,7B94,7B8B,7B80,7B77,7B72,7B72,7B79,7B84,7B91,7B9F,7BAC,7BB5,7BBB,7BBD,7BBD,7BBB,7BB9,7BB7,7BB5,7BB6,7BB8,7BBA,7BBE,7BC0,7BC2,7BC2,7BC2,7BC0,7BC0,7BC2,7BC6,7BCE,7BD9,7BE6,7BF4,7C01,7C0E,7C1B,7C2B,7C3E,7C58,7C79,7CA2,7CD3,7D09,7D42,7D7E,7DB9,7DF3,7E2E,7E68,7EA5,7EE3,7F25,7F6A,7FB2,7FFB,8045,808F,80D7,811E,8161,81A1,81DD,8217,824E,8283,82B7,82EC,8321,8357,838C,83C1,83F5,8429,845B,848D,84C0,84F5,852B,8561,8598,85CE,8602,8633,8663,8692,86C1,86F4,872B,8766,87A5,87E7,8829,8869,88A7,88E1,891A,8951,898B,89C6,8A04,8A45,8A86,8AC6,8B04,8B3F,8B76,8BAA,8BDD,8C10,8C44,8C7A,8CB2,8CEE,8D2C,8D6F,8DB6,8E00,8E4E,8E9E,8EEE,8F3F,8F8F,8FDE,902F,9082,90DB,913B,91A1,920C,927B,92E8,9353,93B8,9418,9474,94CF,952B,958B,95F1,965C,96CD,9741,97B4,9823,988C,98EC,9940,998A,99CB,9A04,9A39,9A6A,9A97,9ABD,9AD3,9ACF,9AA6,9A50,99C7,990D,982A,9729,961A,950A,9400,9300,9204,9101,8FED,8EBF,8D74,8C0E,8A97,891D,87AD,8653,8517,83FB,82FF,821F,8156,80A1,7FFE,7F6C,7EEB,7E7C,7E1E,7DD2,7D97,7D6E,7D57,7D52,7D5D,7D75,7D96,7DB9,7DD9,7DF4,7E09,7E1A,7E2B,7E42,7E5F,7E84,7EAD,7ED2,7EEF,7EFE,7EFF,7EF5,7EE6,7EDD,7EDF,7EF2,7F17,7F4B,7F8A,7FCE,8012,8057,809C,80E4,8132,8189,81EA,8254,82C6,833C,83B5,842E,84A4,8515,857E,85D9,8626,8660,8688,869D,86A3,869B,8686,8665,8635,85F5,85A1,8538,84BE,8434,83A0,8308,8270,81DA,8147,80B5,8022,7F8E,7EF9,7E65,7DD6,7D50,7CD4,7C65,7C01,7BA7,7B56,7B0C,7AC8,7A8B,7A57,7A2A,7A04,79E4,79C7,79AC,7991,7975,795A,793E,7924,7908,78EA,78C6,789B,7867,782D,77EF,77B3,777D,774F,772B,7710,76FA,76E7,76D5,76C3,76B5,76AD,76B1,76C2,76E4,7715,7753,779C,77EE,7845,78A3,7905,796D,79DA,7A49,7ABA,7B29,7B95,7BFC,7C5D,7CB9,7D0F,7D60,7DAA,7DEC,7E23,7E50,7E72,7E8A,7E98,7E9E,7E9D,7E95,7E85,7E6C,7E48,7E1A,7DE5,7DAB,7D72,7D3D,7D10,7CEC,7CCF,7CB6,7C9E,7C83,7C64,7C42,7C20,7C02,7BEB,7BDC,7BD5,7BD5,7BD8,7BD9,7BD7,7BCE,7BC0,7BAD,7B97,7B81,7B6D,7B59,7B47,7B35,7B21,7B08,7AEB,7AC7,7A9E,7A6F,7A3E,7A0B,79DA,79AC,7984,7963,7948,7933,7923,7915,7909,78FF,78F8,78F5,78FA,7908,7920,7942,796D,799D,79D1,7A05,7A37,7A68,7A97,7AC6,7AF6,7B27,7B5A,7B8B,7BBA,7BE4,7C06,7C21,7C32,7C39,7C39,7C31,7C22,7C0E,7BF6,7BDC,7BBF,7BA2,7B84,7B66,7B47,7B28,7B08,7AE8,7AC9,7AAC,7A92,7A7D,7A6C,7A5F,7A55,7A4D,7A45,7A3E,7A36,7A30,7A2D,7A2D,7A30,7A35,7A3A,7A3B,7A35,7A27,7A11,79F2,79CF,79A9,7982,795D,7939,7915,78F0,78C7,789B,7868,7831,77F5,77B5,7772,772E,76EB,76AA,766E,7638,760C,75EA,75D2,75C3,75BB,75B9,75BA,75BE,75C6,75D4,75EB,760C,7638,7670,76B2,76FB,7748,7797,77E6,7835,7883,78D0,791D,7967,79B0,79F5,7A35,7A70,7AA5,7AD5,7AFF,7B25,7B46,7B62,7B79,7B8A,7B97,7BA0,7BA5,7BA8,7BAA,7BAB,7BAB,7BAA,7BA7,7BA3,7B9E,7B98,7B92,7B8E,7B8C,7B8E,7B94,7B9D,7BA9,7BB8,7BC8,7BDA,7BED,7C01,7C15,7C28,7C39,7C49,7C57,7C63,7C6F,7C7B,7C87,7C94,7CA1,7CAF,7CBD,7CCB,7CD7,7CE2,7CED,7CF8,7D03,7D0F,7D1D,7D2C,7D3E,7D53,7D6C,7D89,7DAB,7DD3,7DFF,7E2F,7E64,7E9B,7ED6,7F14,7F55,7F99,7FE0,8029,8074,80C0,810A,8153,8199,81DD,8220,8261,82A1,82DF,831B,8354,8389,83B9,83E6,8410,8438,845E,8484,84A9,84CF,84F3,8516,8538,8559,8579,8599,85B8,85D7,85F6,8616,8635,8655,8677,869A,86BF,86E8,8714,8742,8772,87A3,87D3,8801,882D,8856,887B,889D,88BE,88DF,8902,8929,8955,8989,89C4,8A05,8A49,8A8E,8AD1,8B0F,8B47,8B7A,8BA8,8BD4,8C01,8C30,8C65,8C9F,8CDF,8D24,8D6E,8DBE,8E14,8E6F,8ED1,8F38,8FA3,9012,9082,90F2,9161,91D0,923F,92B1,9328,93A5,9429,94B6,9549,95E1,967B,9712,97A2,9828,989F,990A,9968,99BD,9A0D,9A5C,9AA9,9AF1,9B29,9B47,9B3E,9B05,9A95,99F0,991E,982D,972C,9625,9522,9421,931F,9211,90EE,8FB0,8E57,8CE9,8B6E,89F5,8889,8732,85F7,84D7,83D2,82E5,820D,814B,809D,8004,7F80,7F10,7EB3,7E69,7E32,7E0E,7DFE,7E01,7E16,7E36,7E5C,7E7F,7E99,7EA7,7EA9,7EA4,7E9D,7E9C,7EA5,7EB6,7ECC,7EDE,7EE6,7EDF,7EC7,7EA4,7E7D,7E5C,7E47,7E44,7E52,7E6E,7E91,7EB8,7EE0,7F08,7F35,7F6A,7FAC,7FFD,805E,80CB,8143,81C0,8240,82C1,8341,83BC,8432,849E,84FD,854E,858E,85BE,85E0,85F6,85FF,85FD,85EC,85CA,8593,8545,84E1,8469,83E3,8353,82BF,822B,8197,8104,8070,7FDB,7F44,7EAD,7E19,7D8D,7D0A,7C95,7C2C,7BCF,7B7D,7B35,7AF4,7ABB,7A8B,7A63,7A44,7A2C,7A1B,7A0F,7A06,79FD,79F2,79E4,79D1,79B8,7999,7972,7945,7911,78D9,789E,7862,7827,77EE,77B6,7781,774C,771A,76EC,76C5,76A7,7695,7691,769C,76B4,76D9,7708,7741,7782,77CC,7821,7880,78EA,795E,79D9,7A59,7ADA,7B58,7BD2,7C47,7CB4,7D19,7D76,7DCA,7E14,7E53,7E87,7EAF,7ECB,7EDD,7EE4,7EE1,7ED4,7EBB,7E99,7E6C,7E38,7DFF,7DC3,7D87,7D4D,7D16,7CE1,7CAF,7C7F,7C51,7C27,7C04,7BE9,7BD9,7BD5,7BDB,7BE8,7BFA,7C0C,7C1B,7C27,7C2F,7C36,7C3B,7C42,7C49,7C50,7C55,7C56,7C52,7C46,7C33,7C19,7BFA,7BD6,7BAC,7B7E,7B4C,7B15,7ADA,7A9F,7A64,7A2D,79FC,79D1,79AC,798E,7974,795E,794C,7941,793D,7944,7957,7977,79A4,79DC,7A1A,7A5C,7A9F,7AE0,7B1F,7B5B,7B96,7BD1,7C0B,7C46,7C7E,7CB3,7CE3,7D0A,7D27,7D39,7D40,7D3C,7D2E,7D19,7CFE,7CE0,7CC1,7CA3,7C85,7C68,7C4B,7C2C,7C0A,7BE6,7BBF,7B97,7B71,7B4F,7B34,7B21,7B18,7B17,7B1D,7B28,7B36,7B45,7B53,7B61,7B6E,7B7B,7B88,7B97,7BA5,7BB3,7BBD,7BC2,7BC0,7BB3,7B9B,7B77,7B49,7B14,7AD9,7A9D,7A61,7A27,79EE,79B5,797B,793D,78F9,78B1,7865,7818,77CD,7787,774A,7717,76F1,76D7,76CA,76C7,76CD,76DC,76F2,770D,772F,7756,7783,77B8,77F5,7839,7885,78D5,7929,797D,79CF,7A1B,7A62,7AA1,7ADB,7B0F,7B40,7B6C,7B95,7BBA,7BD9,7BF3,7C05,7C11,7C17,7C18,7C17,7C15,7C14,7C13,7C13,7C14,7C15,7C17,7C18,7C1A,7C1B,7C1C,7C1F,7C22,7C28,7C31,7C3D,7C4C,7C5F,7C76,7C8E,7CA8,7CC1,7CD8,7CED,7CFF,7D0F,7D1D,7D2A,7D35,7D40,7D48,7D4E,7D50,7D4F,7D4A,7D43,7D3B,7D33,7D2E,7D2B,7D2C,7D30,7D37,7D41,7D4D,7D5B,7D6C,7D81,7D9A,7DB8,7DDC,7E07,7E37,7E6F,7EAC,7EF0,7F38,7F84,7FD3,8023,8073,80C2,8110,815B,81A5,81ED,8233,8277,82BA,82FB,833B,8378,83B2,83EA,8420,8453,8484,84B2,84DF,8509,8532,8559,857F,85A4,85CA,85F1,8619,8644,8672,86A2,86D3,8707,873B,876E,87A2,87D4,8806,8838,886B,889E,88D1,8904,8935,8965,8992,89BC,89E4,8A0B,8A31,8A58,8A7F,8AA7,8ACF,8AF6,8B1C,8B40,8B64,8B88,8BAD,8BD5,8C00,8C2E,8C5E,8C8F,8CC0,8CF1,8D23,8D57,8D8F,8DCC,8E0F,8E57,8EA4,8EF4,8F48,8F9E,8FF6,9051,90B0,9112,9177,91DF,924A,92B7,9328,939E,941C,94A3,9532,95CA,9667,9704,979C,982B,98AE,9925,9990,99F4,9A54,9AB1,9B0B,9B5D,9BA1,9BCA,9BCF,9BA6,9B4A,9ABA,99FA,9914,9812,96FF,95E4,94C4,93A2,9279,9146,9003,8EAE,8D47,8BD2,8A55,88D7,8761,85FB,84AA,8374,825D,8165,808E,7FD6,7F3A,7EB6,7E47,7DE9,7D9A,7D5B,7D2C,7D11,7D0B,7D1A,7D39,7D64,7D92,7DBC,7DDB,7DEF,7DF9,7DFE,7E02,7E0A,7E17,7E27,7E34,7E3A,7E32,7E1A,7DF3,7DC3,7D91,7D64,7D40,7D2A,7D22,7D26,7D33,7D4A,7D68,7D90,7DC3,7E01,7E4B,7EA0,7EFE,7F64,7FD1,8046,80C2,8147,81D3,8261,82ED,8371,83E5,8444,848E,84C3,84E5,84F7,84FD,84F7,84E2,84BD,8483,8432,83CB,8350,82C5,822F,8194,80F7,805A,7FBE,7F22,7E87,7DED,7D56,7CC5,7C3B,7BB9,7B41,7AD3,7A6E,7A14,79C5,7983,7950,792B,7916,790D,790D,7912,7918,791B,791A,7914,790A,78FB,78E9,78D4,78BC,78A0,787F,785A,7832,7807,77D9,77AB,777B,7749,7717,76E5,76B3,7685,765C,763D,762A,7623,7629,763D,765D,7688,76BD,76FE,774B,77A3,7806,7873,78E7,7960,79DC,7A57,7AD1,7B49,7BBF,7C35,7CA8,7D19,7D85,7DE8,7E3F,7E88,7EBF,7EE5,7EF9,7EFD,7EF2,7EDB,7EBB,7E92,7E62,7E2E,7DF7,7DBE,7D83,7D46,7D09,7CCA,7C89,7C48,7C08,7BCB,7B94,7B66,7B42,7B2A,7B1D,7B1A,7B1F,7B2A,7B39,7B4A,7B5B,7B6C,7B7D,7B8D,7B9B,7BA7,7BB1,7BB8,7BBD,7BBD,7BB9,7BB0,7BA1,7B8A,7B6B,7B43,7B14,7AE0,7AA9,7A71,7A3A,7A05,79D1,799F,796D,793C,790D,78E2,78BF,78A6,789A,789D,78AD,78CA,78F1,791F,7950,7985,79BB,79F3,7A2D,7A6B,7AAC,7AF2,7B3B,7B87,7BD3,7C1D,7C62,7C9F,7CD2,7CF9,7D14,7D24,7D2A,7D28,7D21,7D16,7D08,7CF7,7CE1,7CC5,7CA4,7C7C,7C4F,7C1E,7BEC,7BBC,7B91,7B6B,7B4C,7B33,7B1F,7B0F,7B02,7AF8,7AEF,7AE9,7AE5,7AE5,7AE7,7AEB,7AF2,7AFA,7B03,7B0A,7B0F,7B13,7B14,7B14,7B11,7B0C,7B03,7AF3,7ADC,7ABB,7A90,7A5B,7A1F,79DF,799E,7961,7929,78F6,78C9,789E,7874,7848,7819,77E8,77B7,7788,775E,773C,7722,7712,770B,770E,7719,772B,7742,775E,777E,779E,77C0,77E2,7805,782A,7852,787F,78B0,78E5,791C,7954,7988,79B8,79E3,7A08,7A2A,7A49,7A68,7A87,7AA5,7AC2,7ADC,7AF1,7B02,7B0F,7B1A,7B24,7B2F,7B3C,7B4B,7B5B,7B6B,7B79,7B86,7B91,7B9C,7BA7,7BB3,7BC0,7BCF,7BDE,7BEC,7BFA,7C06,7C12,7C1D,7C28,7C33,7C3F,7C4A,7C54,7C5D,7C64,7C6A,7C6E,7C70,7C72,7C72,7C70,7C6E,7C69,7C65,7C60,7C5E,7C60,7C67,7C73,7C84,7C99,7CB2,7CCD,7CE9,7D08,7D29,7D4E,7D78,7DA9,7DE0,7E1E,7E62,7EAB,7EF7,7F46,7F97,7FE9,803B,808D,80DF,8131,8182,81D2,8222,8272,82C1,8311,8360,83AE,83FA,8443,848A,84CD,850C,8548,8580,85B6,85E9,8619,8647,8673,869D,86C8,86F3,8721,8752,8787,87BE,87F8,8832,886A,889F,88D0,88FD,8926,894E,8975,899D,89C8,89F7,8A29,8A5E,8A95,8ACC,8B02,8B36,8B68,8B96,8BC1,8BE7,8C09,8C26,8C41,8C5A,8C73,8C8E,8CAB,8CCB,8CF0,8D17,8D40,8D69,8D93,8DBC,8DE6,8E11,8E40,8E73,8EAC,8EED,8F36,8F87,8FE1,9043,90AE,9120,9199,9218,929A,931F,93A5,942E,94B9,9549,95DE,967A,971D,97C4,986C,9912,99B0,9A45,9ACE,9B4B,9BBF,9C2B,9C8E,9CE6,9D2D,9D5A,9D65,9D43,9CF0,9C6A,9BB8,9AE0,99F1,98F3,97F1,96ED,95E6,94D8,93BC,928C,9144,8FE6,8E75,8CF8,8B78,89FD,888E,872F,85E6,84B5,839F,82A4,81C6,8100,8051,7FB2,7F20,7E99,7E1B,7DAA,7D4A,7CFF,7CCB,7CAD,7CA2,7CA2,7CA4,7CA3,7C9B,7C8D,7C7D,7C71,7C6D,7C71,7C7C,7C88,7C8C,7C83,7C6A,7C42,7C12,7BE1,7BB7,7B9A,7B8D,7B90,7B9F,7BB8,7BD8,7BFF,7C2E,7C65,7CA6,7CEF,7D40,7D96,7DF1,7E51,7EB8,7F29,7FA7,8032,80C8,8163,81FD,828D,830F,8380,83DF,8430,8475,84AF,84DE,8500,8511,850C,84EF,84BC,8475,8420,83C2,835F,82F8,828E,821E,81A5,8123,8098,8006,7F72,7EDF,7E52,7DCB,7D4D,7CD8,7C6C,7C0A,7BB3,7B69,7B2C,7AFA,7AD2,7AAF,7A8F,7A6E,7A49,7A22,79F9,79D1,79AE,7990,7978,7965,7954,7943,7930,7919,78FF,78E2,78C1,789D,7876,784C,781F,77F1,77C4,779A,7777,775E,7751,7750,775C,7772,7792,77B9,77E8,781F,785F,78A8,78FA,7954,79B6,7A1E,7A8A,7AF9,7B6B,7BDF,7C55,7CCD,7D45,7DBA,7E29,7E8F,7EEA,7F37,7F77,7FA9,7FD1,7FEE,8003,8010,8013,800E,7FFF,7FE8,7FC8,7FA1,7F75,7F44,7F10,7ED9,7EA0,7E65,7E2B,7DF1,7DBC,7D8B,7D61,7D3D,7D1E,7D05,7CF0,7CDD,7CCF,7CC4,7CBD,7CBA,7CBC,7CBF,7CC2,7CC3,7CC0,7CB8,7CAB,7C9C,7C8B,7C7A,7C69,7C58,7C45,7C2F,7C13,7BF1,7BC8,7B99,7B65,7B2F,7AF8,7AC1,7A8E,7A5E,7A33,7A0F,79F3,79DF,79D4,79D0,79D3,79DB,79E7,79F6,7A09,7A20,7A3D,7A62,7A8F,7AC4,7B01,7B43,7B88,7BCE,7C12,7C55,7C95,7CD3,7D0F,7D48,7D7D,7DAC,7DD2,7DEB,7DF8,7DF9,7DEF,7DDD,7DC6,7DAE,7D96,7D7F,7D68,7D4F,7D32,7D0F,7CE6,7CB7,7C84,7C4F,7C1A,7BE8,7BBB,7B95,7B76,7B5F,7B50,7B47,7B42,7B3F,7B3D,7B3B,7B37,7B32,7B2C,7B28,7B25,7B25,7B28,7B2C,7B2F,7B31,7B30,7B2C,7B26,7B1F,7B18,7B11,7B08,7AFB,7AE5,7AC4,7A93,7A55,7A0A,79B9,7967,791B,78D8,78A0,7874,7850,7831,7814,77F5,77D5,77B5,7796,777C,776A,7761,7765,7775,7793,77BD,77F3,7832,7877,78C0,7909,794F,7991,79D0,7A0D,7A4A,7A88,7AC7,7B06,7B44,7B7C,7BAC,7BD3,7BF0,7C04,7C13,7C1F,7C29,7C33,7C3A,7C3E,7C3B,7C30,7C1E,7C06,7BEA,7BCE,7BB5,7BA2,7B94,7B8E,7B8B,7B8D,7B8F,7B93,7B96,7B9A,7B9D,7BA1,7BA7,7BAE,7BB9,7BC9,7BDD,7BF7,7C17,7C3B,7C63,7C8B,7CB2,7CD7,7CF7,7D12,7D2A,7D40,7D54,7D67,7D7B,7D8D,7D9F,7DB0,7DBF,7DCE,7DDD,7DED,7E00,7E17,7E30,7E4D,7E6D,7E8F,7EB3,7EDA,7F04,7F31,7F62,7F98,7FD2,800F,8051,8097,80E0,812E,817F,81D3,8228,827D,82CF,831C,8364,83A6,83E4,841E,8456,848C,84C2,84F6,8528,8557,8581,85A6,85C6,85E2,85FB,8613,8629,863E,8654,866B,8684,869E,86BA,86D8,86F6,8714,8730,8749,875F,8772,8784,8797,87AE,87CA,87ED,8817,8848,887D,88B6,88EF,8928,895E,8992,89C2,89ED,8A14,8A35,8A51,8A69,8A7E,8A93,8AAA,8AC5,8AE4,8B09,8B30,8B59,8B80,8BA4,8BC4,8BE1,8BFD,8C1B,8C3E,8C6A,8CA2,8CE7,8D3B,8D9C,8E0B,8E85,8F08,8F91,9020,90B4,914C,91EA,928F,933D,93F4,94B2,9576,963B,96FB,97B4,9863,9908,99A4,9A38,9AC7,9B4F,9BC9,9C2C,9C6D,9C7F,9C5A,9BFB,9B66,9AA3,99BF,98CA,97CD,96CE,95CC,94C2,93A8,9273,9121,8FAF,8E22,8C84,8ADF,893F,87AE,8633,84D4,8394,8275,8177,8099,7FD9,7F33,7EA2,7E23,7DB3,7D52,7D01,7CC3,7C9B,7C8C,7C93,7CAC,7CCE,7CF1,7D0F,7D24,7D30,7D37,7D3F,7D4D,7D60,7D77,7D8B,7D94,7D89,7D68,7D31,7CEB,7C9E,7C55,7C18,7BEA,7BCD,7BBC,7BB4,7BB2,7BB4,7BBC,7BCE,7BEB,7C16,7C50,7C97,7CE9,7D44,7DA7,7E14,7E8E,7F15,7FAB,804C,80F2,8197,8232,82BD,8335,839A,83EF,8437,8472,84A2,84C4,84D4,84CE,84B1,847E,8436,83DE,837C,8312,82A2,822A,81A9,811C,8083,7FE0,7F37,7E8D,7DE7,7D4B,7CBB,7C38,7BC2,7B59,7AFC,7AAD,7A6C,7A39,7A14,79FB,79EA,79DE,79D4,79CB,79C1,79B9,79B5,79B6,79BD,79C9,79D6,79E1,79E6,79E2,79D3,79BA,7997,796E,7940,790F,78DD,78AB,7879,784A,781E,77F7,77D7,77BE,77AD,77A5,77A7,77B3,77CA,77ED,781D,785A,78A3,78F7,7955,79BB,7A27,7A9A,7B12,7B90,7C14,7C9C,7D25,7DAD,7E30,7EAB,7F1A,7F7D,7FD1,8017,804F,8078,8093,80A1,80A2,8096,8080,8060,8037,8006,7FCD,7F8B,7F40,7EEE,7E95,7E39,7DDE,7D88,7D3A,7CF5,7CBB,7C89,7C5D,7C36,7C13,7BF3,7BD9,7BC7,7BBF,7BC1,7BCC,7BDC,7BEF,7C00,7C0D,7C14,7C16,7C14,7C10,7C0B,7C06,7BFF,7BF5,7BE5,7BCD,7BAC,7B85,7B57,7B26,7AF3,7ABF,7A8A,7A54,7A1C,79E3,79AB,7976,7948,7925,790D,7903,7903,790B,791A,792C,7941,795A,797A,79A2,79D5,7A11,7A54,7A9D,7AE7,7B31,7B79,7BBF,7C04,7C4A,7C8E,7CD1,7D0F,7D46,7D73,7D94,7DAA,7DB7,7DBB,7DBA,7DB2,7DA4,7D8D,7D6F,7D47,7D17,7CE3,7CAC,7C75,7C41,7C10,7BE0,7BAF,7B7D,7B48,7B14,7AE1,7AB5,7A91,7A77,7A67,7A60,7A5E,7A5E,7A5F,7A5F,7A60,7A62,7A68,7A70,7A7C,7A8B,7A99,7AA7,7AB3,7ABC,7AC2,7AC4,7AC4,7ABF,7AB6,7AA7,7A92,7A77,7A56,7A31,7A08,79DD,79B0,7983,7954,7926,78F8,78CC,78A3,787F,7860,7846,7831,7820,7814,780C,780A,7810,781D,7833,7852,7877,78A1,78CE,78FE,792F,7963,7999,79D2,7A0D,7A4A,7A86,7AC0,7AF6,7B27,7B55,7B7F,7BA6,7BCA,7BEC,7C0A,7C23,7C35,7C40,7C45,7C45,7C43,7C3F,7C3B,7C37,7C33,7C2E,7C27,7C1F,7C17,7C0F,7C0A,7C08,7C0A,7C0F,7C15,7C1D,7C26,7C30,7C3B,7C4A,7C5E,7C75,7C90,7CAD,7CCA,7CE5,7CFE,7D13,7D26,7D38,7D4A,7D5A,7D6A,7D77,7D81,7D87,7D89,7D89,7D88,7D88,7D8A,7D8F,7D97,7D9F,7DA8,7DB2,7DBB,7DC6,7DD4,7DE7,7E00,7E20,7E47,7E75,7EA8,7EDF,7F1C,7F5C,7FA1,7FEA,8037,8087,80D8,8129,817B,81CC,821D,826E,82C0,8312,8365,83B7,8406,8451,8499,84DB,8519,8554,858C,85C2,85F6,8628,8657,8683,86AD,86D4,86F9,871E,8743,8768,878D,87B2,87D6,87F8,881B,883D,8861,8889,88B5,88E7,8921,8961,89A8,89F5,8A45,8A95,8AE4,8B2D,8B6F,8BA8,8BD7,8BFE,8C21,8C42,8C67,8C93,8CC9,8D08,8D4F,8D99,8DE3,8E28,8E65,8E98,8EC1,8EE4,8F03,8F23,8F47,8F73,8FA8,8FE7,9030,9084,90E0,9142,91A9,9211,927B,92E4,934D,93BA,942B,94A5,952A,95BC,9658,96FD,97A4,9848,98E5,9979,9A02,9A84,9B00,9B78,9BE9,9C50,9CA2,9CD5,9CDD,9CB2,9C4F,9BB7,9AF2,9A0C,9912,9810,970C,960A,9504,93F4,92D1,9193,9038,8EBF,8D2F,8B8F,89ED,8852,86C9,8558,8406,82D3,81BF,80C8,7FE8,7F1D,7E62,7DB5,7D16,7C86,7C0A,7BA4,7B59,7B2A,7B14,7B13,7B22,7B38,7B4F,7B64,7B75,7B85,7B95,7BAA,7BC4,7BE2,7C00,7C19,7C26,7C25,7C13,7BF4,7BCB,7B9F,7B76,7B57,7B44,7B3F,7B47,7B5B,7B78,7B9B,7BC2,7BED,7C1A,7C4B,7C81,7CBE,7D06,7D5B,7DC0,7E36,7EBB,7F4E,7FEB,808A,8128,81BD,8248,82C5,8333,8394,83E8,8431,846D,849E,84C0,84D3,84D5,84C4,84A0,846A,8422,83CB,8368,82FA,8285,8209,8187,80FF,8072,7FDF,7F48,7EAE,7E16,7D82,7CF6,7C77,7C07,7BA8,7B57,7B14,7ADA,7AA8,7A79,7A4D,7A24,79FD,79DC,79C1,79AD,79A2,799E,799F,79A4,79A9,79AC,79A8,799C,7987,7968,7940,7910,78DD,78AA,7878,784C,7826,7806,77EA,77D1,77BA,77A3,778E,777D,7772,776F,7779,778F,77B2,77E0,7817,7857,789E,78EC,7943,79A3,7A0D,7A82,7AFF,7B82,7C08,7C8B,7D09,7D7F,7DEA,7E4C,7EA3,7EF0,7F33,7F6C,7F9B,7FC1,7FDC,7FED,7FF4,7FF1,7FE5,7FCF,7FAF,7F86,7F53,7F19,7ED9,7E95,7E51,7E0E,7DCE,7D90,7D56,7D1E,7CE9,7CB7,7C8A,7C63,7C44,7C2F,7C23,7C1E,7C1E,7C22,7C26,7C29,7C2B,7C2E,7C31,7C35,7C3B,7C41,7C46,7C48,7C46,7C3E,7C31,7C20,7C0B,7BF3,7BD8,7BB7,7B92,7B68,7B39,7B06,7AD3,7AA0,7A6F,7A43,7A1B,79F7,79D7,79BC,79A6,7997,7990,7993,79A0,79B5,79D1,79F1,7A14,7A3A,7A63,7A91,7AC7,7B04,7B48,7B93,7BE0,7C2E,7C77,7CBB,7CF7,7D2C,7D59,7D80,7DA0,7DB9,7DCC,7DD6,7DD7,7DD1,7DC3,7DAF,7D95,7D76,7D52,7D29,7CFB,7CC9,7C94,7C5F,7C2B,7BFB,7BD0,7BAA,7B87,7B66,7B46,7B25,7B04,7AE3,7AC7,7AAF,7AA0,7A99,7A9B,7AA5,7AB4,7AC7,7ADC,7AF2,7B06,7B17,7B24,7B2A,7B29,7B1F,7B0D,7AF5,7AD8,7AB9,7A9A,7A7C,7A5E,7A3F,7A1B,79F0,79BE,7984,7945,7904,78C3,7886,784F,781F,77F6,77D4,77B9,77A4,7797,7793,7798,77A6,77BD,77DC,7802,782D,785F,7896,78D3,7917,7960,79AE,79FF,7A51,7AA1,7AEF,7B39,7B81,7BC5,7C06,7C44,7C7C,7CAE,7CD7,7CF7,7D0D,7D1A,7D20,7D1F,7D19,7D0F,7D01,7CEF,7CDA,7CC0,7CA3,7C83,7C62,7C40,7C21,7C04,7BEB,7BD6,7BC7,7BBE,7BBC,7BC1,7BCD,7BE1,7BFB,7C1C,7C41,7C69,7C95,7CC3,7CF3,7D26,7D5A,7D8F,7DC4,7DF8,7E29,7E57,7E81,7EA7,7EC9,7EE8,7F04,7F1E,7F34,7F46,7F55,7F60,7F68,7F6F,7F75,7F7C,7F85,7F90,7F9E,7FB0,7FC5,7FDD,7FFB,801D,8046,8074,80AA,80E5,8127,816D,81B8,8208,825C,82B4,8311,8372,83D5,8439,849E,8500,8561,85BE,8616,866B,86BC,8708,874F,8791,87CE,8806,8837,8863,8888,88A9,88C4,88D9,88EA,88F6,88FE,8904,8908,890B,8910,8917,8921,892D,893C,894F,8965,897F,899E,89C4,89F0,8A23,8A5D,8A9E,8AE4,8B2D,8B78,8BC5,8C13,8C60,8CAC,8CF8,8D42,8D8D,8DD7,8E22,8E6F,8EBE,8F0E,8F5D,8FAA,8FF0,902E,9062,908B,90AC,90C7,90DF,90F8,9114,9132,9152,9173,9195,91B8,91E1,9213,9252,92A2,9304,9376,93F4,9479,94FD,957E,95F8,966F,96E5,975E,97E0,986A,98FD,9990,9A1C,9A93,9AEA,9B15,9B0C,9ACE,9A5D,99C0,9902,982D,974B,9660,956F,9471,9361,9235,90E8,8F79,8DEB,8C46,8A96,88E9,8748,85BC,8448,82ED,81A9,8077,7F57,7E48,7D4A,7C60,7B8C,7AD2,7A33,79AF,7948,78FD,78CB,78AF,78A5,78A9,78B6,78C7,78DB,78F2,790E,7931,795F,7998,79DA,7A1F,7A5E,7A8E,7AAA,7AAE,7A9D,7A7C,7A56,7A33,7A1C,7A14,7A1C,7A2F,7A4A,7A66,7A83,7A9E,7ABB,7ADC,7B04,7B36,7B72,7BB9,7C0B,7C68,7CD2,7D48,7DCC,7E5B,7EF3,7F90,802C,80C2,814F,81D2,824B,82B9,831E,8379,83C8,8406,8431,8446,8444,842E,8408,83D6,839C,835D,8316,82C7,8269,81FA,8176,80E0,8039,7F88,7ED5,7E25,7D7E,7CE4,7C58,7BDA,7B68,7B00,7A9F,7A45,79EF,799E,7951,790A,78CC,7898,7873,785D,7856,785E,786F,7886,789D,78B0,78BC,78C0,78BE,78B9,78B4,78B0,78AF,78AF,78AF,78AC,78A5,7898,7887,7872,785E,784C,7840,783A,783D,7847,7858,786F,788C,78AE,78D3,78FC,792B,7960,799F,79E9,7A40,7AA5,7B17,7B93,7C15,7C97,7D14,7D89,7DF3,7E54,7EAE,7F02,7F53,7FA4,7FF4,8040,8086,80C3,80F2,8112,8122,8122,8114,80FB,80D8,80AE,807E,8049,8010,7FD2,7F92,7F50,7F0D,7EC9,7E86,7E44,7E04,7DC8,7D8F,7D5A,7D2B,7D01,7CDE,7CC0,7CA8,7C95,7C85,7C79,7C71,7C6C,7C6A,7C6D,7C72,7C7A,7C83,7C8A,7C8D,7C8B,7C82,7C72,7C5C,7C42,7C25,7C06,7BE6,7BC5,7BA3,7B81,7B5F,7B3C,7B1C,7AFE,7AE4,7ACD,7ABA,7AAA,7A9B,7A8E,7A83,7A7B,7A78,7A7C,7A8A,7AA2,7AC5,7AF1,7B25,7B5E,7B9B,7BDA,7C19,7C58,7C97,7CD6,7D14,7D4F,7D87,7DBA,7DE7,7E0E,7E2F,7E4B,7E62,7E76,7E84,7E8E,7E91,7E8D,7E80,7E6B,7E4D,7E28,7DFD,7DCE,7D9D,7D6C,7D3B,7D0B,7CDE,7CB2,7C89,7C62,7C3D,7C1B,7BFB,7BE0,7BC8,7BB5,7BA7,7B9F,7B9C,7B9C,7BA0,7BA4,7BA7,7BA7,7BA3,7B9B,7B8F,7B7E,7B6A,7B54,7B3C,7B21,7B05,7AE6,7AC2,7A99,7A6B,7A38,7A02,79CA,7993,795F,7932,790B,78EB,78D2,78BD,78AB,789B,788D,7881,7878,7877,787E,7891,78AF,78D9,790D,7949,798A,79CE,7A14,7A5A,7AA0,7AE7,7B2E,7B77,7BC0,7C09,7C50,7C95,7CD5,7D0E,7D41,7D6C,7D8F,7DAB,7DC0,7DCF,7DDA,7DE0,7DE4,7DE4,7DE1,7DDB,7DD1,7DC4,7DB4,7DA1,7D8D,7D79,7D67,7D58,7D4F,7D4C,7D4F,7D57,7D65,7D76,7D8A,7DA1,7DBA,7DD6,7DF5,7E18,7E40,7E6D,7E9D,7ED1,7F07,7F3B,7F6E,7F9C,7FC6,7FEA,800A,8026,8040,8058,806F,8084,8098,80AA,80B8,80C3,80CA,80D0,80D3,80D8,80DE,80E7,80F4,8106,811C,8136,8153,8174,8199,81C1,81EF,8222,825C,829C,82E4,8332,8386,83DF,843B,849A,84FA,8559,85B8,8615,866F,86C7,871C,876E,87BD,880A,8853,8898,88D9,8914,8949,8977,899D,89BE,89D7,89EC,89FB,8A07,8A0F,8A14,8A16,8A17,8A18,8A1A,8A1D,8A23,8A2C,8A3A,8A4C,8A63,8A7E,8A9E,8AC2,8AEB,8B17,8B47,8B7B,8BB3,8BF0,8C31,8C78,8CC3,8D14,8D67,8DBD,8E13,8E68,8EBA,8F09,8F54,8F99,8FDA,9015,904A,907B,90A8,90D2,90FC,9126,9153,9181,91B0,91DF,920C,9236,925C,9281,92A6,92CF,92FF,9339,937E,93CE,9428,9488,94EC,9552,95B9,961F,9686,96EF,975B,97C9,9838,98A4,9904,9953,9985,9996,997F,9941,98DF,9860,97CC,972B,9681,95CE,950F,943C,934D,923C,9107,8FB0,8E3F,8CBE,8B39,89BA,8847,86E3,858D,8445,8309,81D8,80B5,7FA1,7EA0,7DB2,7CDA,7C18,7B6B,7AD4,7A54,79ED,79A0,796C,794E,7940,793B,793A,7938,7934,7931,7933,793F,7956,7978,799F,79C1,79D8,79DD,79D0,79B3,7990,796E,7956,794D,7953,7962,7977,798B,799A,79A5,79AD,79B8,79C9,79E4,7A0B,7A3C,7A77,7ABC,7B0B,7B65,7BCC,7C3F,7CBD,7D41,7DC7,7E4A,7EC6,7F3A,7FA8,8012,807C,80E7,8151,81B5,820D,8253,8284,829E,82A5,829C,8289,826F,824F,8226,81F0,81A9,814D,80DC,8059,7FC9,7F33,7E9C,7E0B,7D81,7CFF,7C86,7C15,7BAA,7B46,7AE8,7A90,7A3E,79F1,79A8,7966,792A,78F7,78D0,78B7,78AC,78AE,78B8,78C7,78D4,78DC,78DE,78D9,78CF,78C4,78BA,78B2,78AC,78A7,78A1,7898,788B,787A,7867,7851,783C,7828,7816,7807,77FB,77F5,77F4,77F9,7805,7818,7830,784E,7872,789C,78CD,7908,794E,79A0,79FB,7A5F,7AC6,7B2E,7B93,7BF3,7C4E,7CA6,7CFD,7D54,7DAC,7E05,7E5B,7EAC,7EF5,7F34,7F68,7F91,7FB0,7FC5,7FD0,7FD1,7FC8,7FB5,7F98,7F74,7F49,7F1C,7EEE,7EBF,7E91,7E62,7E32,7E00,7DCD,7D9A,7D69,7D3D,7D17,7CF8,7CDD,7CC6,7CB0,7C9B,7C85,7C71,7C61,7C56,7C51,7C52,7C58,7C61,7C68,7C6B,7C6B,7C65,7C5C,7C50,7C43,7C33,7C22,7C0D,7BF4,7BD5,7BB1,7B8B,7B64,7B3E,7B1C,7AFD,7AE2,7AC8,7AAF,7A97,7A7E,7A68,7A56,7A49,7A44,7A46,7A4E,7A5C,7A6E,7A82,7A9A,7AB5,7AD4,7AF8,7B21,7B4E,7B7E,7BAF,7BDF,7C0E,7C3B,7C68,7C93,7CBF,7CE9,7D12,7D36,7D54,7D6B,7D79,7D7F,7D80,7D7B,7D73,7D68,7D5A,7D49,7D34,7D1B,7CFD,7CDD,7CBB,7C9A,7C7A,7C5C,7C40,7C27,7C0F,7BF7,7BE1,7BCB,7BB7,7BA5,7B96,7B8B,7B83,7B81,7B83,7B89,7B94,7BA1,7BAD,7BB7,7BBB,7BB5,7BA6,7B8C,7B6A,7B42,7B18,7AEE,7AC5,7A9E,7A77,7A4E,7A21,79EF,79B7,797A,793A,78FA,78BB,7881,784D,7820,77FA,77DC,77C5,77B7,77AF,77B0,77B7,77C6,77DC,77FA,7821,7851,788B,78CE,7919,7969,79BC,7A0F,7A60,7AAF,7AFB,7B46,7B92,7BDF,7C2D,7C7A,7CC5,7D0B,7D48,7D7B,7DA3,7DC1,7DD7,7DE6,7DF1,7DF9,7DFF,7E02,7E03,7E00,7DF9,7DEF,7DE2,7DD3,7DC3,7DB4,7DA6,7D9A,7D92,7D8D,7D8E,7D96,7DA4,7DB8,7DD1,7DEE,7E0E,7E2E,7E50,7E72,7E95,7EBB,7EE3,7F0D,7F39,7F66,7F92,7FBC,7FE2,8004,8023,8040,805B,8075,808E,80A6,80BC,80D0,80E1,80EE,80F8,8101,8108,810F,8118,8124,8135,814B,8168,818A,81B3,81E1,8213,8249,8282,82BE,82FD,8341,838B,83DA,842E,8488,84E6,8547,85A7,8606,8662,86BB,870F,875F,87AB,87F4,8839,887C,88BC,88F7,892D,895C,8982,899F,89B3,89BE,89C3,89C3,89C2,89C2,89C4,89C9,89D1,89D9,89E2,89E9,89EF,89F5,89FD,8A07,8A15,8A2A,8A44,8A64,8A8A,8AB5,8AE5,8B1B,8B59,8B9D,8BE9,8C3C,8C94,8CF0,8D4D,8DA9,8E04,8E5C,8EB2,8F05,8F54,8F9E,8FE4,9022,905B,908D,90BA,90E5,910F,913A,9165,9190,91BA,91DF,9201,921D,9237,9252,9270,9295,92C3,92FC,933F,9388,93D7,9427,9477,94C5,9512,955E,95AB,95FB,964E,96A3,96FA,974D,9797,97CF,97EE,97EB,97C2,9772,96FE,966B,95C3,950C,944C,9386,92B7,91DA,90E6,8FD6,8EA5,8D55,8BEA,8A6E,88EA,8767,85EF,8485,832C,81E6,80B1,7F8C,7E79,7D76,7C84,7BA5,7AD8,7A20,797F,78F6,7888,7836,7801,77E7,77E2,77EC,77FE,7814,782A,7842,785E,7883,78B1,78EA,792A,796A,79A2,79CC,79E2,79E4,79D7,79C1,79A9,7996,798B,7988,798C,7992,7996,7996,7993,798E,798B,798E,799A,79B1,79D7,7A0D,7A54,7AAD,7B18,7B94,7C1E,7CB1,7D48,7DDF,7E71,7EFD,7F84,8007,8088,8108,8186,81FF,826E,82D0,831F,8359,837F,8391,8392,8385,836B,8344,8310,82CC,8277,8212,819C,8118,808A,7FF4,7F5C,7EC4,7E2F,7D9F,7D18,7C98,7C21,7BB2,7B4A,7AE7,7A8B,7A33,79E2,799A,795C,792D,790C,78FB,78F8,78FF,790C,791B,7928,7933,793B,7941,7947,794D,7956,7960,796A,7972,7976,7974,796D,7960,794F,7938,791F,7903,78E7,78CC,78B3,789D,788D,7883,787F,7881,7888,7893,78A3,78BA,78DA,7904,793C,7980,79D0,7A28,7A86,7AE5,7B42,7B9C,7BF5,7C4E,7CAA,7D0C,7D73,7DDD,7E48,7EAF,7F0C,7F5D,7F9F,7FD3,7FFA,8015,8027,8031,8033,802D,8020,800B,7FEF,7FCB,7FA2,7F72,7F3E,7F04,7EC5,7E82,7E3D,7DF9,7DB7,7D7B,7D46,7D19,7CF3,7CD4,7CB9,7CA1,7C8D,7C7C,7C70,7C6A,7C6C,7C75,7C85,7C99,7CAD,7CC0,7CCF,7CD8,7CDD,7CDE,7CDE,7CDD,7CDC,7CDB,7CD8,7CD2,7CC6,7CB3,7C99,7C78,7C51,7C25,7BF5,7BC4,7B94,7B67,7B3C,7B17,7AF7,7ADC,7AC6,7AB5,7AA8,7A9F,7A9A,7A9B,7AA4,7AB6,7AD2,7AF9,7B2A,7B63,7BA0,7BDF,7C1E,7C5B,7C95,7CCC,7D00,7D34,7D66,7D98,7DC8,7DF4,7E1C,7E3E,7E58,7E69,7E71,7E6F,7E63,7E4F,7E34,7E12,7DED,7DC6,7D9D,7D75,7D4D,7D24,7CF9,7CCE,7CA1,7C73,7C47,7C1E,7BFA,7BDB,7BC1,7BAC,7B9B,7B8C,7B7F,7B74,7B6A,7B63,7B60,7B5F,7B61,7B64,7B67,7B68,7B67,7B62,7B5A,7B4F,7B43,7B34,7B23,7B0F,7AF8,7ADF,7AC2,7AA4,7A85,7A65,7A45,7A24,7A01,79DE,79BA,7996,7976,795A,7945,7939,7936,793C,7949,795C,7973,798E,79AD,79D1,79FB,7A2B,7A63,7AA0,7AE1,7B25,7B6A,7BAF,7BF4,7C38,7C7C,7CBF,7D01,7D41,7D7D,7DB5,7DE6,7E12,7E37,7E56,7E6F,7E83,7E91,7E99,7E9B,7E97,7E8D,7E80,7E6F,7E5E,7E4C,7E3A,7E2A,7E19,7E09,7DFB,7DEE,7DE6,7DE2,7DE3,7DEB,7DF9,7E0B,7E21,7E3A,7E55,7E72,7E93,7EB7,7EDF,7F0C,7F3B,7F6D,7F9F,7FD0,7FFF,802C,8057,8080,80A8,80CF,80F5,811A,813E,8161,8182,81A1,81BF,81DA,81F3,8209,821C,822D,823D,824C,825D,8271,8288,82A4,82C5,82EA,8312,833F,836F,83A3,83DB,8419,845C,84A4,84F1,8542,8597,85EF,864A,86A6,8702,875E,87B8,880E,8860,88AC,88F1,8930,896A,899F,89D0,89FE,8A29,8A51,8A76,8A98,8AB7,8AD4,8AF0,8B0C,8B28,8B46,8B66,8B86,8BA8,8BCB,8BF0,8C17,8C42,8C6F,8CA1,8CD7,8D0F,8D4A,8D85,8DC1,8DFC,8E36,8E6F,8EA6,8EDA,8F0A,8F35,8F5A,8F78,8F91,8FA5,8FB4,8FC1,8FCD,8FD6,8FDD,8FE2,8FE4,8FE3,8FDF,8FDA,8FD5,8FD0,8FCF,8FD1,8FD7,8FE3,8FF5,900F,9031,905B,908E,90CA,910E,9158,91A8,91FB,9251,92A8,9300,9358,93B2,940E,946D,94D0,9537,959F,9605,9661,96AB,96DB,96E8,96CE,968A,9620,9594,94F0,9439,9376,92A9,91CF,90E5,8FE6,8ECD,8D9A,8C4F,8AF2,8989,881C,86B4,8555,8405,82C4,8194,8075,7F66,7E67,7D76,7C93,7BBD,7AF4,7A3A,7991,78FD,7881,7820,77DB,77AD,7794,7787,7782,7780,777F,7780,7788,7799,77B6,77DF,7811,7845,7874,789A,78B3,78BE,78BE,78B9,78B2,78AE,78B1,78B9,78C6,78D6,78E6,78F4,78FF,7906,790B,790E,7912,791A,792B,7948,7977,79B9,7A0F,7A77,7AED,7B6A,7BEA,7C67,7CDF,7D54,7DC7,7E3C,7EB4,7F31,7FB2,8033,80B0,8124,818C,81E6,8231,826B,8296,82AF,82B6,82AA,8289,8254,820D,81B5,8151,80E3,806D,7FF0,7F6D,7EE7,7E5E,7DD5,7D50,7CD2,7C5B,7BEE,7B89,7B2A,7AD0,7A79,7A28,79DD,799E,796D,794C,793D,793E,794A,795E,7976,798F,79A8,79C0,79D8,79F0,7A09,7A22,7A38,7A4C,7A5B,7A66,7A6D,7A71,7A73,7A72,7A6F,7A67,7A5A,7A47,7A30,7A16,79FD,79E8,79D8,79CD,79C8,79C8,79CC,79D2,79DE,79F0,7A0C,7A33,7A67,7AA7,7AF0,7B3F,7B92,7BE4,7C34,7C84,7CD4,7D27,7D7C,7DD4,7E2F,7E89,7EE0,7F32,7F7C,7FBC,7FF3,801F,8041,8057,8062,8063,8059,8046,802C,800C,7FE9,7FC3,7F9A,7F6D,7F3B,7F04,7EC8,7E88,7E44,7E00,7DBD,7D7C,7D3F,7D06,7CD1,7CA2,7C79,7C55,7C38,7C21,7C11,7C08,7C04,7C05,7C09,7C10,7C1A,7C23,7C2C,7C34,7C38,7C38,7C35,7C2E,7C27,7C1F,7C1B,7C18,7C18,7C19,7C16,7C0F,7BFF,7BE7,7BC7,7BA1,7B79,7B51,7B2D,7B0F,7AF8,7AE8,7ADE,7AD9,7AD9,7ADC,7AE2,7AEA,7AF3,7AFE,7B0B,7B19,7B2B,7B42,7B5F,7B83,7BAE,7BDE,7C11,7C44,7C73,7C9E,7CC2,7CDF,7CF7,7D0A,7D18,7D23,7D28,7D29,7D24,7D1A,7D0D,7CFD,7CEB,7CDA,7CCA,7CB9,7CA7,7C91,7C77,7C56,7C30,7C06,7BD8,7BA9,7B79,7B4B,7B1E,7AF4,7ACD,7AA9,7A8A,7A71,7A5E,7A4F,7A43,7A39,7A2C,7A1D,7A0A,79F5,79DF,79CA,79B9,79AF,79AB,79AE,79B6,79C0,79CB,79D4,79DC,79E0,79E2,79E1,79DE,79DB,79D7,79D5,79D6,79DA,79E3,79F0,7A03,7A19,7A31,7A4A,7A64,7A7E,7A98,7AB3,7AD1,7AF1,7B14,7B39,7B61,7B8B,7BB6,7BE1,7C0D,7C3A,7C67,7C95,7CC3,7CF0,7D1B,7D43,7D69,7D8A,7DA9,7DC5,7DE0,7DF8,7E10,7E27,7E3E,7E56,7E6E,7E86,7E9E,7EB6,7ECB,7EDD,7EEB,7EF5,7EFD,7F04,7F0D,7F19,7F2B,7F43,7F5F,7F7F,7FA0,7FC0,7FDE,7FFA,8014,802E,804A,806B,808F,80B8,80E3,8110,813D,8169,8194,81BE,81E8,8214,8241,826F,829F,82D0,8300,832E,835A,8383,83AA,83CF,83F3,8417,843C,8463,848D,84BB,84EE,8524,855F,859C,85DA,861A,8659,8697,86D6,8715,8755,8798,87DC,8823,886C,88B5,88FD,8944,8989,89CA,8A06,8A3E,8A71,8A9F,8AC8,8AEC,8B0C,8B29,8B45,8B5E,8B76,8B8D,8BA2,8BB3,8BC2,8BCD,8BD5,8BDC,8BE3,8BEC,8BF8,8C08,8C1B,8C31,8C49,8C62,8C7B,8C96,8CB4,8CD6,8CFF,8D2E,8D64,8DA0,8DDF,8E1F,8E5D,8E97,8ECD,8EFD,8F27,8F4D,8F70,8F91,8FB0,8FCE,8FEA,9002,9018,9028,9034,903B,903F,903F,903D,903A,9036,902F,9025,9017,9004,8FED,8FD4,8FB9,8FA1,8F8E,8F83,8F81,8F8B,8FA0,8FBF,8FE8,9019,9050,908B,90C9,9109,914B,9190,91DA,9227,9275,92C1,9301,932C,9339,931F,92DB,926F,91E1,913B,9088,8FD3,8F1F,8E6A,8DB0,8CE6,8C04,8B03,89E3,88A9,875E,860D,84C0,8380,8250,8130,801F,7F1B,7E22,7D36,7C59,7B8D,7AD6,7A32,79A3,7927,78BE,7866,7822,77F1,77D5,77CB,77CF,77DD,77EF,7801,7810,7820,7836,7855,7884,78C1,790B,7959,79A4,79E1,7A0C,7A24,7A2A,7A24,7A19,7A0E,7A04,79FD,79F4,79E7,79D4,79BA,799D,7981,796B,7960,7964,7977,799C,79D0,7A14,7A66,7AC5,7B2F,7BA2,7C1A,7C94,7D0D,7D84,7DF8,7E6C,7EE1,7F5A,7FD7,8057,80D5,814D,81B8,8212,8258,828A,82AB,82BD,82C3,82BF,82B2,829B,8277,8243,81FF,81AA,8145,80D2,8056,7FD4,7F4F,7ECB,7E49,7DCA,7D50,7CDB,7C6B,7BFE,7B96,7B32,7AD5,7A7F,7A34,79F6,79C9,79AC,79A0,79A1,79AD,79BF,79D4,79E8,79FA,7A0C,7A1E,7A32,7A49,7A64,7A81,7AA0,7ABE,7AD8,7AEC,7AFB,7B03,7B06,7B03,7AFC,7AF2,7AE5,7AD7,7AC7,7AB6,7AA5,7A94,7A83,7A72,7A64,7A59,7A55,7A59,7A68,7A84,7AAE,7AE5,7B27,7B71,7BBE,7C0D,7C5C,7CA9,7CF5,7D43,7D93,7DE7,7E3F,7E98,7EF0,7F45,7F92,7FD5,800C,8036,8052,8062,8067,8063,8057,8044,802C,800F,7FEC,7FC3,7F94,7F5C,7F1D,7ED6,7E8A,7E3B,7DEC,7DA0,7D58,7D16,7CD9,7CA2,7C6F,7C3F,7C12,7BE8,7BC3,7BA3,7B8A,7B79,7B6F,7B6C,7B70,7B7A,7B88,7B9B,7BB0,7BC6,7BDD,7BF1,7C04,7C14,7C21,7C2C,7C37,7C41,7C49,7C50,7C52,7C4E,7C42,7C2E,7C13,7BF3,7BD3,7BB5,7B9B,7B86,7B75,7B67,7B5A,7B4B,7B3C,7B2D,7B1F,7B16,7B12,7B15,7B1F,7B30,7B46,7B61,7B80,7BA4,7BCB,7BF6,7C24,7C54,7C83,7CB0,7CDA,7D00,7D22,7D40,7D5B,7D73,7D87,7D97,7DA0,7DA3,7D9E,7D92,7D80,7D68,7D4B,7D29,7D01,7CD4,7C9F,7C64,7C24,7BE1,7B9D,7B5B,7B1D,7AE5,7AB2,7A82,7A55,7A28,79FD,79D2,79AA,7987,796A,7955,7948,7943,7946,794E,795C,796E,7982,7998,79AE,79C4,79D9,79ED,7A00,7A13,7A26,7A3B,7A50,7A65,7A79,7A89,7A95,7A9B,7A9B,7A98,7A93,7A8E,7A8B,7A8C,7A90,7A95,7A9B,7AA1,7AA6,7AAB,7AB1,7ABA,7AC7,7AD9,7AF1,7B0E,7B30,7B56,7B7F,7BAC,7BDC,7C0E,7C43,7C7A,7CB2,7CEB,7D23,7D5B,7D93,7DCC,7E04,7E3B,7E70,7EA3,7ED0,7EF9,7F1C,7F3A,7F55,7F6D,7F83,7F99,7FAE,7FC2,7FD4,7FE2,7FED,7FF4,7FF9,7FFC,7FFF,8002,8007,800E,8017,8023,8031,8042,8055,806A,8082,809C,80BA,80DA,80FE,8126,8152,8182,81B6,81EB,8222,8259,8290,82C4,82F6,8327,8356,8386,83B6,83E5,8415,8443,8470,8499,84BF,84E2,8502,8521,853F,855E,857F,85A2,85C7,85F0,861B,8649,8679,86A9,86DB,870D,8740,8774,87AA,87E3,8820,885F,88A1,88E4,8925,8963,899D,89D3,8A06,8A37,8A69,8A9D,8AD4,8B0D,8B45,8B78,8BA5,8BC8,8BE0,8BED,8BEF,8BE9,8BDE,8BD0,8BC0,8BB0,8BA1,8B93,8B86,8B7D,8B76,8B72,8B71,8B73,8B77,8B7D,8B84,8B8A,8B90,8B95,8B9A,8B9D,8B9F,8BA1,8BA2,8BA4,8BA8,8BAF,8BBA,8BCA,8BDC,8BF1,8C06,8C1A,8C2A,8C37,8C40,8C47,8C4E,8C57,8C63,8C73,8C86,8C9C,8CB5,8CCF,8CEA,8D05,8D21,8D3E,8D5D,8D7D,8D9F,8DC2,8DE5,8E09,8E2D,8E51,8E74,8E98,8EBD,8EE4,8F0C,8F35,8F5B,8F7B,8F8F,8F91,8F7D,8F4F,8F08,8EA9,8E39,8DBF,8D3F,8CBF,8C3E,8BBB,8B2E,8A93,89E3,891C,883E,874C,864B,8541,8434,8329,8221,811F,8025,7F33,7E4C,7D72,7CA5,7BE7,7B39,7A99,7A06,7980,7906,789A,783C,77ED,77AE,777D,775A,7742,7736,7735,7740,7759,7782,77BB,7800,784D,789B,78E3,791F,794B,7968,7978,797F,7982,7986,798B,7993,799B,79A2,79A6,79A6,79A4,79A0,799E,79A0,79A8,79B9,79D3,79F9,7A2C,7A6C,7ABA,7B15,7B7A,7BE7,7C59,7CCB,7D3D,7DAD,7E1C,7E8B,7EFA,7F6B,7FDC,804C,80B7,811A,8173,81C0,8201,8236,825E,827B,828B,828E,8281,8264,8235,81F5,81A5,8146,80DC,8068,7FEE,7F70,7EF1,7E72,7DF6,7D7E,7D0B,7C9E,7C36,7BD3,7B74,7B18,7AC0,7A6E,7A23,79E4,79B2,798F,797B,7974,7979,7985,7997,79AC,79C2,79DA,79F3,7A0D,7A28,7A42,7A5C,7A74,7A8B,7AA1,7AB5,7AC8,7ADA,7AEA,7AF8,7B02,7B09,7B0C,7B0B,7B08,7B04,7AFE,7AF9,7AF4,7AF0,7AEE,7AF0,7AF7,7B05,7B1D,7B3F,7B6B,7B9F,7BDA,7C18,7C56,7C94,7CCF,7D0B,7D47,7D85,7DC8,7E0F,7E59,7EA4,7EEE,7F35,7F74,7FAC,7FDB,8001,801D,802F,8039,8039,8030,801F,8005,7FE3,7FBB,7F8C,7F58,7F1F,7EE3,7EA3,7E61,7E1B,7DD4,7D8C,7D44,7CFD,7CB9,7C78,7C3B,7C04,7BD4,7BAA,7B87,7B6E,7B5C,7B53,7B52,7B56,7B5F,7B69,7B72,7B7A,7B80,7B86,7B8B,7B91,7B9A,7BA6,7BB4,7BC2,7BCF,7BD9,7BE0,7BE2,7BE0,7BD9,7BCF,7BC1,7BB0,7B9B,7B85,7B6C,7B54,7B3D,7B29,7B19,7B0D,7B05,7B00,7AFE,7AFF,7B03,7B0B,7B19,7B2D,7B47,7B67,7B8A,7BB0,7BD6,7BFC,7C22,7C4A,7C72,7C9D,7CC9,7CF5,7D20,7D47,7D68,7D83,7D97,7DA5,7DAE,7DB1,7DB0,7DA8,7D9A,7D84,7D66,7D40,7D13,7CE1,7CAC,7C76,7C41,7C0C,7BD7,7BA1,7B6B,7B34,7AFC,7AC3,7A8B,7A55,7A22,79F4,79CC,79AA,7991,7980,7978,7978,797E,7989,7997,79A7,79B6,79C6,79D5,79E6,79F9,7A0E,7A28,7A45,7A66,7A89,7AAD,7AD2,7AF5,7B17,7B37,7B55,7B72,7B8D,7BA7,7BC0,7BD8,7BF1,7C09,7C21,7C3A,7C54,7C6E,7C89,7CA5,7CC2,7CDF,7CFE,7D1C,7D3B,7D59,7D77,7D94,7DB2,7DD0,7DEF,7E12,7E39,7E63,7E91,7EC0,7EF0,7F1F,7F4B,7F74,7F99,7FBA,7FD9,7FF7,8014,8031,804F,806D,808B,80A8,80C3,80DC,80F1,8102,8110,811A,8121,8127,812D,8135,813E,814A,8159,816B,817D,8191,81A4,81B8,81CE,81E4,81FE,821C,823D,8262,828A,82B4,82DE,8308,8333,835D,8389,83B5,83E3,8413,8443,8473,84A3,84D0,84FB,8524,854C,8572,8597,85BD,85E4,860D,8637,8663,8690,86BF,86EF,871F,8750,8781,87B1,87E0,880F,883E,886D,889E,88D1,8906,893E,8978,89B3,89F0,8A2D,8A6B,8AA9,8AE8,8B28,8B68,8BAA,8BEC,8C2D,8C6E,8CAC,8CE8,8D1F,8D50,8D7A,8D9C,8DB6,8DC6,8DCE,8DCD,8DC5,8DB6,8DA2,8D8A,8D71,8D58,8D3F,8D28,8D12,8CFE,8CEA,8CD7,8CC4,8CB2,8CA3,8C96,8C8F,8C8D,8C92,8C9B,8CA7,8CB3,8CB9,8CB9,8CAE,8C9B,8C80,8C61,8C44,8C2E,8C22,8C21,8C2C,8C41,8C5B,8C77,8C8F,8CA3,8CB1,8CBB,8CC2,8CCB,8CDA,8CF0,8D10,8D38,8D67,8D9A,8DCC,8DF9,8E1D,8E38,8E49,8E55,8E5F,8E6B,8E80,8E9D,8EC4,8EEF,8F19,8F3A,8F4A,8F43,8F23,8EEB,8E9E,8E42,8DDC,8D6F,8CFA,8C7D,8BF1,8B52,8A9A,89C8,88DC,87DB,86CA,85B1,8499,8386,827F,8186,809C,7FC2,7EF7,7E3C,7D8E,7CEE,7C5B,7BD6,7B5F,7AF9,7AA5,7A64,7A37,7A1F,7A18,7A1D,7A2B,7A3D,7A4E,7A5E,7A6D,7A7E,7A95,7AB3,7ADA,7B06,7B33,7B5C,7B7A,7B8A,7B8B,7B7F,7B6B,7B56,7B46,7B3D,7B3F,7B49,7B57,7B66,7B70,7B71,7B6A,7B59,7B43,7B2C,7B17,7B0A,7B09,7B17,7B35,7B64,7BA4,7BF1,7C4A,7CAA,7D0F,7D76,7DDE,7E47,7EB2,7F1F,7F8F,8001,8072,80DD,813F,8191,81D1,81FD,8215,821B,8212,81FE,81E0,81BA,818B,8151,810C,80B8,8056,7FE6,7F6B,7EE8,7E61,7DDA,7D56,7CDA,7C65,7BF8,7B92,7B33,7ADA,7A84,7A32,79E6,799F,7962,7930,790C,78F6,78EF,78F5,7906,7920,793E,7960,7984,79A8,79CE,79F4,7A1B,7A43,7A6B,7A93,7AB8,7ADA,7AF8,7B12,7B27,7B36,7B41,7B49,7B4D,7B50,7B52,7B55,7B5A,7B60,7B67,7B6E,7B76,7B7C,7B82,7B89,7B93,7BA2,7BBA,7BDA,7C05,7C39,7C72,7CB0,7CED,7D29,7D63,7D9A,7DD0,7E06,7E3E,7E77,7EB0,7EE9,7F1E,7F4E,7F78,7F9C,7FB9,7FD2,7FE5,7FF2,7FF9,7FF7,7FEB,7FD4,7FB2,7F86,7F53,7F1B,7EE1,7EA8,7E70,7E3B,7E07,7DD3,7D9E,7D69,7D33,7CFC,7CC4,7C8C,7C55,7C20,7BED,7BBF,7B98,7B78,7B63,7B57,7B52,7B53,7B55,7B56,7B54,7B4E,7B45,7B3B,7B32,7B2D,7B2C,7B2D,7B30,7B2F,7B2A,7B20,7B0F,7AFA,7AE5,7AD2,7AC4,7ABC,7ABA,7ABB,7ABD,7ABE,7ABB,7AB4,7AA8,7A9A,7A8B,7A7F,7A77,7A77,7A7F,7A8F,7AA8,7AC7,7AEA,7B0F,7B34,7B56,7B75,7B93,7BB0,7BCE,7BEF,7C12,7C37,7C5B,7C7C,7C97,7CAA,7CB4,7CB5,7CB1,7CA9,7CA0,7C97,7C8F,7C86,7C7A,7C69,7C50,7C2E,7C04,7BD4,7BA0,7B6B,7B37,7B06,7ADA,7AB3,7A90,7A71,7A55,7A3A,7A1F,7A04,79E8,79CD,79B5,79A2,7997,7996,799F,79B1,79CA,79E7,7A04,7A1F,7A36,7A4B,7A5E,7A73,7A8B,7AA7,7AC7,7AEA,7B0D,7B2F,7B4D,7B68,7B7F,7B95,7BAB,7BC1,7BD9,7BF2,7C0C,7C27,7C44,7C61,7C7F,7C9E,7CBE,7CDF,7D01,7D25,7D4A,7D72,7D9E,7DD0,7E07,7E42,7E81,7EBF,7EFB,7F32,7F64,7F8F,7FB7,7FDE,8005,802F,805C,808C,80BD,80EC,8118,813F,8160,817B,8190,81A1,81AE,81B9,81C1,81C9,81D0,81D7,81DE,81E6,81ED,81F5,81FD,8205,820D,8218,8226,8237,824C,8264,827F,829A,82B5,82CE,82E7,8300,8319,8335,8355,8378,839E,83C6,83EE,8413,8436,8455,8470,8487,849C,84AF,84C1,84D3,84E6,84F9,850E,8524,8539,854E,8561,8571,857D,8587,858F,8598,85A5,85B6,85CE,85EE,8613,863E,866C,869D,86CE,8702,8737,8770,87AD,87EE,8834,887E,88C9,8914,895D,89A1,89E0,8A17,8A46,8A6D,8A8B,8AA2,8AB3,8ABF,8ACA,8AD3,8ADC,8AE4,8AEB,8AEF,8AF0,8AEC,8AE4,8AD8,8ACA,8ABC,8AB2,8AAC,8AAD,8AB6,8AC5,8ADA,8AF4,8B10,8B2E,8B4C,8B68,8B84,8B9E,8BB4,8BC8,8BD7,8BE2,8BE8,8BE9,8BE8,8BE4,8BE1,8BE0,8BE2,8BE8,8BEF,8BF7,8BFD,8BFF,8BFC,8BF2,8BE3,8BD1,8BBF,8BB0,8BA5,8BA1,8BA3,8BA8,8BAE,8BB3,8BB3,8BAD,8BA1,8B92,8B82,8B75,8B6E,8B71,8B80,8B9A,8BBD,8BE5,8C0F,8C36,8C58,8C72,8C86,8C98,8CAB,8CC3,8CE2,8D09,8D34,8D5C,8D7A,8D84,8D76,8D4D,8D07,8CAA,8C3B,8BBE,8B38,8AA8,8A0E,8966,88AD,87E0,8701,8613,851C,8422,832C,823E,815B,8086,7FBE,7F05,7E5B,7DC2,7D38,7CBE,7C51,7BF0,7B97,7B47,7AFF,7AC2,7A93,7A75,7A6A,7A70,7A84,7A9F,7ABC,7AD7,7AED,7AFF,7B12,7B27,7B42,7B63,7B85,7BA3,7BB6,7BBA,7BAD,7B90,7B67,7B39,7B0B,7AE1,7ABF,7AA5,7A91,7A82,7A78,7A71,7A6E,7A6D,7A6D,7A6E,7A6F,7A70,7A72,7A79,7A89,7AA6,7AD2,7B0E,7B56,7BA8,7BFD,7C53,7CA7,7CF9,7D49,7D98,7DE8,7E34,7E7C,7EB9,7EEA,7F0D,7F21,7F2A,7F2A,7F24,7F19,7F09,7EF1,7ECF,7EA1,7E65,7E1D,7DCA,7D6F,7D0E,7CA8,7C3F,7BD2,7B65,7AF8,7A91,7A34,79E3,79A1,796C,7942,791F,78FF,78E0,78C2,78A5,788F,7880,787B,7881,7890,78A6,78C1,78DF,78FF,7922,7945,7969,798C,79AA,79C0,79CD,79D1,79CD,79C4,79BA,79B2,79AE,79AD,79AF,79B2,79B5,79B6,79B8,79BC,79C5,79D4,79E9,7A03,7A21,7A41,7A64,7A89,7AB4,7AE6,7B21,7B65,7BB2,7C05,7C5B,7CB1,7D06,7D56,7DA3,7DEB,7E2D,7E69,7E9E,7ECA,7EED,7F08,7F1D,7F2C,7F37,7F3D,7F3E,7F35,7F21,7F00,7ED1,7E96,7E51,7E06,7DB8,7D6A,7D1C,7CD0,7C85,7C3B,7BF3,7BAF,7B6F,7B36,7B04,7AD7,7AB0,7A8D,7A6E,7A53,7A3F,7A32,7A2F,7A35,7A43,7A56,7A6C,7A81,7A95,7AA8,7ABB,7AD0,7AE8,7B01,7B1B,7B31,7B42,7B4C,7B50,7B50,7B4E,7B4C,7B4C,7B4D,7B4D,7B4B,7B44,7B38,7B2A,7B1C,7B11,7B0C,7B0E,7B14,7B1D,7B26,7B2E,7B35,7B3F,7B4E,7B65,7B86,7BAF,7BDD,7C0D,7C3A,7C62,7C85,7CA2,7CBD,7CD8,7CF4,7D0F,7D2A,7D42,7D54,7D60,7D66,7D67,7D65,7D5F,7D56,7D49,7D37,7D1E,7CFF,7CDC,7CB6,7C90,7C6C,7C4B,7C2B,7C0C,7BEC,7BCA,7BA7,7B83,7B60,7B40,7B25,7B0F,7AFE,7AF1,7AEA,7AE7,7AEB,7AF4,7B04,7B1A,7B34,7B51,7B6E,7B8B,7BA7,7BC3,7BE1,7C03,7C29,7C52,7C7C,7CA6,7CCD,7CF1,7D11,7D30,7D4F,7D70,7D94,7DBB,7DE3,7E0B,7E31,7E55,7E78,7E9A,7EBF,7EE6,7F11,7F3F,7F6E,7F9E,7FCE,7FFD,802D,805D,808F,80C1,80F4,8125,8154,8181,81AB,81D4,81FE,8229,8256,8283,82AE,82D6,82F8,8314,8328,8337,8343,834C,8355,835D,8363,8367,8367,8364,835D,8355,834B,8340,8336,832C,8323,8319,830E,8305,82FC,82F4,82ED,82E7,82E2,82DC,82D5,82CF,82C9,82C5,82C6,82CA,82D3,82E0,82EF,82FF,8310,831F,832F,833E,834E,835E,836F,837F,8390,83A0,83AF,83BD,83CC,83DC,83ED,83FE,840E,841D,842A,8435,8440,844C,845B,846C,8483,849D,84BA,84DB,84FF,8526,8551,8582,85B9,85F7,8639,867F,86C6,870D,8753,8797,87DA,881F,8865,88AD,88F6,8940,8989,89CD,8A0D,8A46,8A78,8AA5,8ACC,8AED,8B0B,8B23,8B36,8B43,8B4B,8B4D,8B4A,8B41,8B34,8B23,8B0E,8AF7,8ADD,8AC1,8AA2,8A80,8A59,8A2D,89F9,89BD,8978,892C,88DB,8888,8838,87EF,87B0,877E,8759,8740,872F,8723,8718,870A,86F9,86E4,86CF,86BD,86B2,86B0,86B8,86C9,86DF,86F5,8706,8710,8710,8708,86FA,86EA,86DC,86D3,86CF,86D0,86D4,86D9,86DF,86E4,86E8,86EC,86F2,86FB,8709,871E,873A,8760,8791,87CD,8813,8861,88B4,8908,895B,89A9,89F4,8A3D,8A85,8AD0,8B1F,8B73,8BCA,8C1F,8C6F,8CB2,8CE5,8D03,8D09,8CF9,8CD2,8C98,8C4C,8BF3,8B8F,8B23,8AB0,8A38,89BB,8939,88AF,881C,877F,86D6,8620,855E,8493,83C3,82F2,8228,816C,80C3,8031,7FB7,7F54,7F03,7EBF,7E82,7E49,7E10,7DDA,7DA7,7D7A,7D57,7D3D,7D2E,7D27,7D27,7D2C,7D33,7D3E,7D4C,7D5B,7D6A,7D77,7D7C,7D78,7D67,7D4A,7D23,7CF6,7CC9,7C9F,7C7B,7C5C,7C41,7C2A,7C14,7BFF,7BED,7BE1,7BDA,7BDB,7BE1,7BEB,7BF7,7C04,7C11,7C22,7C39,7C5A,7C84,7CB7,7CEF,7D28,7D5B,7D86,7DA9,7DC4,7DDB,7DF1,7E08,7E1F,7E35,7E46,7E51,7E52,7E4D,7E42,7E33,7E24,7E14,7E02,7DEC,7DD1,7DB0,7D8B,7D62,7D39,7D14,7CF2,7CD4,7CB9,7C9F,7C85,7C6C,7C56,7C44,7C3A,7C38,7C3E,7C49,7C56,7C63,7C6F,7C79,7C82,7C8D,7C99,7CA8,7CB6,7CC0,7CC5,7CC1,7CB4,7CA0,7C86,7C6A,7C4E,7C32,7C16,7BFA,7BDD,7BC0,7BA4,7B8C,7B79,7B6E,7B6A,7B6C,7B74,7B7F,7B8C,7B9B,7BAC,7BC1,7BDA,7BF8,7C19,7C3E,7C64,7C8B,7CB1,7CD7,7CFC,7D21,7D44,7D64,7D80,7D94,7D9E,7D9E,7D94,7D80,7D64,7D42,7D19,7CEB,7CB8,7C7E,7C3D,7BF6,7BAA,7B59,7B07,7AB7,7A6A,7A25,79E8,79B4,798A,796A,7950,793C,792B,791C,790D,78FF,78F4,78EC,78EA,78EF,78FB,790F,7929,7947,7968,7988,79A8,79C4,79DD,79F1,79FF,7A08,7A0B,7A0B,7A08,7A05,7A01,79FD,79FB,79F8,79F4,79EF,79EA,79E4,79DF,79DD,79DF,79E5,79EE,79FA,7A06,7A12,7A1F,7A2D,7A3E,7A53,7A6D,7A8D,7AB3,7ADE,7B0C,7B3C,7B6D,7B9F,7BD0,7BFF,7C29,7C4C,7C67,7C79,7C81,7C82,7C7F,7C7A,7C74,7C70,7C6B,7C63,7C58,7C46,7C2D,7C0E,7BE9,7BC0,7B94,7B67,7B38,7B09,7ADA,7AAE,7A87,7A69,7A55,7A4B,7A4C,7A54,7A60,7A6C,7A74,7A78,7A79,7A77,7A77,7A79,7A81,7A8E,7A9F,7AB4,7ACB,7AE4,7AFE,7B19,7B34,7B4F,7B6A,7B83,7B9A,7BAF,7BC4,7BD9,7BF1,7C0C,7C2C,7C50,7C78,7CA4,7CD4,7D06,7D3C,7D76,7DB3,7DF4,7E35,7E76,7EB4,7EF0,7F27,7F5C,7F90,7FC5,7FFC,8035,8071,80AE,80EB,8125,815B,818B,81B4,81D6,81F1,8204,820F,8215,8217,8217,8216,8218,821C,8222,8229,8230,8235,8235,8231,822A,8221,8219,8213,820F,8210,8213,8218,821E,8224,822A,8230,8237,823D,8243,8247,8249,8247,8242,8239,822D,821D,820A,81F6,81E1,81CC,81B7,81A4,8193,8186,817C,8174,816E,8169,8163,815D,8155,814C,8144,813E,813A,813A,813E,8146,8153,8164,817A,8194,81B4,81D7,81FD,8225,824D,8275,829D,82C3,82EA,8311,8338,8361,838B,83B5,83E0,840B,8437,8463,848E,84B9,84E3,850A,852D,854D,856A,8584,859F,85BB,85DB,8601,862C,865D,8693,86CB,8705,8740,877B,87B6,87F1,882B,8866,88A0,88D9,8911,8948,897F,89B6,89EC,8A22,8A58,8A8B,8ABD,8AEC,8B18,8B41,8B64,8B82,8B98,8BA3,8BA2,8B92,8B73,8B45,8B0C,8AC9,8A83,8A3D,89FD,89C4,8996,8971,8956,8943,8934,8929,8920,8916,890C,8902,88F6,88EB,88DF,88D4,88C7,88B7,88A3,8889,8868,8840,8810,87DB,87A3,876A,8731,86F9,86C2,868D,865A,8629,85FB,85D2,85AF,8595,8584,857B,857A,857F,8589,8599,85B0,85CD,85F4,8626,8664,86AC,86FF,875B,87BD,8825,888F,88FA,8964,89CB,8A2D,8A89,8ADD,8B28,8B6B,8BA7,8BDC,8C0B,8C32,8C4F,8C60,8C62,8C52,8C2F,8BFA,8BB7,8B67,8B0E,8AB0,8A4E,89E7,897B,8909,8891,8811,878C,8702,8674,85E5,8556,84C7,8439,83AC,8320,8298,8213,8191,8114,809A,8024,7FB3,7F47,7EE2,7E86,7E34,7DEE,7DB2,7D7F,7D51,7D26,7CFB,7CCE,7C9E,7C6D,7C3C,7C0C,7BE0,7BB7,7B92,7B71,7B55,7B3F,7B30,7B2B,7B31,7B40,7B58,7B75,7B95,7BB5,7BD3,7BEF,7C0A,7C25,7C44,7C66,7C8E,7CBC,7CEE,7D25,7D5E,7D99,7DD5,7E12,7E4E,7E87,7EBC,7EEC,7F16,7F3A,7F5A,7F75,7F90,7FAA,7FC6,7FE4,8004,8024,8042,805C,806F,8079,8079,806F,805C,8041,8020,7FFC,7FD5,7FAB,7F80,7F52,7F20,7EEB,7EB3,7E77,7E3A,7DFA,7DB9,7D75,7D2E,7CE3,7C94,7C44,7BF4,7BA8,7B62,7B25,7AF1,7AC4,7A9B,7A75,7A4F,7A28,7A02,79DC,79BA,799B,7980,7968,7954,7942,7935,792E,7930,793D,7957,797B,79A7,79D7,7A05,7A2D,7A4F,7A6B,7A82,7A99,7AB3,7AD2,7AF7,7B21,7B4F,7B80,7BB2,7BE3,7C13,7C43,7C71,7C9D,7CC7,7CEE,7D10,7D2F,7D4A,7D60,7D72,7D7F,7D85,7D84,7D7C,7D6E,7D5B,7D46,7D30,7D1B,7D06,7CF1,7CD7,7CB5,7C8B,7C56,7C19,7BD6,7B91,7B4E,7B11,7AD9,7AA9,7A7D,7A55,7A2E,7A08,79E3,79BF,799D,797E,7963,794D,793C,7933,7930,7936,7944,7957,796E,7985,799A,79AB,79B6,79BC,79BF,79C1,79C4,79C9,79D0,79D9,79E2,79E9,79EE,79EF,79ED,79E8,79E2,79DB,79D4,79CE,79CA,79C8,79CB,79D1,79DB,79E8,79F6,7A05,7A14,7A24,7A36,7A4C,7A68,7A8A,7AB2,7ADD,7B06,7B29,7B44,7B55,7B5B,7B5A,7B56,7B50,7B4D,7B4B,7B4B,7B4A,7B43,7B35,7B1E,7AFC,7AD1,7AA0,7A6B,7A36,7A04,79D8,79B4,7998,7984,7979,7976,7979,7982,7991,79A5,79C1,79E3,7A0E,7A41,7A7C,7ABF,7B08,7B55,7BA5,7BF5,7C45,7C93,7CE0,7D2B,7D74,7DBB,7DFE,7E3E,7E7A,7EAF,7EDF,7F07,7F26,7F3E,7F4D,7F56,7F59,7F5B,7F5E,7F64,7F70,7F81,7F98,7FB3,7FCF,7FEC,8007,8022,803E,805C,807F,80A9,80D9,8110,814C,818B,81CB,8208,8243,827A,82AD,82DA,8303,8325,8340,8354,8361,8367,8366,835F,8353,8342,832E,8317,82FE,82E4,82CB,82B4,82A0,828E,827F,8273,8269,8260,8258,8251,824C,824C,8250,825C,826E,8288,82A7,82CA,82EF,8312,8330,8349,8359,8362,8362,835C,8350,8340,832F,831D,830C,82FC,82EC,82DC,82CA,82B7,82A2,828D,8278,8265,8255,824A,8243,8240,8241,8244,824B,8253,825E,826C,827C,828F,82A5,82BD,82D6,82EF,8307,831E,8333,8346,8356,8365,8371,837C,8387,8391,839D,83AA,83B8,83C9,83DB,83ED,83FE,840E,841C,8428,8435,8445,8459,8475,8498,84C4,84F8,8530,856C,85A7,85E1,8617,8648,8673,8699,86BB,86D8,86F2,8709,871F,8734,8748,875B,876B,8779,8784,878C,8790,8793,8795,8798,879D,87A3,87AA,87B1,87B9,87BF,87C5,87CB,87D2,87DB,87E8,87F8,8809,881A,8829,8834,883A,883B,8837,882F,8823,8814,8802,87EE,87D7,87BD,87A1,8784,8765,8744,8720,86F7,86C8,8693,8656,8613,85CB,8581,8535,84E8,849C,844F,8402,83B3,8365,8319,82D1,828E,8253,8221,81F8,81D6,81BD,81AB,81A1,819F,81A7,81B7,81CF,81ED,820E,8230,8250,826C,8283,8295,82A5,82B2,82BF,82CD,82DB,82EA,82FB,830D,8320,8334,8347,8358,8365,836E,836F,836A,835F,834F,833D,832C,831C,8310,8309,8307,8309,8310,831B,8329,8338,8346,8350,8355,8351,8345,8330,8316,82FA,82DF,82C9,82BA,82B1,82AB,82A6,829D,828E,8277,8259,8237,8211,81EA,81C2,8195,8162,8125,80DB,8087,802B,7FCF,7F7A,7F34,7F00,7EDF,7ECD,7EC3,7EB9,7EAA,7E93,7E74,7E50,7E2F,7E14,7E05,7E02,7E0A,7E1B,7E30,7E49,7E65,7E83,7EA4,7EC5,7EE4,7EFC,7F0A,7F0A,7EFC,7EE2,7EC2,7EA1,7E82,7E6A,7E56,7E45,7E32,7E1A,7DFD,7DDB,7DB7,7D95,7D79,7D62,7D52,7D45,7D38,7D28,7D14,7CFD,7CE3,7CC9,7CB2,7CA0,7C96,7C94,7C9A,7CA8,7CBB,7CD1,7CE4,7CF0,7CF1,7CE3,7CC8,7CA4,7C7B,7C54,7C35,7C21,7C17,7C16,7C19,7C1C,7C1D,7C1C,7C19,7C18,7C1B,7C22,7C2B,7C36,7C3E,7C43,7C44,7C43,7C42,7C45,7C4C,7C58,7C66,7C75,7C83,7C8E,7C98,7CA3,7CAE,7CBB,7CC8,7CD2,7CD5,7CCF,7CBE,7CA7,7C8B,7C73,7C61,7C5A,7C5E,7C6B,7C7E,7C92,7CA4,7CB4,7CC0,7CCB,7CD6,7CE2,7CEF,7CFC,7D09,7D15,7D21,7D2E,7D3C,7D4B,7D58,7D62,7D66,7D60,7D52,7D3C,7D22,7D05,7CEA,7CD1,7CB9,7CA0,7C84,7C63,7C3D,7C14,7BEA,7BC3,7B9F,7B80,7B64,7B47,7B29,7B06,7AE0,7AB9,7A93,7A70,7A50,7A34,7A19,79FC,79DC,79B9,7995,7973,7955,793F,7930,7927,7923,7921,7920,7920,7922,7926,792D,7937,7940,7945,7945,793B,7929,7911,78F6,78DC,78C7,78B9,78B2,78B0,78B0,78AF,78A8,789A,7884,7867,7845,7824,7806,77F1,77E8,77ED,7801,7820,7848,7875,78A2,78CD,78F5,791B,7940,7969,7996,79C9,7A01,7A3E,7A7C,7AB9,7AF5,7B2F,7B65,7B98,7BC5,7BEC,7C0B,7C20,7C2B,7C2C,7C25,7C19,7C08,7BF4,7BDE,7BC5,7BA9,7B8B,7B6C,7B4F,7B37,7B27,7B1F,7B1D,7B21,7B26,7B27,7B24,7B1C,7B10,7B03,7AFB,7AFA,7B03,7B17,7B36,7B5C,7B88,7BB6,7BE3,7C0D,7C32,7C51,7C6A,7C7D,7C8B,7C96,7C9F,7CA9,7CB6,7CC5,7CD6,7CEA,7CFF,7D15,7D2C,7D44,7D5F,7D7D,7DA0,7DC8,7DF2,7E1F,7E4C,7E79,7EA5,7ED1,7EFF,7F2F,7F63,7F9A,7FD3,800D,8047,807D,80AF,80DB,8101,8121,813B,8150,815F,816C,8176,8180,818B,8196,81A3,81B0,81BE,81CB,81D7,81E3,81F0,81FF,8212,8229,8246,8266,828B,82B1,82D8,82FE,8323,8347,8369,838A,83AA,83C8,83E6,8403,841E,8438,844D,845D,8467,8467,845F,844F,8437,841D,8401,83E9,83D6,83C8,83C1,83BC,83B9,83B6,83B1,83A9,83A1,839A,8396,8397,839E,83A9,83B8,83C9,83D9,83E7,83F2,83F9,83FE,8400,8401,8402,8402,8400,83FD,83F6,83E9,83D7,83BE,83A0,837E,835C,833B,8320,830B,82FD,82F6,82F4,82F5,82F6,82F7,82F7,82F7,82F8,82FD,8306,8316,832B,8346,8365,8387,83A9,83C9,83E7,8400,8415,8425,8431,8439,8440,8448,8450,845B,8468,8475,8482,848E,8498,84A1,84AB,84B8,84CA,84E3,8501,8523,8543,855F,8572,857B,857A,8571,8564,8558,8552,8556,8563,857B,859A,85BD,85DF,85FD,8613,8622,8628,8628,8624,8620,861F,8623,862D,863F,8657,8672,8691,86B0,86CF,86ED,870A,8726,8741,875B,8774,878B,879F,87B0,87BE,87CA,87D6,87E1,87ED,87FB,8809,8817,8825,8832,883D,8845,8849,8849,8842,8834,881C,87FA,87CE,879A,8760,8726,86F0,86C2,869E,8685,8672,8660,8649,8628,85F9,85BC,8573,8522,84CF,847E,8433,83F0,83B3,837C,8348,8317,82E7,82BA,8290,8269,8245,8221,81FA,81CE,819B,8161,8120,80DC,8099,805C,8027,7FFC,7FDA,7FBF,7FA8,7F94,7F7F,7F68,7F50,7F37,7F1D,7F03,7EE9,7ECF,7EB5,7E9B,7E80,7E64,7E49,7E31,7E1C,7E0E,7E07,7E09,7E14,7E27,7E40,7E5B,7E74,7E88,7E95,7E9A,7E9A,7E96,7E92,7E92,7E95,7E9C,7EA6,7EAF,7EB5,7EB7,7EB4,7EAC,7EA1,7E93,7E82,7E6F,7E59,7E40,7E25,7E09,7DEF,7DDA,7DCD,7DC7,7DC9,7DD1,7DDC,7DE9,7DF8,7E08,7E1C,7E34,7E4F,7E6B,7E85,7E99,7EA4,7EA6,7EA1,7E97,7E8D,7E87,7E86,7E8B,7E92,7E99,7E9D,7E9D,7E9B,7E97,7E95,7E96,7E9B,7EA2,7EAA,7EAE,7EAF,7EAE,7EAA,7EA9,7EAB,7EB3,7EC0,7ECE,7EDC,7EE4,7EE6,7EDF,7ED1,7EBC,7EA2,7E83,7E5F,7E36,7E04,7DCA,7D87,7D3F,7CF3,7CA7,7C60,7C21,7BEB,7BC0,7B9F,7B87,7B76,7B6C,7B66,7B63,7B63,7B67,7B6E,7B79,7B89,7B9C,7BB3,7BCB,7BE1,7BF2,7BFD,7BFE,7BF7,7BE7,7BCF,7BB2,7B91,7B6C,7B46,7B1F,7AF7,7AD0,7AAA,7A88,7A68,7A4D,7A35,7A1F,7A0C,79F8,79E6,79D4,79C6,79BC,79BA,79BF,79CC,79E0,79FA,7A16,7A33,7A50,7A6C,7A88,7AA3,7ABC,7AD4,7AE7,7AF4,7AF8,7AF3,7AE4,7ACD,7AB1,7A92,7A74,7A58,7A3F,7A2B,7A19,7A0A,7A00,79FB,79FD,7A07,7A1A,7A35,7A53,7A70,7A87,7A93,7A91,7A81,7A65,7A42,7A1C,79FA,79DD,79C6,79B4,79A3,798F,7975,7953,792B,78FF,78D4,78B0,7896,7889,788D,789F,78BF,78EA,791F,795A,799C,79E2,7A2A,7A74,7ABD,7B03,7B43,7B7B,7BAC,7BD5,7BF9,7C19,7C38,7C58,7C7A,7C9D,7CBE,7CDB,7CF1,7CFF,7D04,7D00,7CF6,7CE9,7CDB,7CCE,7CC4,7CBC,7CB7,7CB4,7CB3,7CB5,7CBD,7CCA,7CDE,7CF8,7D16,7D32,7D4A,7D58,7D5A,7D4D,7D32,7D0D,7CE1,7CB2,7C84,7C5B,7C36,7C16,7BFA,7BE1,7BCB,7BB8,7BA8,7B9D,7B98,7B9A,7BA2,7BB1,7BC3,7BD9,7BF1,7C09,7C22,7C3A,7C55,7C71,7C91,7CB4,7CD9,7CFF,7D23,7D43,7D5B,7D6C,7D73,7D72,7D6A,7D5D,7D4E,7D3F,7D32,7D28,7D21,7D1D,7D1D,7D1F,7D24,7D2B,7D34,7D3D,7D46,7D4F,7D55,7D5A,7D5C,7D5E,7D61,7D66,7D6D,7D77,7D85,7D95,7DA6,7DB7,7DC7,7DD6,7DE2,7DEC,7DF4,7DF9,7DFD,7DFE,7DFE,7DFB,7DF8,7DF3,7DED,7DE6,7DE1,7DDD,7DDC,7DDF,7DE7,7DF6,7E09,7E21,7E3C,7E56,7E70,7E88,7E9E,7EB2,7EC5,7ED9,7EEF,7F05,7F1B,7F31,7F46,7F58,7F67,7F74,7F81,7F8D,7F99,7FA4,7FAF,7FB9,7FC2,7FCA,7FD2,7FDD,7FEC,8000,801B,803C,8060,8087,80AC,80CE,80EA,80FF,810D,8114,8114,8111,810C,8107,8105,8107,810E,811A,8129,8139,8146,814D,814D,8145,8135,8122,810E,80FD,80F3,80F2,80FC,8112,8131,8159,8188,81BB,81F2,8229,8260,8295,82C8,82F6,8322,834B,8372,8399,83BF,83E3,8405,8422,8439,8449,8450,8450,844A,8440,8435,8429,841E,8413,8409,83FF,83F6,83EF,83EA,83E8,83EB,83F3,8400,8412,8427,8440,845C,8479,8497,84B5,84D0,84E8,84FE,8511,8523,8535,8549,855F,8579,8593,85AE,85C5,85D9,85E7,85F1,85F6,85FA,85FD,85FF,8601,8602,8603,8602,8601,8601,8604,8609,8612,861E,862A,8636,863D,8640,863B,862F,861C,8602,85E4,85C3,859F,857A,8556,8533,8514,84F9,84E3,84D3,84C8,84C0,84B9,84AE,849A,847C,8450,8416,83D3,838A,8344,8305,82D2,82AF,8299,828E,8286,827E,8270,8259,8238,820E,81DC,81A5,8168,8127,80E2,809B,8053,800D,7FCE,7F98,7F6F,7F53,7F43,7F3B,7F38,7F34,7F2D,7F22,7F13,7F03,7EF5,7EED,7EED,7EF6,7F09,7F25,7F46,7F69,7F8D,7FAF,7FCE,7FEA,8004,801D,8035,804B,805E,8069,8068,805A,803B,800E,7FD8,7FA0,7F6F,7F4B,7F3A,7F3B,7F49,7F5F,7F73,7F80,7F82,7F77,7F62,7F47,7F2A,7F0A,7EE8,7EC1,7E93,7E5D,7E20,7DE2,7DAA,7D7F,7D66,7D62,7D6F,7D87,7DA0,7DB3,7DB7,7DAC,7D91,7D6D,7D46,7D20,7D00,7CE8,7CD7,7CCB,7CC2,7CBD,7CBC,7CC2,7CD1,7CE9,7D0A,7D31,7D5A,7D80,7DA0,7DB9,7DCA,7DD8,7DE7,7DF9,7E12,7E31,7E56,7E7B,7E9D,7EB8,7EC8,7ECD,7EC7,7EBB,7EAB,7E9A,7E8A,7E7C,7E6F,7E62,7E53,7E42,7E30,7E20,7E15,7E14,7E1D,7E32,7E52,7E78,7EA2,7EC9,7EEA,7F03,7F11,7F17,7F13,7F09,7EF9,7EE5,7ECF,7EB8,7EA2,7E8E,7E7D,7E70,7E66,7E5D,7E54,7E48,7E36,7E1E,7E01,7DDF,7DBC,7D98,7D77,7D5A,7D42,7D2F,7D20,7D15,7D0E,7D09,7D05,7D03,7D00,7CFB,7CF1,7CE0,7CC8,7CA6,7C7D,7C4C,7C16,7BE0,7BAB,7B7C,7B56,7B38,7B25,7B1A,7B15,7B14,7B14,7B12,7B0F,7B09,7B04,7B04,7B0B,7B1E,7B3E,7B6A,7B9D,7BD2,7C01,7C24,7C36,7C33,7C1C,7BF6,7BC3,7B89,7B4B,7B0C,7ACC,7A8B,7A48,7A03,79C0,7981,794B,7924,7910,7912,792B,7957,7994,79DC,7A28,7A72,7AB6,7AF0,7B1E,7B40,7B57,7B65,7B6B,7B6A,7B63,7B58,7B48,7B36,7B23,7B12,7B06,7B01,7B03,7B0D,7B1C,7B2D,7B3D,7B49,7B51,7B56,7B5A,7B61,7B6D,7B80,7B9A,7BB9,7BDA,7BFB,7C17,7C2E,7C3F,7C48,7C4B,7C46,7C39,7C23,7C01,7BD3,7B9B,7B5B,7B19,7AD9,7AA2,7A7A,7A62,7A5C,7A66,7A7E,7A9E,7AC1,7AE6,7B09,7B2A,7B4B,7B6D,7B92,7BBE,7BF0,7C29,7C66,7CA6,7CE5,7D1E,7D4F,7D75,7D90,7DA0,7DA7,7DA9,7DA8,7DA4,7DA1,7D9D,7D97,7D8D,7D80,7D6D,7D59,7D44,7D33,7D2A,7D2D,7D3D,7D5A,7D80,7DAD,7DDB,7E04,7E27,7E40,7E51,7E5B,7E61,7E66,7E6A,7E6E,7E70,7E71,7E6C,7E63,7E54,7E41,7E2C,7E19,7E0B,7E02,7E01,7E05,7E0F,7E1C,7E2A,7E38,7E47,7E56,7E68,7E7C,7E95,7EB3,7ED5,7EFA,7F1F,7F43,7F63,7F7D,7F8F,7F9A,7F9E,7F9B,7F93,7F87,7F78,7F67,7F56,7F46,7F39,7F31,7F30,7F35,7F41,7F52,7F68,7F81,7F9B,7FB5,7FD2,7FF0,8010,8034,8059,807E,80A2,80C2,80DE,80F5,8106,8114,811F,8128,812E,812F,812B,8121,810F,80F8,80DC,80BF,80A5,8091,8083,807E,807F,8087,8092,80A0,80AF,80C0,80D2,80E7,80FE,8119,8136,8154,8172,818E,81A7,81BB,81CA,81D3,81D6,81D5,81D0,81C8,81BE,81B2,81A5,8196,8188,817C,8173,8170,8172,817B,8187,8194,81A1,81A9,81AD,81AE,81AC,81AC,81B0,81B9,81C7,81D9,81EC,81FC,8208,820F,8212,8215,8219,8221,822F,8241,8256,826C,8281,8295,82AA,82C1,82DF,8306,8336,8371,83B2,83F7,843A,8478,84AE,84DD,8504,8527,8548,856A,858D,85B1,85D3,85F2,8609,8619,861F,861F,861B,8617,8615,8619,8623,862F,863C,8645,8647,8642,8635,8622,860D,85FA,85EA,85E0,85DA,85D5,85CE,85C3,85B1,8597,8577,8551,8528,84FB,84CB,8497,845C,841C,83D7,8391,8350,831C,82FB,82F2,8302,8327,8357,8387,83AC,83BC,83B4,8395,8366,8330,82FD,82D2,82B3,829E,828B,8277,825D,823C,8217,81F4,81D9,81CB,81CA,81D5,81E7,81FD,8214,822F,824F,827B,82B6,8301,8357,83B1,8402,8441,8462,8460,843B,83F8,839E,8338,82D1,8272,8222,81E5,81BB,81A4,819A,8198,8199,819A,8199,8196,8195,8197,81A0,81AF,81C1,81D3,81DD,81DC,81CF,81B8,819C,8184,8175,8173,817C,818B,8196,8195,8183,815D,8127,80E8,80A7,806B,8039,8011,7FF0,7FD5,7FBC,7FA6,7F95,7F8B,7F8D,7F9E,7FBC,7FE6,8015,8045,806E,808D,809F,80A3,8098,807F,805A,8029,7FF0,7FB1,7F6D,7F28,7EE6,7EA9,7E73,7E46,7E24,7E0D,7E01,7E00,7E08,7E15,7E26,7E37,7E45,7E51,7E5C,7E6A,7E7D,7E9A,7EC1,7EF1,7F26,7F5A,7F83,7F9C,7FA1,7F8F,7F69,7F33,7EF3,7EAF,7E6B,7E2C,7DF1,7DBC,7D8D,7D64,7D44,7D30,7D28,7D32,7D4D,7D79,7DB3,7DF7,7E3E,7E82,7EBC,7EE7,7F02,7F0A,7F01,7EE9,7EC3,7E92,7E56,7E11,7DC3,7D6D,7D14,7CB9,7C63,7C16,7BD6,7BA5,7B82,7B6C,7B5F,7B56,7B4E,7B44,7B38,7B2B,7B20,7B1A,7B1C,7B27,7B38,7B4E,7B62,7B71,7B77,7B73,7B67,7B56,7B43,7B33,7B27,7B20,7B1D,7B1B,7B18,7B14,7B11,7B12,7B1D,7B37,7B62,7B9E,7BE6,7C34,7C7F,7CC0,7CF1,7D11,7D22,7D29,7D2A,7D2A,7D29,7D26,7D1C,7D07,7CE3,7CAE,7C6B,7C1F,7BCF,7B83,7B40,7B08,7ADC,7AB9,7A9C,7A81,7A68,7A4F,7A38,7A25,7A1B,7A1A,7A23,7A36,7A4F,7A69,7A80,7A91,7A99,7A98,7A90,7A87,7A7F,7A7E,7A85,7A95,7AAC,7AC7,7AE2,7AFA,7B0F,7B21,7B34,7B4B,7B6A,7B92,7BC3,7BFB,7C36,7C71,7CA9,7CDD,7D0E,7D3E,7D6E,7D9F,7DD1,7E00,7E2B,7E4C,7E60,7E65,7E5D,7E49,7E2C,7E0C,7DEC,7DD0,7DBA,7DAA,7D9D,7D93,7D87,7D79,7D67,7D52,7D3C,7D29,7D1B,7D15,7D17,7D1F,7D29,7D32,7D36,7D31,7D25,7D11,7CFB,7CE7,7CD8,7CD2,7CD3,7CDA,7CE4,7CEE,7CF4,7CF5,7CF3,7CEF,7CEB,7CEB,7CF0,7CFA,7D09,7D1D,7D34,7D4E,7D69,7D86,7DA5,7DC6,7DE7,7E09,7E29,7E46,7E60,7E75,7E86,7E93,7E9E,7EA8,7EB0,7EB9,7EC0,7EC5,7EC7,7EC6,7EC1,7EB9,7EB3,7EB1,7EB6,7EC4,7ED9,7EF5,7F10,7F27,7F35,7F37,7F2D,7F1A,7F03,7EEC,7EDB,7ED2,7ED1,7ED4,7EDA,7EDD,7EDD,7ED8,7ECF,7EC4,7EBA,7EB1,7EA9,7EA1,7E99,7E8E,7E80,7E70,7E5E,7E4C,7E3D,7E31,7E2A,7E28,7E2A,7E2F,7E38,7E41,7E4C,7E55,7E5C,7E60,7E63,7E65,7E69,7E72,7E83,7E9D,7EC2,7EEF,7F23,7F5A,7F91,7FC4,7FF1,8017,8035,804B,805C,8069,8072,807A,8081,8087,808C,808E,808D,8088,807F,8073,8063,8051,803E,802B,8019,8008,7FF8,7FEC,7FE4,7FE0,7FE2,7FE8,7FF2,7FFC,8006,800C,800E,800C,800A,800A,8010,801C,802E,8045,805F,8078,8091,80AB,80CC,80F9,8136,8189,81F1,8269,82EB,836D,83E8,8456,84B5,8506,854F,8595,85DB,8623,866B,86AE,86E7,8710,8728,872F,8728,8718,8705,86F1,86DD,86C5,86A4,8675,8634,85E2,8583,851F,84BE,8468,8423,83EF,83C8,83A6,8380,834E,830B,82B5,8250,81E2,8175,8110,80B9,8075,8044,8023,800E,8001,7FF6,7FE8,7FD6,7FBC,7F9C,7F76,7F4D,7F24,7EFF,7EDF,7EC8,7EBA,7EB8,7EC2,7EDA,7F03,7F3D,7F89,7FE3,8045,80A7,8100,8146,8175,818A,8188,8177,815D,8144,8130,8125,8124,812A,8135,8145,8157,816C,8183,819A,81AC,81B6,81B2,819E,817B,814B,8116,80E2,80B7,8099,8088,8082,8084,8087,8089,8086,807F,8073,8061,804A,802C,8007,7FD9,7FA5,7F6E,7F38,7F0B,7EE9,7ED6,7ED2,7EDD,7EF2,7F10,7F33,7F58,7F7C,7F9E,7FBC,7FD3,7FE1,7FE8,7FE7,7FE2,7FDD,7FDD,7FE7,7FFB,801B,8042,806D,8096,80B9,80D3,80E3,80EA,80EB,80EA,80E8,80E6,80E6,80E6,80E6,80E4,80E1,80DF,80DE,80E3,80F0,8104,8120,8140,815F,8178,8183,817E,8167,8141,810F,80D9,80A7,807C,805E,804E,804A,8050,805E,8071,8087,80A1,80BC,80D8,80F3,810A,8119,811E,8116,8101,80E2,80B9,808C,805E,8032,800D,7FEF,7FDA,7FCD,7FC8,7FC8,7FCC,7FD0,7FD3,7FD4,7FD4,7FD3,7FD3,7FD6,7FDC,7FE5,7FF0,7FFA,8003,800B,8013,801C,8028,8037,8047,8054,8059,8050,8038,8010,7FDE,7FA9,7F79,7F55,7F41,7F3E,7F49,7F5E,7F79,7F98,7FBC,7FE5,8016,804D,8087,80BD,80E3,80F3,80E6,80BC,807A,802B,7FDA,7F93,7F61,7F46,7F43,7F53,7F6F,7F91,7FB3,7FD2,7FE9,7FF9,7FFF,7FFA,7FE9,7FCD,7FA3,7F6F,7F34,7EF4,7EB6,7E7F,7E53,7E36,7E28,7E29,7E34,7E42,7E49,7E41,7E25,7DF4,7DB1,7D65,7D1C,7CE3,7CC2,7CBC,7CD0,7CF5,7D1F,7D43,7D5A,7D61,7D5B,7D4F,7D45,7D41,7D45,7D4C,7D51,7D4B,7D34,7D0B,7CD4,7C98,7C64,7C42,7C3E,7C5E,7CA0,7D00,7D75,7DF2,7E6D,7EDB,7F34,7F75,7F9C,7FAB,7FA5,7F8F,7F6C,7F40,7F0C,7ED3,7E96,7E5B,7E25,7DFB,7DE3,7DDF,7DF0,7E13,7E42,7E74,7EA0,7EC0,7ED0,7ED1,7EC8,7EB8,7EAA,7E9F,7E99,7E98,7E96,7E91,7E85,7E72,7E57,7E3A,7E1B,7DFF,7DE7,7DD4,7DC6,7DBB,7DB5,7DB3,7DB7,7DC4,7DDA,7DFB,7E27,7E5A,7E93,7ECB,7EFD,7F25,7F3E,7F45,7F3A,7F1F,7EF8,7EC9,7E9A,7E70,7E4E,7E38,7E2F,7E32,7E3F,7E55,7E73,7E9A,7EC7,7EFC,7F36,7F72,7FAB,7FDE,8004,801C,8024,801F,800F,7FF9,7FE4,7FD1,7FC5,7FC1,7FC4,7FCD,7FDB,7FEB,7FFB,800A,8015,801B,801B,8016,800C,7FFF,7FF2,7FE8,7FE2,7FE2,7FE6,7FED,7FF4,7FF8,7FF8,7FF3,7FE9,7FDC,7FCC,7FBA,7FA7,7F93,7F7F,7F6D,7F5F,7F58,7F5A,7F69,7F84,7FA9,7FD7,8008,8037,8061,8081,8097,80A3,80A7,80A6,80A3,80A0,80A0,80A2,80A8,80AF,80B5,80B9,80BA,80B6,80AE,80A3,809A,8093,8092,8097,80A3,80B3,80C5,80D6,80E6,80F2,80FC,8107,8114,8126,813E,815A,8179,8199,81B5,81CB,81DA,81E1,81DF,81D6,81C6,81AF,8194,8174,8154,8136,811F,8114,8119,8132,815F,819E,81ED,8245,82A1,82FD,8356,83AC,83FF,8452,84A5,84FC,8555,85AE,8606,8659,86A5,86E9,8725,8759,8789,87B7,87E3,880F,8839,885F,887F,8896,88A2,88A0,8891,8874,8849,8813,87D1,8785,872F,86CE,865E,85DD,8549,84A2,83EA,8326,8260,819F,80EF,8055,7FD2,7F66,7F0B,7EB9,7E6A,7E1A,7DC9,7D7A,7D31,7CF3,7CC1,7C9B,7C7C,7C62,7C47,7C2B,7C0F,7BF7,7BE8,7BE7,7BF4,7C0D,7C2C,7C4C,7C68,7C7F,7C92,7CA8,7CC7,7CF4,7D33,7D81,7DDA,7E35,7E8C,7EDA,7F1C,7F54,7F86,7FB3,7FDD,8005,8028,8043,8053,8057,8052,8046,8038,802D,8027,8027,802B,8031,8036,8037,8032,8024,800E,7FED,7FC2,7F8D,7F4E,7F07,7EBC,7E70,7E27,7DE5,7DAB,7D78,7D4C,7D23,7CFC,7CD4,7CAE,7C8B,7C6F,7C5E,7C5A,7C64,7C7A,7C99,7CBB,7CDC,7CF9,7D11,7D22,7D2F,7D39,7D43,7D4C,7D55,7D5C,7D62,7D65,7D68,7D6D,7D77,7D8A,7DA7,7DD0,7E02,7E3B,7E76,7EAF,7EE2,7F0D,7F30,7F4A,7F5C,7F68,7F6E,7F70,7F6D,7F68,7F60,7F56,7F4D,7F43,7F3A,7F31,7F28,7F21,7F1B,7F19,7F1C,7F22,7F2B,7F34,7F39,7F37,7F2C,7F17,7EFC,7EDF,7EC4,7EAE,7EA0,7E98,7E90,7E85,7E72,7E53,7E2A,7DFC,7DCE,7DA8,7D8E,7D83,7D84,7D8D,7D98,7D9E,7D9E,7D97,7D8B,7D7F,7D77,7D76,7D7A,7D83,7D8B,7D90,7D8E,7D87,7D7C,7D72,7D6D,7D71,7D7F,7D96,7DB5,7DD5,7DF4,7E0D,7E1E,7E28,7E2B,7E29,7E24,7E1E,7E18,7E11,7E0A,7E02,7DF9,7DEF,7DE5,7DDD,7DDA,7DDD,7DE7,7DF9,7E12,7E2E,7E4B,7E64,7E77,7E80,7E7F,7E75,7E65,7E52,7E3E,7E2A,7E19,7E08,7DF8,7DE7,7DD3,7DBC,7DA3,7D88,7D6D,7D53,7D3A,7D24,7D11,7D01,7CF4,7CE9,7CDF,7CD7,7CCE,7CC5,7CBB,7CB0,7CA5,7C9B,7C96,7C96,7C9E,7CAD,7CC2,7CDD,7CFB,7D1A,7D39,7D57,7D75,7D92,7DAF,7DC9,7DDD,7DE8,7DE6,7DD4,7DB1,7D7F,7D44,7D07,7CD1,7CAB,7C9A,7CA0,7CBC,7CEA,7D21,7D58,7D87,7DA8,7DB5,7DB0,7D99,7D75,7D4A,7D1C,7CF2,7CCE,7CB1,7C9C,7C8C,7C80,7C75,7C6D,7C68,7C6B,7C78,7C94,7CC1,7CFC,7D42,7D8D,7DD5,7E12,7E3F,7E59,7E61,7E59,7E46,7E2F,7E15,7DFC,7DE5,7DCF,7DBB,7DA9,7D99,7D90,7D90,7D9B,7DB3,7DD7,7E04,7E38,7E6C,7E9B,7EC2,7EDC,7EEA,7EEC,7EE4,7ED7,7EC8,7EBC,7EB4,7EB2,7EB6,7EBE,7EC7,7ED0,7ED6,7ED8,7ED8,7ED6,7ED5,7ED8,7EE1,7EF0,7F06,7F23,7F45,7F6B,7F94,7FBF,7FEB,8016,803F,8062,807D,808C,808E,8082,8069,8045,801B,7FF0,7FC8,7FA7,7F90,7F83,7F81,7F88,7F99,7FB2,7FD3,7FFA,8027,8055,8083,80AA,80C7,80D6,80D5,80C5,80A8,8084,805E,803C,8024,8017,8018,8026,803D,805A,8079,8098,80B3,80CB,80DE,80EE,80FB,8107,8114,8122,8133,8148,8162,8180,81A3,81C9,81EF,8213,8231,8247,8254,825A,825C,825C,825F,8266,8271,827E,8288,828B,8284,8272,8257,823A,8221,8216,821D,8237,8263,8298,82CF,82FF,831F,832D,8329,8318,8301,82E9,82D8,82D1,82D5,82E3,82F7,830F,8329,8343,835D,8379,8398,83BC,83E4,840E,8438,845E,847F,8499,84B0,84C6,84E3,850E,854A,859C,8601,8674,86EE,8764,87D0,882E,887C,88BF,88FE,8941,898E,89E9,8A54,8ACE,8B56,8BE9,8C85,8D2A,8DD6,8E81,8F23,8FAB,9007,9024,8FF4,8F6F,8E9C,8D8C,8C57,8B1C,89F5,88F6,8826,8781,86FC,8685,860F,8591,8508,847A,83ED,8365,82E1,825A,81C5,8116,8043,7F4F,7E43,7D2F,7C2B,7B49,7A97,7A19,79C9,799B,7981,796F,795F,7952,794C,7954,7970,799F,79DE,7A27,7A71,7AB7,7AF9,7B3A,7B81,7BD4,7C37,7CAC,7D2D,7DB3,7E34,7EA7,7F09,7F59,7F9B,7FD6,8011,8054,80A3,8102,816F,81E9,826B,82ED,836A,83D9,8436,847A,84A5,84B4,84AB,848C,8459,8415,83C2,8362,82F8,8288,8218,81B1,815A,811A,80F4,80E6,80EA,80F5,80FC,80F5,80D8,80A4,8059,7FFD,7F94,7F24,7EB1,7E3D,7DC8,7D56,7CEB,7C8A,7C3A,7C01,7BE1,7BDB,7BEB,7C0B,7C35,7C63,7C8E,7CB3,7CD2,7CEA,7CFC,7D08,7D10,7D15,7D18,7D1C,7D23,7D31,7D46,7D65,7D8B,7DB9,7DEB,7E22,7E5F,7EA1,7EEC,7F3E,7F98,7FF6,8054,80AE,80FE,8145,8181,81B3,81DF,8204,8222,8236,823E,8239,8226,8207,81E1,81BA,8196,8179,8161,814F,8140,8132,8124,8118,8111,8110,8113,8116,8113,80FF,80D3,808B,8027,7FAC,7F24,7E99,7E17,7DA3,7D43,7CF6,7CBB,7C90,7C74,7C66,7C66,7C74,7C8C,7CAB,7CCB,7CE7,7CFA,7D05,7D08,7D09,7D0B,7D12,7D1F,7D32,7D47,7D5A,7D6A,7D77,7D83,7D91,7DA6,7DC2,7DE6,7E11,7E41,7E73,7EA9,7EE4,7F28,7F75,7FCC,8028,8081,80CD,8100,8115,810A,80E1,80A6,8063,8024,7FF2,7FD0,7FBE,7FB7,7FB4,7FB2,7FAF,7FAC,7FAF,7FBC,7FD7,7FFE,802C,8058,8076,807C,8062,8024,7FC5,7F4D,7EC8,7E41,7DC5,7D5A,7D08,7CCD,7CA8,7C96,7C92,7C9A,7CA9,7CBF,7CDA,7CF6,7D11,7D24,7D2C,7D23,7D06,7CD6,7C97,7C4F,7C08,7BCC,7BA2,7B8F,7B97,7BB6,7BE6,7C22,7C5F,7C98,7CC7,7CE7,7CF9,7CFC,7CF3,7CE2,7CCE,7CB9,7CA9,7CA0,7CA0,7CA9,7CB8,7CCC,7CE1,7CF4,7D02,7D0B,7D0F,7D11,7D12,7D15,7D1A,7D21,7D2A,7D32,7D36,7D37,7D33,7D2B,7D21,7D17,7D0E,7D06,7CFE,7CF5,7CEA,7CDC,7CCB,7CBA,7CA9,7C9C,7C93,7C90,7C92,7C97,7CA0,7CAC,7CBB,7CCD,7CE4,7CFF,7D1D,7D3B,7D57,7D6C,7D77,7D78,7D70,7D61,7D50,7D43,7D3E,7D41,7D4E,7D62,7D79,7D90,7DA4,7DB7,7DC7,7DD9,7DEE,7E07,7E24,7E41,7E5B,7E6E,7E76,7E72,7E62,7E4A,7E2F,7E16,7E04,7DFD,7E01,7E10,7E26,7E42,7E5F,7E7C,7E97,7EB0,7EC7,7EDC,7EF0,7F03,7F15,7F27,7F37,7F44,7F50,7F58,7F5F,7F65,7F6A,7F70,7F78,7F85,7F97,7FAF,7FCD,7FF0,8017,8041,806C,8099,80C7,80F5,8125,8154,8183,81AF,81D6,81F4,8209,8212,820F,8203,81EE,81D3,81B5,8196,8179,815E,8148,8139,8135,813C,814F,816F,8198,81C5,81F0,8214,822A,8232,822A,8217,81FD,81E0,81C6,81B1,81A0,8192,8184,8175,8163,8151,8143,813E,8148,8164,8194,81D5,8222,8276,82C9,8314,8352,8382,83A4,83BC,83CD,83DD,83F0,840A,842F,845E,8499,84DE,852B,857F,85D6,862E,8682,86CE,870E,8740,8764,8779,8785,878E,879B,87B5,87E3,8827,8884,88F7,897B,8A0B,8AA1,8B39,8BD6,8C7B,8D30,8DFE,8EEC,8FFA,9121,924D,9361,9436,94A5,948C,93D9,928B,90BB,8E95,8C55,8A3B,887E,8742,8693,8663,868D,86E1,872E,874E,872B,86C0,8618,8542,844F,8348,822E,80FB,7FA9,7E36,7CAB,7B1B,799F,7857,7759,76B3,7663,765B,7682,76BE,76F8,7722,7737,773D,773C,773E,7748,775D,777B,779F,77C8,77F7,7830,787A,78D8,794B,79D2,7A63,7AF7,7B85,7C08,7C80,7CF3,7D68,7DE8,7E79,7F1C,7FCF,8089,8142,81F0,828D,8315,8384,83DE,8423,8457,847A,8490,8499,8496,8487,846E,844B,841E,83E8,83AD,8370,8338,830A,82EE,82E6,82F1,8306,8318,8319,82F7,82A9,822A,817F,80B6,7FE1,7F15,7E62,7DD3,7D69,7D1E,7CE7,7CB8,7C88,7C53,7C19,7BE0,7BB0,7B8D,7B7A,7B73,7B71,7B6C,7B5C,7B3E,7B13,7ADE,7AA8,7A7A,7A5A,7A4D,7A53,7A69,7A8C,7AB7,7AE7,7B1B,7B53,7B90,7BD3,7C1C,7C6A,7CBD,7D13,7D6B,7DC5,7E1F,7E78,7ECE,7F1F,7F68,7FA7,7FDA,8004,8027,8047,8068,808E,80BA,80EB,811E,8150,817F,81A7,81CA,81E9,8206,8222,823C,8253,8261,8261,824E,8226,81E8,8198,813D,80DC,807B,8020,7FCC,7F81,7F3E,7F04,7ED1,7EA6,7E84,7E69,7E52,7E3B,7E1F,7DF8,7DC4,7D82,7D36,7CE8,7C9E,7C61,7C35,7C19,7C0B,7C03,7BFB,7BED,7BD7,7BBC,7BA3,7B93,7B95,7BAC,7BDB,7C1C,7C6A,7CBC,7D0C,7D52,7D8F,7DC0,7DE7,7E06,7E1C,7E2C,7E34,7E35,7E31,7E2C,7E2B,7E32,7E44,7E65,7E92,7EC9,7F04,7F40,7F77,7FA7,7FD0,7FF2,8010,8029,8040,8052,805F,8066,8065,805E,8052,8044,8035,8027,801A,800B,7FF9,7FE2,7FC5,7FA5,7F82,7F63,7F49,7F3A,7F34,7F38,7F42,7F4B,7F50,7F4B,7F39,7F19,7EEB,7EB2,7E70,7E26,7DD7,7D85,7D33,7CE2,7C97,7C55,7C20,7BFC,7BEB,7BED,7C00,7C20,7C48,7C71,7C96,7CAF,7CB8,7CAE,7C8D,7C59,7C14,7BC4,7B74,7B2C,7AF5,7AD6,7AD2,7AE8,7B10,7B41,7B72,7B9A,7BB5,7BC1,7BC3,7BC2,7BC5,7BD0,7BE3,7BFC,7C13,7C21,7C1E,7C08,7BE2,7BB0,7B7E,7B54,7B3A,7B34,7B41,7B5C,7B7F,7BA4,7BC7,7BE7,7C07,7C27,7C4B,7C71,7C96,7CB3,7CC2,7CBB,7C9F,7C6E,7C31,7BF1,7BB7,7B8E,7B7A,7B7C,7B91,7BB4,7BDF,7C0D,7C3B,7C69,7C96,7CC0,7CE6,7D05,7D18,7D1C,7D10,7CF4,7CCC,7CA1,7C7B,7C60,7C56,7C5E,7C76,7C98,7CBE,7CE3,7D01,7D17,7D28,7D35,7D43,7D55,7D6C,7D89,7DAA,7DCC,7DEB,7E05,7E19,7E25,7E2A,7E2A,7E26,7E22,7E20,7E22,7E2C,7E3D,7E57,7E78,7E9E,7EC7,7EF0,7F17,7F3C,7F5F,7F80,7FA1,7FC4,7FE6,8007,8023,8037,8042,8043,803A,802B,801C,8011,800F,8019,802E,804C,8070,8096,80BB,80DC,80FB,8118,8135,8152,8170,818E,81A8,81BA,81C2,81BD,81AD,8192,8173,8154,813B,812D,812D,813B,8158,817F,81AC,81DC,820B,8236,825C,827C,8297,82AE,82C3,82D5,82E5,82F2,82F9,82FB,82F5,82E9,82D7,82C2,82AF,82A1,829F,82AC,82C9,82F9,833A,8388,83E0,843B,8495,84E9,8533,8571,85A3,85CA,85E5,85F9,8607,8614,8622,8637,8656,8683,86C3,8716,877C,87F2,8874,88FD,8987,8A0D,8A8C,8B03,8B70,8BD4,8C32,8C8B,8CE4,8D43,8DB0,8E35,8EDB,8FAA,90A1,91B8,92D9,93E3,94AF,9513,94EE,942F,92DA,910B,8EF4,8CD2,8AE4,895E,8860,87ED,87F4,884D,88C9,893A,897A,8975,8928,8899,87D5,86EB,85E2,84BE,8380,8229,80C0,7F52,7DF4,7CBD,7BC3,7B13,7AAE,7A89,7A8F,7AA6,7AB3,7AA3,7A6D,7A12,799E,791F,78A6,783F,77F2,77C2,77AE,77B1,77C8,77EF,7821,7859,7891,78C3,78E7,78FA,78FD,78F6,78F1,78FC,792A,7985,7A14,7AD3,7BB6,7CA8,7D91,7E5B,7EF6,7F5B,7F8D,7F99,7F91,7F89,7F94,7FBD,8009,8075,80F7,8182,8209,8281,82E4,832E,8364,8389,83A6,83C1,83DD,83FE,8421,8445,8463,8479,8483,8480,8470,8453,842C,83FC,83C4,8385,833E,82EF,8299,823F,81E5,8191,814A,8115,80F6,80ED,80F4,8104,810F,8109,80E4,809A,8027,7F8F,7EDC,7E1F,7D67,7CC5,7C46,7BF1,7BC6,7BC0,7BD4,7BF5,7C17,7C30,7C3A,7C33,7C1C,7BFC,7BD6,7BB1,7B91,7B77,7B65,7B59,7B55,7B57,7B5F,7B6D,7B82,7B9F,7BC1,7BE8,7C13,7C3F,7C6E,7C9E,7CD0,7D07,7D44,7D86,7DCD,7E16,7E5E,7EA0,7ED8,7F04,7F22,7F34,7F3D,7F3F,7F3F,7F41,7F47,7F53,7F67,7F82,7FA6,7FD2,8006,8042,8082,80C4,8103,8138,815E,8170,816C,8152,8128,80F2,80B9,8086,805F,8047,8040,8046,8057,806A,807B,8085,8085,807D,806C,8058,8041,802C,801A,800B,7FFD,7FF1,7FE3,7FD3,7FC0,7FAA,7F93,7F7A,7F61,7F48,7F2F,7F16,7EFC,7EE1,7EC5,7EAA,7E90,7E7A,7E69,7E5E,7E59,7E5B,7E62,7E6D,7E78,7E82,7E88,7E88,7E83,7E78,7E69,7E58,7E48,7E3A,7E2F,7E29,7E27,7E28,7E2A,7E2E,7E32,7E38,7E3F,7E4A,7E59,7E6C,7E82,7E99,7EAF,7EC0,7ECC,7ED0,7ECD,7EC5,7EB9,7EAD,7EA2,7E9B,7E98,7E9B,7EA1,7EAC,7EB9,7EC9,7EDB,7EED,7EFD,7F09,7F10,7F0F,7F06,7EF5,7EDF,7EC5,7EAD,7E9A,7E8E,7E8B,7E91,7E9E,7EAE,7EBF,7ECC,7ED3,7ED3,7ECE,7EC7,7EBE,7EB7,7EB2,7EAF,7EAB,7EA4,7E97,7E82,7E66,7E46,7E26,7E0C,7DFA,7DF3,7DF7,7E03,7E12,7E1D,7E1E,7E11,7DF4,7DC8,7D8F,7D4F,7D0C,7CCD,7C93,7C64,7C3E,7C25,7C16,7C13,7C1A,7C2A,7C41,7C5B,7C76,7C8B,7C99,7C9C,7C92,7C7C,7C5C,7C35,7C0C,7BE3,7BBE,7B9E,7B86,7B75,7B6D,7B6E,7B78,7B8C,7BA9,7BCF,7BFC,7C2C,7C5D,7C8A,7CB2,7CD3,7CEC,7CFF,7D0C,7D14,7D17,7D16,7D12,7D09,7CFD,7CF0,7CE4,7CDB,7CDA,7CE1,7CF2,7D0C,7D2E,7D55,7D80,7DAB,7DD5,7DFC,7E1F,7E3F,7E59,7E6D,7E7A,7E7F,7E7E,7E76,7E6A,7E5C,7E50,7E48,7E47,7E4C,7E58,7E69,7E7D,7E92,7EA7,7EBD,7ED4,7EED,7F09,7F28,7F48,7F68,7F85,7F9C,7FAA,7FB1,7FB0,7FAB,7FA5,7FA1,7FA2,7FA7,7FB1,7FBD,7FC9,7FD3,7FDA,7FDE,7FE1,7FE5,7FED,7FFB,8010,802B,804C,806F,8091,80B0,80CB,80DF,80EC,80F4,80F6,80F4,80F0,80EB,80E7,80E5,80E6,80EC,80F7,8107,811C,8135,8150,816A,8184,819A,81AD,81BD,81CA,81D6,81E1,81ED,81FB,820A,821A,822A,823B,824B,825B,826D,8281,829A,82B8,82DC,8305,8333,8363,8393,83BF,83E6,8408,8425,8440,845A,8478,849B,84C3,84F0,851F,854F,857C,85A7,85D0,85FA,8628,865E,869F,86EC,8745,87A7,880E,8874,88D9,893A,899B,8A00,8A70,8AF0,8B81,8C1D,8CB8,8D3F,8D9C,8DBA,8D89,8D05,8C37,8B37,8A23,8922,8855,87D1,879F,87B4,87FA,8852,889D,88C4,88BD,888C,8840,87EB,87A0,8767,873E,8719,86E5,868D,8604,8546,845D,835B,8257,816A,80A5,8010,7FA9,7F6A,7F46,7F31,7F25,7F1C,7F14,7F0B,7EFF,7EE8,7EBE,7E79,7E13,7D8E,7CEF,7C43,7B9B,7B06,7A8F,7A39,7A01,79DE,79C5,79AD,7991,7972,7957,7946,7945,7954,7970,798E,79A2,79A3,798D,7963,7930,7904,78ED,78F7,7925,7972,79D2,7A32,7A81,7AB5,7AC7,7ABD,7AA2,7A87,7A7B,7A8B,7ABD,7B0E,7B7A,7BF3,7C6F,7CE2,7D46,7D97,7DD6,7E06,7E2A,7E46,7E5F,7E76,7E8D,7EA4,7EBE,7EDC,7EFE,7F27,7F57,7F8F,7FCE,8014,805F,80AB,80F5,8139,8173,81A1,81C0,81D0,81D3,81CB,81BC,81AD,81A2,819F,81A5,81B4,81C9,81DE,81EF,81F7,81F5,81E8,81D2,81B9,81A0,818E,8183,8182,8188,8192,819B,819E,8199,818A,8170,814C,8121,80F2,80C0,808F,805F,8032,8009,7FE6,7FCA,7FB5,7FA7,7F9E,7F98,7F91,7F87,7F76,7F5F,7F40,7F1D,7EF7,7ED1,7EAF,7E92,7E7B,7E68,7E59,7E4B,7E3E,7E31,7E26,7E1D,7E16,7E14,7E14,7E15,7E17,7E15,7E10,7E06,7DFA,7DEE,7DE5,7DE4,7DEE,7E03,7E22,7E48,7E70,7E94,7EB0,7EC0,7EC3,7EBC,7EAF,7EA2,7E9D,7EA3,7EB8,7EDB,7F09,7F3C,7F6E,7F99,7FBA,7FCE,7FD9,7FDD,7FE0,7FE6,7FF2,8004,801C,8036,804E,8062,8070,807A,8081,8089,8093,80A2,80B6,80CB,80E0,80F1,80FD,8103,8104,8102,8101,8101,8104,8109,810F,8111,8110,810A,8100,80F5,80EA,80E3,80E0,80E0,80E2,80E1,80DD,80D2,80C2,80AD,8097,8082,8072,8066,805D,8055,804B,803C,8026,800C,7FEE,7FD0,7FB6,7FA1,7F92,7F87,7F7D,7F70,7F5E,7F45,7F27,7F07,7EE8,7ECF,7EBD,7EB4,7EB0,7EAE,7EAA,7EA1,7E90,7E79,7E5F,7E44,7E2D,7E1C,7E12,7E0D,7E09,7E04,7DFB,7DEE,7DDF,7DCF,7DC3,7DBC,7DBC,7DC1,7DC7,7DCA,7DC6,7DB8,7DA2,7D87,7D6C,7D56,7D4B,7D4E,7D5C,7D74,7D90,7DAA,7DBD,7DC8,7DCB,7DC6,7DBF,7DB6,7DAE,7DA8,7DA2,7D9B,7D94,7D8B,7D82,7D7C,7D7C,7D83,7D91,7DA4,7DB8,7DCB,7DD9,7DE1,7DE2,7DDF,7DDC,7DDC,7DE3,7DEF,7E01,7E13,7E22,7E2B,7E2B,7E25,7E19,7E0E,7E06,7E06,7E0E,7E1F,7E35,7E4E,7E65,7E7A,7E8C,7E9B,7EAA,7EBA,7ECC,7EDE,7EEF,7EFC,7F02,7EFF,7EF4,7EE3,7ECF,7EBD,7EAF,7EA8,7EA9,7EB0,7EBD,7ECC,7EDE,7EF1,7F06,7F1D,7F37,7F53,7F72,7F8F,7FAA,7FBF,7FCD,7FD4,7FD6,7FD4,7FD3,7FD3,7FD7,7FE0,7FEC,7FF9,8007,8014,801F,802A,8033,803E,804A,8058,8067,8079,808C,80A0,80B6,80CE,80E7,8101,8119,812E,813B,8140,813A,812B,8117,8103,80F4,80F1,80FC,8116,813D,816C,819C,81C8,81EA,81FF,8207,8204,81FC,81F1,81E9,81E6,81E9,81F2,81FF,820D,821B,8226,822F,8235,8239,823B,823E,8241,8247,824F,825B,826B,827E,8294,82AB,82C2,82D8,82EA,82FA,8306,8310,8319,8323,8330,833E,834F,835F,836C,8376,837B,837E,8380,8386,8395,83B1,83DB,8412,8452,8496,84D5,850B,8532,854B,8557,855D,8565,8577,859B,85D4,8622,8681,86E9,8752,87B4,880B,8856,8899,88DD,892B,898F,8A0C,8AA2,8B46,8BE4,8C63,8CA8,8C9D,8C37,8B7A,8A78,8951,8830,873C,8694,8648,8657,86AA,8722,879A,87F0,8811,87F9,87B0,874C,86E4,868C,864A,861D,85F5,85BF,8567,84E2,842C,8350,8260,8172,809B,7FE8,7F60,7F02,7EC5,7EA1,7E8B,7E7D,7E72,7E68,7E5C,7E48,7E27,7DF0,7D9F,7D32,7CAA,7C0F,7B6C,7ACD,7A3C,79BE,7953,78F7,78A5,7858,7811,77D3,77A5,7791,779A,77C3,7803,784F,7895,78C6,78D6,78C2,7890,784D,780D,77E0,77D3,77EB,7825,7874,78C9,7916,794E,796D,7977,7974,7971,797B,799B,79D5,7A29,7A90,7B01,7B73,7BDD,7C3B,7C89,7CCA,7D00,7D30,7D5F,7D91,7DC7,7E05,7E49,7E93,7EE3,7F36,7F8A,7FDE,8031,8082,80D0,811C,8166,81AD,81F0,822E,8264,828F,82AD,82BE,82C2,82BD,82B3,82A9,82A4,82A7,82B2,82C3,82D6,82E5,82EC,82E7,82D6,82BB,8299,8276,8259,8245,823D,8241,824E,8262,8277,8289,8294,8296,828D,8279,8259,822E,81FB,81C1,8185,814A,8114,80E8,80C7,80B2,80A7,80A4,80A3,80A1,8099,808A,8073,8055,8032,800E,7FEB,7FC9,7FAA,7F8C,7F6D,7F4F,7F30,7F12,7EF6,7EE0,7ED0,7EC7,7EC3,7EC2,7EC0,7EBA,7EAD,7E98,7E7C,7E5B,7E39,7E19,7DFF,7DEB,7DDD,7DD3,7DCB,7DC1,7DB5,7DA6,7D96,7D88,7D7E,7D7C,7D84,7D97,7DB4,7DD8,7E01,7E2C,7E56,7E7F,7EA6,7ECB,7EEE,7F10,7F30,7F4D,7F65,7F79,7F87,7F91,7F9A,7FA3,7FB0,7FC3,7FDE,8000,8029,8054,8081,80AA,80CD,80E9,80FC,8107,8108,8103,80F9,80EA,80DA,80C9,80BA,80AE,80A5,809E,809A,8097,8096,8095,8094,8093,8091,8090,808E,808B,8086,807F,8074,8067,8058,8048,8038,8029,801A,800B,7FFB,7FE8,7FD2,7FB9,7F9C,7F7E,7F5E,7F3E,7F1F,7F01,7EE4,7EC8,7EAD,7E94,7E7D,7E68,7E57,7E4A,7E40,7E38,7E2F,7E23,7E12,7DFC,7DE2,7DC4,7DA5,7D88,7D6E,7D5A,7D4C,7D44,7D3F,7D3D,7D3D,7D3E,7D3E,7D3D,7D3A,7D36,7D2F,7D26,7D1B,7D11,7D07,7D01,7CFF,7D01,7D05,7D09,7D0B,7D09,7D00,7CF1,7CDE,7CCC,7CBD,7CB7,7CBB,7CC9,7CDE,7CF6,7D0C,7D1C,7D24,7D22,7D18,7D0A,7CFB,7CEE,7CE6,7CE4,7CE5,7CEA,7CF0,7CF6,7CFC,7D03,7D0C,7D18,7D27,7D38,7D4A,7D5C,7D6A,7D73,7D78,7D78,7D76,7D71,7D6D,7D69,7D65,7D62,7D5E,7D5B,7D59,7D5B,7D62,7D71,7D87,7DA5,7DC7,7DEA,7E09,7E21,7E30,7E34,7E2F,7E25,7E1A,7E13,7E12,7E19,7E28,7E3D,7E55,7E6D,7E83,7E96,7EA6,7EB4,7EC2,7ED1,7EE3,7EF8,7F10,7F2A,7F45,7F60,7F79,7F8D,7F9C,7FA3,7FA4,7F9D,7F90,7F80,7F71,7F67,7F65,7F6E,7F84,7FA5,7FD0,8000,8031,805E,8085,80A2,80B7,80C5,80CE,80D5,80DD,80E7,80F3,8102,810F,811B,8121,8123,811F,8118,8110,810D,8111,8121,813D,8165,8196,81CB,81FF,822D,824F,8264,8269,8261,824F,8237,8220,820C,8200,81FD,8202,820C,821A,8228,8233,823A,823E,8240,8242,8248,8253,8265,827A,8291,82A6,82B4,82B8,82B1,829F,8287,826C,8254,8243,823D,8242,8252,826A,8285,82A2,82BC,82D3,82E6,82F7,8307,8316,8326,8337,8348,8359,836A,8379,8387,8395,83A3,83B2,83C4,83DA,83F9,8422,845A,84A4,8500,856E,85E9,866B,86EB,8763,87CC,8824,886F,88B4,88FF,8959,89CD,8A5B,8AFE,8BA6,8C3E,8CAC,8CDB,8CBD,8C52,8BA9,8ADA,8A0A,895B,88E9,88C4,88EB,894C,89CB,8A47,8AA3,8ACC,8ABF,8A85,8A31,89D8,898C,8957,8937,891D,88F8,88B4,8845,87A5,86DB,85F7,850C,842F,836E,82D2,825E,820C,81D4,81B0,8196,8184,8173,8160,8146,811D,80E0,8088,8014,7F87,7EEA,7E48,7DB0,7D2A,7CBD,7C67,7C22,7BE5,7BA5,7B60,7B16,7ACF,7A98,7A7D,7A87,7AB6,7B02,7B5D,7BB5,7BF6,7C15,7C10,7BED,7BBC,7B91,7B7D,7B8F,7BCA,7C2A,7CA0,7D1E,7D93,7DF4,7E3C,7E6F,7E96,7EBD,7EEF,7F35,7F91,8001,807E,80FD,8175,81DF,8234,8275,82A3,82C4,82DB,82F0,8305,831F,833F,8366,8394,83C9,8403,8441,8480,84BD,84F8,852E,855F,8589,85AB,85C6,85D8,85E0,85DB,85C7,85A5,8574,8539,84F7,84B7,8480,8457,8440,843C,8448,845D,8474,8485,8487,8478,8458,8428,83EF,83B5,8381,8356,8339,8327,831F,831A,8311,8300,82E2,82B5,827B,8237,81F0,81AD,8173,8148,8130,812A,8133,8145,815A,8168,816B,815F,8144,811C,80EC,80BA,808D,8065,8046,802B,8011,7FF3,7FCE,7FA2,7F70,7F3E,7F13,7EF3,7EE4,7EE6,7EF5,7F0B,7F21,7F2D,7F2A,7F15,7EEF,7EBC,7E82,7E4B,7E1B,7DF7,7DE0,7DD6,7DD6,7DDD,7DE6,7DF0,7DF9,7E01,7E07,7E0F,7E17,7E22,7E30,7E43,7E5A,7E75,7E95,7EB8,7EDC,7EFE,7F1C,7F33,7F41,7F46,7F44,7F3C,7F34,7F2D,7F2B,7F30,7F3B,7F4A,7F5D,7F6F,7F82,7F96,7FAA,7FC3,7FDF,8001,8025,804A,806A,8083,8090,8091,8087,8074,805D,8047,8034,8028,8022,8023,8027,802E,8034,8038,8038,8035,802C,801F,800D,7FF6,7FDD,7FC3,7FA9,7F93,7F80,7F70,7F62,7F51,7F3C,7F1D,7EF4,7EC1,7E88,7E4D,7E18,7DED,7DD0,7DC4,7DC5,7DCF,7DDD,7DE9,7DED,7DE9,7DDB,7DC7,7DAE,7D94,7D7B,7D65,7D50,7D3D,7D2A,7D17,7D04,7CF3,7CE6,7CE1,7CE4,7CF0,7D03,7D1B,7D34,7D4B,7D5C,7D66,7D69,7D66,7D5E,7D55,7D4B,7D42,7D39,7D33,7D2E,7D2C,7D2D,7D32,7D3B,7D48,7D58,7D68,7D76,7D82,7D89,7D8E,7D91,7D95,7D9D,7DAA,7DBA,7DCC,7DDD,7DE9,7DEC,7DE5,7DD7,7DC2,7DAE,7D9D,7D95,7D99,7DA7,7DBF,7DDC,7DF9,7E12,7E23,7E2C,7E2C,7E25,7E1A,7E0D,7E02,7DF9,7DF3,7DF0,7DEF,7DF0,7DF0,7DF0,7DF0,7DEE,7DED,7DEC,7DEE,7DF4,7E01,7E14,7E2F,7E4F,7E72,7E94,7EB1,7EC5,7ECE,7EC9,7EBA,7EA3,7E89,7E72,7E62,7E5E,7E65,7E76,7E8F,7EA9,7EC0,7ED0,7ED7,7ED6,7ECF,7EC6,7EC0,7EC2,7ECD,7EE2,7EFF,7F21,7F44,7F62,7F78,7F82,7F82,7F79,7F6A,7F5B,7F4F,7F4C,7F54,7F68,7F86,7FAB,7FD3,7FFA,801B,8034,8044,804E,8054,805B,8066,8078,808F,80AB,80C6,80DB,80E6,80E4,80D4,80BA,809A,807A,805F,8050,804D,8057,806A,8083,809D,80B3,80C2,80C9,80C9,80C3,80BB,80B3,80AD,80AC,80B0,80B8,80C4,80D1,80DD,80E7,80ED,80EC,80E7,80DE,80D3,80CA,80C8,80D1,80E6,8108,8135,8169,819F,81CF,81F5,820C,8216,8213,8209,81FD,81F5,81F7,8204,821D,8240,826A,8298,82C8,82FA,832C,8363,839F,83E2,842F,8484,84DE,853C,8597,85EB,8634,866D,8697,86B2,86C0,86C6,86CA,86D2,86E2,8700,872E,876B,87B7,880E,886E,88D2,8939,89A0,8A07,8A6D,8AD4,8B3C,8BA7,8C13,8C81,8CEF,8D5C,8DC5,8E25,8E76,8EB3,8ED4,8ED0,8EA2,8E46,8DBE,8D11,8C4D,8B85,8ACD,8A39,89D8,89B0,89BF,89F8,8A4A,8A9E,8AE0,8B02,8AFC,8ACD,8A7D,8A14,899A,8915,8886,87EC,8745,868E,85CA,84FF,8437,837E,82DE,825F,8202,81C3,819A,817E,8164,8146,811F,80EC,80AB,805B,7FF7,7F7E,7EED,7E44,7D8A,7CC7,7C0A,7B61,7ADB,7A7F,7A51,7A4B,7A65,7A8F,7ABD,7AE5,7B01,7B13,7B1D,7B24,7B2E,7B3A,7B47,7B4F,7B4B,7B39,7B17,7AEB,7ABE,7A9E,7A95,7AAE,7AEB,7B49,7BBD,7C3A,7CB0,7D13,7D5B,7D89,7DA2,7DB2,7DC6,7DEB,7E28,7E83,7EF9,7F85,801E,80B9,814E,81D4,8248,82A6,82F1,8328,8350,836D,8383,8397,83AD,83C8,83EB,8415,8447,847D,84B4,84E9,8518,853F,855D,856F,8576,8570,855A,8531,84F2,849D,8432,83B3,8328,8298,820D,8190,8127,80D6,809D,8077,805F,804D,8039,801F,7FFA,7FCA,7F8F,7F4B,7EFF,7EAF,7E5C,7E06,7DAF,7D58,7D00,7CA9,7C54,7C03,7BB7,7B71,7B33,7AFE,7AD2,7AAD,7A8D,7A6F,7A50,7A2C,7A00,79CC,7990,7952,7915,78E0,78B9,78A3,78A1,78B1,78D0,78F7,7921,7948,7968,7980,7991,799F,79AF,79C5,79E8,7A19,7A58,7AA3,7AF5,7B4A,7B9A,7BE0,7C19,7C43,7C5D,7C6A,7C6E,7C6E,7C6E,7C75,7C87,7CA6,7CD6,7D15,7D63,7DBA,7E15,7E6D,7EBC,7EFC,7F28,7F40,7F44,7F39,7F25,7F0D,7EF8,7EE9,7EE3,7EE4,7EEC,7EF7,7F02,7F0A,7F0F,7F10,7F0E,7F09,7F03,7EFB,7EF1,7EE5,7ED3,7EBC,7E9F,7E7B,7E52,7E25,7DF8,7DCB,7DA2,7D7C,7D5A,7D3B,7D1F,7D05,7CEB,7CD1,7CB7,7C9D,7C86,7C70,7C5C,7C4A,7C3B,7C2D,7C1F,7C11,7C02,7BF2,7BE2,7BD0,7BBF,7BAE,7B9E,7B8D,7B7B,7B67,7B51,7B37,7B1A,7AFB,7ADC,7ABF,7AA8,7A96,7A8D,7A8A,7A8D,7A93,7A99,7A9E,7A9F,7A9D,7A97,7A8F,7A84,7A78,7A6C,7A5F,7A53,7A4A,7A47,7A4C,7A5D,7A7B,7AA4,7AD6,7B0A,7B38,7B5A,7B69,7B61,7B43,7B14,7ADA,7A9E,7A68,7A3D,7A20,7A10,7A0A,7A0B,7A0E,7A0F,7A0D,7A06,79FA,79E8,79D0,79B4,7992,796E,7949,7929,7912,7906,7907,7914,7929,7940,7952,7959,7951,793B,791A,78F3,78CD,78AE,789A,7894,789A,78AB,78C2,78DC,78F8,7914,7930,794C,7968,7986,79A4,79C2,79E1,79FE,7A1C,7A39,7A58,7A77,7A96,7AB6,7AD4,7AF0,7B0A,7B20,7B35,7B4A,7B5F,7B77,7B91,7BAD,7BC9,7BE7,7C03,7C1F,7C3C,7C5B,7C7F,7CA8,7CD7,7D0B,7D42,7D78,7DAC,7DD9,7DFF,7E1D,7E34,7E43,7E4D,7E51,7E51,7E4C,7E44,7E3A,7E31,7E2A,7E2A,7E32,7E45,7E62,7E89,7EB5,7EE6,7F16,7F43,7F6B,7F8D,7FA7,7FBB,7FC9,7FD2,7FD8,7FDC,7FE0,7FE9,7FF6,800B,8027,8049,806E,8094,80B7,80D3,80E9,80F9,8104,8110,8121,8139,815C,8189,81BF,81F9,8234,826C,829D,82C5,82E4,82FB,830B,8316,831D,8324,832B,8335,8344,8358,8372,8392,83B7,83DD,8402,8424,843F,8452,845C,8460,845F,845B,8457,8453,8453,8455,845A,8462,846C,8477,8482,848C,8494,8499,8499,8495,848E,8489,8488,8491,84A8,84D0,8507,854B,8596,85E0,8622,8654,8675,8686,868B,868C,8691,86A1,86C4,86FA,8744,879D,8803,886E,88DB,8946,89A9,8A04,8A51,8A8F,8ABC,8ADA,8AED,8AFF,8B1C,8B50,8BAB,8C35,8CF5,8DE9,8F08,9047,9195,92E5,9427,954F,9651,971E,97A5,97D2,9791,96CE,9580,93AE,916F,8EEC,8C5E,8A04,8816,86C1,8618,8614,8695,8768,8850,8911,897D,8973,88E8,87E0,866E,84AB,82B5,80AB,7EA7,7CC3,7B13,79A5,7885,77B1,7724,76CC,7698,7671,7647,7611,75CD,7585,7544,7519,750E,7525,755B,75A6,75F9,764A,7693,76D6,7716,775B,77AB,7807,786D,78D6,793D,799B,79F1,7A46,7AA5,7B1B,7BB5,7C7C,7D71,7E90,7FCC,8116,825C,838F,84A0,8585,8639,86B9,8708,872D,8732,8724,8711,8708,8713,8734,876B,87B0,87F7,8836,8862,887A,887E,8876,8869,885D,8854,884B,883A,8815,87D2,876B,86E0,8638,857F,84C3,8412,8375,82EF,827F,821D,81C1,8164,80FE,808D,8012,7F8E,7F05,7E7C,7DF6,7D79,7D07,7CA5,7C55,7C16,7BE6,7BC0,7B9D,7B73,7B3C,7AF5,7A9E,7A3F,79E3,7998,796B,7965,798A,79D6,7A40,7ABA,7B37,7BA9,7C07,7C4E,7C7E,7C9D,7CB2,7CC5,7CDE,7D01,7D32,7D72,7DC0,7E1B,7E7E,7EE7,7F51,7FB8,801B,8077,80CE,8122,8173,81C3,8211,825B,829C,82CF,82EF,82F9,82ED,82CF,82A4,8272,823E,820D,81DE,81B0,817F,8146,8104,80B6,8061,8008,7FB1,7F60,7F18,7ED9,7EA2,7E6D,7E37,7DFC,7DB8,7D6B,7D14,7CB5,7C50,7BE7,7B7D,7B16,7AB4,7A5B,7A0C,79C9,7992,7965,7942,7925,7910,7901,78FA,78FF,7912,7936,796A,79AC,79F9,7A4B,7A9C,7AE6,7B28,7B5F,7B8E,7BB8,7BE1,7C0E,7C40,7C7A,7CBB,7D02,7D4D,7D9A,7DE6,7E30,7E77,7EB9,7EF7,7F31,7F66,7F99,7FC9,7FF7,8023,804C,8071,808E,80A2,80A9,80A2,8090,8074,8054,8035,801B,800A,8001,7FFF,7FFE,7FF7,7FE5,7FC3,7F90,7F4F,7F04,7EB6,7E6C,7E2A,7DF0,7DBF,7D8F,7D5C,7D1E,7CD2,7C78,7C11,7BA4,7B39,7AD7,7A83,7A40,7A0D,79E7,79C9,79AC,798B,7966,793A,790B,78DC,78B1,788F,7879,786E,786F,7878,7886,7894,78A1,78AA,78AF,78B4,78BC,78CC,78E8,7915,7954,79A4,7A01,7A67,7ACE,7B30,7B84,7BC6,7BF1,7C02,7BF9,7BDA,7BA8,7B6E,7B33,7B03,7AE7,7AE6,7B04,7B3F,7B93,7BF6,7C5E,7CC1,7D17,7D5A,7D89,7DA5,7DB1,7DAE,7D9E,7D82,7D59,7D24,7CE2,7C98,7C4A,7BFD,7BB7,7B7F,7B56,7B3B,7B2D,7B25,7B1F,7B16,7B06,7AEF,7AD2,7AB5,7A9A,7A87,7A7F,7A84,7A96,7AB4,7ADA,7B03,7B2C,7B4D,7B63,7B69,7B5E,7B43,7B1B,7AEB,7AB9,7A8D,7A6D,7A60,7A69,7A8A,7AC3,7B11,7B70,7BDD,7C50,7CC5,7D36,7D9E,7DF9,7E44,7E80,7EAC,7ECD,7EE5,7EFA,7F10,7F2A,7F49,7F6D,7F96,7FC2,7FF0,801D,8049,8074,809F,80C8,80F1,8116,8137,8153,8167,8174,817B,817D,817E,8180,8183,8188,818F,8194,8195,8191,8185,8171,8155,8135,8111,80ED,80CC,80AF,8098,8088,8080,8081,8089,8097,80AA,80BF,80D4,80E7,80F5,80FF,8103,8104,8103,8101,8102,8106,810F,811D,8130,8148,8164,8183,81A3,81C5,81E5,8203,821C,8231,823F,8248,824D,824F,8252,8258,8263,8275,828E,82AC,82CC,82EB,8305,8316,831D,831C,8314,830D,830D,831A,833A,8371,83BD,841A,8483,84F0,8559,85B8,8609,8648,8677,8697,86A9,86B0,86AC,86A0,868C,8672,8655,863B,862A,8629,8641,8675,86CA,873F,87CF,8873,8921,89D0,8A79,8B15,8BA6,8C2D,8CAD,8D29,8DA4,8E1C,8E8F,8EF8,8F57,8FAA,8FF7,9044,9094,90E9,913B,917B,9193,9168,90E5,8FFE,8EB5,8D1E,8B59,8991,87F0,8698,859B,84FA,84A9,848C,8485,8478,844D,83FA,8377,82C7,81EE,80F2,7FD8,7EA8,7D6C,7C2F,7AFF,79EB,7900,7844,77B8,7754,7710,76DD,76B4,7690,7670,765B,7655,7664,7688,76BE,76FE,7742,7786,77CA,7815,786F,78E2,7973,7A22,7AE8,7BB9,7C85,7D40,7DDE,7E5B,7EBA,7F00,7F3A,7F71,7FB0,8000,8068,80EA,8188,823E,8305,83D3,849C,8550,85E4,8650,8693,86B2,86B6,86AC,869E,8694,868D,8686,8677,8657,8621,85D6,857A,8516,84B4,845A,840A,83C3,837D,8330,82D5,8268,81EB,8162,80D4,8049,7FC7,7F52,7EE9,7E8B,7E35,7DE4,7D96,7D4B,7D00,7CB5,7C69,7C19,7BC6,7B71,7B1B,7ACA,7A84,7A4E,7A2D,7A21,7A29,7A40,7A5F,7A80,7AA0,7ABD,7AD9,7AF6,7B1A,7B48,7B81,7BC6,7C14,7C68,7CBD,7D10,7D60,7DAB,7DF2,7E37,7E7B,7EC0,7F06,7F4E,7F95,7FDB,801D,805A,8091,80BE,80E3,8100,8116,8129,813A,814F,8167,8183,81A1,81BC,81D1,81DA,81D4,81BD,8195,8161,8123,80E0,809C,8057,8013,7FCD,7F85,7F38,7EE6,7E91,7E39,7DE2,7D8D,7D3E,7CF5,7CB2,7C74,7C3B,7C06,7BD4,7BA4,7B76,7B48,7B1C,7AF2,7ACA,7AA5,7A84,7A69,7A54,7A44,7A37,7A2D,7A22,7A16,7A07,79F6,79E7,79DC,79D9,79E1,79F4,7A14,7A3F,7A74,7AAF,7AF0,7B34,7B7A,7BC0,7C05,7C47,7C85,7CBF,7CF2,7D21,7D4D,7D76,7D9D,7DC3,7DE5,7E04,7E1D,7E30,7E3D,7E44,7E4A,7E4F,7E56,7E5D,7E64,7E68,7E65,7E5A,7E46,7E2B,7E0B,7DEC,7DD0,7DB8,7DA3,7D8F,7D76,7D54,7D25,7CE8,7C9F,7C4C,7BF4,7B9A,7B42,7AEC,7A9C,7A50,7A0B,79CF,799D,7977,795E,7950,794B,7949,7947,7940,7932,791D,7903,78E9,78D1,78BE,78B1,78AA,78A7,78A4,78A1,7899,788B,7877,785C,783B,7815,77ED,77C9,77AC,779D,779E,77B3,77D8,7809,7840,7875,78A2,78C3,78D7,78E1,78E4,78E5,78E7,78EA,78EC,78ED,78E8,78DF,78D1,78C3,78B8,78B4,78BA,78CA,78E3,7900,791F,793E,795C,797A,799A,79BD,79E3,7A0B,7A34,7A59,7A7A,7A93,7AA5,7AB1,7AB7,7AB9,7AB6,7AAE,7A9E,7A85,7A64,7A3D,7A11,79E7,79C2,79A5,7993,798B,798B,7990,7997,799D,79A2,79A5,79A7,79AA,79AE,79B3,79BB,79C4,79CF,79DB,79E6,79F0,79F8,79FD,79FE,79FE,79FD,79FE,7A04,7A12,7A29,7A49,7A6F,7A97,7ABF,7AE2,7AFF,7B17,7B2A,7B3D,7B54,7B70,7B93,7BBB,7BE5,7C0F,7C36,7C57,7C73,7C8A,7C9F,7CB3,7CC7,7CDC,7CF1,7D07,7D1C,7D2F,7D41,7D51,7D61,7D70,7D7E,7D8B,7D98,7DA3,7DAD,7DB6,7DBF,7DC9,7DD3,7DDD,7DE7,7DF0,7DF8,7DFE,7E04,7E0C,7E17,7E27,7E3F,7E5D,7E82,7EAC,7ED8,7F05,7F31,7F59,7F7E,7F9F,7FBE,7FDB,7FF8,8015,8033,8054,8076,809B,80C2,80EA,8111,8137,8159,8178,8193,81AB,81C0,81D5,81EA,8200,8218,8231,824B,8263,827A,828F,82A3,82B7,82CC,82E3,82FC,8318,8336,8355,8374,8394,83B4,83D3,83F1,840F,842C,8446,845F,8476,848D,84A6,84C5,84ED,8520,855F,85A9,85FB,8651,86A6,86F6,873E,877D,87B4,87E6,8817,884D,888A,88D2,8926,8983,89E5,8A48,8AA3,8AF1,8B2D,8B56,8B6C,8B77,8B7D,8B8A,8BA9,8BE2,8C3D,8CBB,8D5B,8E1A,8EEF,8FD5,90C6,91BD,92B8,93B3,94A7,958C,9654,96ED,9744,9746,96E5,961D,94F2,9376,91C2,8FF6,8E35,8C9A,8B3A,8A21,894B,88AF,883B,87DC,8782,8721,86B2,8633,85A8,8513,8477,83D5,832E,8280,81CC,8114,805B,7FA7,7EFE,7E63,7DD9,7D5F,7CF2,7C8C,7C2B,7BCA,7B6A,7B0C,7AB7,7A6F,7A3C,7A24,7A2B,7A56,7AA7,7B1F,7BBD,7C7F,7D60,7E56,7F56,8052,813A,8202,82A2,8316,8362,838F,83A8,83BB,83D3,83F9,8431,847A,84CF,852A,8585,85DB,8628,866C,86A7,86DA,8706,872D,874C,8763,8771,8773,8768,8752,8733,870E,86E6,86BF,869A,8677,8650,8621,85E3,858C,8519,8486,83D4,8308,822A,8147,806A,7F9E,7EEC,7E59,7DE6,7D91,7D56,7D2D,7D11,7CFA,7CE4,7CCD,7CB3,7C97,7C7B,7C60,7C48,7C32,7C1D,7C09,7BF5,7BDF,7BCA,7BB6,7BA8,7BA1,7BA5,7BB4,7BCF,7BF3,7C1D,7C48,7C71,7C98,7CBE,7CE5,7D14,7D4F,7D9D,7E02,7E7E,7F0F,7FB0,805A,8103,81A2,822E,829F,82F3,8325,8337,832D,830B,82D9,829D,825E,8222,81ED,81C0,819D,8182,816E,815E,8152,8148,8140,8138,8130,8124,8114,80FC,80DA,80AC,8071,802B,7FDB,7F86,7F2E,7ED6,7E82,7E31,7DE3,7D97,7D48,7CF4,7C98,7C32,7BC3,7B4E,7AD9,7A6A,7A0B,79C2,7993,797F,7985,79A1,79CB,79FE,7A35,7A6C,7AA3,7AD9,7B0E,7B41,7B6F,7B95,7BB1,7BC0,7BC1,7BB7,7BA7,7B97,7B8C,7B8B,7B97,7BAF,7BD1,7BF9,7C20,7C45,7C64,7C7C,7C8D,7C9A,7CA5,7CB1,7CC1,7CD8,7CF6,7D1C,7D49,7D7B,7DAE,7DDF,7E0B,7E30,7E4C,7E5F,7E66,7E62,7E4F,7E2B,7DF5,7DAE,7D56,7CF2,7C89,7C23,7BC6,7B78,7B3A,7B0C,7AEB,7AD1,7ABC,7AA9,7A97,7A86,7A78,7A6C,7A62,7A56,7A44,7A2A,7A06,79D7,79A2,796B,7937,790A,78E6,78CA,78B3,789C,7881,785D,782F,77FA,77C2,778C,775F,7740,7730,7730,773D,7752,776B,7783,7798,77AA,77BB,77CE,77E5,7803,7826,784D,7873,7893,78AC,78B9,78BD,78BA,78B5,78B1,78B1,78B7,78C0,78CA,78CF,78CE,78C3,78B0,7898,787E,786A,785E,785E,786B,7883,78A1,78C1,78DF,78F6,7904,7909,7906,78FD,78F1,78E2,78D4,78C5,78B7,78A7,7897,7884,7870,785D,784B,783C,7833,782E,782D,7830,7833,7837,7839,783B,783C,7840,7847,7853,7865,787C,7897,78B4,78D1,78EC,7905,791A,792D,793D,794B,7957,7961,7968,796E,7973,7977,797D,7988,7998,79AF,79CD,79F2,7A1C,7A49,7A77,7AA2,7ACA,7AED,7B0C,7B26,7B3E,7B53,7B68,7B7D,7B92,7BA6,7BB9,7BCB,7BD9,7BE5,7BEF,7BF7,7C00,7C0C,7C1A,7C2C,7C41,7C58,7C6E,7C82,7C94,7CA3,7CB0,7CBE,7CCD,7CDF,7CF3,7D07,7D1B,7D2B,7D35,7D38,7D35,7D2D,7D21,7D16,7D0C,7D06,7D04,7D05,7D09,7D0E,7D13,7D19,7D1E,7D24,7D2B,7D36,7D45,7D59,7D72,7D90,7DB0,7DD3,7DF5,7E15,7E33,7E4F,7E6A,7E86,7EA4,7EC7,7EED,7F17,7F42,7F6D,7F94,7FB6,7FD2,7FE7,7FF8,8008,801A,802F,804A,806B,8090,80B9,80E3,810C,8133,8157,8177,8195,81B0,81C8,81DD,81F0,81FF,820D,8219,8226,8236,824A,8264,8282,82A3,82C3,82DD,82EE,82F3,82EF,82E3,82D6,82CE,82D3,82EA,8314,8351,839B,83ED,8440,848E,84D3,8511,8547,8579,85AB,85DE,8613,864A,8681,86B7,86ED,8724,875E,879E,87E5,8835,888D,88EA,894A,89A8,8A04,8A5D,8AB6,8B14,8B7E,8BF9,8C8A,8D33,8DF2,8EC1,8F9A,9071,913B,91EC,927C,92E1,9314,9310,92D3,925B,91AC,90CC,8FC5,8EA5,8D7C,8C59,8B49,8A54,897E,88C4,881F,8786,86F1,865D,85C7,8532,84A2,841B,839E,832C,82C1,8259,81F1,8186,811B,80B1,804C,7FF0,7F9C,7F4F,7F06,7EBC,7E6F,7E1B,7DC3,7D69,7D12,7CC3,7C81,7C50,7C34,7C31,7C49,7C7F,7CD4,7D49,7DDA,7E80,7F34,7FEB,809C,813F,81D1,8251,82C2,8327,8385,83DF,8435,8488,84D4,8519,8554,8587,85B0,85D2,85EE,8603,8612,861A,8619,8611,8602,85EE,85D9,85C6,85B7,85B1,85B3,85C0,85D7,85F5,8619,863D,865D,8671,8674,8660,8633,85EC,858D,851B,849B,8412,8385,82F7,826B,81E3,8161,80E5,8074,800D,7FB3,7F64,7F1F,7EE2,7EAA,7E76,7E45,7E19,7DF3,7DD6,7DC2,7DB9,7DBA,7DC4,7DD3,7DE6,7DFC,7E12,7E27,7E3A,7E48,7E4F,7E4C,7E3E,7E25,7E04,7DE0,7DBD,7DA2,7D94,7D96,7DAA,7DCF,7E05,7E48,7E96,7EEB,7F44,7F9C,7FF1,803F,8083,80BC,80EC,8112,8133,814E,8167,817C,818C,8196,8197,818E,8178,8157,812B,80F5,80B5,806D,801E,7FCA,7F73,7F1C,7EC9,7E7B,7E35,7DF9,7DC6,7D9D,7D7A,7D5E,7D44,7D2D,7D15,7CFA,7CD9,7CB0,7C7D,7C3F,7BF8,7BA9,7B58,7B08,7ABF,7A7F,7A4A,7A1F,79FE,79E3,79CB,79B4,799C,7984,796B,7951,793A,7927,791B,791A,7927,7943,7971,79AF,79FA,7A4C,7AA3,7AF7,7B47,7B90,7BD1,7C0A,7C38,7C5C,7C72,7C78,7C6E,7C54,7C2F,7C04,7BDB,7BBB,7BA7,7BA3,7BAB,7BBE,7BD4,7BEA,7BFD,7C0A,7C14,7C1B,7C22,7C2B,7C35,7C40,7C4D,7C59,7C63,7C6C,7C72,7C75,7C73,7C6C,7C5D,7C45,7C23,7BF6,7BBF,7B80,7B3B,7AF3,7AA9,7A62,7A20,79E7,79B8,7996,7982,797A,797D,7985,7990,7999,799E,799E,799A,7993,798A,7982,797D,7979,7978,7979,797C,7982,798B,7997,79A8,79BC,79D2,79E8,79FA,7A07,7A0D,7A0C,7A05,79FB,79F3,79F1,79F9,7A0E,7A32,7A63,7AA0,7AE3,7B27,7B69,7BA3,7BD2,7BF6,7C0E,7C1D,7C23,7C22,7C1A,7C09,7BEC,7BC2,7B88,7B3D,7AE5,7A82,7A1C,79B8,795D,790F,78D1,78A1,787D,7863,7850,7842,7839,7836,783C,784C,7867,788F,78C0,78F8,7931,7969,799B,79C4,79E3,79F8,7A05,7A0B,7A0E,7A0E,7A0E,7A0E,7A0E,7A0F,7A0F,7A10,7A13,7A18,7A22,7A33,7A4B,7A6C,7A95,7AC5,7AFA,7B34,7B70,7BAF,7BEF,7C30,7C71,7CB0,7CEC,7D23,7D54,7D7D,7D9D,7DB4,7DC3,7DCB,7DCC,7DC8,7DBD,7DAD,7D98,7D7E,7D60,7D41,7D22,7D06,7CEE,7CDD,7CD5,7CD4,7CDB,7CE8,7CFA,7D10,7D27,7D40,7D59,7D73,7D8D,7DA8,7DC4,7DE1,7DFE,7E19,7E32,7E46,7E54,7E5B,7E5B,7E55,7E4A,7E3D,7E2F,7E23,7E19,7E14,7E12,7E15,7E1C,7E29,7E3B,7E53,7E72,7E99,7EC8,7EFD,7F37,7F75,7FB5,7FF5,8033,806D,80A2,80D2,80FC,8120,813E,8157,816B,817B,8188,8194,819D,81A6,81AF,81B8,81C2,81CE,81DF,81F3,820D,822C,824E,8275,829E,82CA,82F7,8326,8357,838A,83BE,83F2,8425,8455,8480,84A7,84C8,84E6,8500,8519,8532,854A,8561,8577,8589,8596,859C,859C,8596,858B,857D,856F,8562,8558,8550,854D,854C,854D,8553,855E,8571,858E,85B6,85EB,862C,8674,86C0,870A,874F,878A,87BB,87E3,8804,8820,883A,8855,8872,8891,88B2,88D6,88FC,8924,8950,897F,89B1,89E7,8A1E,8A57,8A91,8ACE,8B0F,8B58,8BAE,8C14,8C8D,8D1A,8DB7,8E60,8F0D,8FB4,904C,90CE,9136,9181,91B1,91C8,91C8,91B0,917F,9132,90C4,9033,8F81,8EB1,8DD0,8CE8,8C07,8B35,8A76,89CA,892B,8891,87F5,8754,86AF,860B,856F,84E2,8469,8403,83AD,8360,8316,82C8,8274,8219,81B8,8153,80EC,8081,8014,7FA2,7F2E,7EB9,7E48,7DE0,7D86,7D3D,7D06,7CE1,7CCA,7CBF,7CBF,7CCA,7CDF,7D01,7D31,7D6D,7DB5,7E05,7E5A,7EB3,7F0E,7F6A,7FC9,8029,808B,80EB,8149,819F,81ED,822F,8266,8290,82B0,82C4,82CC,82CA,82BD,82A7,828A,8269,8249,822B,8212,81FD,81EB,81DA,81C8,81B5,81A1,818D,817A,816A,815B,814D,813B,8125,8107,80E1,80B4,807F,8045,8004,7FBD,7F6E,7F17,7EB6,7E4D,7DDF,7D6E,7CFD,7C8F,7C26,7BC2,7B65,7B0F,7AC1,7A7F,7A4C,7A28,7A17,7A15,7A21,7A35,7A4E,7A66,7A7D,7A91,7AA6,7ABC,7AD6,7AF5,7B16,7B38,7B58,7B75,7B8C,7BA0,7BB1,7BC1,7BD3,7BE7,7BFC,7C12,7C28,7C3D,7C50,7C65,7C7B,7C97,7CB9,7CE2,7D12,7D47,7D80,7DBC,7DF7,7E31,7E67,7E96,7EBC,7ED8,7EE6,7EE6,7ED8,7EBE,7E98,7E6A,7E35,7DFB,7DBE,7D80,7D41,7D02,7CC5,7C8A,7C51,7C1B,7BE7,7BB5,7B82,7B50,7B1D,7AEB,7ABB,7A8C,7A61,7A39,7A16,79F7,79DC,79C4,79AF,799C,798B,797A,796A,7958,7946,7932,791E,790B,78FA,78ED,78E5,78E2,78E5,78ED,78FB,790D,7923,793D,7959,7975,7991,79AA,79C0,79D4,79E7,79FC,7A17,7A3A,7A67,7A9E,7ADD,7B1F,7B61,7B9E,7BD2,7BFB,7C19,7C2B,7C32,7C30,7C24,7C11,7BF5,7BD2,7BA9,7B7C,7B4D,7B21,7AFA,7ADA,7AC2,7AB4,7AAC,7AA9,7AA6,7AA0,7A94,7A7E,7A5F,7A38,7A0D,79E2,79BB,799C,7987,7979,7973,7970,796C,7966,795A,794A,7934,791B,78FF,78E3,78C7,78AC,7893,787E,786F,7865,7863,7868,7875,7887,789D,78B4,78CB,78E0,78F2,7900,790A,7911,7915,7918,791D,7925,7932,7947,7964,7988,79B0,79DC,7A07,7A30,7A55,7A75,7A92,7AAA,7ABE,7ACC,7AD2,7AD0,7AC5,7AB2,7A99,7A7E,7A67,7A57,7A51,7A54,7A5D,7A68,7A6C,7A64,7A4B,7A1E,79E0,7995,7945,78F7,78B2,787C,7856,783F,7834,7831,7833,7837,783D,7845,7851,7863,787C,789B,78C0,78E7,790F,7934,7958,797A,799B,79BE,79E5,7A10,7A3E,7A6F,7A9E,7AC9,7AED,7B08,7B1A,7B24,7B2A,7B2E,7B34,7B3F,7B51,7B6A,7B8B,7BB1,7BDB,7C08,7C35,7C63,7C90,7CBD,7CEA,7D14,7D3D,7D63,7D85,7DA3,7DBC,7DD0,7DE0,7DEE,7DFB,7E05,7E0F,7E16,7E1C,7E1E,7E1C,7E17,7E0F,7E06,7DFE,7DF8,7DF5,7DF7,7DFD,7E09,7E18,7E2B,7E41,7E58,7E72,7E8E,7EAD,7ECE,7EF3,7F1A,7F44,7F6E,7F97,7FBE,7FE2,8002,801F,803A,8054,806E,808B,80AA,80CA,80EB,810B,8129,8143,815A,816F,8183,8199,81B3,81D2,81F6,8220,824E,827E,82AF,82DF,830D,8339,8363,838B,83B3,83DB,8402,8428,844A,8467,847E,848E,8498,849C,849D,849C,849C,849D,84A1,84A6,84AD,84B4,84BB,84C2,84CA,84D5,84E2,84F2,8505,851B,8530,8546,855A,856C,857C,858B,859A,85A8,85B6,85C4,85D0,85DA,85E1,85E3,85E1,85DA,85D0,85C2,85B3,85A3,8595,8589,8581,857D,857E,8585,8590,85A1,85B8,85D5,85F8,8621,864E,8680,86B4,86EA,8720,8756,878C,87C2,87F6,882A,885C,888C,88B9,88E3,890A,892F,8953,8977,899B,89C0,89E5,8A0A,8A2D,8A4D,8A6B,8A86,8AA0,8ABC,8ADB,8B03,8B36,8B79,8BCE,8C34,8CAA,8D2B,8DB0,8E31,8EA8,8F0E,8F63,8FA6,8FDA,9003,9021,9033,9036,9021,8FED,8F93,8F0F,8E65,8D9B,8CBE,8BDB,8AFD,8A2E,8970,88C1,881C,877B,86D8,862F,8582,84D5,842D,8391,8304,828A,8221,81C7,817A,8135,80F6,80BA,8082,804D,801A,7FEB,7FC0,7F97,7F70,7F49,7F20,7EF3,7EC0,7E89,7E4D,7E10,7DD6,7DA4,7D7E,7D67,7D60,7D67,7D78,7D91,7DAC,7DC9,7DE8,7E0B,7E33,7E64,7E9E,7EE1,7F2B,7F77,7FC4,800D,8051,8090,80C9,80FC,8129,814E,816A,817C,8182,817C,816B,814F,8129,80FA,80C3,8086,8045,8002,7FC1,7F86,7F53,7F2B,7F0D,7EF6,7EE5,7ED5,7EC4,7EB0,7E9B,7E85,7E70,7E5D,7E4B,7E39,7E24,7E0A,7DEA,7DC4,7D98,7D6A,7D3B,7D0C,7CDD,7CAC,7C77,7C3D,7BFD,7BB8,7B70,7B29,7AE6,7AAA,7A78,7A4F,7A31,7A1B,7A0E,7A08,7A0A,7A15,7A28,7A44,7A69,7A95,7AC8,7AFE,7B37,7B6F,7BA5,7BD7,7C06,7C30,7C58,7C7D,7CA3,7CC9,7CEF,7D16,7D3A,7D5A,7D73,7D83,7D8A,7D88,7D80,7D75,7D69,7D61,7D5D,7D60,7D69,7D77,7D89,7D9D,7DB2,7DC6,7DDA,7DEB,7DF8,7E02,7E05,7E02,7DF8,7DE7,7DCE,7DB0,7D8C,7D63,7D37,7D06,7CD3,7C9E,7C68,7C31,7BFB,7BC7,7B94,7B62,7B30,7AFD,7AC9,7A92,7A5C,7A28,79FA,79D5,79BC,79AF,79AF,79B9,79C9,79DC,79EE,7A00,7A0F,7A1E,7A2E,7A40,7A55,7A6E,7A89,7AA5,7AC1,7AD9,7AEF,7B01,7B11,7B1E,7B2B,7B39,7B47,7B57,7B67,7B77,7B84,7B8F,7B94,7B96,7B95,7B93,7B93,7B96,7B9F,7BAC,7BBD,7BD1,7BE4,7BF6,7C04,7C10,7C18,7C1F,7C23,7C24,7C22,7C1B,7C0F,7BFE,7BE8,7BD1,7BB9,7BA3,7B8F,7B7C,7B68,7B51,7B35,7B12,7AE9,7ABB,7A8B,7A5C,7A2F,7A05,79E0,79BF,79A0,7986,796E,795A,794B,7941,793C,793B,793C,793E,7941,7943,7944,7946,7948,794C,7952,795B,7966,7974,7984,7997,79AC,79C3,79DA,79F1,7A07,7A1B,7A2F,7A43,7A58,7A6F,7A89,7AA8,7ACB,7AF4,7B23,7B58,7B91,7BCC,7C06,7C39,7C5F,7C74,7C72,7C5B,7C31,7BF9,7BBB,7B7E,7B48,7B1B,7AFA,7AE2,7AD1,7AC3,7AB7,7AAD,7AA5,7AA1,7AA2,7AA9,7AB5,7AC7,7ADC,7AF5,7B12,7B34,7B5A,7B86,7BB8,7BED,7C24,7C5D,7C94,7CC9,7CF9,7D22,7D43,7D5A,7D66,7D67,7D60,7D52,7D42,7D35,7D2D,7D2C,7D34,7D42,7D55,7D6C,7D83,7D9B,7DB2,7DC9,7DDF,7DF6,7E0C,7E22,7E39,7E50,7E6A,7E89,7EAE,7EDA,7F0C,7F42,7F7B,7FB4,7FE9,8019,8042,8064,807F,8093,80A0,80A7,80A8,80A5,80A0,809B,8097,8097,809B,80A4,80B0,80C0,80D2,80E7,80FE,8118,8135,8154,8175,8196,81B7,81D8,81F8,8219,823B,8260,8287,82AF,82D6,82F8,8314,8327,8330,8331,832A,831F,8312,8304,82F6,82E9,82DD,82D3,82C9,82C2,82BC,82B8,82B7,82B7,82B8,82B8,82B9,82B9,82B9,82BB,82BF,82C6,82D1,82DE,82EE,82FF,8310,8322,8334,8344,8354,8363,8370,837A,8382,8387,8389,8388,8387,8384,8382,8381,8381,8382,8385,838A,8391,839A,83A5,83B2,83C0,83D0,83E0,83F2,8405,841A,8432,844E,846E,8492,84B9,84E2,850C,8536,855E,8582,85A3,85C0,85D8,85EC,85FC,8608,8611,8617,861D,8621,8624,8627,8629,862B,862D,862F,8632,8637,863E,8647,8652,8660,866E,867E,868F,86A1,86B3,86C5,86D6,86E8,86F9,8709,8719,8729,8739,874B,875D,8770,8782,8792,879F,87A8,87AE,87B2,87B6,87BB,87C5,87D4,87EB,8809,8830,885E,8895,88D3,8918,8965,89B8,8A0F,8A67,8ABD,8B0D,8B53,8B8D,8BB8,8BD4,8BDF,8BDA,8BC4,8B9E,8B66,8B1B,8ABD,8A4B,89C7,8933,8893,87E9,8739,8689,85DA,852F,848C,83F1,835E,82D4,8251,81D6,8160,80EE,8082,801C,7FBD,7F67,7F1C,7EDD,7EA7,7E79,7E4F,7E26,7DFC,7DD0,7DA4,7D7B,7D57,7D3A,7D24,7D12,7D00,7CEA,7CCC,7CA5,7C76,7C44,7C14,7BEB,7BD0,7BC3,7BC5,7BD2,7BE6,7BFE,7C16,7C2C,7C42,7C59,7C73,7C91,7CB4,7CDC,7D06,7D32,7D5D,7D87,7DAE,7DD3,7DF7,7E19,7E38,7E54,7E6B,7E7B,7E83,7E80,7E72,7E5A,7E38,7E0F,7DE0,7DAF,7D7E,7D50,7D26,7D02,7CE2,7CC6,7CAC,7C94,7C7C,7C64,7C4E,7C39,7C28,7C1B,7C12,7C0C,7C08,7C05,7C00,7BF8,7BEC,7BDE,7BCD,7BBA,7BA5,7B8E,7B74,7B58,7B39,7B16,7AF2,7ACD,7AA9,7A86,7A65,7A47,7A2D,7A17,7A06,79FB,79F9,7A00,7A11,7A2A,7A49,7A6B,7A8F,7AB1,7AD2,7AF2,7B14,7B38,7B61,7B8F,7BC0,7BF2,7C22,7C4D,7C72,7C90,7CA7,7CBB,7CCC,7CDC,7CEB,7CF8,7D01,7D04,7D00,7CF3,7CDF,7CC6,7CAC,7C93,7C7E,7C70,7C68,7C67,7C69,7C6C,7C6D,7C6A,7C62,7C53,7C3F,7C27,7C0B,7BED,7BCE,7BAF,7B8E,7B6C,7B48,7B22,7AF8,7ACC,7A9E,7A70,7A45,7A1D,79FB,79DD,79C5,79AF,799A,7986,7972,795E,794E,7944,7942,794A,795B,7975,7994,79B4,79D5,79F3,7A0E,7A27,7A3F,7A54,7A67,7A77,7A83,7A8A,7A8E,7A90,7A92,7A97,7AA0,7AAF,7AC0,7AD3,7AE5,7AF3,7AFB,7AFE,7AFD,7AF9,7AF3,7AEE,7AEA,7AE9,7AEC,7AF3,7AFF,7B11,7B27,7B3F,7B57,7B6D,7B7D,7B86,7B8A,7B8A,7B88,7B86,7B87,7B89,7B8C,7B8D,7B8B,7B84,7B76,7B63,7B4B,7B30,7B12,7AF1,7ACF,7AAB,7A85,7A5F,7A3B,7A19,79FB,79E2,79CE,79BF,79B3,79AB,79A6,79A7,79AC,79B6,79C5,79D6,79E7,79F7,7A05,7A12,7A1F,7A2F,7A44,7A5F,7A7E,7A9F,7ABD,7AD1,7AD8,7AD0,7AB8,7A93,7A68,7A3B,7A13,79F5,79E2,79DC,79E0,79ED,7A00,7A17,7A32,7A50,7A71,7A95,7ABE,7AEA,7B19,7B4B,7B80,7BB6,7BED,7C24,7C5B,7C93,7CCC,7D07,7D43,7D81,7DBE,7DF9,7E2E,7E5B,7E7C,7E92,7E9C,7E9D,7E98,7E93,7E8F,7E91,7E99,7EA7,7EB9,7ECD,7EE1,7EF5,7F09,7F1D,7F33,7F4D,7F6C,7F8F,7FB5,7FDD,8004,802A,804D,806C,8088,80A2,80BA,80D2,80EA,8101,8116,8127,8130,8131,8128,8115,80FC,80DF,80C4,80AE,80A2,809F,80A7,80B9,80D0,80EB,8108,8125,8142,8161,8182,81A8,81D0,81FC,8229,8256,827F,82A5,82C5,82E1,82F8,830D,8322,8337,834D,8363,8378,838A,8396,839A,8397,838C,837D,836C,835E,8355,8354,835B,8368,8378,8389,8397,83A1,83A6,83A9,83AA,83AD,83B4,83BE,83CD,83DE,83EE,83FE,8409,8410,8413,8411,840C,8405,83FD,83F4,83EB,83E1,83D5,83C8,83B7,83A5,8390,837A,8365,8354,8348,8345,8349,8356,836A,8382,839D,83B8,83D3,83EE,8409,8426,8447,846E,8498,84C6,84F5,8523,854D,8571,858F,85A7,85BA,85CB,85DA,85EA,85FC,8610,8626,863D,8652,8666,8675,8681,8689,868F,8694,869B,86A8,86B9,86D1,86EE,870C,8729,8742,8756,8764,876E,8775,877D,8787,8794,87A3,87B3,87C3,87CF,87D8,87DC,87DB,87D6,87CC,87BE,87A9,878F,876D,8745,8718,86E8,86B6,8687,865C,8636,8617,85FE,85EB,85DC,85D0,85C6,85BD,85B4,85AC,85A5,859F,859C,859C,85A2,85AD,85BF,85D9,85F9,8621,8650,8686,86C2,8703,8746,8788,87C3,87F4,8819,882F,8839,8839,8832,882A,8822,881B,8814,8809,87F5,87D4,87A3,8761,8712,86B9,865A,85FB,859F,8548,84F4,84A2,844E,83F7,8399,8335,82CD,8263,81FC,819D,8148,80FF,80C0,808A,8058,8025,7FED,7FAE,7F69,7F20,7ED8,7E95,7E5B,7E2C,7E07,7DEA,7DD1,7DBA,7DA1,7D87,7D6F,7D5B,7D50,7D51,7D5F,7D78,7D97,7DB8,7DD3,7DE5,7DEC,7DE9,7DE2,7DDB,7DDB,7DE6,7DFD,7E1E,7E43,7E68,7E86,7E98,7E9F,7E9B,7E91,7E84,7E7A,7E74,7E71,7E71,7E6F,7E67,7E59,7E43,7E29,7E0C,7DF0,7DD8,7DC5,7DB6,7DA9,7D9B,7D88,7D70,7D51,7D2C,7D03,7CDA,7CB3,7C91,7C76,7C62,7C53,7C48,7C3C,7C2B,7C13,7BF1,7BC5,7B93,7B5F,7B2D,7B04,7AE6,7AD4,7ACC,7ACA,7AC7,7ABE,7AAE,7A95,7A77,7A5A,7A43,7A37,7A3A,7A4B,7A67,7A8A,7AAF,7AD0,7AEC,7B03,7B16,7B29,7B3E,7B58,7B78,7B9C,7BC1,7BE3,7C01,7C16,7C22,7C26,7C25,7C23,7C22,7C26,7C30,7C3E,7C4D,7C5B,7C63,7C64,7C5E,7C52,7C44,7C3A,7C37,7C3E,7C4E,7C64,7C7D,7C94,7CA4,7CAC,7CAB,7CA2,7C94,7C85,7C78,7C6D,7C65,7C5F,7C5B,7C55,7C4B,7C3E,7C2B,7C12,7BF5,7BD5,7BB3,7B90,7B6E,7B4C,7B2B,7B0A,7AE7,7AC3,7A9F,7A7D,7A60,7A4B,7A41,7A43,7A50,7A64,7A7A,7A8D,7A98,7A99,7A90,7A82,7A72,7A67,7A64,7A6D,7A80,7A9B,7AB9,7AD6,7AED,7AFC,7B02,7B02,7AFF,7AFC,7AFD,7B03,7B0E,7B1A,7B23,7B22,7B15,7AFB,7AD4,7AA8,7A7E,7A5F,7A50,7A56,7A6E,7A93,7ABC,7AE1,7AFB,7B06,7B03,7AF7,7AE8,7ADD,7ADB,7AE5,7AF9,7B14,7B30,7B47,7B55,7B5A,7B54,7B46,7B34,7B20,7B0C,7AF8,7AE5,7AD0,7AB9,7A9D,7A7C,7A57,7A32,7A10,79F4,79E3,79DD,79E3,79F0,7A00,7A0F,7A17,7A19,7A13,7A0B,7A06,7A08,7A15,7A2D,7A4B,7A6A,7A82,7A8B,7A81,7A64,7A35,79FC,79C0,7988,7959,7935,791C,790C,7900,78F6,78ED,78E5,78E0,78E0,78E8,78FD,791E,794C,7985,79C6,7A0C,7A51,7A93,7AD1,7B0B,7B44,7B7E,7BBE,7C06,7C55,7CA8,7CFD,7D4C,7D90,7DC8,7DF2,7E11,7E2A,7E42,7E5C,7E7C,7EA1,7EC8,7EED,7F0E,7F27,7F39,7F45,7F4E,7F57,7F63,7F73,7F89,7FA2,7FBD,7FD9,7FF2,8007,8018,8025,802F,8037,803F,8047,804F,8057,805C,805C,8054,8043,8029,8006,7FDD,7FB3,7F8A,7F66,7F47,7F2E,7F19,7F07,7EF6,7EE7,7EDA,7ED2,7ED1,7EDA,7EED,7F0B,7F30,7F5C,7F8B,7FBB,7FEC,801C,804C,807E,80B2,80E9,8122,815C,8195,81CB,81FC,8227,8248,8261,8271,827A,827E,827F,8281,8285,828B,8292,829B,82A2,82A6,82A8,82A8,82A7,82A9,82AF,82BA,82CB,82E1,82FA,8314,832C,8341,8354,8363,836F,837B,8384,838D,8394,839A,839C,839A,8393,8386,8374,835D,8341,8323,8303,82E6,82CB,82B5,82A5,8299,8293,8290,8291,8294,829A,82A3,82AF,82BE,82D1,82E7,8301,831E,833D,835D,837E,839F,83BE,83DB,83F4,8408,8419,8426,8430,843A,8443,844D,8458,8462,846C,8473,8479,847E,8483,848A,8494,84A2,84B6,84CF,84EC,850C,852F,8553,8578,859D,85C1,85E1,85FE,8616,862A,8639,8644,864C,8651,8652,864F,8646,8636,861F,8602,85E1,85BF,85A0,8587,8574,8568,8562,855F,855C,8557,854F,8544,8537,852A,8520,851C,851E,8527,8537,854D,8565,857D,8593,85A5,85B2,85BB,85C1,85C6,85CE,85DB,85ED,8604,8620,863C,8656,866B,8679,867E,867C,8674,8669,865D,8653,864B,8645,863D,8633,8623,860C,85ED,85C8,859D,8570,8544,851B,84F6,84D5,84B8,849B,847D,845B,8433,8404,83CD,8390,834C,8305,82BB,8270,8225,81DA,8191,8148,80FF,80B6,806B,801F,7FD4,7F8C,7F48,7F0B,7ED7,7EAE,7E8F,7E79,7E69,7E5C,7E50,7E44,7E38,7E2B,7E20,7E18,7E15,7E16,7E1B,7E24,7E2D,7E36,7E3D,7E40,7E3F,7E3B,7E33,7E27,7E1A,7E0A,7DF8,7DE4,7DCE,7DB6,7D9F,7D88,7D73,7D62,7D54,7D4A,7D43,7D3C,7D36,7D2D,7D20,7D10,7CFC,7CE8,7CD3,7CC2,7CB5,7CAD,7CAA,7CAC,7CB1,7CB8,7CC0,7CC8,7CD0,7CD7,7CE1,7CED,7CFC,7D10,7D28,7D42,7D5C,7D74,7D87,7D91,7D92,7D8B,7D7D,7D6A,7D57,7D46,7D38,7D30,7D2B,7D29,7D26,7D22,7D1A,7D0F,7D02,7CF3,7CE6,7CDA,7CD0,7CC9,7CC3,7CBE,7CB9,7CB4,7CAE,7CA9,7CA6,7CA7,7CAC,7CB5,7CC2,7CD2,7CE0,7CEB,7CF0,7CED,7CE2,7CD1,7CBC,7CA6,7C94,7C87,7C81,7C81,7C86,7C8E,7C96,7C9E,7CA5,7CAB,7CB1,7CB9,7CC4,7CD1,7CDF,7CEE,7CFA,7D03,7D06,7D04,7CFF,7CF8,7CF2,7CF2,7CF7,7D03,7D13,7D23,7D30,7D35,7D2C,7D16,7CF3,7CC5,7C92,7C5E,7C2F,7C08,7BEB,7BD8,7BCB,7BC0,7BB5,7BA5,7B8E,7B70,7B4B,7B23,7AFA,7AD4,7AB4,7A9E,7A91,7A8E,7A91,7A99,7AA3,7AAE,7AB9,7AC6,7AD4,7AE7,7AFD,7B16,7B30,7B46,7B55,7B5C,7B5A,7B50,7B43,7B35,7B2B,7B27,7B29,7B2F,7B38,7B3F,7B45,7B47,7B47,7B48,7B4A,7B4F,7B59,7B66,7B77,7B89,7B9D,7BB0,7BC3,7BD7,7BE9,7BFB,7C0C,7C1A,7C25,7C2B,7C2C,7C27,7C1B,7C09,7BF1,7BD4,7BB3,7B93,7B74,7B59,7B43,7B31,7B22,7B14,7B04,7AEF,7AD5,7AB7,7A95,7A74,7A55,7A3A,7A26,7A17,7A0C,7A06,7A01,79FE,79FD,79FE,7A03,7A0D,7A1C,7A32,7A4D,7A6E,7A91,7AB6,7AD8,7AF6,7B0E,7B20,7B2C,7B35,7B3F,7B4C,7B60,7B7B,7B9D,7BC4,7BEF,7C1B,7C46,7C70,7C99,7CC4,7CF0,7D21,7D55,7D8B,7DC3,7DFB,7E31,7E65,7E97,7EC8,7EF9,7F2A,7F5C,7F8E,7FBD,7FE8,800E,802C,8042,804E,8053,8050,8049,803F,8035,802E,802C,802E,8036,8043,8052,8062,8072,8082,8092,80A3,80B5,80C8,80DD,80F2,8106,8119,812B,813B,814C,815D,816F,8183,8196,81A8,81B5,81BD,81BD,81B6,81AA,819A,8189,817A,816E,8167,8166,816B,8176,8188,819E,81BA,81D9,81FB,821E,8242,8265,8289,82AC,82CF,82F2,8314,8335,8353,836F,8388,839F,83B6,83CC,83E4,83FB,840F,841F,8426,8423,8414,83FB,83D9,83B2,838B,8368,834C,8339,8330,832F,8335,8341,8350,8362,8375,8389,839E,83B2,83C7,83DC,83F1,8406,841B,842E,8441,8451,845E,8469,8470,8474,8475,8473,846B,845F,844C,8433,8415,83F3,83CF,83AD,8391,837C,8370,836F,8377,8388,83A0,83BD,83DC,83FE,841F,8440,8460,847E,849C,84BB,84DA,84FC,8522,854D,857D,85B1,85E9,8622,8659,868D,86BA,86DF,86FB,870C,8712,870F,8704,86F3,86E0,86CE,86BF,86B5,86B0,86AF,86AF,86AE,86A9,869E,868D,8675,8659,863C,861F,8604,85EE,85DB,85CC,85BF,85B2,85A4,8595,8584,8570,855A,8541,8526,8509,84E9,84C6,84A2,847C,8456,8432,8411,83F6,83E3,83D8,83D7,83E0,83F3,840D,842E,8454,847B,84A3,84CB,84F3,851A,8544,8570,85A0,85D5,860F,864C,868B,86C9,8706,873E,8770,879D,87C3,87E2,87FB,880C,8816,8816,880C,87F7,87D7,87AC,8779,873F,8701,86C2,8682,8642,8602,85C0,857A,852E,84DD,8486,842D,83D4,837D,832B,82DE,8296,8252,820F,81CB,8186,813E,80F5,80AC,8064,801E,7FDA,7F98,7F58,7F18,7ED9,7E9A,7E5C,7E21,7DEA,7DB7,7D8A,7D63,7D43,7D29,7D15,7D09,7D03,7D04,7D0B,7D18,7D28,7D3D,7D54,7D6D,7D8A,7DA9,7DCC,7DF1,7E16,7E39,7E58,7E6F,7E7E,7E85,7E84,7E81,7E7C,7E7A,7E7B,7E7D,7E80,7E7D,7E72,7E5B,7E38,7E0B,7DD9,7DA7,7D7C,7D5B,7D45,7D3A,7D36,7D34,7D30,7D28,7D1B,7D0C,7CFF,7CF7,7CF7,7D00,7D0F,7D23,7D36,7D46,7D52,7D58,7D5A,7D5A,7D5B,7D5D,7D61,7D67,7D6D,7D71,7D72,7D70,7D6A,7D60,7D54,7D46,7D3A,7D2F,7D29,7D27,7D28,7D2B,7D2C,7D29,7D20,7D10,7CFC,7CE8,7CD9,7CD3,7CD9,7CEA,7D03,7D1D,7D33,7D3E,7D3F,7D35,7D25,7D15,7D0B,7D08,7D0F,7D1C,7D2C,7D3B,7D47,7D4E,7D51,7D53,7D54,7D57,7D5B,7D61,7D67,7D6B,7D6E,7D6E,7D6D,7D6A,7D67,7D64,7D61,7D60,7D61,7D66,7D6D,7D76,7D7E,7D80,7D79,7D67,7D48,7D1D,7CEB,7CB5,7C81,7C53,7C2D,7C0F,7BF7,7BE3,7BCF,7BB9,7BA1,7B86,7B69,7B4B,7B2C,7B0E,7AF0,7AD3,7AB8,7AA1,7A8E,7A80,7A77,7A71,7A6F,7A70,7A72,7A76,7A7D,7A85,7A8F,7A9A,7AA4,7AA9,7AA7,7A9F,7A91,7A7F,7A6E,7A63,7A60,7A67,7A78,7A8F,7AA9,7AC0,7AD2,7ADD,7AE3,7AE6,7AE8,7AEC,7AF3,7AFC,7B04,7B08,7B05,7AFA,7AE8,7ACF,7AB5,7A9C,7A8A,7A7F,7A7C,7A81,7A89,7A90,7A93,7A8E,7A80,7A69,7A4A,7A27,7A03,79E3,79CA,79B8,79AD,79A7,79A3,799D,7994,7985,7971,795A,7941,792A,7915,7903,78F6,78ED,78E8,78E9,78EE,78FA,790E,7928,7949,796E,7996,79BD,79E2,7A02,7A1D,7A32,7A44,7A54,7A64,7A77,7A8E,7AAB,7ACC,7AF2,7B1B,7B44,7B6D,7B94,7BB8,7BD8,7BF5,7C10,7C29,7C41,7C59,7C70,7C87,7C9E,7CB5,7CCC,7CE4,7CFD,7D15,7D2C,7D40,7D51,7D5D,7D64,7D68,7D68,7D67,7D66,7D66,7D6A,7D72,7D7E,7D8F,7DA6,7DC1,7DE1,7E05,7E2B,7E52,7E77,7E98,7EB6,7ECE,7EE1,7EEF,7EFB,7F05,7F0F,7F1A,7F27,7F38,7F4C,7F62,7F7B,7F94,7FAB,7FC0,7FD0,7FDA,7FDF,7FDF,7FDC,7FD8,7FD5,7FD4,7FD7,7FDF,7FEC,7FFD,8011,8028,8041,805A,8073,808A,809E,80B1,80C1,80D0,80DE,80ED,80FC,810C,811D,812D,813E,814D,815B,8169,8176,8183,8190,819C,81A7,81B0,81B7,81BD,81C1,81C6,81CB,81D2,81DA,81E4,81EE,81F9,8204,8210,821D,822B,823B,824E,8261,8274,8286,8296,82A4,82AF,82B7,82BD,82C2,82C6,82C9,82CB,82CC,82CC,82CB,82C9,82C5,82C0,82BA,82B4,82AE,82AA,82A8,82A9,82AC,82B2,82BA,82C3,82CE,82DB,82EA,82FD,8313,832E,834B,836B,838B,83AA,83C7,83E1,83FA,8411,842A,8444,845F,847B,8496,84AE,84C3,84D3,84DF,84E8,84EE,84F5,84FC,8506,8511,851E,852A,8536,853E,8544,8547,8548,8549,854B,8550,855A,856A,8580,859C,85BC,85DF,8601,8620,863A,864F,865E,8667,866C,866D,866C,866A,8669,8667,8665,8663,865F,8658,864D,863E,862B,8615,85FF,85E9,85D5,85C5,85BA,85B4,85B4,85B9,85C6,85DC,85FB,8625,8658,8691,86CD,8709,8740,876F,8796,87B5,87CF,87E5,87FA,880E,8820,8831,883F,8848,884F,8852,8854,8854,8851,884B,883D,8827,8807,87DC,87A9,8770,8736,86FF,86CE,86A4,8683,8669,8654,8643,8631,861C,8602,85E0,85B6,8585,854E,8514,84DB,84A3,846E,843C,840A,83D6,839E,8362,831F,82D8,828D,8240,81F0,819E,814B,80F6,80A3,8053,800B,7FCC,7F9B,7F77,7F5F,7F51,7F48,7F40,7F38,7F2D,7F20,7F12,7F05,7EFB,7EF5,7EF4,7EF7,7EFE,7F07,7F12,7F1D,7F26,7F2C,7F2D,7F27,7F19,7F02,7EE2,7EBA,7E8B,7E57,7E21,7DEB,7DB8,7D8B,7D66,7D4D,7D3F,7D3E,7D46,7D57,7D6B,7D81,7D95,7DA8,7DBA,7DCB,7DDD,7DF1,7E06,7E1D,7E33,7E47,7E59,7E68,7E76,7E83,7E8F,7E9B,7EA4,7EA8,7EA5,7E99,7E85,7E68,7E46,7E22,7DFF,7DE0,7DC6,7DB3,7DA6,7D9F,7D9F,7DA3,7DAB,7DB7,7DC4,7DD1,7DDE,7DE9,7DF4,7DFF,7E0B,7E19,7E2A,7E3B,7E4A,7E55,7E5A,7E56,7E4B,7E3A,7E25,7E0F,7DFA,7DE7,7DD5,7DC3,7DAD,7D94,7D76,7D54,7D30,7D0D,7CED,7CD0,7CB9,7CA7,7C99,7C90,7C8B,7C8B,7C90,7C9A,7CAA,7CBE,7CD5,7CEE,7D06,7D1B,7D2C,7D37,7D3C,7D3B,7D34,7D2B,7D1E,7D12,7D05,7CFA,7CEF,7CE5,7CD9,7CC9,7CB6,7C9F,7C84,7C69,7C4E,7C36,7C22,7C13,7C09,7C02,7BFD,7BF9,7BF4,7BF0,7BEB,7BE7,7BE2,7BDE,7BD8,7BD1,7BC8,7BBD,7BB0,7BA2,7B94,7B87,7B7C,7B73,7B6C,7B69,7B68,7B68,7B69,7B69,7B66,7B5E,7B52,7B43,7B31,7B1F,7B10,7B04,7AFC,7AF8,7AF4,7AF0,7AE9,7AE1,7AD8,7AD0,7ACB,7ACA,7ACD,7AD4,7ADB,7AE2,7AE7,7AEA,7AEE,7AF3,7AFC,7B0A,7B1C,7B32,7B49,7B5E,7B71,7B81,7B8D,7B96,7B9C,7B9F,7B9D,7B97,7B8B,7B7A,7B63,7B49,7B2D,7B13,7AFB,7AE8,7ADA,7AD1,7ACD,7ACD,7ACF,7AD3,7AD6,7AD7,7AD6,7AD3,7ACD,7AC6,7ABE,7AB7,7AB2,7AAE,7AA9,7AA2,7A97,7A88,7A76,7A61,7A4E,7A3E,7A35,7A35,7A3D,7A4C,7A61,7A79,7A92,7AAB,7AC3,7ADA,7AF1,7B08,7B21,7B3A,7B54,7B6F,7B8A,7BA4,7BBD,7BD5,7BEB,7C01,7C17,7C2F,7C4A,7C69,7C8A,7CAE,7CD1,7CF3,7D0F,7D26,7D36,7D42,7D49,7D4F,7D56,7D5E,7D68,7D73,7D7E,7D88,7D92,7D9A,7DA2,7DAB,7DB7,7DC5,7DD7,7DEC,7E03,7E1B,7E34,7E4D,7E65,7E7C,7E92,7EA8,7EBD,7ED2,7EE7,7EFB,7F0E,7F1E,7F29,7F30,7F30,7F29,7F1E,7F10,7F01,7EF5,7EEC,7EE9,7EEB,7EF1,7EFB,7F07,7F16,7F29,7F3F,7F5A,7F7B,7FA2,7FCC,7FFA,8028,8056,8083,80AF,80D9,8103,812C,8153,8179,819B,81BB,81D6,81EE,8203,8216,8226,8235,8243,8251,825F,826E,827D,828E,829F,82B1,82C2,82D1,82E0,82ED,82F9,8306,8313,8320,832E,833A,8344,834B,834E,834C,8347,833F,8335,832B,8320,8317,8310,830B,8309,830D,8314,831F,832D,8339,8342,8345,8341,8336,8326,8315,8306,82FD,82FD,8305,8316,832C,8345,835D,8371,8380,8388,838B,838C,838C,8390,8399,83AA,83C4,83E4,8408,842E,8452,8471,8489,849C,84A9,84B3,84BC,84C5,84CF,84DA,84E6,84F0,84F9,84FF,8503,8504,8505,8505,8506,8507,8507,8508,8508,8507,8507,8509,850D,8514,8521,8533,854A,8566,8585,85A6,85C6,85E3,85FA,860B,8614,8616,8613,860C,8603,85FA,85F1,85E9,85E0,85D5,85C6,85B3,859B,857F,8563,8548,8530,851F,8515,8512,8515,851D,8529,8538,854B,8562,857F,85A4,85D1,8606,8642,8683,86C5,8704,873E,8770,879A,87BD,87DB,87F5,880D,8823,8835,8841,8844,883B,8823,87FD,87CC,8792,8754,8717,86DE,86AC,867F,8656,862D,8601,85D0,8598,855C,851C,84DF,84A7,8478,8453,8436,841E,8405,83E6,83BC,8385,8342,82F7,82A7,825A,8213,81D5,81A1,8175,814E,8129,8102,80DB,80B4,8091,8074,8061,8057,8057,805E,8068,8072,807B,8083,8089,8092,809E,80AF,80C6,80E1,80FE,8119,8131,8146,8156,8162,816C,8172,8175,8174,816C,815D,8146,8127,8103,80DA,80AD,807F,804D,801A,7FE5,7FB0,7F7D,7F4E,7F26,7F05,7EEA,7ED1,7EB6,7E94,7E68,7E31,7DF1,7DAE,7D6E,7D35,7D0A,7CED,7CDD,7CD7,7CD7,7CD8,7CD9,7CD8,7CD8,7CDA,7CDF,7CE7,7CF3,7CFE,7D07,7D0B,7D08,7D01,7CF7,7CEE,7CED,7CF5,7D09,7D29,7D51,7D7C,7DA5,7DC5,7DD9,7DDF,7DD9,7DCA,7DB8,7DA7,7D9A,7D94,7D95,7D9A,7DA3,7DAD,7DB7,7DC0,7DC9,7DD0,7DD5,7DD7,7DD3,7DC9,7DB8,7DA0,7D85,7D69,7D4E,7D37,7D24,7D14,7D06,7CFA,7CEF,7CE6,7CDE,7CDC,7CDE,7CE5,7CF0,7CFD,7D09,7D12,7D17,7D1A,7D1C,7D20,7D28,7D37,7D4D,7D67,7D82,7D9B,7DAD,7DB5,7DB2,7DA3,7D8B,7D6E,7D51,7D37,7D24,7D19,7D16,7D18,7D1A,7D1B,7D16,7D0D,7D03,7CF9,7CF6,7CFA,7D07,7D18,7D2A,7D35,7D36,7D2B,7D14,7CF5,7CD4,7CB6,7C9E,7C8E,7C83,7C79,7C6C,7C59,7C3D,7C19,7BEF,7BC2,7B97,7B6F,7B4F,7B39,7B2D,7B2E,7B3B,7B52,7B73,7B98,7BBE,7BE1,7BFD,7C13,7C22,7C2C,7C33,7C39,7C3E,7C42,7C43,7C3F,7C35,7C26,7C12,7BFB,7BE3,7BCC,7BB6,7BA2,7B90,7B81,7B74,7B6A,7B61,7B5A,7B53,7B4A,7B3E,7B2F,7B1D,7B0C,7AFE,7AF6,7AF7,7AFE,7B0B,7B18,7B23,7B26,7B21,7B13,7AFE,7AE4,7AC8,7AAB,7A8E,7A71,7A53,7A34,7A16,79F9,79E1,79CF,79C6,79C8,79D5,79EC,7A0B,7A30,7A58,7A81,7AA8,7ACB,7AEA,7B04,7B1A,7B30,7B48,7B65,7B8A,7BB7,7BEB,7C24,7C5E,7C96,7CC7,7CF1,7D13,7D2F,7D47,7D5D,7D73,7D8C,7DA6,7DC1,7DDC,7DF5,7E0B,7E1F,7E2E,7E3B,7E44,7E4A,7E4B,7E46,7E3C,7E2A,7E10,7DEE,7DC7,7D9A,7D6D,7D42,7D1E,7D03,7CF6,7CF5,7D01,7D15,7D2D,7D44,7D56,7D60,7D60,7D59,7D4D,7D41,7D38,7D37,7D3D,7D4D,7D65,7D82,7DA3,7DC5,7DE6,7E06,7E23,7E3F,7E59,7E73,7E8E,7EAB,7EC9,7EE8,7F06,7F24,7F3F,7F57,7F6D,7F82,7F97,7FAD,7FC4,7FDD,7FF4,8009,8019,8025,802D,8031,8034,803A,8044,8055,806D,808C,80B0,80D9,8103,812E,8158,817F,81A4,81C5,81E2,81FC,8211,8223,822F,8236,8236,822F,8220,820D,81F6,81E1,81D1,81CA,81CE,81DC,81F1,8209,821E,822C,8231,822E,8225,821C,8218,821E,8230,824F,8278,82A7,82D7,8304,832C,834D,8367,837C,838F,839F,83AF,83BE,83CC,83D8,83E3,83EA,83EF,83F2,83F5,83FA,8401,840D,841E,8433,844A,8460,8473,8480,8487,8488,8486,8484,8485,848E,84A0,84BC,84E0,8508,8532,8558,8578,8590,85A0,85A8,85A9,85A5,859C,858E,857D,8568,8550,8534,8518,84FC,84E4,84D2,84C9,84CA,84D5,84EA,8506,8527,8549,856A,8589,85A6,85C3,85E2,8605,862B,8653,867A,869D,86B6,86C4,86C7,86BF,86B0,869E,868D,867F,8677,8673,8672,8673,8671,866E,8668,8661,865C,865C,8664,8676,8694,86BC,86ED,8722,8757,8789,87B4,87D8,87F6,880F,8827,8842,885F,887F,88A0,88BD,88D5,88E3,88E8,88E3,88D8,88C9,88B9,88A9,8899,8887,8872,8859,883A,8815,87EC,87C1,8794,8767,8739,870B,86DA,86A6,866D,862D,85E6,8598,8544,84ED,8496,8443,83F7,83B7,8385,835F,8343,832E,831A,8302,82E6,82C4,82A0,827D,825F,8249,823B,8235,8231,822E,8228,821E,8212,8206,81FD,81F9,81FD,8207,8214,8221,822C,8232,8235,8236,8237,823E,824B,8261,827E,829F,82C1,82DD,82EF,82F2,82E4,82C3,8291,8254,8211,81CE,8194,8165,8145,8132,8128,8123,811E,8115,8108,80FA,80EC,80E4,80E5,80EE,80FC,810A,8113,8112,8103,80E9,80C8,80A5,8088,8076,8070,8075,807F,8087,8089,807E,8066,8042,8017,7FEA,7FC3,7FA5,7F96,7F97,7FA6,7FC2,7FE6,800D,8032,8050,8065,806F,806F,8066,8057,8046,8034,8023,8012,8000,7FEB,7FD2,7FB5,7F97,7F7A,7F64,7F58,7F58,7F64,7F7A,7F96,7FB1,7FC6,7FCF,7FCB,7FB9,7F9C,7F79,7F56,7F37,7F20,7F12,7F0C,7F0A,7F09,7F03,7EF7,7EE3,7ECB,7EB0,7E99,7E87,7E7C,7E78,7E78,7E76,7E70,7E62,7E4C,7E30,7E14,7DFB,7DE9,7DE1,7DE1,7DE7,7DEE,7DF1,7DEE,7DE4,7DD4,7DC0,7DAD,7D9C,7D90,7D8B,7D8C,7D93,7D9F,7DAE,7DBE,7DCF,7DDD,7DE6,7DE9,7DE5,7DDB,7DCD,7DBD,7DAE,7DA2,7D99,7D91,7D87,7D7A,7D67,7D4E,7D32,7D18,7D02,7CF7,7CF8,7D05,7D1B,7D34,7D4D,7D5F,7D68,7D67,7D5D,7D4C,7D37,7D22,7D0E,7CFB,7CEB,7CDB,7CCA,7CB7,7CA1,7C85,7C63,7C3C,7C0E,7BDC,7BA8,7B74,7B44,7B1A,7AF9,7AE4,7ADA,7ADC,7AE8,7AFD,7B18,7B37,7B58,7B79,7B99,7BB5,7BCC,7BDC,7BE4,7BE5,7BDC,7BCD,7BB9,7BA3,7B8D,7B79,7B69,7B60,7B5C,7B5D,7B62,7B69,7B70,7B75,7B78,7B77,7B73,7B6A,7B60,7B53,7B45,7B38,7B2B,7B21,7B19,7B14,7B13,7B16,7B1D,7B28,7B36,7B47,7B59,7B6C,7B7F,7B91,7BA2,7BB2,7BC2,7BD0,7BDD,7BE8,7BF0,7BF6,7BF9,7BFC,7BFF,7C07,7C15,7C2C,7C4B,7C72,7C9F,7CCF,7CFE,7D29,7D4E,7D6D,7D84,7D96,7DA5,7DB1,7DBC,7DC4,7DCA,7DCB,7DC5,7DB9,7DA6,7D8D,7D71,7D55,7D3B,7D25,7D13,7D06,7CFC,7CF6,7CF2,7CF1,7CF4,7CFD,7D0D,7D26,7D48,7D70,7D9D,7DCC,7DF8,7E1F,7E3D,7E52,7E5E,7E62,7E62,7E5F,7E5D,7E5D,7E61,7E68,7E6F,7E76,7E79,7E76,7E6E,7E62,7E53,7E46,7E3D,7E3B,7E40,7E4C,7E5D,7E6E,7E7D,7E88,7E8E,7E90,7E8F,7E90,7E94,7E9D,7EAB,7EBB,7ECA,7ED4,7ED6,7ECD,7EBB,7EA1,7E85,7E6C,7E5B,7E54,7E5A,7E6B,7E84,7EA1,7EBF,7EDD,7EFA,7F16,7F33,7F51,7F70,7F90,7FAF,7FCB,7FE1,7FF1,7FFC,8001,8004,8007,800A,8010,8019,8025,8033,8042,8050,805C,8065,806A,806C,806B,8069,8069,806D,8077,8087,809C,80B3,80C8,80D7,80E1,80E4,80E3,80E1,80E1,80E6,80F0,80FD,810C,811A,8125,812E,8136,813F,814E,8163,817F,819F,81C1,81E0,81F7,8204,8206,81FE,81F3,81E8,81E3,81E9,81FC,821C,8247,8277,82A8,82D4,82F8,8310,831C,8320,831D,8318,8315,8315,831A,8324,8332,8341,8351,8361,8374,8389,83A4,83C4,83E9,8411,8439,845B,8473,847F,847F,8475,8467,845B,8457,845F,8477,849A,84C4,84EF,8512,8528,852F,8528,8516,8502,84F1,84EB,84F5,850F,8538,856D,85A9,85E9,8629,8669,86AA,86EE,8739,878D,87EA,884D,88AF,890A,8956,898B,89A7,89AB,899D,8986,896F,8962,8961,896D,897F,8991,8998,898F,8971,8941,8904,88C0,887F,8844,8813,87EC,87CA,87AB,878A,8763,8733,86FA,86B9,8673,8629,85DF,8598,8556,851A,84E2,84AC,8474,8435,83ED,839D,8349,82F7,82AE,8274,824C,8236,822D,822B,8228,8220,8211,81FF,81EE,81E4,81E7,81F9,8217,823F,8269,8292,82B4,82CF,82E2,82EF,82F9,8300,8304,8304,8300,82F6,82E5,82CE,82B0,828E,8269,8243,8220,8202,81ED,81E2,81E1,81E6,81EE,81F1,81EB,81D8,81B9,8192,816A,8148,8133,812B,812F,813A,8143,8143,8136,811A,80F3,80C6,8099,806F,804A,8029,8009,7FE6,7FBE,7F93,7F67,7F3E,7F1E,7F09,7F02,7F08,7F1A,7F33,7F52,7F74,7F96,7FB6,7FD1,7FE7,7FF4,7FF8,7FF3,7FE7,7FD6,7FC5,7FB6,7FAC,7FA7,7FA5,7FA4,7FA2,7F9D,7F93,7F87,7F79,7F6C,7F64,7F61,7F66,7F72,7F86,7FA0,7FBF,7FDF,8000,801E,8039,8051,8066,8079,808B,809B,80A6,80A9,809F,8084,8056,8017,7FCB,7F7A,7F2E,7EEF,7EC3,7EAB,7EA4,7EA9,7EB3,7EBD,7EC3,7EC7,7ECB,7ED3,7EE1,7EF8,7F15,7F33,7F4E,7F5F,7F64,7F5B,7F46,7F28,7F07,7EE7,7ECA,7EB3,7EA1,7E91,7E82,7E70,7E5A,7E3D,7E1C,7DF8,7DD8,7DC0,7DB4,7DB9,7DCF,7DF3,7E1F,7E4C,7E72,7E8B,7E94,7E8E,7E7C,7E63,7E4A,7E34,7E25,7E1C,7E18,7E16,7E13,7E0D,7E04,7DF8,7DEC,7DE0,7DD7,7DD1,7DCF,7DD0,7DD3,7DD9,7DDE,7DE3,7DE7,7DEB,7DF0,7DF7,7E05,7E18,7E33,7E53,7E73,7E90,7EA3,7EAA,7EA4,7E92,7E79,7E5D,7E45,7E30,7E20,7E11,7DFE,7DE1,7DB8,7D81,7D3F,7CF6,7CAD,7C68,7C2A,7BF6,7BCB,7BA8,7B89,7B6E,7B56,7B41,7B31,7B26,7B23,7B28,7B35,7B49,7B60,7B78,7B8D,7B9A,7B9D,7B93,7B7F,7B64,7B45,7B2A,7B17,7B11,7B19,7B30,7B53,7B81,7BB8,7BF7,7C3E,7C8D,7CE6,7D45,7DA7,7E08,7E61,7EAC,7EE5,7F0A,7F1D,7F21,7F1A,7F0E,7F01,7EF7,7EF1,7EF0,7EF2,7EF5,7EF6,7EF3,7EE8,7ED5,7EB9,7E98,7E75,7E53,7E37,7E23,7E17,7E12,7E10,7E0F,7E0A,7E00,7DF3,7DE2,7DD2,7DC5,7DBD,7DB9,7DB8,7DB7,7DB3,7DAB,7D9E,7D8E,7D7F,7D74,7D71,7D79,7D8C,7DAA,7DCE,7DF5,7E1A,7E39,7E52,7E63,7E6E,7E79,7E84,7E96,7EAE,7ECC,7EEF,7F13,7F34,7F50,7F63,7F6F,7F76,7F78,7F7A,7F7C,7F7F,7F83,7F86,7F85,7F80,7F77,7F6B,7F5E,7F52,7F4A,7F48,7F4C,7F55,7F61,7F70,7F80,7F8E,7F99,7FA3,7FA9,7FAD,7FB0,7FB0,7FAF,7FAD,7FA9,7FA4,7F9C,7F93,7F88,7F7C,7F6E,7F5E,7F4E,7F3D,7F2C,7F1D,7F10,7F08,7F07,7F0F,7F21,7F3C,7F60,7F8A,7FB7,7FE5,800F,8034,8053,806C,8081,8093,80A4,80B5,80C5,80D4,80DF,80E4,80E0,80D4,80BF,80A3,8083,8064,804A,8038,8031,8035,8044,805B,8077,8097,80B9,80DC,8100,8125,8149,8169,8184,8195,819A,8193,8180,8165,8146,8128,8110,80FE,80F3,80EE,80E9,80E3,80D9,80CA,80B8,80A7,809D,809F,80B1,80D3,8106,8143,8184,81C1,81F1,8211,821F,821B,820C,81F8,81E5,81D6,81CD,81C7,81C0,81B5,81A2,8188,816E,8159,8152,8160,8186,81C1,820B,825B,82A9,82EB,831D,8341,8359,836E,8385,83A6,83D3,840D,8450,8497,84DD,851C,8551,857D,85A4,85CC,85FD,863C,868C,86EB,8751,87B5,880C,884D,8875,8886,8889,8888,888E,88A0,88BF,88E5,8907,8918,8911,88EE,88B2,8866,8815,87C8,8783,8746,870B,86CC,8683,862F,85D3,8578,8525,84E3,84B4,8497,8487,8479,8468,844E,842B,8400,83D2,83A4,837B,8355,8332,830F,82EB,82C4,829D,8278,8257,823D,822C,8222,8221,8227,8232,8242,8254,8269,8280,8297,82B1,82CD,82EE,8313,833C,8368,838F,83AE,83BF,83BE,83AC,838E,836B,834B,8335,832C,832E,8333,8335,832A,830F,82E3,82AD,8276,8248,822B,8222,822B,8241,8259,826C,8274,826F,825E,8246,822E,821A,820F,820D,8213,821D,8228,822F,822F,8226,8213,81F7,81D3,81AC,8187,8169,8154,814A,814C,8156,8164,8173,8180,8189,8192,819C,81AC,81C2,81E0,8202,8223,823D,824C,824C,823E,8226,820A,81F0,81E0,81DC,81E6,81FA,8215,8230,8245,8250,8250,8244,822F,8215,81FC,81E7,81D9,81D4,81D6,81DC,81E4,81E9,81E9,81E4,81DB,81CF,81C3,81B8,81AE,81A4,8197,8184,816A,8147,811E,80F2,80C8,80A5,808C,807E,807C,8082,808C,8094,8095,808C,8077,8058,8033,800C,7FEA,7FD3,7FC9,7FCE,7FDF,7FF7,8010,8023,802C,8028,8018,7FFD,7FDC,7FB8,7F93,7F6F,7F49,7F23,7EFB,7ED3,7EAD,7E8D,7E77,7E6C,7E6E,7E7C,7E92,7EAD,7ECA,7EE8,7F05,7F22,7F3E,7F5A,7F74,7F8C,7FA1,7FB2,7FC2,7FD0,7FDE,7FEC,7FF8,8000,8000,7FF2,7FD7,7FAE,7F7D,7F48,7F17,7EF1,7ED8,7ECD,7ECC,7ED0,7ED4,7ED1,7EC5,7EB2,7E9B,7E85,7E75,7E6E,7E71,7E7E,7E90,7EA3,7EB0,7EB3,7EA8,7E8F,7E69,7E38,7E02,7DCA,7D95,7D64,7D38,7D0F,7CE9,7CC6,7CA7,7C8F,7C82,7C82,7C90,7CAB,7CCC,7CEA,7CFE,7D01,7CEF,7CCA,7C99,7C65,7C38,7C18,7C0A,7C0B,7C18,7C29,7C3A,7C44,7C47,7C44,7C3E,7C37,7C31,7C2F,7C30,7C33,7C39,7C41,7C4C,7C5D,7C75,7C95,7CBD,7CEE,7D26,7D63,7DA1,7DDF,7E17,7E45,7E66,7E77,7E77,7E69,7E50,7E31,7E13,7DF9,7DE8,7DDE,7DDD,7DE1,7DE9,7DF4,7E00,7E0D,7E1B,7E2A,7E37,7E40,7E42,7E3C,7E2C,7E15,7DFA,7DE0,7DCC,7DC0,7DBE,7DC6,7DD5,7DE7,7DFA,7E09,7E13,7E15,7E0F,7E02,7DEE,7DD7,7DBD,7DA5,7D93,7D88,7D87,7D91,7DA7,7DC6,7DED,7E1A,7E4A,7E7D,7EB1,7EE5,7F15,7F3E,7F5D,7F6D,7F6E,7F5D,7F40,7F1B,7EF5,7ED5,7EC0,7EBA,7EC1,7ED3,7EEB,7F04,7F1A,7F2B,7F37,7F3E,7F40,7F40,7F3D,7F37,7F2C,7F1E,7F0E,7EFE,7EF1,7EEA,7EEB,7EF4,7F04,7F16,7F29,7F38,7F43,7F4A,7F4F,7F52,7F56,7F5D,7F65,7F6F,7F78,7F7E,7F80,7F7E,7F79,7F72,7F6C,7F67,7F66,7F69,7F6F,7F78,7F84,7F90,7F9E,7FAD,7FBF,7FD3,7FEB,8008,8027,8048,8069,8084,8098,80A1,809D,808C,806F,804A,8021,7FF8,7FD6,7FBC,7FAD,7FAA,7FB1,7FBF,7FD1,7FE4,7FF6,8004,8010,8019,8022,802E,803C,804F,8065,807E,8098,80B1,80C7,80DA,80EA,80F6,8100,8107,810A,8107,80FF,80F0,80DC,80C6,80B1,80A1,809C,80A5,80BD,80E4,8118,8152,818F,81C7,81F7,821A,8231,823A,8239,8230,8221,820E,81FA,81E6,81D3,81C2,81B5,81AF,81B1,81BD,81D4,81F4,821C,8248,8273,829C,82BF,82DE,82F9,8315,8335,835E,8392,83D4,8424,8482,84EB,855E,85D5,864C,86BE,8725,877B,87BC,87E3,87F0,87E7,87CC,87A7,8782,8766,875A,8763,8781,87B1,87EC,8829,885D,8880,8888,8874,8840,87F1,878A,8714,8696,8618,859F,852F,84C9,846C,8415,83C2,836F,831D,82CA,8279,8228,81DA,818E,8143,80F6,80A8,8058,8008,7FBD,7F7D,7F4C,7F2F,7F27,7F32,7F4C,7F6D,7F90,7FAD,7FC0,7FC9,7FC8,7FBF,7FB2,7FA3,7F97,7F8F,7F8F,7F98,7FAD,7FCF,8000,803C,807F,80C2,80FF,812E,814C,8157,8153,8146,8136,8129,8124,8127,812F,813A,8143,8148,8149,8149,814B,8153,8164,817C,8197,81B1,81C2,81C6,81BB,819F,8177,8148,8117,80EA,80C4,80A8,8097,808E,808C,808D,8090,8091,808D,8084,8076,8062,804D,8039,8028,801E,801B,801E,8026,8031,803B,8046,8052,805F,8070,8086,809E,80B5,80C6,80CD,80C7,80B4,8099,807B,8065,805C,8066,8083,80AF,80E3,8117,8144,8163,8174,817A,8179,8177,817A,8184,8195,81AA,81C0,81D3,81DF,81E4,81E3,81DF,81DC,81DE,81E6,81F6,820D,8227,8241,8258,8268,8271,8272,826E,8269,8266,8269,8274,8286,829E,82B7,82CB,82D6,82D3,82C1,82A1,8277,824A,8221,8203,81F3,81F3,8200,8215,822A,823A,823F,8237,8224,8209,81EC,81D1,81BC,81AD,81A2,8199,818C,8179,8160,8141,8121,8105,80F1,80EA,80EF,8100,811A,8139,8159,8175,818D,819C,81A2,819F,8191,817A,815D,813E,8121,810D,8105,810C,8121,8143,816B,8195,81BA,81D8,81EE,81FD,820B,821B,8231,8250,8275,829C,82C0,82D9,82E2,82D9,82BE,8296,8269,823F,8220,8212,8213,821F,822E,8234,8229,8206,81CC,8181,812F,80E3,80A7,8084,807A,8085,809B,80B3,80C5,80CA,80C3,80B4,80A2,8091,8083,8073,805D,8036,7FF8,7FA0,7F31,7EB2,7E33,7DC1,7D6B,7D3A,7D30,7D49,7D7B,7DBC,7DFD,7E37,7E63,7E82,7E95,7EA3,7EAE,7EBA,7EC7,7ED2,7ED8,7ED5,7EC6,7EAA,7E84,7E57,7E2A,7E02,7DE6,7DDA,7DE0,7DF8,7E1F,7E53,7E8E,7ECC,7F0B,7F48,7F82,7FB8,7FEA,8017,803C,8057,8062,805A,803D,800C,7FCA,7F7F,7F32,7EEE,7EB9,7E98,7E8D,7E94,7EA9,7EC6,7EE4,7F00,7F18,7F2D,7F3E,7F4E,7F5D,7F67,7F6B,7F63,7F4E,7F29,7EF6,7EB8,7E76,7E37,7E02,7DDD,7DCB,7DCD,7DE1,7E04,7E2F,7E5E,7E8B,7EB3,7ED5,7EEF,7F04,7F17,7F29,7F3D,7F52,7F67,7F79,7F83,7F84,7F78,7F61,7F44,7F25,7F0D,7F01,7F07,7F20,7F4A,7F82,7FBF,7FFB,8031,805C,807A,808C,8093,808E,807F,8068,8047,8020,7FF4,7FC6,7F9A,7F75,7F5A,7F4B,7F49,7F51,7F62,7F78,7F93,7FAF,7FCD,7FEB,8009,8025,803E,8050,805B,805B,8052,803F,8025,8006,7FE4,7FC1,7F9E,7F7D,7F5F,7F46,7F33,7F29,7F2B,7F3A,7F58,7F83,7FB8,7FF4,802F,8066,8093,80B2,80C2,80C4,80BA,80A8,8091,807A,8064,8052,8043,8039,8032,8030,8034,803E,804F,8068,8088,80AE,80D7,8102,812D,8158,8182,81AB,81D2,81F4,820E,821B,8217,81FF,81D4,819A,815A,811E,80EF,80D4,80D1,80E4,8107,8130,8156,8172,817F,817D,816F,815B,8147,8138,8131,8133,813C,814B,815F,8176,818F,81AB,81C9,81E9,820B,822E,8251,8273,8293,82B0,82CA,82E1,82F5,8308,8320,8341,8372,83B7,8415,848B,8513,85A6,8637,86BD,872E,8787,87C8,87F7,881A,8839,8858,887A,889D,88BC,88D4,88E3,88E9,88EB,88EA,88EC,88EF,88F0,88E6,88C8,888F,8835,87BD,872E,8695,85FF,8579,8509,84B0,846A,842C,83EB,839D,833F,82CF,8253,81D3,8156,80E2,807B,8021,7FD0,7F84,7F38,7EEB,7E9C,7E4B,7DFC,7DB2,7D70,7D37,7D08,7CE2,7CC4,7CAA,7C94,7C81,7C6F,7C61,7C5A,7C5C,7C6C,7C8C,7CBD,7CFE,7D49,7D97,7DE1,7E1F,7E4C,7E68,7E75,7E79,7E7A,7E80,7E8E,7EA5,7EC3,7EE3,7F03,7F1F,7F37,7F50,7F6F,7F98,7FCE,8010,8058,809F,80DB,8103,8112,8109,80EE,80C7,809F,807D,8066,8059,8054,8052,804B,803D,8026,8006,7FE2,7FBC,7F98,7F77,7F5A,7F41,7F29,7F12,7EFC,7EE7,7ED4,7EC3,7EB5,7EA8,7E9B,7E8C,7E7B,7E66,7E4D,7E2F,7E0C,7DE5,7DB9,7D8C,7D5F,7D3A,7D20,7D19,7D28,7D4E,7D87,7DCC,7E13,7E50,7E7C,7E91,7E91,7E82,7E6C,7E58,7E4E,7E52,7E61,7E78,7E91,7EA7,7EB9,7EC7,7ED6,7EED,7F10,7F41,7F7D,7FC0,8001,8039,8064,807E,808B,808F,8091,8095,809D,80AA,80B7,80C1,80C4,80BE,80AF,809A,8084,8070,8063,805D,805E,8063,8069,806E,806F,8069,805C,8047,802B,8008,7FDD,7FAE,7F7A,7F45,7F0E,7ED8,7EA5,7E74,7E4A,7E26,7E0F,7E06,7E10,7E2E,7E5F,7E9E,7EE2,7F21,7F4F,7F64,7F5A,7F33,7EF4,7EA9,7E5D,7E1C,7DEE,7DD4,7DCF,7DD8,7DEB,7E01,7E19,7E31,7E4B,7E6B,7E92,7EC1,7EF7,7F30,7F68,7F9B,7FC6,7FE7,7FFC,8006,8005,7FFA,7FE6,7FCA,7FA9,7F86,7F65,7F4B,7F3B,7F37,7F42,7F5C,7F84,7FB8,7FF8,8040,808E,80DE,8128,8165,818E,819C,818E,8163,8121,80CF,8078,8024,7FDB,7F9F,7F70,7F4C,7F2F,7F17,7F05,7EFA,7EFA,7F08,7F27,7F53,7F88,7FBC,7FE5,7FFA,7FF4,7FD1,7F92,7F3F,7EE2,7E85,7E31,7DF0,7DC4,7DAE,7DA9,7DAF,7DB8,7DBC,7DB6,7DA3,7D87,7D66,7D4B,7D3D,7D42,7D5C,7D84,7DB3,7DDB,7DF3,7DF1,7DD5,7DA6,7D6D,7D3B,7D1D,7D1B,7D38,7D6E,7DB3,7DF8,7E34,7E60,7E7B,7E8C,7E9D,7EB7,7EE3,7F24,7F73,7FC9,8019,8057,8079,807E,8068,8040,8013,7FEC,7FD6,7FD7,7FF0,801B,8053,808D,80C2,80ED,810B,811E,812B,8136,8143,8156,816B,8180,818D,818C,8178,8150,8116,80D1,808D,8056,8034,802D,8042,806D,80A3,80D9,8101,8115,8110,80F7,80CF,80A2,8077,8055,803D,802C,801D,800A,7FF0,7FCD,7FA6,7F80,7F62,7F54,7F5A,7F72,7F9B,7FCB,7FFC,8025,8043,8053,8059,8059,805A,8061,8072,808C,80AD,80D0,80EE,8104,810E,810B,80FF,80F1,80E7,80E8,80F9,811E,8155,819A,81E8,8236,8280,82C0,82F4,831B,8336,8346,834E,834D,8344,8332,8318,82F8,82D2,82AB,8288,826C,825A,8255,825A,8267,8278,8288,8293,8297,8293,8288,827B,826F,8266,8263,8265,826A,826E,826F,826A,825D,8249,8230,8215,81FB,81E5,81D4,81C8,81BD,81B2,81A5,8194,8181,816C,815A,814E,814D,8157,816E,8190,81BB,81EA,821B,8249,8272,8295,82B2,82C9,82DB,82E9,82F2,82F6,82F5,82EF,82E5,82D9,82CE,82C9,82CE,82DF,82FF,832F,836E,83B9,840A,845E,84AE,84F5,8531,855E,857C,858B,858E,8589,857E,8574,856D,856F,857C,8595,85BD,85F2,8634,8681,86D7,8735,8799,8803,8871,88E1,8953,89C3,8A2C,8A8B,8AD8,8B0F,8B2C,8B2E,8B19,8AF5,8ACA,8AA4,8A8C,8A85,8A8D,8A9B,8AA2,8A92,8A60,8A06,8987,88F0,8854,87C6,8757,870E,86E4,86CC,86B0,8679,8619,8588,84CD,83FA,8325,8263,81C4,814B,80F3,80AE,806A,8018,7FB2,7F3A,7EB8,7E3C,7DD2,7D84,7D54,7D3D,7D36,7D33,7D2C,7D1B,7D01,7CE3,7CC7,7CB4,7CAC,7CB1,7CBE,7CCF,7CE0,7CEE,7CF9,7D02,7D0C,7D1C,7D35,7D57,7D85,7DBF,7E05,7E54,7EAB,7F04,7F5A,7FA6,7FE3,800C,8022,8029,8029,802B,8038,8055,8085,80C3,8108,814A,8182,81AA,81C4,81D3,81DD,81E7,81F5,8206,8215,821C,8217,8201,81DB,81AA,8175,8146,8122,810C,8104,8106,810A,810B,8103,80F0,80D0,80A8,8079,8046,8012,7FDE,7FAB,7F79,7F48,7F1B,7EF1,7ECD,7EAE,7E93,7E7C,7E68,7E54,7E40,7E2C,7E1B,7E0D,7E03,7DFD,7DFB,7DFC,7DFC,7DFB,7DF9,7DF5,7DF2,7DF3,7DFB,7E0C,7E27,7E4B,7E76,7EA5,7ED3,7EFE,7F22,7F3E,7F51,7F5D,7F64,7F6A,7F73,7F84,7F9F,7FC6,7FF9,8034,8075,80B4,80EE,811D,813F,8154,815C,815C,8156,814F,814B,814B,814F,8159,8166,8175,8184,8193,81A1,81AB,81B1,81B1,81AC,819E,8189,816A,8144,8118,80E8,80B8,808D,806B,8054,804A,804B,8054,805E,8065,8062,8050,802E,7FFD,7FC4,7F88,7F52,7F29,7F11,7F0D,7F18,7F2F,7F49,7F5F,7F6B,7F69,7F5A,7F41,7F24,7F09,7EF7,7EF1,7EF8,7F0C,7F29,7F49,7F69,7F84,7F99,7FA6,7FAE,7FB1,7FB1,7FAF,7FAC,7FA8,7FA4,7FA2,7FA1,7FA5,7FB0,7FC4,7FE1,8009,803A,8074,80B1,80EF,8128,8157,8177,8187,8183,816F,814D,8122,80F4,80CB,80A9,8093,8089,8089,8091,809D,80AC,80BB,80CB,80DA,80E9,80F8,8105,810D,810D,8101,80E8,80C1,808E,8054,8017,7FDD,7FAB,7F83,7F66,7F56,7F51,7F56,7F62,7F74,7F8A,7F9F,7FB2,7FBC,7FBC,7FAD,7F91,7F69,7F3A,7F0C,7EE5,7ECB,7EBE,7EBB,7EB8,7EAA,7E87,7E4A,7DF1,7D84,7D12,7CAE,7C68,7C4E,7C63,7CA1,7CFA,7D5B,7DB0,7DEA,7E02,7DF9,7DD8,7DAC,7D80,7D5E,7D48,7D3B,7D2F,7D20,7D08,7CEC,7CD1,7CC3,7CCD,7CF6,7D41,7DA6,7E1B,7E90,7EF6,7F41,7F6D,7F7C,7F76,7F65,7F55,7F4E,7F54,7F67,7F82,7F9E,7FB7,7FC8,7FCE,7FCD,7FC7,7FC0,7FBC,7FBF,7FC8,7FD9,7FF0,800A,8024,803A,8049,804D,8044,802E,800A,7FDC,7FA7,7F70,7F3B,7F0A,7EDF,7EB9,7E98,7E7B,7E61,7E4C,7E3E,7E3A,7E41,7E54,7E71,7E91,7EAE,7EC0,7EC2,7EB1,7E8E,7E5F,7E2C,7DFE,7DDB,7DC7,7DC5,7DD0,7DE6,7E00,7E1B,7E34,7E4B,7E63,7E7E,7E9C,7EC0,7EE6,7F0E,7F33,7F54,7F70,7F88,7F9C,7FAF,7FC3,7FD8,7FEE,8003,8014,8020,8024,8021,8019,800E,8004,7FFD,7FFD,8006,8019,8035,8058,8081,80AC,80D3,80F3,8107,810C,8103,80EC,80CC,80A9,8089,8070,8063,8063,806E,807F,8094,80A8,80B8,80C3,80C7,80C8,80C4,80BD,80B3,80A6,8096,8085,8073,8063,8059,8057,805D,806A,807B,808A,8094,8093,8085,806A,8045,801B,7FF5,7FD7,7FC8,7FCA,7FDF,8003,8033,8066,8096,80BC,80D5,80DD,80D6,80C5,80AF,809B,8092,8097,80AF,80D7,810E,814D,818F,81CF,8208,823A,8264,8286,82A3,82BB,82CF,82E0,82EF,8300,8317,833B,8371,83BD,8422,849C,8525,85B4,863F,86BF,872F,8790,87E5,8833,8881,88D1,8924,8976,89C3,8A07,8A40,8A70,8A9C,8AC6,8AF2,8B1A,8B36,8B36,8B0B,8AA9,8A0D,8942,885A,8773,86AB,861C,85D1,85C7,85EF,862B,865C,8668,863E,85DD,854C,849C,83DE,8321,8268,81B1,80F4,8029,7F4E,7E69,7D89,7CC2,7C29,7BCB,7BAC,7BC3,7BFC,7C3C,7C6B,7C75,7C51,7C02,7B93,7B18,7AA0,7A38,79E8,79AF,7988,796E,795D,7952,7951,795C,7977,79A1,79D9,7A18,7A58,7A93,7AC8,7AF8,7B2A,7B66,7BB1,7C0F,7C7F,7CFB,7D79,7DF1,7E58,7EAC,7EEC,7F1B,7F41,7F65,7F8B,7FB8,7FEE,802A,806E,80B7,8105,8159,81B3,8211,8270,82CB,831C,835D,8389,839F,83A0,838F,8373,834F,832A,8306,82E6,82CA,82B1,829B,8289,827B,8272,826B,8266,825E,824E,8231,8205,81C8,817C,8126,80CC,8075,8026,7FE2,7FA9,7F78,7F4C,7F1F,7EEF,7EBB,7E82,7E47,7E0E,7DD8,7DAA,7D83,7D66,7D50,7D42,7D3A,7D36,7D34,7D34,7D33,7D31,7D2D,7D27,7D20,7D1A,7D17,7D1A,7D24,7D36,7D4F,7D6E,7D93,7DBB,7DE6,7E14,7E45,7E79,7EAF,7EE7,7F1E,7F51,7F80,7FA7,7FC7,7FE1,7FF7,800D,8025,8040,8060,8084,80A9,80CF,80F5,8119,813D,8160,8183,81A5,81C3,81DC,81EC,81F2,81EF,81E5,81D9,81CF,81CC,81D1,81DE,81EE,81FC,8203,81FF,81F0,81D8,81BC,81A3,8191,8186,8180,8179,816C,8151,8126,80EF,80B1,8076,8048,802F,802D,803E,805A,8075,8082,8078,8055,8019,7FCD,7F7D,7F35,7EFD,7EDB,7ECF,7ED4,7EE3,7EF3,7EFE,7F01,7EFB,7EEF,7EE3,7EDA,7ED7,7ED9,7EE0,7EE6;