Vivado Simulator 2019.1
Time resolution is 1 ps
 Block Memory Generator module loading initial data...
 Block Memory Generator data initialization complete.
Block Memory Generator module AudioProcessing_wrapper_tb.uut.AudioProcessing_i.blk_mem_gen_0.inst.native_mem_module.blk_mem_gen_v8_4_3_inst is using a behavioral model for simulation which will not precisely model memory collision behavior.
Time = 0, rstn = 0, data_out = xxxx
Time = 20000, rstn = 1, data_out = xxxx
Time = 145000, rstn = 1, data_out = 0003
Time = 155000, rstn = 1, data_out = 0004
Time = 165000, rstn = 1, data_out = 0009
Time = 175000, rstn = 1, data_out = 0010
Time = 185000, rstn = 1, data_out = 0015
Time = 195000, rstn = 1, data_out = 001c
Time = 205000, rstn = 1, data_out = 0021
Time = 215000, rstn = 1, data_out = 0028
Time = 225000, rstn = 1, data_out = 002f
Time = 235000, rstn = 1, data_out = 0036
Time = 245000, rstn = 1, data_out = 003b
Time = 255000, rstn = 1, data_out = 0042
Time = 265000, rstn = 1, data_out = 0048
Time = 275000, rstn = 1, data_out = 004d
Time = 285000, rstn = 1, data_out = 0054
Time = 295000, rstn = 1, data_out = 005b
Time = 305000, rstn = 1, data_out = 0062
Time = 315000, rstn = 1, data_out = 0067
Time = 325000, rstn = 1, data_out = 006e
Time = 335000, rstn = 1, data_out = 0073
Time = 345000, rstn = 1, data_out = 007a
Time = 355000, rstn = 1, data_out = 007f
Time = 365000, rstn = 1, data_out = 0086
Time = 375000, rstn = 1, data_out = 008d
Time = 385000, rstn = 1, data_out = 0094
Time = 395000, rstn = 1, data_out = 0099
Time = 405000, rstn = 1, data_out = 00a0
Time = 415000, rstn = 1, data_out = 00a6
Time = 425000, rstn = 1, data_out = 00ab
Time = 435000, rstn = 1, data_out = 00b2
Time = 445000, rstn = 1, data_out = 00b9
Time = 455000, rstn = 1, data_out = 00c0
Time = 465000, rstn = 1, data_out = 00c5
Time = 475000, rstn = 1, data_out = 00cc
Time = 485000, rstn = 1, data_out = 00d1
Time = 495000, rstn = 1, data_out = 00d8
Time = 505000, rstn = 1, data_out = 00dd
Time = 515000, rstn = 1, data_out = 00e4
Time = 525000, rstn = 1, data_out = 00eb
Time = 535000, rstn = 1, data_out = 00f2
Time = 545000, rstn = 1, data_out = 00f7
Time = 555000, rstn = 1, data_out = 00fe
Time = 565000, rstn = 1, data_out = 0104
Time = 575000, rstn = 1, data_out = 0109
Time = 585000, rstn = 1, data_out = 0110
Time = 595000, rstn = 1, data_out = 0117
Time = 605000, rstn = 1, data_out = 011e
Time = 615000, rstn = 1, data_out = 0123
Time = 625000, rstn = 1, data_out = 012a
Time = 635000, rstn = 1, data_out = 012f
Time = 645000, rstn = 1, data_out = 0136
Time = 655000, rstn = 1, data_out = 013b
Time = 665000, rstn = 1, data_out = 0142
Time = 675000, rstn = 1, data_out = 0149
Time = 685000, rstn = 1, data_out = 0150
Time = 695000, rstn = 1, data_out = 0155
Time = 705000, rstn = 1, data_out = 015c
Time = 715000, rstn = 1, data_out = 0161
Time = 725000, rstn = 1, data_out = 0168
Time = 735000, rstn = 1, data_out = 016d
Time = 745000, rstn = 1, data_out = 0174
Time = 755000, rstn = 1, data_out = 017b
Time = 765000, rstn = 1, data_out = 0182
Time = 775000, rstn = 1, data_out = 0187
Time = 785000, rstn = 1, data_out = 018e
Time = 795000, rstn = 1, data_out = 0193
Time = 805000, rstn = 1, data_out = 019a
Time = 815000, rstn = 1, data_out = 019f
Time = 825000, rstn = 1, data_out = 01a6
Time = 835000, rstn = 1, data_out = 01ad
Time = 845000, rstn = 1, data_out = 01b4
Time = 855000, rstn = 1, data_out = 01b9
Time = 865000, rstn = 1, data_out = 01c0
Time = 875000, rstn = 1, data_out = 01c5
Time = 885000, rstn = 1, data_out = 01cc
Time = 895000, rstn = 1, data_out = 01d1
Time = 905000, rstn = 1, data_out = 01d8
Time = 915000, rstn = 1, data_out = 01df
Time = 925000, rstn = 1, data_out = 01e6
Time = 935000, rstn = 1, data_out = 01eb
Time = 945000, rstn = 1, data_out = 01f2
Time = 955000, rstn = 1, data_out = 01f8
Time = 965000, rstn = 1, data_out = 01fd
Time = 975000, rstn = 1, data_out = 0204
Time = 985000, rstn = 1, data_out = 0209
Time = 995000, rstn = 1, data_out = 0210
Time = 1005000, rstn = 1, data_out = 0217
Time = 1015000, rstn = 1, data_out = 021e
Time = 1025000, rstn = 1, data_out = 0223
Time = 1035000, rstn = 1, data_out = 022a
Time = 1045000, rstn = 1, data_out = 0230
Time = 1055000, rstn = 1, data_out = 0235
Time = 1065000, rstn = 1, data_out = 023c
Time = 1075000, rstn = 1, data_out = 0241
Time = 1085000, rstn = 1, data_out = 0248
Time = 1095000, rstn = 1, data_out = 024f
Time = 1105000, rstn = 1, data_out = 0256
Time = 1115000, rstn = 1, data_out = 025b
Time = 1125000, rstn = 1, data_out = 0262
Time = 1135000, rstn = 1, data_out = 0267
Time = 1145000, rstn = 1, data_out = 026e
Time = 1155000, rstn = 1, data_out = 0273
Time = 1165000, rstn = 1, data_out = 027a
Time = 1175000, rstn = 1, data_out = 027f
Time = 1185000, rstn = 1, data_out = 0286
Time = 1195000, rstn = 1, data_out = 028d
Time = 1205000, rstn = 1, data_out = 0294
Time = 1215000, rstn = 1, data_out = 0299
Time = 1225000, rstn = 1, data_out = 02a0
Time = 1235000, rstn = 1, data_out = 02a5
Time = 1245000, rstn = 1, data_out = 02ac
Time = 1255000, rstn = 1, data_out = 02b1
Time = 1265000, rstn = 1, data_out = 02b8
Time = 1275000, rstn = 1, data_out = 02bd
Time = 1285000, rstn = 1, data_out = 02c4
Time = 1295000, rstn = 1, data_out = 02cb
Time = 1305000, rstn = 1, data_out = 02d2
Time = 1315000, rstn = 1, data_out = 02d7
Time = 1325000, rstn = 1, data_out = 02de
Time = 1335000, rstn = 1, data_out = 02e3
Time = 1345000, rstn = 1, data_out = 02ea
Time = 1355000, rstn = 1, data_out = 02f0
Time = 1365000, rstn = 1, data_out = 02f6
Time = 1375000, rstn = 1, data_out = 02fb
Time = 1385000, rstn = 1, data_out = 0302
Time = 1395000, rstn = 1, data_out = 0307
Time = 1405000, rstn = 1, data_out = 030e
Time = 1415000, rstn = 1, data_out = 0315
Time = 1425000, rstn = 1, data_out = 031c
Time = 1435000, rstn = 1, data_out = 0321
Time = 1445000, rstn = 1, data_out = 0328
Time = 1455000, rstn = 1, data_out = 032d
Time = 1465000, rstn = 1, data_out = 0334
Time = 1475000, rstn = 1, data_out = 033a
Time = 1485000, rstn = 1, data_out = 0340
Time = 1495000, rstn = 1, data_out = 0346
Time = 1505000, rstn = 1, data_out = 034c
Time = 1515000, rstn = 1, data_out = 0351
Time = 1525000, rstn = 1, data_out = 0358
Time = 1535000, rstn = 1, data_out = 035d
Time = 1545000, rstn = 1, data_out = 0364
Time = 1555000, rstn = 1, data_out = 036b
Time = 1565000, rstn = 1, data_out = 0372
Time = 1575000, rstn = 1, data_out = 0377
Time = 1585000, rstn = 1, data_out = 037e
Time = 1595000, rstn = 1, data_out = 0383
Time = 1605000, rstn = 1, data_out = 038a
Time = 1615000, rstn = 1, data_out = 0390
Time = 1625000, rstn = 1, data_out = 0396
Time = 1635000, rstn = 1, data_out = 039c
Time = 1645000, rstn = 1, data_out = 03a2
Time = 1655000, rstn = 1, data_out = 03a8
Time = 1665000, rstn = 1, data_out = 03ae
Time = 1675000, rstn = 1, data_out = 03b4
Time = 1685000, rstn = 1, data_out = 03b9
Time = 1695000, rstn = 1, data_out = 03c0
Time = 1705000, rstn = 1, data_out = 03c5
Time = 1715000, rstn = 1, data_out = 03cc
Time = 1725000, rstn = 1, data_out = 03d3
Time = 1735000, rstn = 1, data_out = 03da
Time = 1745000, rstn = 1, data_out = 03df
Time = 1755000, rstn = 1, data_out = 03e6
Time = 1765000, rstn = 1, data_out = 03eb
Time = 1775000, rstn = 1, data_out = 03f2
Time = 1785000, rstn = 1, data_out = 03f8
Time = 1795000, rstn = 1, data_out = 03fe
Time = 1805000, rstn = 1, data_out = 0404
Time = 1815000, rstn = 1, data_out = 040a
Time = 1825000, rstn = 1, data_out = 0410
Time = 1835000, rstn = 1, data_out = 0416
Time = 1845000, rstn = 1, data_out = 041c
Time = 1855000, rstn = 1, data_out = 0422
Time = 1865000, rstn = 1, data_out = 0428
Time = 1875000, rstn = 1, data_out = 042e
Time = 1885000, rstn = 1, data_out = 0434
Time = 1895000, rstn = 1, data_out = 043a
Time = 1905000, rstn = 1, data_out = 0440
Time = 1915000, rstn = 1, data_out = 0446
Time = 1925000, rstn = 1, data_out = 044c
Time = 1935000, rstn = 1, data_out = 0452
Time = 1945000, rstn = 1, data_out = 0458
Time = 1955000, rstn = 1, data_out = 045e
Time = 1965000, rstn = 1, data_out = 0464
Time = 1975000, rstn = 1, data_out = 046a
Time = 1985000, rstn = 1, data_out = 0470
Time = 1995000, rstn = 1, data_out = 0476
Time = 2005000, rstn = 1, data_out = 047c
Time = 2015000, rstn = 1, data_out = 0482
Time = 2025000, rstn = 1, data_out = 0488
Time = 2035000, rstn = 1, data_out = 048e
Time = 2045000, rstn = 1, data_out = 0494
Time = 2055000, rstn = 1, data_out = 049a
Time = 2065000, rstn = 1, data_out = 04a0
Time = 2075000, rstn = 1, data_out = 04a6
Time = 2085000, rstn = 1, data_out = 04ac
Time = 2095000, rstn = 1, data_out = 04b2
Time = 2105000, rstn = 1, data_out = 04b8
Time = 2115000, rstn = 1, data_out = 04be
Time = 2125000, rstn = 1, data_out = 04c4
Time = 2135000, rstn = 1, data_out = 04ca
Time = 2145000, rstn = 1, data_out = 04d0
Time = 2155000, rstn = 1, data_out = 04d6
Time = 2165000, rstn = 1, data_out = 04dc
Time = 2175000, rstn = 1, data_out = 04e2
Time = 2185000, rstn = 1, data_out = 04e8
Time = 2195000, rstn = 1, data_out = 04ee
Time = 2205000, rstn = 1, data_out = 04f4
Time = 2215000, rstn = 1, data_out = 04fa
Time = 2225000, rstn = 1, data_out = 0500
Time = 2235000, rstn = 1, data_out = 0506
Time = 2245000, rstn = 1, data_out = 050c
Time = 2255000, rstn = 1, data_out = 0512
Time = 2265000, rstn = 1, data_out = 0518
Time = 2275000, rstn = 1, data_out = 051e
Time = 2285000, rstn = 1, data_out = 0524
Time = 2295000, rstn = 1, data_out = 052a
Time = 2305000, rstn = 1, data_out = 0530
Time = 2315000, rstn = 1, data_out = 0536
Time = 2325000, rstn = 1, data_out = 053c
Time = 2335000, rstn = 1, data_out = 0542
Time = 2345000, rstn = 1, data_out = 0548
Time = 2355000, rstn = 1, data_out = 054e
Time = 2365000, rstn = 1, data_out = 0554
Time = 2375000, rstn = 1, data_out = 055a
Time = 2385000, rstn = 1, data_out = 0560
Time = 2395000, rstn = 1, data_out = 0566
Time = 2405000, rstn = 1, data_out = 056b
Time = 2415000, rstn = 1, data_out = 0572
Time = 2425000, rstn = 1, data_out = 0577
Time = 2435000, rstn = 1, data_out = 057e
Time = 2445000, rstn = 1, data_out = 0583
Time = 2455000, rstn = 1, data_out = 0588
Time = 2465000, rstn = 1, data_out = 058d
Time = 2475000, rstn = 1, data_out = 0594
Time = 2485000, rstn = 1, data_out = 0599
Time = 2495000, rstn = 1, data_out = 05a0
Time = 2505000, rstn = 1, data_out = 05a6
Time = 2515000, rstn = 1, data_out = 05ac
Time = 2525000, rstn = 1, data_out = 05b2
Time = 2535000, rstn = 1, data_out = 05b8
Time = 2545000, rstn = 1, data_out = 05be
Time = 2555000, rstn = 1, data_out = 05c3
Time = 2565000, rstn = 1, data_out = 05ca
Time = 2575000, rstn = 1, data_out = 05cf
Time = 2585000, rstn = 1, data_out = 05d6
Time = 2595000, rstn = 1, data_out = 05db
Time = 2605000, rstn = 1, data_out = 05e0
Time = 2615000, rstn = 1, data_out = 05e5
Time = 2625000, rstn = 1, data_out = 05ec
Time = 2635000, rstn = 1, data_out = 05f1
Time = 2645000, rstn = 1, data_out = 05f8
Time = 2655000, rstn = 1, data_out = 05fe
Time = 2665000, rstn = 1, data_out = 0603
Time = 2675000, rstn = 1, data_out = 060a
Time = 2685000, rstn = 1, data_out = 060f
Time = 2695000, rstn = 1, data_out = 0616
Time = 2705000, rstn = 1, data_out = 061b
Time = 2715000, rstn = 1, data_out = 0620
Time = 2725000, rstn = 1, data_out = 0625
Time = 2735000, rstn = 1, data_out = 062c
Time = 2745000, rstn = 1, data_out = 0631
Time = 2755000, rstn = 1, data_out = 0638
Time = 2765000, rstn = 1, data_out = 063e
Time = 2775000, rstn = 1, data_out = 0643
Time = 2785000, rstn = 1, data_out = 064a
Time = 2795000, rstn = 1, data_out = 064f
Time = 2805000, rstn = 1, data_out = 0654
Time = 2815000, rstn = 1, data_out = 0659
Time = 2825000, rstn = 1, data_out = 0660
Time = 2835000, rstn = 1, data_out = 0665
Time = 2845000, rstn = 1, data_out = 066c
Time = 2855000, rstn = 1, data_out = 0671
Time = 2865000, rstn = 1, data_out = 0678
Time = 2875000, rstn = 1, data_out = 067d
Time = 2885000, rstn = 1, data_out = 0682
Time = 2895000, rstn = 1, data_out = 0687
Time = 2905000, rstn = 1, data_out = 068e
Time = 2915000, rstn = 1, data_out = 0694
Time = 2925000, rstn = 1, data_out = 0699
Time = 2935000, rstn = 1, data_out = 06a0
Time = 2945000, rstn = 1, data_out = 06a5
Time = 2955000, rstn = 1, data_out = 06aa
Time = 2965000, rstn = 1, data_out = 06af
Time = 2975000, rstn = 1, data_out = 06b6
Time = 2985000, rstn = 1, data_out = 06bc
Time = 2995000, rstn = 1, data_out = 06c1
Time = 3005000, rstn = 1, data_out = 06c8
Time = 3015000, rstn = 1, data_out = 06cd
Time = 3025000, rstn = 1, data_out = 06d2
Time = 3035000, rstn = 1, data_out = 06d7
Time = 3045000, rstn = 1, data_out = 06de
Time = 3055000, rstn = 1, data_out = 06e3
Time = 3065000, rstn = 1, data_out = 06ea
Time = 3075000, rstn = 1, data_out = 06ef
Time = 3085000, rstn = 1, data_out = 06f4
Time = 3095000, rstn = 1, data_out = 06f9
Time = 3105000, rstn = 1, data_out = 0700
Time = 3115000, rstn = 1, data_out = 0706
Time = 3125000, rstn = 1, data_out = 070b
Time = 3135000, rstn = 1, data_out = 0710
Time = 3145000, rstn = 1, data_out = 0715
Time = 3155000, rstn = 1, data_out = 071c
Time = 3165000, rstn = 1, data_out = 0721
Time = 3175000, rstn = 1, data_out = 0728
Time = 3185000, rstn = 1, data_out = 072d
Time = 3195000, rstn = 1, data_out = 0732
Time = 3205000, rstn = 1, data_out = 0737
Time = 3215000, rstn = 1, data_out = 073e
Time = 3225000, rstn = 1, data_out = 0743
Time = 3235000, rstn = 1, data_out = 0748
Time = 3245000, rstn = 1, data_out = 074d
Time = 3255000, rstn = 1, data_out = 0754
Time = 3265000, rstn = 1, data_out = 075a
Time = 3275000, rstn = 1, data_out = 075f
Time = 3285000, rstn = 1, data_out = 0764
Time = 3295000, rstn = 1, data_out = 0769
Time = 3305000, rstn = 1, data_out = 0770
Time = 3315000, rstn = 1, data_out = 0776
Time = 3325000, rstn = 1, data_out = 077b
Time = 3335000, rstn = 1, data_out = 0780
Time = 3345000, rstn = 1, data_out = 0785
Time = 3355000, rstn = 1, data_out = 078c
Time = 3365000, rstn = 1, data_out = 0791
Time = 3375000, rstn = 1, data_out = 0796
Time = 3385000, rstn = 1, data_out = 079b
Time = 3395000, rstn = 1, data_out = 07a2
Time = 3405000, rstn = 1, data_out = 07a7
Time = 3415000, rstn = 1, data_out = 07ac
Time = 3425000, rstn = 1, data_out = 07b1
Time = 3435000, rstn = 1, data_out = 07b8
Time = 3445000, rstn = 1, data_out = 07bd
Time = 3455000, rstn = 1, data_out = 07c2
Time = 3465000, rstn = 1, data_out = 07c7
Time = 3475000, rstn = 1, data_out = 07ce
Time = 3485000, rstn = 1, data_out = 07d3
Time = 3495000, rstn = 1, data_out = 07d8
Time = 3505000, rstn = 1, data_out = 07dd
Time = 3515000, rstn = 1, data_out = 07e4
Time = 3525000, rstn = 1, data_out = 07e9
Time = 3535000, rstn = 1, data_out = 07ee
Time = 3545000, rstn = 1, data_out = 07f4
Time = 3555000, rstn = 1, data_out = 07f9
Time = 3565000, rstn = 1, data_out = 07fe
Time = 3575000, rstn = 1, data_out = 0803
Time = 3585000, rstn = 1, data_out = 080a
Time = 3595000, rstn = 1, data_out = 080f
Time = 3605000, rstn = 1, data_out = 0814
Time = 3615000, rstn = 1, data_out = 081a
Time = 3625000, rstn = 1, data_out = 081f
Time = 3635000, rstn = 1, data_out = 0824
Time = 3645000, rstn = 1, data_out = 0829
Time = 3655000, rstn = 1, data_out = 0830
Time = 3665000, rstn = 1, data_out = 0835
Time = 3675000, rstn = 1, data_out = 083a
Time = 3685000, rstn = 1, data_out = 083f
Time = 3695000, rstn = 1, data_out = 0845
Time = 3705000, rstn = 1, data_out = 084a
Time = 3715000, rstn = 1, data_out = 0850
Time = 3725000, rstn = 1, data_out = 0855
Time = 3735000, rstn = 1, data_out = 085a
Time = 3745000, rstn = 1, data_out = 0860
Time = 3755000, rstn = 1, data_out = 0865
Time = 3765000, rstn = 1, data_out = 086a
Time = 3775000, rstn = 1, data_out = 0870
Time = 3785000, rstn = 1, data_out = 0875
Time = 3795000, rstn = 1, data_out = 087a
Time = 3805000, rstn = 1, data_out = 0880
Time = 3815000, rstn = 1, data_out = 0885
Time = 3825000, rstn = 1, data_out = 088a
Time = 3835000, rstn = 1, data_out = 0890
Time = 3845000, rstn = 1, data_out = 0895
Time = 3855000, rstn = 1, data_out = 089a
Time = 3865000, rstn = 1, data_out = 08a0
Time = 3875000, rstn = 1, data_out = 08a5
Time = 3885000, rstn = 1, data_out = 08aa
Time = 3895000, rstn = 1, data_out = 08af
Time = 3905000, rstn = 1, data_out = 08b4
Time = 3915000, rstn = 1, data_out = 08b9
Time = 3925000, rstn = 1, data_out = 08bf
Time = 3935000, rstn = 1, data_out = 08c4
Time = 3945000, rstn = 1, data_out = 08ca
Time = 3955000, rstn = 1, data_out = 08cf
Time = 3965000, rstn = 1, data_out = 08d4
Time = 3975000, rstn = 1, data_out = 08d9
Time = 3985000, rstn = 1, data_out = 08de
Time = 3995000, rstn = 1, data_out = 08e4
Time = 4005000, rstn = 1, data_out = 08e9
Time = 4015000, rstn = 1, data_out = 08ee
Time = 4025000, rstn = 1, data_out = 08f3
Time = 4035000, rstn = 1, data_out = 08f8
Time = 4045000, rstn = 1, data_out = 08fe
Time = 4055000, rstn = 1, data_out = 0903
Time = 4065000, rstn = 1, data_out = 0908
Time = 4075000, rstn = 1, data_out = 090d
Time = 4085000, rstn = 1, data_out = 0912
Time = 4095000, rstn = 1, data_out = 0918
Time = 4105000, rstn = 1, data_out = 091d
Time = 4115000, rstn = 1, data_out = 0922
Time = 4125000, rstn = 1, data_out = 0927
Time = 4135000, rstn = 1, data_out = 092c
Time = 4145000, rstn = 1, data_out = 0931
Time = 4155000, rstn = 1, data_out = 0936
Time = 4165000, rstn = 1, data_out = 093c
Time = 4175000, rstn = 1, data_out = 0941
Time = 4185000, rstn = 1, data_out = 0946
Time = 4195000, rstn = 1, data_out = 094b
Time = 4205000, rstn = 1, data_out = 0950
Time = 4215000, rstn = 1, data_out = 0955
Time = 4225000, rstn = 1, data_out = 095a
Time = 4235000, rstn = 1, data_out = 095f
Time = 4245000, rstn = 1, data_out = 0964
Time = 4255000, rstn = 1, data_out = 0969
Time = 4265000, rstn = 1, data_out = 096e
Time = 4275000, rstn = 1, data_out = 0973
Time = 4285000, rstn = 1, data_out = 0978
Time = 4295000, rstn = 1, data_out = 097e
Time = 4305000, rstn = 1, data_out = 0983
Time = 4315000, rstn = 1, data_out = 0988
Time = 4325000, rstn = 1, data_out = 098d
Time = 4335000, rstn = 1, data_out = 0992
Time = 4345000, rstn = 1, data_out = 0997
Time = 4355000, rstn = 1, data_out = 099c
Time = 4365000, rstn = 1, data_out = 09a1
Time = 4375000, rstn = 1, data_out = 09a6
Time = 4385000, rstn = 1, data_out = 09ab
Time = 4395000, rstn = 1, data_out = 09b0
Time = 4405000, rstn = 1, data_out = 09b5
Time = 4415000, rstn = 1, data_out = 09ba
Time = 4425000, rstn = 1, data_out = 09bf
Time = 4435000, rstn = 1, data_out = 09c4
Time = 4445000, rstn = 1, data_out = 09c9
Time = 4455000, rstn = 1, data_out = 09ce
Time = 4465000, rstn = 1, data_out = 09d3
Time = 4475000, rstn = 1, data_out = 09d8
Time = 4485000, rstn = 1, data_out = 09dc
Time = 4495000, rstn = 1, data_out = 09e1
Time = 4505000, rstn = 1, data_out = 09e6
Time = 4515000, rstn = 1, data_out = 09eb
Time = 4525000, rstn = 1, data_out = 09f0
Time = 4535000, rstn = 1, data_out = 09f5
Time = 4545000, rstn = 1, data_out = 09fa
Time = 4555000, rstn = 1, data_out = 09ff
Time = 4565000, rstn = 1, data_out = 0a04
Time = 4575000, rstn = 1, data_out = 0a09
Time = 4585000, rstn = 1, data_out = 0a0e
Time = 4595000, rstn = 1, data_out = 0a12
Time = 4605000, rstn = 1, data_out = 0a17
Time = 4615000, rstn = 1, data_out = 0a1c
Time = 4625000, rstn = 1, data_out = 0a21
Time = 4635000, rstn = 1, data_out = 0a26
Time = 4645000, rstn = 1, data_out = 0a2b
Time = 4655000, rstn = 1, data_out = 0a30
Time = 4665000, rstn = 1, data_out = 0a34
Time = 4675000, rstn = 1, data_out = 0a39
Time = 4685000, rstn = 1, data_out = 0a3e
Time = 4695000, rstn = 1, data_out = 0a43
Time = 4705000, rstn = 1, data_out = 0a48
Time = 4715000, rstn = 1, data_out = 0a4c
Time = 4725000, rstn = 1, data_out = 0a51
Time = 4735000, rstn = 1, data_out = 0a56
Time = 4745000, rstn = 1, data_out = 0a5b
Time = 4755000, rstn = 1, data_out = 0a60
Time = 4765000, rstn = 1, data_out = 0a64
Time = 4775000, rstn = 1, data_out = 0a69
Time = 4785000, rstn = 1, data_out = 0a6e
Time = 4795000, rstn = 1, data_out = 0a73
Time = 4805000, rstn = 1, data_out = 0a78
Time = 4815000, rstn = 1, data_out = 0a7c
Time = 4825000, rstn = 1, data_out = 0a81
Time = 4835000, rstn = 1, data_out = 0a86
Time = 4845000, rstn = 1, data_out = 0a8a
Time = 4855000, rstn = 1, data_out = 0a8f
Time = 4865000, rstn = 1, data_out = 0a93
Time = 4875000, rstn = 1, data_out = 0a98
Time = 4885000, rstn = 1, data_out = 0a9d
Time = 4895000, rstn = 1, data_out = 0aa2
Time = 4905000, rstn = 1, data_out = 0aa7
Time = 4915000, rstn = 1, data_out = 0aac
Time = 4925000, rstn = 1, data_out = 0ab0
Time = 4935000, rstn = 1, data_out = 0ab5
Time = 4945000, rstn = 1, data_out = 0aba
Time = 4955000, rstn = 1, data_out = 0abd
Time = 4965000, rstn = 1, data_out = 0ac2
Time = 4975000, rstn = 1, data_out = 0ac7
Time = 4985000, rstn = 1, data_out = 0acc
Time = 4995000, rstn = 1, data_out = 0ad0
Time = 5005000, rstn = 1, data_out = 0ad5
Time = 5015000, rstn = 1, data_out = 0ada
Time = 5025000, rstn = 1, data_out = 0ade
Time = 5035000, rstn = 1, data_out = 0ae3
Time = 5045000, rstn = 1, data_out = 0ae7
Time = 5055000, rstn = 1, data_out = 0aec
Time = 5065000, rstn = 1, data_out = 0af1
Time = 5075000, rstn = 1, data_out = 0af6
Time = 5085000, rstn = 1, data_out = 0af9
Time = 5095000, rstn = 1, data_out = 0afe
Time = 5105000, rstn = 1, data_out = 0b03
Time = 5115000, rstn = 1, data_out = 0b08
Time = 5125000, rstn = 1, data_out = 0b0b
Time = 5135000, rstn = 1, data_out = 0b10
Time = 5145000, rstn = 1, data_out = 0b15
Time = 5155000, rstn = 1, data_out = 0b1a
Time = 5165000, rstn = 1, data_out = 0b1e
Time = 5175000, rstn = 1, data_out = 0b23
Time = 5185000, rstn = 1, data_out = 0b28
Time = 5195000, rstn = 1, data_out = 0b2c
Time = 5205000, rstn = 1, data_out = 0b2f
Time = 5215000, rstn = 1, data_out = 0b34
Time = 5225000, rstn = 1, data_out = 0b39
Time = 5235000, rstn = 1, data_out = 0b3e
Time = 5245000, rstn = 1, data_out = 0b41
Time = 5255000, rstn = 1, data_out = 0b46
Time = 5265000, rstn = 1, data_out = 0b4b
Time = 5275000, rstn = 1, data_out = 0b50
Time = 5285000, rstn = 1, data_out = 0b54
Time = 5295000, rstn = 1, data_out = 0b57
Time = 5305000, rstn = 1, data_out = 0b5c
Time = 5315000, rstn = 1, data_out = 0b61
Time = 5325000, rstn = 1, data_out = 0b66
Time = 5335000, rstn = 1, data_out = 0b6a
Time = 5345000, rstn = 1, data_out = 0b6d
Time = 5355000, rstn = 1, data_out = 0b72
Time = 5365000, rstn = 1, data_out = 0b77
Time = 5375000, rstn = 1, data_out = 0b7c
Time = 5385000, rstn = 1, data_out = 0b80
Time = 5395000, rstn = 1, data_out = 0b83
Time = 5405000, rstn = 1, data_out = 0b88
Time = 5415000, rstn = 1, data_out = 0b8d
Time = 5425000, rstn = 1, data_out = 0b92
Time = 5435000, rstn = 1, data_out = 0b95
Time = 5445000, rstn = 1, data_out = 0b9a
Time = 5455000, rstn = 1, data_out = 0b9d
Time = 5465000, rstn = 1, data_out = 0ba2
Time = 5475000, rstn = 1, data_out = 0ba7
Time = 5485000, rstn = 1, data_out = 0bac
Time = 5495000, rstn = 1, data_out = 0baf
Time = 5505000, rstn = 1, data_out = 0bb4
Time = 5515000, rstn = 1, data_out = 0bb7
Time = 5525000, rstn = 1, data_out = 0bbc
Time = 5535000, rstn = 1, data_out = 0bbf
Time = 5545000, rstn = 1, data_out = 0bc4
Time = 5555000, rstn = 1, data_out = 0bc9
Time = 5565000, rstn = 1, data_out = 0bce
Time = 5575000, rstn = 1, data_out = 0bd1
Time = 5585000, rstn = 1, data_out = 0bd6
Time = 5595000, rstn = 1, data_out = 0bda
Time = 5605000, rstn = 1, data_out = 0bdd
Time = 5615000, rstn = 1, data_out = 0be2
Time = 5625000, rstn = 1, data_out = 0be5
Time = 5635000, rstn = 1, data_out = 0bea
Time = 5645000, rstn = 1, data_out = 0bef
Time = 5655000, rstn = 1, data_out = 0bf4
Time = 5665000, rstn = 1, data_out = 0bf7
Time = 5675000, rstn = 1, data_out = 0bfc
Time = 5685000, rstn = 1, data_out = 0bff
Time = 5695000, rstn = 1, data_out = 0c04
Time = 5705000, rstn = 1, data_out = 0c08
Time = 5715000, rstn = 1, data_out = 0c0c
Time = 5725000, rstn = 1, data_out = 0c10
Time = 5735000, rstn = 1, data_out = 0c14
Time = 5745000, rstn = 1, data_out = 0c18
Time = 5755000, rstn = 1, data_out = 0c1c
Time = 5765000, rstn = 1, data_out = 0c20
Time = 5775000, rstn = 1, data_out = 0c24
Time = 5785000, rstn = 1, data_out = 0c27
Time = 5795000, rstn = 1, data_out = 0c2c
Time = 5805000, rstn = 1, data_out = 0c2f
Time = 5815000, rstn = 1, data_out = 0c34
Time = 5825000, rstn = 1, data_out = 0c39
Time = 5835000, rstn = 1, data_out = 0c3e
Time = 5845000, rstn = 1, data_out = 0c41
Time = 5855000, rstn = 1, data_out = 0c46
Time = 5865000, rstn = 1, data_out = 0c49
Time = 5875000, rstn = 1, data_out = 0c4e
Time = 5885000, rstn = 1, data_out = 0c52
Time = 5895000, rstn = 1, data_out = 0c56
Time = 5905000, rstn = 1, data_out = 0c5a
Time = 5915000, rstn = 1, data_out = 0c5d
Time = 5925000, rstn = 1, data_out = 0c62
Time = 5935000, rstn = 1, data_out = 0c65
Time = 5945000, rstn = 1, data_out = 0c6a
Time = 5955000, rstn = 1, data_out = 0c6d
Time = 5965000, rstn = 1, data_out = 0c70
Time = 5975000, rstn = 1, data_out = 0c73
Time = 5985000, rstn = 1, data_out = 0c78
Time = 5995000, rstn = 1, data_out = 0c7b
Time = 6005000, rstn = 1, data_out = 0c80
Time = 6015000, rstn = 1, data_out = 0c84
Time = 6025000, rstn = 1, data_out = 0c88
Time = 6035000, rstn = 1, data_out = 0c8c
Time = 6045000, rstn = 1, data_out = 0c90
Time = 6055000, rstn = 1, data_out = 0c94
Time = 6065000, rstn = 1, data_out = 0c98
Time = 6075000, rstn = 1, data_out = 0c9c
Time = 6085000, rstn = 1, data_out = 0c9f
Time = 6095000, rstn = 1, data_out = 0ca4
Time = 6105000, rstn = 1, data_out = 0ca7
Time = 6115000, rstn = 1, data_out = 0cac
Time = 6125000, rstn = 1, data_out = 0caf
Time = 6135000, rstn = 1, data_out = 0cb2
Time = 6145000, rstn = 1, data_out = 0cb5
Time = 6155000, rstn = 1, data_out = 0cba
Time = 6165000, rstn = 1, data_out = 0cbd
Time = 6175000, rstn = 1, data_out = 0cc2
Time = 6185000, rstn = 1, data_out = 0cc6
Time = 6195000, rstn = 1, data_out = 0cc9
Time = 6205000, rstn = 1, data_out = 0cce
Time = 6215000, rstn = 1, data_out = 0cd1
Time = 6225000, rstn = 1, data_out = 0cd4
Time = 6235000, rstn = 1, data_out = 0cd7
Time = 6245000, rstn = 1, data_out = 0cdc
Time = 6255000, rstn = 1, data_out = 0ce0
Time = 6265000, rstn = 1, data_out = 0ce3
Time = 6275000, rstn = 1, data_out = 0ce8
Time = 6285000, rstn = 1, data_out = 0ceb
Time = 6295000, rstn = 1, data_out = 0cee
Time = 6305000, rstn = 1, data_out = 0cf1
Time = 6315000, rstn = 1, data_out = 0cf6
Time = 6325000, rstn = 1, data_out = 0cf9
Time = 6335000, rstn = 1, data_out = 0cfe
Time = 6345000, rstn = 1, data_out = 0d01
Time = 6355000, rstn = 1, data_out = 0d04
Time = 6365000, rstn = 1, data_out = 0d07
Time = 6375000, rstn = 1, data_out = 0d0c
Time = 6385000, rstn = 1, data_out = 0d10
Time = 6395000, rstn = 1, data_out = 0d13
Time = 6405000, rstn = 1, data_out = 0d16
Time = 6415000, rstn = 1, data_out = 0d19
Time = 6425000, rstn = 1, data_out = 0d1e
Time = 6435000, rstn = 1, data_out = 0d22
Time = 6445000, rstn = 1, data_out = 0d25
Time = 6455000, rstn = 1, data_out = 0d28
Time = 6465000, rstn = 1, data_out = 0d2b
Time = 6475000, rstn = 1, data_out = 0d30
Time = 6485000, rstn = 1, data_out = 0d34
Time = 6495000, rstn = 1, data_out = 0d37
Time = 6505000, rstn = 1, data_out = 0d3a
Time = 6515000, rstn = 1, data_out = 0d3d
Time = 6525000, rstn = 1, data_out = 0d42
Time = 6535000, rstn = 1, data_out = 0d45
Time = 6545000, rstn = 1, data_out = 0d48
Time = 6555000, rstn = 1, data_out = 0d4b
Time = 6565000, rstn = 1, data_out = 0d50
Time = 6575000, rstn = 1, data_out = 0d53
Time = 6585000, rstn = 1, data_out = 0d56
Time = 6595000, rstn = 1, data_out = 0d5a
Time = 6605000, rstn = 1, data_out = 0d5d
Time = 6615000, rstn = 1, data_out = 0d60
Time = 6625000, rstn = 1, data_out = 0d63
Time = 6635000, rstn = 1, data_out = 0d68
Time = 6645000, rstn = 1, data_out = 0d6b
Time = 6655000, rstn = 1, data_out = 0d6e
Time = 6665000, rstn = 1, data_out = 0d71
Time = 6675000, rstn = 1, data_out = 0d75
Time = 6685000, rstn = 1, data_out = 0d78
Time = 6695000, rstn = 1, data_out = 0d7c
Time = 6705000, rstn = 1, data_out = 0d7f
Time = 6715000, rstn = 1, data_out = 0d82
Time = 6725000, rstn = 1, data_out = 0d86
Time = 6735000, rstn = 1, data_out = 0d89
Time = 6745000, rstn = 1, data_out = 0d8c
Time = 6755000, rstn = 1, data_out = 0d90
Time = 6765000, rstn = 1, data_out = 0d93
Time = 6775000, rstn = 1, data_out = 0d96
Time = 6785000, rstn = 1, data_out = 0d9a
Time = 6795000, rstn = 1, data_out = 0d9d
Time = 6805000, rstn = 1, data_out = 0da0
Time = 6815000, rstn = 1, data_out = 0da4
Time = 6825000, rstn = 1, data_out = 0da7
Time = 6835000, rstn = 1, data_out = 0daa
Time = 6845000, rstn = 1, data_out = 0dad
Time = 6855000, rstn = 1, data_out = 0db0
Time = 6865000, rstn = 1, data_out = 0db3
Time = 6875000, rstn = 1, data_out = 0db7
Time = 6885000, rstn = 1, data_out = 0dba
Time = 6895000, rstn = 1, data_out = 0dbe
Time = 6905000, rstn = 1, data_out = 0dc1
Time = 6915000, rstn = 1, data_out = 0dc4
Time = 6925000, rstn = 1, data_out = 0dc7
Time = 6935000, rstn = 1, data_out = 0dca
Time = 6945000, rstn = 1, data_out = 0dcd
Time = 6955000, rstn = 1, data_out = 0dd0
Time = 6965000, rstn = 1, data_out = 0dd4
Time = 6975000, rstn = 1, data_out = 0dd7
Time = 6985000, rstn = 1, data_out = 0dda
Time = 6995000, rstn = 1, data_out = 0ddd
Time = 7005000, rstn = 1, data_out = 0de0
Time = 7015000, rstn = 1, data_out = 0de3
Time = 7025000, rstn = 1, data_out = 0de6
Time = 7035000, rstn = 1, data_out = 0dea
Time = 7045000, rstn = 1, data_out = 0ded
Time = 7055000, rstn = 1, data_out = 0df0
Time = 7065000, rstn = 1, data_out = 0df3
Time = 7075000, rstn = 1, data_out = 0df6
Time = 7085000, rstn = 1, data_out = 0df9
Time = 7095000, rstn = 1, data_out = 0dfc
Time = 7105000, rstn = 1, data_out = 0dff
Time = 7115000, rstn = 1, data_out = 0e02
Time = 7125000, rstn = 1, data_out = 0e05
Time = 7135000, rstn = 1, data_out = 0e08
Time = 7145000, rstn = 1, data_out = 0e0b
Time = 7155000, rstn = 1, data_out = 0e0e
Time = 7165000, rstn = 1, data_out = 0e11
Time = 7175000, rstn = 1, data_out = 0e14
Time = 7185000, rstn = 1, data_out = 0e17
Time = 7195000, rstn = 1, data_out = 0e1a
Time = 7205000, rstn = 1, data_out = 0e1d
Time = 7215000, rstn = 1, data_out = 0e20
Time = 7225000, rstn = 1, data_out = 0e23
Time = 7235000, rstn = 1, data_out = 0e26
Time = 7245000, rstn = 1, data_out = 0e28
Time = 7255000, rstn = 1, data_out = 0e2b
Time = 7265000, rstn = 1, data_out = 0e2e
Time = 7275000, rstn = 1, data_out = 0e31
Time = 7285000, rstn = 1, data_out = 0e34
Time = 7295000, rstn = 1, data_out = 0e37
Time = 7305000, rstn = 1, data_out = 0e3a
Time = 7315000, rstn = 1, data_out = 0e3d
Time = 7325000, rstn = 1, data_out = 0e40
Time = 7335000, rstn = 1, data_out = 0e42
Time = 7345000, rstn = 1, data_out = 0e45
Time = 7355000, rstn = 1, data_out = 0e48
Time = 7365000, rstn = 1, data_out = 0e4b
Time = 7375000, rstn = 1, data_out = 0e4e
Time = 7385000, rstn = 1, data_out = 0e50
Time = 7395000, rstn = 1, data_out = 0e53
Time = 7405000, rstn = 1, data_out = 0e56
Time = 7415000, rstn = 1, data_out = 0e59
Time = 7425000, rstn = 1, data_out = 0e5c
Time = 7435000, rstn = 1, data_out = 0e5e
Time = 7445000, rstn = 1, data_out = 0e61
Time = 7455000, rstn = 1, data_out = 0e63
Time = 7465000, rstn = 1, data_out = 0e66
Time = 7475000, rstn = 1, data_out = 0e69
Time = 7485000, rstn = 1, data_out = 0e6c
Time = 7495000, rstn = 1, data_out = 0e6f
Time = 7505000, rstn = 1, data_out = 0e72
Time = 7515000, rstn = 1, data_out = 0e74
Time = 7525000, rstn = 1, data_out = 0e77
Time = 7535000, rstn = 1, data_out = 0e7a
Time = 7545000, rstn = 1, data_out = 0e7c
Time = 7555000, rstn = 1, data_out = 0e7f
Time = 7565000, rstn = 1, data_out = 0e81
Time = 7575000, rstn = 1, data_out = 0e84
Time = 7585000, rstn = 1, data_out = 0e87
Time = 7595000, rstn = 1, data_out = 0e8a
Time = 7605000, rstn = 1, data_out = 0e8b
Time = 7615000, rstn = 1, data_out = 0e8e
Time = 7625000, rstn = 1, data_out = 0e91
Time = 7635000, rstn = 1, data_out = 0e94
Time = 7645000, rstn = 1, data_out = 0e96
Time = 7655000, rstn = 1, data_out = 0e99
Time = 7665000, rstn = 1, data_out = 0e9c
Time = 7675000, rstn = 1, data_out = 0e9d
Time = 7685000, rstn = 1, data_out = 0ea0
Time = 7695000, rstn = 1, data_out = 0ea3
Time = 7705000, rstn = 1, data_out = 0ea6
Time = 7715000, rstn = 1, data_out = 0ea7
Time = 7725000, rstn = 1, data_out = 0eaa
Time = 7735000, rstn = 1, data_out = 0ead
Time = 7745000, rstn = 1, data_out = 0eb0
Time = 7755000, rstn = 1, data_out = 0eb1
Time = 7765000, rstn = 1, data_out = 0eb4
Time = 7775000, rstn = 1, data_out = 0eb7
Time = 7785000, rstn = 1, data_out = 0eba
Time = 7795000, rstn = 1, data_out = 0ebc
Time = 7805000, rstn = 1, data_out = 0ebd
Time = 7815000, rstn = 1, data_out = 0ec0
Time = 7825000, rstn = 1, data_out = 0ec3
Time = 7835000, rstn = 1, data_out = 0ec6
Time = 7845000, rstn = 1, data_out = 0ec8
Time = 7855000, rstn = 1, data_out = 0ec9
Time = 7865000, rstn = 1, data_out = 0ecc
Time = 7875000, rstn = 1, data_out = 0ecf
Time = 7885000, rstn = 1, data_out = 0ed2
Time = 7895000, rstn = 1, data_out = 0ed3
Time = 7905000, rstn = 1, data_out = 0ed6
Time = 7915000, rstn = 1, data_out = 0ed7
Time = 7925000, rstn = 1, data_out = 0eda
Time = 7935000, rstn = 1, data_out = 0edd
Time = 7945000, rstn = 1, data_out = 0ee0
Time = 7955000, rstn = 1, data_out = 0ee1
Time = 7965000, rstn = 1, data_out = 0ee4
Time = 7975000, rstn = 1, data_out = 0ee6
Time = 7985000, rstn = 1, data_out = 0ee7
Time = 7995000, rstn = 1, data_out = 0eea
Time = 8005000, rstn = 1, data_out = 0eed
Time = 8015000, rstn = 1, data_out = 0ef0
Time = 8025000, rstn = 1, data_out = 0ef1
Time = 8035000, rstn = 1, data_out = 0ef4
Time = 8045000, rstn = 1, data_out = 0ef6
Time = 8055000, rstn = 1, data_out = 0ef7
Time = 8065000, rstn = 1, data_out = 0efa
Time = 8075000, rstn = 1, data_out = 0efb
Time = 8085000, rstn = 1, data_out = 0efe
Time = 8095000, rstn = 1, data_out = 0f01
Time = 8105000, rstn = 1, data_out = 0f04
Time = 8115000, rstn = 1, data_out = 0f05
Time = 8125000, rstn = 1, data_out = 0f08
Time = 8135000, rstn = 1, data_out = 0f09
Time = 8145000, rstn = 1, data_out = 0f0c
Time = 8155000, rstn = 1, data_out = 0f0e
Time = 8165000, rstn = 1, data_out = 0f10
Time = 8175000, rstn = 1, data_out = 0f12
Time = 8185000, rstn = 1, data_out = 0f14
Time = 8195000, rstn = 1, data_out = 0f16
Time = 8205000, rstn = 1, data_out = 0f18
Time = 8215000, rstn = 1, data_out = 0f1a
Time = 8225000, rstn = 1, data_out = 0f1c
Time = 8235000, rstn = 1, data_out = 0f1e
Time = 8245000, rstn = 1, data_out = 0f20
Time = 8255000, rstn = 1, data_out = 0f22
Time = 8265000, rstn = 1, data_out = 0f24
Time = 8275000, rstn = 1, data_out = 0f26
Time = 8285000, rstn = 1, data_out = 0f28
Time = 8295000, rstn = 1, data_out = 0f2a
Time = 8305000, rstn = 1, data_out = 0f2c
Time = 8315000, rstn = 1, data_out = 0f2e
Time = 8325000, rstn = 1, data_out = 0f30
Time = 8335000, rstn = 1, data_out = 0f32
Time = 8345000, rstn = 1, data_out = 0f34
Time = 8355000, rstn = 1, data_out = 0f36
Time = 8365000, rstn = 1, data_out = 0f38
Time = 8375000, rstn = 1, data_out = 0f3a
Time = 8385000, rstn = 1, data_out = 0f3c
Time = 8395000, rstn = 1, data_out = 0f3e
Time = 8405000, rstn = 1, data_out = 0f40
Time = 8415000, rstn = 1, data_out = 0f41
Time = 8425000, rstn = 1, data_out = 0f44
Time = 8435000, rstn = 1, data_out = 0f45
Time = 8445000, rstn = 1, data_out = 0f48
Time = 8455000, rstn = 1, data_out = 0f49
Time = 8465000, rstn = 1, data_out = 0f4a
Time = 8475000, rstn = 1, data_out = 0f4b
Time = 8485000, rstn = 1, data_out = 0f4e
Time = 8495000, rstn = 1, data_out = 0f4f
Time = 8505000, rstn = 1, data_out = 0f52
Time = 8515000, rstn = 1, data_out = 0f54
Time = 8525000, rstn = 1, data_out = 0f55
Time = 8535000, rstn = 1, data_out = 0f58
Time = 8545000, rstn = 1, data_out = 0f59
Time = 8555000, rstn = 1, data_out = 0f5a
Time = 8565000, rstn = 1, data_out = 0f5b
Time = 8575000, rstn = 1, data_out = 0f5e
Time = 8585000, rstn = 1, data_out = 0f60
Time = 8595000, rstn = 1, data_out = 0f61
Time = 8605000, rstn = 1, data_out = 0f64
Time = 8615000, rstn = 1, data_out = 0f65
Time = 8625000, rstn = 1, data_out = 0f66
Time = 8635000, rstn = 1, data_out = 0f67
Time = 8645000, rstn = 1, data_out = 0f6a
Time = 8655000, rstn = 1, data_out = 0f6b
Time = 8665000, rstn = 1, data_out = 0f6e
Time = 8675000, rstn = 1, data_out = 0f6f
Time = 8685000, rstn = 1, data_out = 0f70
Time = 8695000, rstn = 1, data_out = 0f71
Time = 8705000, rstn = 1, data_out = 0f74
Time = 8715000, rstn = 1, data_out = 0f76
Time = 8725000, rstn = 1, data_out = 0f77
Time = 8735000, rstn = 1, data_out = 0f78
Time = 8745000, rstn = 1, data_out = 0f79
Time = 8755000, rstn = 1, data_out = 0f7c
Time = 8765000, rstn = 1, data_out = 0f7e
Time = 8775000, rstn = 1, data_out = 0f7f
Time = 8785000, rstn = 1, data_out = 0f80
Time = 8795000, rstn = 1, data_out = 0f81
Time = 8805000, rstn = 1, data_out = 0f84
Time = 8815000, rstn = 1, data_out = 0f85
Time = 8825000, rstn = 1, data_out = 0f86
Time = 8835000, rstn = 1, data_out = 0f87
Time = 8845000, rstn = 1, data_out = 0f8a
Time = 8855000, rstn = 1, data_out = 0f8b
Time = 8865000, rstn = 1, data_out = 0f8c
Time = 8875000, rstn = 1, data_out = 0f8e
Time = 8885000, rstn = 1, data_out = 0f8f
Time = 8895000, rstn = 1, data_out = 0f90
Time = 8905000, rstn = 1, data_out = 0f91
Time = 8915000, rstn = 1, data_out = 0f94
Time = 8925000, rstn = 1, data_out = 0f95
Time = 8935000, rstn = 1, data_out = 0f96
Time = 8945000, rstn = 1, data_out = 0f97
Time = 8955000, rstn = 1, data_out = 0f99
Time = 8965000, rstn = 1, data_out = 0f9a
Time = 8975000, rstn = 1, data_out = 0f9c
Time = 8985000, rstn = 1, data_out = 0f9d
Time = 8995000, rstn = 1, data_out = 0f9e
Time = 9005000, rstn = 1, data_out = 0fa0
Time = 9015000, rstn = 1, data_out = 0fa1
Time = 9025000, rstn = 1, data_out = 0fa2
Time = 9035000, rstn = 1, data_out = 0fa4
Time = 9045000, rstn = 1, data_out = 0fa5
Time = 9055000, rstn = 1, data_out = 0fa6
Time = 9065000, rstn = 1, data_out = 0fa8
Time = 9075000, rstn = 1, data_out = 0fa9
Time = 9085000, rstn = 1, data_out = 0faa
Time = 9095000, rstn = 1, data_out = 0fab
Time = 9105000, rstn = 1, data_out = 0fac
Time = 9115000, rstn = 1, data_out = 0fae
Time = 9125000, rstn = 1, data_out = 0faf
Time = 9135000, rstn = 1, data_out = 0fb0
Time = 9145000, rstn = 1, data_out = 0fb1
Time = 9155000, rstn = 1, data_out = 0fb2
Time = 9165000, rstn = 1, data_out = 0fb4
Time = 9175000, rstn = 1, data_out = 0fb5
Time = 9185000, rstn = 1, data_out = 0fb6
Time = 9195000, rstn = 1, data_out = 0fb7
Time = 9205000, rstn = 1, data_out = 0fb8
Time = 9215000, rstn = 1, data_out = 0fb9
Time = 9225000, rstn = 1, data_out = 0fba
Time = 9235000, rstn = 1, data_out = 0fbc
Time = 9245000, rstn = 1, data_out = 0fbd
Time = 9255000, rstn = 1, data_out = 0fbe
Time = 9265000, rstn = 1, data_out = 0fbf
Time = 9275000, rstn = 1, data_out = 0fc0
Time = 9285000, rstn = 1, data_out = 0fc1
Time = 9295000, rstn = 1, data_out = 0fc2
Time = 9305000, rstn = 1, data_out = 0fc3
Time = 9315000, rstn = 1, data_out = 0fc4
Time = 9325000, rstn = 1, data_out = 0fc5
Time = 9335000, rstn = 1, data_out = 0fc6
Time = 9345000, rstn = 1, data_out = 0fc7
Time = 9355000, rstn = 1, data_out = 0fc8
Time = 9365000, rstn = 1, data_out = 0fc9
Time = 9375000, rstn = 1, data_out = 0fca
Time = 9385000, rstn = 1, data_out = 0fcb
Time = 9395000, rstn = 1, data_out = 0fcc
Time = 9405000, rstn = 1, data_out = 0fcd
Time = 9415000, rstn = 1, data_out = 0fce
Time = 9425000, rstn = 1, data_out = 0fcf
Time = 9435000, rstn = 1, data_out = 0fd0
Time = 9445000, rstn = 1, data_out = 0fd1
Time = 9455000, rstn = 1, data_out = 0fd2
Time = 9475000, rstn = 1, data_out = 0fd3
Time = 9485000, rstn = 1, data_out = 0fd4
Time = 9495000, rstn = 1, data_out = 0fd5
Time = 9505000, rstn = 1, data_out = 0fd6
Time = 9515000, rstn = 1, data_out = 0fd7
Time = 9525000, rstn = 1, data_out = 0fd8
Time = 9545000, rstn = 1, data_out = 0fd9
Time = 9555000, rstn = 1, data_out = 0fda
Time = 9565000, rstn = 1, data_out = 0fdb
Time = 9575000, rstn = 1, data_out = 0fdc
Time = 9595000, rstn = 1, data_out = 0fdd
Time = 9605000, rstn = 1, data_out = 0fde
Time = 9615000, rstn = 1, data_out = 0fdf
Time = 9625000, rstn = 1, data_out = 0fe0
Time = 9645000, rstn = 1, data_out = 0fe1
Time = 9655000, rstn = 1, data_out = 0fe2
Time = 9675000, rstn = 1, data_out = 0fe3
Time = 9685000, rstn = 1, data_out = 0fe4
Time = 9705000, rstn = 1, data_out = 0fe5
Time = 9715000, rstn = 1, data_out = 0fe6
Time = 9735000, rstn = 1, data_out = 0fe7
Time = 9755000, rstn = 1, data_out = 0fe8
Time = 9765000, rstn = 1, data_out = 0fe9
Time = 9775000, rstn = 1, data_out = 0fea
Time = 9785000, rstn = 1, data_out = 0fe9
Time = 9795000, rstn = 1, data_out = 0fea
Time = 9805000, rstn = 1, data_out = 0feb
Time = 9815000, rstn = 1, data_out = 0fec
Time = 9835000, rstn = 1, data_out = 0fed
Time = 9845000, rstn = 1, data_out = 0fee
Time = 9855000, rstn = 1, data_out = 0fed
Time = 9865000, rstn = 1, data_out = 0fee
Time = 9875000, rstn = 1, data_out = 0fef
Time = 9885000, rstn = 1, data_out = 0ff0
Time = 9895000, rstn = 1, data_out = 0fef
Time = 9905000, rstn = 1, data_out = 0ff0
Time = 9915000, rstn = 1, data_out = 0ff1
Time = 9925000, rstn = 1, data_out = 0ff2
Time = 9945000, rstn = 1, data_out = 0ff1
Time = 9955000, rstn = 1, data_out = 0ff2
Time = 9965000, rstn = 1, data_out = 0ff3
Time = 9975000, rstn = 1, data_out = 0ff4
Time = 9995000, rstn = 1, data_out = 0ff3
Time = 10005000, rstn = 1, data_out = 0ff4
Time = 10015000, rstn = 1, data_out = 0ff5
Time = 10025000, rstn = 1, data_out = 0ff6
Time = 10035000, rstn = 1, data_out = 0ff5
Time = 10045000, rstn = 1, data_out = 0ff6
Time = 10055000, rstn = 1, data_out = 0ff5
Time = 10065000, rstn = 1, data_out = 0ff6
Time = 10075000, rstn = 1, data_out = 0ff7
Time = 10085000, rstn = 1, data_out = 0ff8
Time = 10095000, rstn = 1, data_out = 0ff7
Time = 10105000, rstn = 1, data_out = 0ff8
Time = 10125000, rstn = 1, data_out = 0ff7
Time = 10135000, rstn = 1, data_out = 0ff8
Time = 10145000, rstn = 1, data_out = 0ff9
Time = 10155000, rstn = 1, data_out = 0ffa
Time = 10165000, rstn = 1, data_out = 0ff9
Time = 10175000, rstn = 1, data_out = 0ffa
Time = 10185000, rstn = 1, data_out = 0ff9
Time = 10195000, rstn = 1, data_out = 0ffa
Time = 10215000, rstn = 1, data_out = 0ff9
Time = 10225000, rstn = 1, data_out = 0ffa
Time = 10235000, rstn = 1, data_out = 0ff9
Time = 10245000, rstn = 1, data_out = 0ffa
Time = 10255000, rstn = 1, data_out = 0ffb
Time = 10265000, rstn = 1, data_out = 0ffc
Time = 10275000, rstn = 1, data_out = 0ffb
Time = 10285000, rstn = 1, data_out = 0ffc
Time = 10295000, rstn = 1, data_out = 0ffb
Time = 10305000, rstn = 1, data_out = 0ffc
Time = 10485000, rstn = 1, data_out = 0ffb
Time = 10495000, rstn = 1, data_out = 0ffc
Time = 10505000, rstn = 1, data_out = 0ffb
Time = 10515000, rstn = 1, data_out = 0ffc
Time = 10525000, rstn = 1, data_out = 0ffb
Time = 10535000, rstn = 1, data_out = 0ffa
Time = 10545000, rstn = 1, data_out = 0ff9
Time = 10555000, rstn = 1, data_out = 0ffa
Time = 10565000, rstn = 1, data_out = 0ff9
Time = 10575000, rstn = 1, data_out = 0ffa
Time = 10595000, rstn = 1, data_out = 0ff9
Time = 10605000, rstn = 1, data_out = 0ffa
Time = 10615000, rstn = 1, data_out = 0ff9
Time = 10625000, rstn = 1, data_out = 0ffa
Time = 10635000, rstn = 1, data_out = 0ff9
Time = 10645000, rstn = 1, data_out = 0ff8
Time = 10655000, rstn = 1, data_out = 0ff7
Time = 10665000, rstn = 1, data_out = 0ff8
Time = 10685000, rstn = 1, data_out = 0ff7
Time = 10695000, rstn = 1, data_out = 0ff8
Time = 10705000, rstn = 1, data_out = 0ff7
Time = 10715000, rstn = 1, data_out = 0ff6
Time = 10725000, rstn = 1, data_out = 0ff5
Time = 10735000, rstn = 1, data_out = 0ff6
Time = 10745000, rstn = 1, data_out = 0ff5
Time = 10755000, rstn = 1, data_out = 0ff6
Time = 10765000, rstn = 1, data_out = 0ff5
Time = 10775000, rstn = 1, data_out = 0ff4
Time = 10785000, rstn = 1, data_out = 0ff3
Time = 10795000, rstn = 1, data_out = 0ff4
Time = 10815000, rstn = 1, data_out = 0ff3
Time = 10825000, rstn = 1, data_out = 0ff2
Time = 10835000, rstn = 1, data_out = 0ff1
Time = 10845000, rstn = 1, data_out = 0ff2
Time = 10865000, rstn = 1, data_out = 0ff1
Time = 10875000, rstn = 1, data_out = 0ff0
Time = 10885000, rstn = 1, data_out = 0fef
Time = 10895000, rstn = 1, data_out = 0ff0
Time = 10905000, rstn = 1, data_out = 0fef
Time = 10915000, rstn = 1, data_out = 0fee
Time = 10925000, rstn = 1, data_out = 0fed
Time = 10935000, rstn = 1, data_out = 0fee
Time = 10945000, rstn = 1, data_out = 0fed
Time = 10955000, rstn = 1, data_out = 0fec
Time = 10975000, rstn = 1, data_out = 0feb
Time = 10985000, rstn = 1, data_out = 0fea
Time = 10995000, rstn = 1, data_out = 0fe9
Time = 11005000, rstn = 1, data_out = 0fea
Time = 11015000, rstn = 1, data_out = 0fe9
Time = 11025000, rstn = 1, data_out = 0fe8
Time = 11035000, rstn = 1, data_out = 0fe7
Time = 11055000, rstn = 1, data_out = 0fe6
Time = 11075000, rstn = 1, data_out = 0fe5
Time = 11085000, rstn = 1, data_out = 0fe4
Time = 11105000, rstn = 1, data_out = 0fe3
Time = 11115000, rstn = 1, data_out = 0fe2
Time = 11135000, rstn = 1, data_out = 0fe1
Time = 11145000, rstn = 1, data_out = 0fe0
Time = 11165000, rstn = 1, data_out = 0fdf
Time = 11175000, rstn = 1, data_out = 0fde
Time = 11185000, rstn = 1, data_out = 0fdd
Time = 11195000, rstn = 1, data_out = 0fdc
Time = 11215000, rstn = 1, data_out = 0fdb
Time = 11225000, rstn = 1, data_out = 0fda
Time = 11235000, rstn = 1, data_out = 0fd9
Time = 11245000, rstn = 1, data_out = 0fd8
Time = 11265000, rstn = 1, data_out = 0fd7
Time = 11275000, rstn = 1, data_out = 0fd6
Time = 11285000, rstn = 1, data_out = 0fd5
Time = 11295000, rstn = 1, data_out = 0fd4
Time = 11305000, rstn = 1, data_out = 0fd3
Time = 11315000, rstn = 1, data_out = 0fd2
Time = 11335000, rstn = 1, data_out = 0fd1
Time = 11345000, rstn = 1, data_out = 0fd0
Time = 11355000, rstn = 1, data_out = 0fcf
Time = 11365000, rstn = 1, data_out = 0fce
Time = 11375000, rstn = 1, data_out = 0fcd
Time = 11385000, rstn = 1, data_out = 0fcc
Time = 11395000, rstn = 1, data_out = 0fcb
Time = 11405000, rstn = 1, data_out = 0fca
Time = 11415000, rstn = 1, data_out = 0fc9
Time = 11425000, rstn = 1, data_out = 0fc8
Time = 11435000, rstn = 1, data_out = 0fc7
Time = 11445000, rstn = 1, data_out = 0fc6
Time = 11455000, rstn = 1, data_out = 0fc5
Time = 11465000, rstn = 1, data_out = 0fc4
Time = 11475000, rstn = 1, data_out = 0fc3
Time = 11485000, rstn = 1, data_out = 0fc2
Time = 11495000, rstn = 1, data_out = 0fc1
Time = 11505000, rstn = 1, data_out = 0fc0
Time = 11515000, rstn = 1, data_out = 0fbf
Time = 11525000, rstn = 1, data_out = 0fbe
Time = 11535000, rstn = 1, data_out = 0fbd
Time = 11545000, rstn = 1, data_out = 0fbc
Time = 11555000, rstn = 1, data_out = 0fba
Time = 11565000, rstn = 1, data_out = 0fb9
Time = 11575000, rstn = 1, data_out = 0fb8
Time = 11585000, rstn = 1, data_out = 0fb7
Time = 11595000, rstn = 1, data_out = 0fb6
Time = 11605000, rstn = 1, data_out = 0fb5
Time = 11615000, rstn = 1, data_out = 0fb4
Time = 11625000, rstn = 1, data_out = 0fb2
Time = 11635000, rstn = 1, data_out = 0fb1
Time = 11645000, rstn = 1, data_out = 0fb0
Time = 11655000, rstn = 1, data_out = 0faf
Time = 11665000, rstn = 1, data_out = 0fae
Time = 11675000, rstn = 1, data_out = 0fac
Time = 11685000, rstn = 1, data_out = 0fab
Time = 11695000, rstn = 1, data_out = 0faa
Time = 11705000, rstn = 1, data_out = 0fa9
Time = 11715000, rstn = 1, data_out = 0fa8
Time = 11725000, rstn = 1, data_out = 0fa6
Time = 11735000, rstn = 1, data_out = 0fa5
Time = 11745000, rstn = 1, data_out = 0fa4
Time = 11755000, rstn = 1, data_out = 0fa2
Time = 11765000, rstn = 1, data_out = 0fa1
Time = 11775000, rstn = 1, data_out = 0fa0
Time = 11785000, rstn = 1, data_out = 0f9e
Time = 11795000, rstn = 1, data_out = 0f9d
Time = 11805000, rstn = 1, data_out = 0f9c
Time = 11815000, rstn = 1, data_out = 0f9a
Time = 11825000, rstn = 1, data_out = 0f99
Time = 11835000, rstn = 1, data_out = 0f97
Time = 11845000, rstn = 1, data_out = 0f96
Time = 11855000, rstn = 1, data_out = 0f95
Time = 11865000, rstn = 1, data_out = 0f94
Time = 11875000, rstn = 1, data_out = 0f91
Time = 11885000, rstn = 1, data_out = 0f90
Time = 11895000, rstn = 1, data_out = 0f8f
Time = 11905000, rstn = 1, data_out = 0f8e
Time = 11915000, rstn = 1, data_out = 0f8c
Time = 11925000, rstn = 1, data_out = 0f8b
Time = 11935000, rstn = 1, data_out = 0f8a
Time = 11945000, rstn = 1, data_out = 0f87
Time = 11955000, rstn = 1, data_out = 0f86
Time = 11965000, rstn = 1, data_out = 0f85
Time = 11975000, rstn = 1, data_out = 0f84
Time = 11985000, rstn = 1, data_out = 0f81
Time = 11995000, rstn = 1, data_out = 0f80
Time = 12005000, rstn = 1, data_out = 0f7f
Time = 12015000, rstn = 1, data_out = 0f7e
Time = 12025000, rstn = 1, data_out = 0f7c
Time = 12035000, rstn = 1, data_out = 0f79
Time = 12045000, rstn = 1, data_out = 0f78
Time = 12055000, rstn = 1, data_out = 0f77
Time = 12065000, rstn = 1, data_out = 0f76
Time = 12075000, rstn = 1, data_out = 0f74
Time = 12085000, rstn = 1, data_out = 0f71
Time = 12095000, rstn = 1, data_out = 0f70
Time = 12105000, rstn = 1, data_out = 0f6f
Time = 12115000, rstn = 1, data_out = 0f6e
Time = 12125000, rstn = 1, data_out = 0f6b
Time = 12135000, rstn = 1, data_out = 0f6a
Time = 12145000, rstn = 1, data_out = 0f67
Time = 12155000, rstn = 1, data_out = 0f66
Time = 12165000, rstn = 1, data_out = 0f65
Time = 12175000, rstn = 1, data_out = 0f64
Time = 12185000, rstn = 1, data_out = 0f61
Time = 12195000, rstn = 1, data_out = 0f60
Time = 12205000, rstn = 1, data_out = 0f5e
Time = 12215000, rstn = 1, data_out = 0f5b
Time = 12225000, rstn = 1, data_out = 0f5a
Time = 12235000, rstn = 1, data_out = 0f59
Time = 12245000, rstn = 1, data_out = 0f58
Time = 12255000, rstn = 1, data_out = 0f55
Time = 12265000, rstn = 1, data_out = 0f54
Time = 12275000, rstn = 1, data_out = 0f52
Time = 12285000, rstn = 1, data_out = 0f4f
Time = 12295000, rstn = 1, data_out = 0f4e
Time = 12305000, rstn = 1, data_out = 0f4b
Time = 12315000, rstn = 1, data_out = 0f4a
Time = 12325000, rstn = 1, data_out = 0f49
Time = 12335000, rstn = 1, data_out = 0f48
Time = 12345000, rstn = 1, data_out = 0f45
Time = 12355000, rstn = 1, data_out = 0f44
Time = 12365000, rstn = 1, data_out = 0f41
Time = 12375000, rstn = 1, data_out = 0f40
Time = 12385000, rstn = 1, data_out = 0f3e
Time = 12395000, rstn = 1, data_out = 0f3c
Time = 12405000, rstn = 1, data_out = 0f3a
Time = 12415000, rstn = 1, data_out = 0f38
Time = 12425000, rstn = 1, data_out = 0f36
Time = 12435000, rstn = 1, data_out = 0f34
Time = 12445000, rstn = 1, data_out = 0f32
Time = 12455000, rstn = 1, data_out = 0f30
Time = 12465000, rstn = 1, data_out = 0f2e
Time = 12475000, rstn = 1, data_out = 0f2c
Time = 12485000, rstn = 1, data_out = 0f2a
Time = 12495000, rstn = 1, data_out = 0f28
Time = 12505000, rstn = 1, data_out = 0f26
Time = 12515000, rstn = 1, data_out = 0f24
Time = 12525000, rstn = 1, data_out = 0f22
Time = 12535000, rstn = 1, data_out = 0f20
Time = 12545000, rstn = 1, data_out = 0f1e
Time = 12555000, rstn = 1, data_out = 0f1c
Time = 12565000, rstn = 1, data_out = 0f1a
Time = 12575000, rstn = 1, data_out = 0f18
Time = 12585000, rstn = 1, data_out = 0f16
Time = 12595000, rstn = 1, data_out = 0f14
Time = 12605000, rstn = 1, data_out = 0f12
Time = 12615000, rstn = 1, data_out = 0f10
Time = 12625000, rstn = 1, data_out = 0f0e
Time = 12635000, rstn = 1, data_out = 0f0c
Time = 12645000, rstn = 1, data_out = 0f09
Time = 12655000, rstn = 1, data_out = 0f08
Time = 12665000, rstn = 1, data_out = 0f05
Time = 12675000, rstn = 1, data_out = 0f04
Time = 12685000, rstn = 1, data_out = 0f01
Time = 12695000, rstn = 1, data_out = 0efe
Time = 12705000, rstn = 1, data_out = 0efb
Time = 12715000, rstn = 1, data_out = 0efa
Time = 12725000, rstn = 1, data_out = 0ef7
Time = 12735000, rstn = 1, data_out = 0ef6
Time = 12745000, rstn = 1, data_out = 0ef4
Time = 12755000, rstn = 1, data_out = 0ef1
Time = 12765000, rstn = 1, data_out = 0ef0
Time = 12775000, rstn = 1, data_out = 0eed
Time = 12785000, rstn = 1, data_out = 0eea
Time = 12795000, rstn = 1, data_out = 0ee7
Time = 12805000, rstn = 1, data_out = 0ee6
Time = 12815000, rstn = 1, data_out = 0ee4
Time = 12825000, rstn = 1, data_out = 0ee1
Time = 12835000, rstn = 1, data_out = 0ee0
Time = 12845000, rstn = 1, data_out = 0edd
Time = 12855000, rstn = 1, data_out = 0eda
Time = 12865000, rstn = 1, data_out = 0ed7
Time = 12875000, rstn = 1, data_out = 0ed6
Time = 12885000, rstn = 1, data_out = 0ed3
Time = 12895000, rstn = 1, data_out = 0ed2
Time = 12905000, rstn = 1, data_out = 0ecf
Time = 12915000, rstn = 1, data_out = 0ecc
Time = 12925000, rstn = 1, data_out = 0ec9
Time = 12935000, rstn = 1, data_out = 0ec8
Time = 12945000, rstn = 1, data_out = 0ec6
Time = 12955000, rstn = 1, data_out = 0ec3
Time = 12965000, rstn = 1, data_out = 0ec0
Time = 12975000, rstn = 1, data_out = 0ebd
Time = 12985000, rstn = 1, data_out = 0ebc
Time = 12995000, rstn = 1, data_out = 0eba
Time = 13005000, rstn = 1, data_out = 0eb7
Time = 13015000, rstn = 1, data_out = 0eb4
Time = 13025000, rstn = 1, data_out = 0eb1
Time = 13035000, rstn = 1, data_out = 0eb0
Time = 13045000, rstn = 1, data_out = 0ead
Time = 13055000, rstn = 1, data_out = 0eaa
Time = 13065000, rstn = 1, data_out = 0ea7
Time = 13075000, rstn = 1, data_out = 0ea6
Time = 13085000, rstn = 1, data_out = 0ea3
Time = 13095000, rstn = 1, data_out = 0ea0
Time = 13105000, rstn = 1, data_out = 0e9d
Time = 13115000, rstn = 1, data_out = 0e9c
Time = 13125000, rstn = 1, data_out = 0e99
Time = 13135000, rstn = 1, data_out = 0e96
Time = 13145000, rstn = 1, data_out = 0e94
Time = 13155000, rstn = 1, data_out = 0e91
Time = 13165000, rstn = 1, data_out = 0e8e
Time = 13175000, rstn = 1, data_out = 0e8b
Time = 13185000, rstn = 1, data_out = 0e8a
Time = 13195000, rstn = 1, data_out = 0e87
Time = 13205000, rstn = 1, data_out = 0e84
Time = 13215000, rstn = 1, data_out = 0e81
Time = 13225000, rstn = 1, data_out = 0e7f
Time = 13235000, rstn = 1, data_out = 0e7c
Time = 13245000, rstn = 1, data_out = 0e7a
Time = 13255000, rstn = 1, data_out = 0e77
Time = 13265000, rstn = 1, data_out = 0e74
Time = 13275000, rstn = 1, data_out = 0e72
Time = 13285000, rstn = 1, data_out = 0e6f
Time = 13295000, rstn = 1, data_out = 0e6c
Time = 13305000, rstn = 1, data_out = 0e69
Time = 13315000, rstn = 1, data_out = 0e66
Time = 13325000, rstn = 1, data_out = 0e63
Time = 13335000, rstn = 1, data_out = 0e61
Time = 13345000, rstn = 1, data_out = 0e5e
Time = 13355000, rstn = 1, data_out = 0e5c
Time = 13365000, rstn = 1, data_out = 0e59
Time = 13375000, rstn = 1, data_out = 0e56
Time = 13385000, rstn = 1, data_out = 0e53
Time = 13395000, rstn = 1, data_out = 0e50
Time = 13405000, rstn = 1, data_out = 0e4e
Time = 13415000, rstn = 1, data_out = 0e4b
Time = 13425000, rstn = 1, data_out = 0e48
Time = 13435000, rstn = 1, data_out = 0e45
Time = 13445000, rstn = 1, data_out = 0e42
Time = 13455000, rstn = 1, data_out = 0e40
Time = 13465000, rstn = 1, data_out = 0e3d
Time = 13475000, rstn = 1, data_out = 0e3a
Time = 13485000, rstn = 1, data_out = 0e37
Time = 13495000, rstn = 1, data_out = 0e34
Time = 13505000, rstn = 1, data_out = 0e31
Time = 13515000, rstn = 1, data_out = 0e2e
Time = 13525000, rstn = 1, data_out = 0e2b
Time = 13535000, rstn = 1, data_out = 0e28
Time = 13545000, rstn = 1, data_out = 0e26
Time = 13555000, rstn = 1, data_out = 0e23
Time = 13565000, rstn = 1, data_out = 0e20
Time = 13575000, rstn = 1, data_out = 0e1d
Time = 13585000, rstn = 1, data_out = 0e1a
Time = 13595000, rstn = 1, data_out = 0e17
Time = 13605000, rstn = 1, data_out = 0e14
Time = 13615000, rstn = 1, data_out = 0e11
Time = 13625000, rstn = 1, data_out = 0e0e
Time = 13635000, rstn = 1, data_out = 0e0b
Time = 13645000, rstn = 1, data_out = 0e08
Time = 13655000, rstn = 1, data_out = 0e05
Time = 13665000, rstn = 1, data_out = 0e02
Time = 13675000, rstn = 1, data_out = 0dff
Time = 13685000, rstn = 1, data_out = 0dfc
Time = 13695000, rstn = 1, data_out = 0df9
Time = 13705000, rstn = 1, data_out = 0df6
Time = 13715000, rstn = 1, data_out = 0df3
Time = 13725000, rstn = 1, data_out = 0df0
Time = 13735000, rstn = 1, data_out = 0ded
Time = 13745000, rstn = 1, data_out = 0dea
Time = 13755000, rstn = 1, data_out = 0de6
Time = 13765000, rstn = 1, data_out = 0de3
Time = 13775000, rstn = 1, data_out = 0de0
Time = 13785000, rstn = 1, data_out = 0ddd
Time = 13795000, rstn = 1, data_out = 0dda
Time = 13805000, rstn = 1, data_out = 0dd7
Time = 13815000, rstn = 1, data_out = 0dd4
Time = 13825000, rstn = 1, data_out = 0dd0
Time = 13835000, rstn = 1, data_out = 0dcd
Time = 13845000, rstn = 1, data_out = 0dca
Time = 13855000, rstn = 1, data_out = 0dc7
Time = 13865000, rstn = 1, data_out = 0dc4
Time = 13875000, rstn = 1, data_out = 0dc1
Time = 13885000, rstn = 1, data_out = 0dbe
Time = 13895000, rstn = 1, data_out = 0dba
Time = 13905000, rstn = 1, data_out = 0db7
Time = 13915000, rstn = 1, data_out = 0db3
Time = 13925000, rstn = 1, data_out = 0db0
Time = 13935000, rstn = 1, data_out = 0dad
Time = 13945000, rstn = 1, data_out = 0daa
Time = 13955000, rstn = 1, data_out = 0da7
Time = 13965000, rstn = 1, data_out = 0da4
Time = 13975000, rstn = 1, data_out = 0da0
Time = 13985000, rstn = 1, data_out = 0d9d
Time = 13995000, rstn = 1, data_out = 0d9a
Time = 14005000, rstn = 1, data_out = 0d96
Time = 14015000, rstn = 1, data_out = 0d93
Time = 14025000, rstn = 1, data_out = 0d90
Time = 14035000, rstn = 1, data_out = 0d8c
Time = 14045000, rstn = 1, data_out = 0d89
Time = 14055000, rstn = 1, data_out = 0d86
Time = 14065000, rstn = 1, data_out = 0d82
Time = 14075000, rstn = 1, data_out = 0d7f
Time = 14085000, rstn = 1, data_out = 0d7c
Time = 14095000, rstn = 1, data_out = 0d78
Time = 14105000, rstn = 1, data_out = 0d75
Time = 14115000, rstn = 1, data_out = 0d71
Time = 14125000, rstn = 1, data_out = 0d6e
Time = 14135000, rstn = 1, data_out = 0d6b
Time = 14145000, rstn = 1, data_out = 0d68
Time = 14155000, rstn = 1, data_out = 0d63
Time = 14165000, rstn = 1, data_out = 0d60
Time = 14175000, rstn = 1, data_out = 0d5d
Time = 14185000, rstn = 1, data_out = 0d5a
Time = 14195000, rstn = 1, data_out = 0d56
Time = 14205000, rstn = 1, data_out = 0d53
Time = 14215000, rstn = 1, data_out = 0d50
Time = 14225000, rstn = 1, data_out = 0d4b
Time = 14235000, rstn = 1, data_out = 0d48
Time = 14245000, rstn = 1, data_out = 0d45
Time = 14255000, rstn = 1, data_out = 0d42
Time = 14265000, rstn = 1, data_out = 0d3d
Time = 14275000, rstn = 1, data_out = 0d3a
Time = 14285000, rstn = 1, data_out = 0d37
Time = 14295000, rstn = 1, data_out = 0d34
Time = 14305000, rstn = 1, data_out = 0d30
Time = 14315000, rstn = 1, data_out = 0d2b
Time = 14325000, rstn = 1, data_out = 0d28
Time = 14335000, rstn = 1, data_out = 0d25
Time = 14345000, rstn = 1, data_out = 0d22
Time = 14355000, rstn = 1, data_out = 0d1e
Time = 14365000, rstn = 1, data_out = 0d19
Time = 14375000, rstn = 1, data_out = 0d16
Time = 14385000, rstn = 1, data_out = 0d13
Time = 14395000, rstn = 1, data_out = 0d10
Time = 14405000, rstn = 1, data_out = 0d0c
Time = 14415000, rstn = 1, data_out = 0d07
Time = 14425000, rstn = 1, data_out = 0d04
Time = 14435000, rstn = 1, data_out = 0d01
Time = 14445000, rstn = 1, data_out = 0cfe
Time = 14455000, rstn = 1, data_out = 0cf9
Time = 14465000, rstn = 1, data_out = 0cf6
Time = 14475000, rstn = 1, data_out = 0cf1
Time = 14485000, rstn = 1, data_out = 0cee
Time = 14495000, rstn = 1, data_out = 0ceb
Time = 14505000, rstn = 1, data_out = 0ce8
Time = 14515000, rstn = 1, data_out = 0ce3
Time = 14525000, rstn = 1, data_out = 0ce0
Time = 14535000, rstn = 1, data_out = 0cdc
Time = 14545000, rstn = 1, data_out = 0cd7
Time = 14555000, rstn = 1, data_out = 0cd4
Time = 14565000, rstn = 1, data_out = 0cd1
Time = 14575000, rstn = 1, data_out = 0cce
Time = 14585000, rstn = 1, data_out = 0cc9
Time = 14595000, rstn = 1, data_out = 0cc6
Time = 14605000, rstn = 1, data_out = 0cc2
Time = 14615000, rstn = 1, data_out = 0cbd
Time = 14625000, rstn = 1, data_out = 0cba
Time = 14635000, rstn = 1, data_out = 0cb5
Time = 14645000, rstn = 1, data_out = 0cb2
Time = 14655000, rstn = 1, data_out = 0caf
Time = 14665000, rstn = 1, data_out = 0cac
Time = 14675000, rstn = 1, data_out = 0ca7
Time = 14685000, rstn = 1, data_out = 0ca4
Time = 14695000, rstn = 1, data_out = 0c9f
Time = 14705000, rstn = 1, data_out = 0c9c
Time = 14715000, rstn = 1, data_out = 0c98
Time = 14725000, rstn = 1, data_out = 0c94
Time = 14735000, rstn = 1, data_out = 0c90
Time = 14745000, rstn = 1, data_out = 0c8c
Time = 14755000, rstn = 1, data_out = 0c88
Time = 14765000, rstn = 1, data_out = 0c84
Time = 14775000, rstn = 1, data_out = 0c80
Time = 14785000, rstn = 1, data_out = 0c7b
Time = 14795000, rstn = 1, data_out = 0c78
Time = 14805000, rstn = 1, data_out = 0c73
Time = 14815000, rstn = 1, data_out = 0c70
Time = 14825000, rstn = 1, data_out = 0c6d
Time = 14835000, rstn = 1, data_out = 0c6a
Time = 14845000, rstn = 1, data_out = 0c65
Time = 14855000, rstn = 1, data_out = 0c62
Time = 14865000, rstn = 1, data_out = 0c5d
Time = 14875000, rstn = 1, data_out = 0c5a
Time = 14885000, rstn = 1, data_out = 0c56
Time = 14895000, rstn = 1, data_out = 0c52
Time = 14905000, rstn = 1, data_out = 0c4e
Time = 14915000, rstn = 1, data_out = 0c49
Time = 14925000, rstn = 1, data_out = 0c46
Time = 14935000, rstn = 1, data_out = 0c41
Time = 14945000, rstn = 1, data_out = 0c3e
Time = 14955000, rstn = 1, data_out = 0c39
Time = 14965000, rstn = 1, data_out = 0c34
Time = 14975000, rstn = 1, data_out = 0c2f
Time = 14985000, rstn = 1, data_out = 0c2c
Time = 14995000, rstn = 1, data_out = 0c27
Time = 15005000, rstn = 1, data_out = 0c24
Time = 15015000, rstn = 1, data_out = 0c20
Time = 15025000, rstn = 1, data_out = 0c1c
Time = 15035000, rstn = 1, data_out = 0c18
Time = 15045000, rstn = 1, data_out = 0c14
Time = 15055000, rstn = 1, data_out = 0c10
Time = 15065000, rstn = 1, data_out = 0c0c
Time = 15075000, rstn = 1, data_out = 0c08
Time = 15085000, rstn = 1, data_out = 0c04
Time = 15095000, rstn = 1, data_out = 0bff
Time = 15105000, rstn = 1, data_out = 0bfc
Time = 15115000, rstn = 1, data_out = 0bf7
Time = 15125000, rstn = 1, data_out = 0bf4
Time = 15135000, rstn = 1, data_out = 0bef
Time = 15145000, rstn = 1, data_out = 0bea
Time = 15155000, rstn = 1, data_out = 0be5
Time = 15165000, rstn = 1, data_out = 0be2
Time = 15175000, rstn = 1, data_out = 0bdd
Time = 15185000, rstn = 1, data_out = 0bda
Time = 15195000, rstn = 1, data_out = 0bd6
Time = 15205000, rstn = 1, data_out = 0bd1
Time = 15215000, rstn = 1, data_out = 0bce
Time = 15225000, rstn = 1, data_out = 0bc9
Time = 15235000, rstn = 1, data_out = 0bc4
Time = 15245000, rstn = 1, data_out = 0bbf
Time = 15255000, rstn = 1, data_out = 0bbc
Time = 15265000, rstn = 1, data_out = 0bb7
Time = 15275000, rstn = 1, data_out = 0bb4
Time = 15285000, rstn = 1, data_out = 0baf
Time = 15295000, rstn = 1, data_out = 0bac
Time = 15305000, rstn = 1, data_out = 0ba7
Time = 15315000, rstn = 1, data_out = 0ba2
Time = 15325000, rstn = 1, data_out = 0b9d
Time = 15335000, rstn = 1, data_out = 0b9a
Time = 15345000, rstn = 1, data_out = 0b95
Time = 15355000, rstn = 1, data_out = 0b92
Time = 15365000, rstn = 1, data_out = 0b8d
Time = 15375000, rstn = 1, data_out = 0b88
Time = 15385000, rstn = 1, data_out = 0b83
Time = 15395000, rstn = 1, data_out = 0b80
Time = 15405000, rstn = 1, data_out = 0b7c
Time = 15415000, rstn = 1, data_out = 0b77
Time = 15425000, rstn = 1, data_out = 0b72
Time = 15435000, rstn = 1, data_out = 0b6d
Time = 15445000, rstn = 1, data_out = 0b6a
Time = 15455000, rstn = 1, data_out = 0b66
Time = 15465000, rstn = 1, data_out = 0b61
Time = 15475000, rstn = 1, data_out = 0b5c
Time = 15485000, rstn = 1, data_out = 0b57
Time = 15495000, rstn = 1, data_out = 0b54
Time = 15505000, rstn = 1, data_out = 0b50
Time = 15515000, rstn = 1, data_out = 0b4b
Time = 15525000, rstn = 1, data_out = 0b46
Time = 15535000, rstn = 1, data_out = 0b41
Time = 15545000, rstn = 1, data_out = 0b3e
Time = 15555000, rstn = 1, data_out = 0b39
Time = 15565000, rstn = 1, data_out = 0b34
Time = 15575000, rstn = 1, data_out = 0b2f
Time = 15585000, rstn = 1, data_out = 0b2c
Time = 15595000, rstn = 1, data_out = 0b28
Time = 15605000, rstn = 1, data_out = 0b23
Time = 15615000, rstn = 1, data_out = 0b1e
Time = 15625000, rstn = 1, data_out = 0b1a
Time = 15635000, rstn = 1, data_out = 0b15
Time = 15645000, rstn = 1, data_out = 0b10
Time = 15655000, rstn = 1, data_out = 0b0b
Time = 15665000, rstn = 1, data_out = 0b08
Time = 15675000, rstn = 1, data_out = 0b03
Time = 15685000, rstn = 1, data_out = 0afe
Time = 15695000, rstn = 1, data_out = 0af9
Time = 15705000, rstn = 1, data_out = 0af6
Time = 15715000, rstn = 1, data_out = 0af1
Time = 15725000, rstn = 1, data_out = 0aec
Time = 15735000, rstn = 1, data_out = 0ae7
Time = 15745000, rstn = 1, data_out = 0ae3
Time = 15755000, rstn = 1, data_out = 0ade
Time = 15765000, rstn = 1, data_out = 0ada
Time = 15775000, rstn = 1, data_out = 0ad5
Time = 15785000, rstn = 1, data_out = 0ad0
Time = 15795000, rstn = 1, data_out = 0acc
Time = 15805000, rstn = 1, data_out = 0ac7
Time = 15815000, rstn = 1, data_out = 0ac2
Time = 15825000, rstn = 1, data_out = 0abd
Time = 15835000, rstn = 1, data_out = 0aba
Time = 15845000, rstn = 1, data_out = 0ab5
Time = 15855000, rstn = 1, data_out = 0ab0
Time = 15865000, rstn = 1, data_out = 0aac
Time = 15875000, rstn = 1, data_out = 0aa7
Time = 15885000, rstn = 1, data_out = 0aa2
Time = 15895000, rstn = 1, data_out = 0a9d
Time = 15905000, rstn = 1, data_out = 0a98
Time = 15915000, rstn = 1, data_out = 0a93
Time = 15925000, rstn = 1, data_out = 0a8f
Time = 15935000, rstn = 1, data_out = 0a8a
Time = 15945000, rstn = 1, data_out = 0a86
Time = 15955000, rstn = 1, data_out = 0a81
Time = 15965000, rstn = 1, data_out = 0a7c
Time = 15975000, rstn = 1, data_out = 0a78
Time = 15985000, rstn = 1, data_out = 0a73
Time = 15995000, rstn = 1, data_out = 0a6e
Time = 16005000, rstn = 1, data_out = 0a69
Time = 16015000, rstn = 1, data_out = 0a64
Time = 16025000, rstn = 1, data_out = 0a60
Time = 16035000, rstn = 1, data_out = 0a5b
Time = 16045000, rstn = 1, data_out = 0a56
Time = 16055000, rstn = 1, data_out = 0a51
Time = 16065000, rstn = 1, data_out = 0a4c
Time = 16075000, rstn = 1, data_out = 0a48
Time = 16085000, rstn = 1, data_out = 0a43
Time = 16095000, rstn = 1, data_out = 0a3e
Time = 16105000, rstn = 1, data_out = 0a39
Time = 16115000, rstn = 1, data_out = 0a34
Time = 16125000, rstn = 1, data_out = 0a30
Time = 16135000, rstn = 1, data_out = 0a2b
Time = 16145000, rstn = 1, data_out = 0a26
Time = 16155000, rstn = 1, data_out = 0a21
Time = 16165000, rstn = 1, data_out = 0a1c
Time = 16175000, rstn = 1, data_out = 0a17
Time = 16185000, rstn = 1, data_out = 0a12
Time = 16195000, rstn = 1, data_out = 0a0e
Time = 16205000, rstn = 1, data_out = 0a09
Time = 16215000, rstn = 1, data_out = 0a04
Time = 16225000, rstn = 1, data_out = 09ff
Time = 16235000, rstn = 1, data_out = 09fa
Time = 16245000, rstn = 1, data_out = 09f5
Time = 16255000, rstn = 1, data_out = 09f0
Time = 16265000, rstn = 1, data_out = 09eb
Time = 16275000, rstn = 1, data_out = 09e6
Time = 16285000, rstn = 1, data_out = 09e1
Time = 16295000, rstn = 1, data_out = 09dc
Time = 16305000, rstn = 1, data_out = 09d8
Time = 16315000, rstn = 1, data_out = 09d3
Time = 16325000, rstn = 1, data_out = 09ce
Time = 16335000, rstn = 1, data_out = 09c9
Time = 16345000, rstn = 1, data_out = 09c4
Time = 16355000, rstn = 1, data_out = 09bf
Time = 16365000, rstn = 1, data_out = 09ba
Time = 16375000, rstn = 1, data_out = 09b5
Time = 16385000, rstn = 1, data_out = 09b0
Time = 16395000, rstn = 1, data_out = 09ab
Time = 16405000, rstn = 1, data_out = 09a6
Time = 16415000, rstn = 1, data_out = 09a1
Time = 16425000, rstn = 1, data_out = 099c
Time = 16435000, rstn = 1, data_out = 0997
Time = 16445000, rstn = 1, data_out = 0992
Time = 16455000, rstn = 1, data_out = 098d
Time = 16465000, rstn = 1, data_out = 0988
Time = 16475000, rstn = 1, data_out = 0983
Time = 16485000, rstn = 1, data_out = 097e
Time = 16495000, rstn = 1, data_out = 0978
Time = 16505000, rstn = 1, data_out = 0973
Time = 16515000, rstn = 1, data_out = 096e
Time = 16525000, rstn = 1, data_out = 0969
Time = 16535000, rstn = 1, data_out = 0964
Time = 16545000, rstn = 1, data_out = 095f
Time = 16555000, rstn = 1, data_out = 095a
Time = 16565000, rstn = 1, data_out = 0955
Time = 16575000, rstn = 1, data_out = 0950
Time = 16585000, rstn = 1, data_out = 094b
Time = 16595000, rstn = 1, data_out = 0946
Time = 16605000, rstn = 1, data_out = 0941
Time = 16615000, rstn = 1, data_out = 093c
Time = 16625000, rstn = 1, data_out = 0936
Time = 16635000, rstn = 1, data_out = 0931
Time = 16645000, rstn = 1, data_out = 092c
Time = 16655000, rstn = 1, data_out = 0927
Time = 16665000, rstn = 1, data_out = 0922
Time = 16675000, rstn = 1, data_out = 091d
Time = 16685000, rstn = 1, data_out = 0918
Time = 16695000, rstn = 1, data_out = 0912
Time = 16705000, rstn = 1, data_out = 090d
Time = 16715000, rstn = 1, data_out = 0908
Time = 16725000, rstn = 1, data_out = 0903
Time = 16735000, rstn = 1, data_out = 08fe
Time = 16745000, rstn = 1, data_out = 08f8
Time = 16755000, rstn = 1, data_out = 08f3
Time = 16765000, rstn = 1, data_out = 08ee
Time = 16775000, rstn = 1, data_out = 08e9
Time = 16785000, rstn = 1, data_out = 08e4
Time = 16795000, rstn = 1, data_out = 08de
Time = 16805000, rstn = 1, data_out = 08d9
Time = 16815000, rstn = 1, data_out = 08d4
Time = 16825000, rstn = 1, data_out = 08cf
Time = 16835000, rstn = 1, data_out = 08ca
Time = 16845000, rstn = 1, data_out = 08c4
Time = 16855000, rstn = 1, data_out = 08bf
Time = 16865000, rstn = 1, data_out = 08b9
Time = 16875000, rstn = 1, data_out = 08b4
Time = 16885000, rstn = 1, data_out = 08af
Time = 16895000, rstn = 1, data_out = 08aa
Time = 16905000, rstn = 1, data_out = 08a5
Time = 16915000, rstn = 1, data_out = 08a0
Time = 16925000, rstn = 1, data_out = 089a
Time = 16935000, rstn = 1, data_out = 0895
Time = 16945000, rstn = 1, data_out = 0890
Time = 16955000, rstn = 1, data_out = 088a
Time = 16965000, rstn = 1, data_out = 0885
Time = 16975000, rstn = 1, data_out = 0880
Time = 16985000, rstn = 1, data_out = 087a
Time = 16995000, rstn = 1, data_out = 0875
Time = 17005000, rstn = 1, data_out = 0870
Time = 17015000, rstn = 1, data_out = 086a
Time = 17025000, rstn = 1, data_out = 0865
Time = 17035000, rstn = 1, data_out = 0860
Time = 17045000, rstn = 1, data_out = 085a
Time = 17055000, rstn = 1, data_out = 0855
Time = 17065000, rstn = 1, data_out = 0850
Time = 17075000, rstn = 1, data_out = 084a
Time = 17085000, rstn = 1, data_out = 0845
Time = 17095000, rstn = 1, data_out = 083f
Time = 17105000, rstn = 1, data_out = 083a
Time = 17115000, rstn = 1, data_out = 0835
Time = 17125000, rstn = 1, data_out = 0830
Time = 17135000, rstn = 1, data_out = 0829
Time = 17145000, rstn = 1, data_out = 0824
Time = 17155000, rstn = 1, data_out = 081f
Time = 17165000, rstn = 1, data_out = 081a
Time = 17175000, rstn = 1, data_out = 0814
Time = 17185000, rstn = 1, data_out = 080f
Time = 17195000, rstn = 1, data_out = 080a
Time = 17205000, rstn = 1, data_out = 0803
Time = 17215000, rstn = 1, data_out = 07fe
Time = 17225000, rstn = 1, data_out = 07f9
Time = 17235000, rstn = 1, data_out = 07f4
Time = 17245000, rstn = 1, data_out = 07ee
Time = 17255000, rstn = 1, data_out = 07e9
Time = 17265000, rstn = 1, data_out = 07e4
Time = 17275000, rstn = 1, data_out = 07dd
Time = 17285000, rstn = 1, data_out = 07d8
Time = 17295000, rstn = 1, data_out = 07d3
Time = 17305000, rstn = 1, data_out = 07ce
Time = 17315000, rstn = 1, data_out = 07c7
Time = 17325000, rstn = 1, data_out = 07c2
Time = 17335000, rstn = 1, data_out = 07bd
Time = 17345000, rstn = 1, data_out = 07b8
Time = 17355000, rstn = 1, data_out = 07b1
Time = 17365000, rstn = 1, data_out = 07ac
Time = 17375000, rstn = 1, data_out = 07a7
Time = 17385000, rstn = 1, data_out = 07a2
Time = 17395000, rstn = 1, data_out = 079b
Time = 17405000, rstn = 1, data_out = 0796
Time = 17415000, rstn = 1, data_out = 0791
Time = 17425000, rstn = 1, data_out = 078c
Time = 17435000, rstn = 1, data_out = 0785
Time = 17445000, rstn = 1, data_out = 0780
Time = 17455000, rstn = 1, data_out = 077b
Time = 17465000, rstn = 1, data_out = 0776
Time = 17475000, rstn = 1, data_out = 0770
Time = 17485000, rstn = 1, data_out = 0769
Time = 17495000, rstn = 1, data_out = 0764
Time = 17505000, rstn = 1, data_out = 075f
Time = 17515000, rstn = 1, data_out = 075a
Time = 17525000, rstn = 1, data_out = 0754
Time = 17535000, rstn = 1, data_out = 074d
Time = 17545000, rstn = 1, data_out = 0748
Time = 17555000, rstn = 1, data_out = 0743
Time = 17565000, rstn = 1, data_out = 073e
Time = 17575000, rstn = 1, data_out = 0737
Time = 17585000, rstn = 1, data_out = 0732
Time = 17595000, rstn = 1, data_out = 072d
Time = 17605000, rstn = 1, data_out = 0728
Time = 17615000, rstn = 1, data_out = 0721
Time = 17625000, rstn = 1, data_out = 071c
Time = 17635000, rstn = 1, data_out = 0715
Time = 17645000, rstn = 1, data_out = 0710
Time = 17655000, rstn = 1, data_out = 070b
Time = 17665000, rstn = 1, data_out = 0706
Time = 17675000, rstn = 1, data_out = 0700
Time = 17685000, rstn = 1, data_out = 06f9
Time = 17695000, rstn = 1, data_out = 06f4
Time = 17705000, rstn = 1, data_out = 06ef
Time = 17715000, rstn = 1, data_out = 06ea
Time = 17725000, rstn = 1, data_out = 06e3
Time = 17735000, rstn = 1, data_out = 06de
Time = 17745000, rstn = 1, data_out = 06d7
Time = 17755000, rstn = 1, data_out = 06d2
Time = 17765000, rstn = 1, data_out = 06cd
Time = 17775000, rstn = 1, data_out = 06c8
Time = 17785000, rstn = 1, data_out = 06c1
Time = 17795000, rstn = 1, data_out = 06bc
Time = 17805000, rstn = 1, data_out = 06b6
Time = 17815000, rstn = 1, data_out = 06af
Time = 17825000, rstn = 1, data_out = 06aa
Time = 17835000, rstn = 1, data_out = 06a5
Time = 17845000, rstn = 1, data_out = 06a0
Time = 17855000, rstn = 1, data_out = 0699
Time = 17865000, rstn = 1, data_out = 0694
Time = 17875000, rstn = 1, data_out = 068e
Time = 17885000, rstn = 1, data_out = 0687
Time = 17895000, rstn = 1, data_out = 0682
Time = 17905000, rstn = 1, data_out = 067d
Time = 17915000, rstn = 1, data_out = 0678
Time = 17925000, rstn = 1, data_out = 0671
Time = 17935000, rstn = 1, data_out = 066c
Time = 17945000, rstn = 1, data_out = 0665
Time = 17955000, rstn = 1, data_out = 0660
Time = 17965000, rstn = 1, data_out = 0659
Time = 17975000, rstn = 1, data_out = 0654
Time = 17985000, rstn = 1, data_out = 064f
Time = 17995000, rstn = 1, data_out = 064a
Time = 18005000, rstn = 1, data_out = 0643
Time = 18015000, rstn = 1, data_out = 063e
Time = 18025000, rstn = 1, data_out = 0638
Time = 18035000, rstn = 1, data_out = 0631
Time = 18045000, rstn = 1, data_out = 062c
Time = 18055000, rstn = 1, data_out = 0625
Time = 18065000, rstn = 1, data_out = 0620
Time = 18075000, rstn = 1, data_out = 061b
Time = 18085000, rstn = 1, data_out = 0616
Time = 18095000, rstn = 1, data_out = 060f
Time = 18105000, rstn = 1, data_out = 060a
Time = 18115000, rstn = 1, data_out = 0603
Time = 18125000, rstn = 1, data_out = 05fe
Time = 18135000, rstn = 1, data_out = 05f8
Time = 18145000, rstn = 1, data_out = 05f1
Time = 18155000, rstn = 1, data_out = 05ec
Time = 18165000, rstn = 1, data_out = 05e5
Time = 18175000, rstn = 1, data_out = 05e0
Time = 18185000, rstn = 1, data_out = 05db
Time = 18195000, rstn = 1, data_out = 05d6
Time = 18205000, rstn = 1, data_out = 05cf
Time = 18215000, rstn = 1, data_out = 05ca
Time = 18225000, rstn = 1, data_out = 05c3
Time = 18235000, rstn = 1, data_out = 05be
Time = 18245000, rstn = 1, data_out = 05b8
Time = 18255000, rstn = 1, data_out = 05b2
Time = 18265000, rstn = 1, data_out = 05ac
Time = 18275000, rstn = 1, data_out = 05a6
Time = 18285000, rstn = 1, data_out = 05a0
Time = 18295000, rstn = 1, data_out = 0599
Time = 18305000, rstn = 1, data_out = 0594
Time = 18315000, rstn = 1, data_out = 058d
Time = 18325000, rstn = 1, data_out = 0588
Time = 18335000, rstn = 1, data_out = 0583
Time = 18345000, rstn = 1, data_out = 057e
Time = 18355000, rstn = 1, data_out = 0577
Time = 18365000, rstn = 1, data_out = 0572
Time = 18375000, rstn = 1, data_out = 056b
Time = 18385000, rstn = 1, data_out = 0566
Time = 18395000, rstn = 1, data_out = 0560
Time = 18405000, rstn = 1, data_out = 055a
Time = 18415000, rstn = 1, data_out = 0554
Time = 18425000, rstn = 1, data_out = 054e
Time = 18435000, rstn = 1, data_out = 0548
Time = 18445000, rstn = 1, data_out = 0542
Time = 18455000, rstn = 1, data_out = 053c
Time = 18465000, rstn = 1, data_out = 0536
Time = 18475000, rstn = 1, data_out = 0530
Time = 18485000, rstn = 1, data_out = 052a
Time = 18495000, rstn = 1, data_out = 0524
Time = 18505000, rstn = 1, data_out = 051e
Time = 18515000, rstn = 1, data_out = 0518
Time = 18525000, rstn = 1, data_out = 0512
Time = 18535000, rstn = 1, data_out = 050c
Time = 18545000, rstn = 1, data_out = 0506
Time = 18555000, rstn = 1, data_out = 0500
Time = 18565000, rstn = 1, data_out = 04fa
Time = 18575000, rstn = 1, data_out = 04f4
Time = 18585000, rstn = 1, data_out = 04ee
Time = 18595000, rstn = 1, data_out = 04e8
Time = 18605000, rstn = 1, data_out = 04e2
Time = 18615000, rstn = 1, data_out = 04dc
Time = 18625000, rstn = 1, data_out = 04d6
Time = 18635000, rstn = 1, data_out = 04d0
Time = 18645000, rstn = 1, data_out = 04ca
Time = 18655000, rstn = 1, data_out = 04c4
Time = 18665000, rstn = 1, data_out = 04be
Time = 18675000, rstn = 1, data_out = 04b8
Time = 18685000, rstn = 1, data_out = 04b2
Time = 18695000, rstn = 1, data_out = 04ac
Time = 18705000, rstn = 1, data_out = 04a6
Time = 18715000, rstn = 1, data_out = 04a0
Time = 18725000, rstn = 1, data_out = 049a
Time = 18735000, rstn = 1, data_out = 0494
Time = 18745000, rstn = 1, data_out = 048e
Time = 18755000, rstn = 1, data_out = 0488
Time = 18765000, rstn = 1, data_out = 0482
Time = 18775000, rstn = 1, data_out = 047c
Time = 18785000, rstn = 1, data_out = 0476
Time = 18795000, rstn = 1, data_out = 0470
Time = 18805000, rstn = 1, data_out = 046a
Time = 18815000, rstn = 1, data_out = 0464
Time = 18825000, rstn = 1, data_out = 045e
Time = 18835000, rstn = 1, data_out = 0458
Time = 18845000, rstn = 1, data_out = 0452
Time = 18855000, rstn = 1, data_out = 044c
Time = 18865000, rstn = 1, data_out = 0446
Time = 18875000, rstn = 1, data_out = 0440
Time = 18885000, rstn = 1, data_out = 043a
Time = 18895000, rstn = 1, data_out = 0434
Time = 18905000, rstn = 1, data_out = 042e
Time = 18915000, rstn = 1, data_out = 0428
Time = 18925000, rstn = 1, data_out = 0422
Time = 18935000, rstn = 1, data_out = 041c
Time = 18945000, rstn = 1, data_out = 0416
Time = 18955000, rstn = 1, data_out = 0410
Time = 18965000, rstn = 1, data_out = 040a
Time = 18975000, rstn = 1, data_out = 0404
Time = 18985000, rstn = 1, data_out = 03fe
Time = 18995000, rstn = 1, data_out = 03f8
Time = 19005000, rstn = 1, data_out = 03f2
Time = 19015000, rstn = 1, data_out = 03eb
Time = 19025000, rstn = 1, data_out = 03e6
Time = 19035000, rstn = 1, data_out = 03df
Time = 19045000, rstn = 1, data_out = 03da
Time = 19055000, rstn = 1, data_out = 03d3
Time = 19065000, rstn = 1, data_out = 03cc
Time = 19075000, rstn = 1, data_out = 03c5
Time = 19085000, rstn = 1, data_out = 03c0
Time = 19095000, rstn = 1, data_out = 03b9
Time = 19105000, rstn = 1, data_out = 03b4
Time = 19115000, rstn = 1, data_out = 03ae
Time = 19125000, rstn = 1, data_out = 03a8
Time = 19135000, rstn = 1, data_out = 03a2
Time = 19145000, rstn = 1, data_out = 039c
Time = 19155000, rstn = 1, data_out = 0396
Time = 19165000, rstn = 1, data_out = 0390
Time = 19175000, rstn = 1, data_out = 038a
Time = 19185000, rstn = 1, data_out = 0383
Time = 19195000, rstn = 1, data_out = 037e
Time = 19205000, rstn = 1, data_out = 0377
Time = 19215000, rstn = 1, data_out = 0372
Time = 19225000, rstn = 1, data_out = 036b
Time = 19235000, rstn = 1, data_out = 0364
Time = 19245000, rstn = 1, data_out = 035d
Time = 19255000, rstn = 1, data_out = 0358
Time = 19265000, rstn = 1, data_out = 0351
Time = 19275000, rstn = 1, data_out = 034c
Time = 19285000, rstn = 1, data_out = 0346
Time = 19295000, rstn = 1, data_out = 0340
Time = 19305000, rstn = 1, data_out = 033a
Time = 19315000, rstn = 1, data_out = 0334
Time = 19325000, rstn = 1, data_out = 032d
Time = 19335000, rstn = 1, data_out = 0328
Time = 19345000, rstn = 1, data_out = 0321
Time = 19355000, rstn = 1, data_out = 031c
Time = 19365000, rstn = 1, data_out = 0315
Time = 19375000, rstn = 1, data_out = 030e
Time = 19385000, rstn = 1, data_out = 0307
Time = 19395000, rstn = 1, data_out = 0302
Time = 19405000, rstn = 1, data_out = 02fb
Time = 19415000, rstn = 1, data_out = 02f6
Time = 19425000, rstn = 1, data_out = 02f0
Time = 19435000, rstn = 1, data_out = 02ea
Time = 19445000, rstn = 1, data_out = 02e3
Time = 19455000, rstn = 1, data_out = 02de
Time = 19465000, rstn = 1, data_out = 02d7
Time = 19475000, rstn = 1, data_out = 02d2
Time = 19485000, rstn = 1, data_out = 02cb
Time = 19495000, rstn = 1, data_out = 02c4
Time = 19505000, rstn = 1, data_out = 02bd
Time = 19515000, rstn = 1, data_out = 02b8
Time = 19525000, rstn = 1, data_out = 02b1
Time = 19535000, rstn = 1, data_out = 02ac
Time = 19545000, rstn = 1, data_out = 02a5
Time = 19555000, rstn = 1, data_out = 02a0
Time = 19565000, rstn = 1, data_out = 0299
Time = 19575000, rstn = 1, data_out = 0294
Time = 19585000, rstn = 1, data_out = 028d
Time = 19595000, rstn = 1, data_out = 0286
Time = 19605000, rstn = 1, data_out = 027f
Time = 19615000, rstn = 1, data_out = 027a
Time = 19625000, rstn = 1, data_out = 0273
Time = 19635000, rstn = 1, data_out = 026e
Time = 19645000, rstn = 1, data_out = 0267
Time = 19655000, rstn = 1, data_out = 0262
Time = 19665000, rstn = 1, data_out = 025b
Time = 19675000, rstn = 1, data_out = 0256
Time = 19685000, rstn = 1, data_out = 024f
Time = 19695000, rstn = 1, data_out = 0248
Time = 19705000, rstn = 1, data_out = 0241
Time = 19715000, rstn = 1, data_out = 023c
Time = 19725000, rstn = 1, data_out = 0235
Time = 19735000, rstn = 1, data_out = 0230
Time = 19745000, rstn = 1, data_out = 022a
Time = 19755000, rstn = 1, data_out = 0223
Time = 19765000, rstn = 1, data_out = 021e
Time = 19775000, rstn = 1, data_out = 0217
Time = 19785000, rstn = 1, data_out = 0210
Time = 19795000, rstn = 1, data_out = 0209
Time = 19805000, rstn = 1, data_out = 0204
Time = 19815000, rstn = 1, data_out = 01fd
Time = 19825000, rstn = 1, data_out = 01f8
Time = 19835000, rstn = 1, data_out = 01f2
Time = 19845000, rstn = 1, data_out = 01eb
Time = 19855000, rstn = 1, data_out = 01e6
Time = 19865000, rstn = 1, data_out = 01df
Time = 19875000, rstn = 1, data_out = 01d8
Time = 19885000, rstn = 1, data_out = 01d1
Time = 19895000, rstn = 1, data_out = 01cc
Time = 19905000, rstn = 1, data_out = 01c5
Time = 19915000, rstn = 1, data_out = 01c0
Time = 19925000, rstn = 1, data_out = 01b9
Time = 19935000, rstn = 1, data_out = 01b4
Time = 19945000, rstn = 1, data_out = 01ad
Time = 19955000, rstn = 1, data_out = 01a6
Time = 19965000, rstn = 1, data_out = 019f
Time = 19975000, rstn = 1, data_out = 019a
Time = 19985000, rstn = 1, data_out = 0193
Time = 19995000, rstn = 1, data_out = 018e
Time = 20005000, rstn = 1, data_out = 0187
Time = 20015000, rstn = 1, data_out = 0182
Time = 20025000, rstn = 1, data_out = 017b
Time = 20035000, rstn = 1, data_out = 0174
Time = 20045000, rstn = 1, data_out = 016d
Time = 20055000, rstn = 1, data_out = 0168
Time = 20065000, rstn = 1, data_out = 0161
Time = 20075000, rstn = 1, data_out = 015c
Time = 20085000, rstn = 1, data_out = 0155
Time = 20095000, rstn = 1, data_out = 0150
Time = 20105000, rstn = 1, data_out = 0149
Time = 20115000, rstn = 1, data_out = 0142
Time = 20125000, rstn = 1, data_out = 013b
Time = 20135000, rstn = 1, data_out = 0136
Time = 20145000, rstn = 1, data_out = 012f
Time = 20155000, rstn = 1, data_out = 012a
Time = 20165000, rstn = 1, data_out = 0123
Time = 20175000, rstn = 1, data_out = 011e
Time = 20185000, rstn = 1, data_out = 0117
Time = 20195000, rstn = 1, data_out = 0110
Time = 20205000, rstn = 1, data_out = 0109
Time = 20215000, rstn = 1, data_out = 0104
Time = 20225000, rstn = 1, data_out = 00fe
Time = 20235000, rstn = 1, data_out = 00f7
Time = 20245000, rstn = 1, data_out = 00f2
Time = 20255000, rstn = 1, data_out = 00eb
Time = 20265000, rstn = 1, data_out = 00e4
Time = 20275000, rstn = 1, data_out = 00dd
Time = 20285000, rstn = 1, data_out = 00d8
Time = 20295000, rstn = 1, data_out = 00d1
Time = 20305000, rstn = 1, data_out = 00cc
Time = 20315000, rstn = 1, data_out = 00c5
Time = 20325000, rstn = 1, data_out = 00c0
Time = 20335000, rstn = 1, data_out = 00b9
Time = 20345000, rstn = 1, data_out = 00b2
Time = 20355000, rstn = 1, data_out = 00ab
Time = 20365000, rstn = 1, data_out = 00a6
Time = 20375000, rstn = 1, data_out = 00a0
Time = 20385000, rstn = 1, data_out = 0099
Time = 20395000, rstn = 1, data_out = 0094
Time = 20405000, rstn = 1, data_out = 008d
Time = 20415000, rstn = 1, data_out = 0086
Time = 20425000, rstn = 1, data_out = 007f
Time = 20435000, rstn = 1, data_out = 007a
Time = 20445000, rstn = 1, data_out = 0073
Time = 20455000, rstn = 1, data_out = 006e
Time = 20465000, rstn = 1, data_out = 0067
Time = 20475000, rstn = 1, data_out = 0062
Time = 20485000, rstn = 1, data_out = 005b
Time = 20495000, rstn = 1, data_out = 0054
Time = 20505000, rstn = 1, data_out = 004d
Time = 20515000, rstn = 1, data_out = 0048
Time = 20525000, rstn = 1, data_out = 0042
Time = 20535000, rstn = 1, data_out = 003b
Time = 20545000, rstn = 1, data_out = 0036
Time = 20555000, rstn = 1, data_out = 002f
Time = 20565000, rstn = 1, data_out = 0028
Time = 20575000, rstn = 1, data_out = 0021
Time = 20585000, rstn = 1, data_out = 001c
Time = 20595000, rstn = 1, data_out = 0016
Time = 20605000, rstn = 1, data_out = 000f
Time = 20615000, rstn = 1, data_out = 000a
Time = 20625000, rstn = 1, data_out = 0003
Time = 20635000, rstn = 1, data_out = fffc
Time = 20645000, rstn = 1, data_out = fff5
Time = 20655000, rstn = 1, data_out = fff0
Time = 20665000, rstn = 1, data_out = ffea
Time = 20675000, rstn = 1, data_out = ffe3
Time = 20685000, rstn = 1, data_out = ffde
Time = 20695000, rstn = 1, data_out = ffd7
Time = 20705000, rstn = 1, data_out = ffd0
Time = 20715000, rstn = 1, data_out = ffc9
Time = 20725000, rstn = 1, data_out = ffc4
Time = 20735000, rstn = 1, data_out = ffbe
Time = 20745000, rstn = 1, data_out = ffb7
Time = 20755000, rstn = 1, data_out = ffb2
Time = 20765000, rstn = 1, data_out = ffab
Time = 20775000, rstn = 1, data_out = ffa4
Time = 20785000, rstn = 1, data_out = ff9d
Time = 20795000, rstn = 1, data_out = ff98
Time = 20805000, rstn = 1, data_out = ff91
Time = 20815000, rstn = 1, data_out = ff8c
Time = 20825000, rstn = 1, data_out = ff85
Time = 20835000, rstn = 1, data_out = ff80
Time = 20845000, rstn = 1, data_out = ff79
Time = 20855000, rstn = 1, data_out = ff72
Time = 20865000, rstn = 1, data_out = ff6b
Time = 20875000, rstn = 1, data_out = ff66
Time = 20885000, rstn = 1, data_out = ff60
Time = 20895000, rstn = 1, data_out = ff59
Time = 20905000, rstn = 1, data_out = ff54
Time = 20915000, rstn = 1, data_out = ff4d
Time = 20925000, rstn = 1, data_out = ff46
Time = 20935000, rstn = 1, data_out = ff3f
Time = 20945000, rstn = 1, data_out = ff3a
Time = 20955000, rstn = 1, data_out = ff33
Time = 20965000, rstn = 1, data_out = ff2e
Time = 20975000, rstn = 1, data_out = ff27
Time = 20985000, rstn = 1, data_out = ff22
Time = 20995000, rstn = 1, data_out = ff1b
Time = 21005000, rstn = 1, data_out = ff14
Time = 21015000, rstn = 1, data_out = ff0d
Time = 21025000, rstn = 1, data_out = ff08
Time = 21035000, rstn = 1, data_out = ff02
Time = 21045000, rstn = 1, data_out = fefb
Time = 21055000, rstn = 1, data_out = fef6
Time = 21065000, rstn = 1, data_out = feef
Time = 21075000, rstn = 1, data_out = fee8
Time = 21085000, rstn = 1, data_out = fee1
Time = 21095000, rstn = 1, data_out = fedc
Time = 21105000, rstn = 1, data_out = fed5
Time = 21115000, rstn = 1, data_out = fed0
Time = 21125000, rstn = 1, data_out = fec9
Time = 21135000, rstn = 1, data_out = fec4
Time = 21145000, rstn = 1, data_out = febd
Time = 21155000, rstn = 1, data_out = feb6
Time = 21165000, rstn = 1, data_out = feaf
Time = 21175000, rstn = 1, data_out = feaa
Time = 21185000, rstn = 1, data_out = fea3
Time = 21195000, rstn = 1, data_out = fe9e
Time = 21205000, rstn = 1, data_out = fe97
Time = 21215000, rstn = 1, data_out = fe92
Time = 21225000, rstn = 1, data_out = fe8b
Time = 21235000, rstn = 1, data_out = fe84
Time = 21245000, rstn = 1, data_out = fe7d
Time = 21255000, rstn = 1, data_out = fe78
Time = 21265000, rstn = 1, data_out = fe71
Time = 21275000, rstn = 1, data_out = fe6c
Time = 21285000, rstn = 1, data_out = fe65
Time = 21295000, rstn = 1, data_out = fe60
Time = 21305000, rstn = 1, data_out = fe59
Time = 21315000, rstn = 1, data_out = fe52
Time = 21325000, rstn = 1, data_out = fe4b
Time = 21335000, rstn = 1, data_out = fe46
Time = 21345000, rstn = 1, data_out = fe3f
Time = 21355000, rstn = 1, data_out = fe3a
Time = 21365000, rstn = 1, data_out = fe33
Time = 21375000, rstn = 1, data_out = fe2e
Time = 21385000, rstn = 1, data_out = fe27
Time = 21395000, rstn = 1, data_out = fe20
Time = 21405000, rstn = 1, data_out = fe19
Time = 21415000, rstn = 1, data_out = fe14
Time = 21425000, rstn = 1, data_out = fe0d
Time = 21435000, rstn = 1, data_out = fe08
Time = 21445000, rstn = 1, data_out = fe02
Time = 21455000, rstn = 1, data_out = fdfb
Time = 21465000, rstn = 1, data_out = fdf6
Time = 21475000, rstn = 1, data_out = fdef
Time = 21485000, rstn = 1, data_out = fde8
Time = 21495000, rstn = 1, data_out = fde1
Time = 21505000, rstn = 1, data_out = fddc
Time = 21515000, rstn = 1, data_out = fdd5
Time = 21525000, rstn = 1, data_out = fdd0
Time = 21535000, rstn = 1, data_out = fdca
Time = 21545000, rstn = 1, data_out = fdc3
Time = 21555000, rstn = 1, data_out = fdbe
Time = 21565000, rstn = 1, data_out = fdb7
Time = 21575000, rstn = 1, data_out = fdb0
Time = 21585000, rstn = 1, data_out = fda9
Time = 21595000, rstn = 1, data_out = fda4
Time = 21605000, rstn = 1, data_out = fd9d
Time = 21615000, rstn = 1, data_out = fd98
Time = 21625000, rstn = 1, data_out = fd91
Time = 21635000, rstn = 1, data_out = fd8c
Time = 21645000, rstn = 1, data_out = fd85
Time = 21655000, rstn = 1, data_out = fd80
Time = 21665000, rstn = 1, data_out = fd79
Time = 21675000, rstn = 1, data_out = fd72
Time = 21685000, rstn = 1, data_out = fd6b
Time = 21695000, rstn = 1, data_out = fd66
Time = 21705000, rstn = 1, data_out = fd5f
Time = 21715000, rstn = 1, data_out = fd5a
Time = 21725000, rstn = 1, data_out = fd53
Time = 21735000, rstn = 1, data_out = fd4e
Time = 21745000, rstn = 1, data_out = fd47
Time = 21755000, rstn = 1, data_out = fd42
Time = 21765000, rstn = 1, data_out = fd3b
Time = 21775000, rstn = 1, data_out = fd34
Time = 21785000, rstn = 1, data_out = fd2d
Time = 21795000, rstn = 1, data_out = fd28
Time = 21805000, rstn = 1, data_out = fd21
Time = 21815000, rstn = 1, data_out = fd1c
Time = 21825000, rstn = 1, data_out = fd16
Time = 21835000, rstn = 1, data_out = fd10
Time = 21845000, rstn = 1, data_out = fd09
Time = 21855000, rstn = 1, data_out = fd04
Time = 21865000, rstn = 1, data_out = fcfd
Time = 21875000, rstn = 1, data_out = fcf8
Time = 21885000, rstn = 1, data_out = fcf1
Time = 21895000, rstn = 1, data_out = fcea
Time = 21905000, rstn = 1, data_out = fce3
Time = 21915000, rstn = 1, data_out = fcde
Time = 21925000, rstn = 1, data_out = fcd7
Time = 21935000, rstn = 1, data_out = fcd2
Time = 21945000, rstn = 1, data_out = fccc
Time = 21955000, rstn = 1, data_out = fcc6
Time = 21965000, rstn = 1, data_out = fcc0
Time = 21975000, rstn = 1, data_out = fcba
Time = 21985000, rstn = 1, data_out = fcb3
Time = 21995000, rstn = 1, data_out = fcae
Time = 22005000, rstn = 1, data_out = fca7
Time = 22015000, rstn = 1, data_out = fca2
Time = 22025000, rstn = 1, data_out = fc9b
Time = 22035000, rstn = 1, data_out = fc94
Time = 22045000, rstn = 1, data_out = fc8d
Time = 22055000, rstn = 1, data_out = fc88
Time = 22065000, rstn = 1, data_out = fc81
Time = 22075000, rstn = 1, data_out = fc7c
Time = 22085000, rstn = 1, data_out = fc76
Time = 22095000, rstn = 1, data_out = fc70
Time = 22105000, rstn = 1, data_out = fc6a
Time = 22115000, rstn = 1, data_out = fc64
Time = 22125000, rstn = 1, data_out = fc5e
Time = 22135000, rstn = 1, data_out = fc58
Time = 22145000, rstn = 1, data_out = fc52
Time = 22155000, rstn = 1, data_out = fc4b
Time = 22165000, rstn = 1, data_out = fc46
Time = 22175000, rstn = 1, data_out = fc3f
Time = 22185000, rstn = 1, data_out = fc3a
Time = 22195000, rstn = 1, data_out = fc33
Time = 22205000, rstn = 1, data_out = fc2c
Time = 22215000, rstn = 1, data_out = fc25
Time = 22225000, rstn = 1, data_out = fc20
Time = 22235000, rstn = 1, data_out = fc19
Time = 22245000, rstn = 1, data_out = fc14
Time = 22255000, rstn = 1, data_out = fc0e
Time = 22265000, rstn = 1, data_out = fc08
Time = 22275000, rstn = 1, data_out = fc02
Time = 22285000, rstn = 1, data_out = fbfc
Time = 22295000, rstn = 1, data_out = fbf6
Time = 22305000, rstn = 1, data_out = fbf0
Time = 22315000, rstn = 1, data_out = fbea
Time = 22325000, rstn = 1, data_out = fbe4
Time = 22335000, rstn = 1, data_out = fbde
Time = 22345000, rstn = 1, data_out = fbd8
Time = 22355000, rstn = 1, data_out = fbd2
Time = 22365000, rstn = 1, data_out = fbcc
Time = 22375000, rstn = 1, data_out = fbc6
Time = 22385000, rstn = 1, data_out = fbc0
Time = 22395000, rstn = 1, data_out = fbba
Time = 22405000, rstn = 1, data_out = fbb4
Time = 22415000, rstn = 1, data_out = fbae
Time = 22425000, rstn = 1, data_out = fba8
Time = 22435000, rstn = 1, data_out = fba2
Time = 22445000, rstn = 1, data_out = fb9c
Time = 22455000, rstn = 1, data_out = fb96
Time = 22465000, rstn = 1, data_out = fb90
Time = 22475000, rstn = 1, data_out = fb8a
Time = 22485000, rstn = 1, data_out = fb84
Time = 22495000, rstn = 1, data_out = fb7e
Time = 22505000, rstn = 1, data_out = fb78
Time = 22515000, rstn = 1, data_out = fb72
Time = 22525000, rstn = 1, data_out = fb6c
Time = 22535000, rstn = 1, data_out = fb66
Time = 22545000, rstn = 1, data_out = fb60
Time = 22555000, rstn = 1, data_out = fb5a
Time = 22565000, rstn = 1, data_out = fb54
Time = 22575000, rstn = 1, data_out = fb4e
Time = 22585000, rstn = 1, data_out = fb48
Time = 22595000, rstn = 1, data_out = fb42
Time = 22605000, rstn = 1, data_out = fb3c
Time = 22615000, rstn = 1, data_out = fb36
Time = 22625000, rstn = 1, data_out = fb30
Time = 22635000, rstn = 1, data_out = fb2a
Time = 22645000, rstn = 1, data_out = fb24
Time = 22655000, rstn = 1, data_out = fb1e
Time = 22665000, rstn = 1, data_out = fb18
Time = 22675000, rstn = 1, data_out = fb12
Time = 22685000, rstn = 1, data_out = fb0c
Time = 22695000, rstn = 1, data_out = fb06
Time = 22705000, rstn = 1, data_out = fb00
Time = 22715000, rstn = 1, data_out = fafa
Time = 22725000, rstn = 1, data_out = faf4
Time = 22735000, rstn = 1, data_out = faee
Time = 22745000, rstn = 1, data_out = fae8
Time = 22755000, rstn = 1, data_out = fae2
Time = 22765000, rstn = 1, data_out = fadc
Time = 22775000, rstn = 1, data_out = fad6
Time = 22785000, rstn = 1, data_out = fad0
Time = 22795000, rstn = 1, data_out = faca
Time = 22805000, rstn = 1, data_out = fac4
Time = 22815000, rstn = 1, data_out = fabe
Time = 22825000, rstn = 1, data_out = fab8
Time = 22835000, rstn = 1, data_out = fab2
Time = 22845000, rstn = 1, data_out = faac
Time = 22855000, rstn = 1, data_out = faa6
Time = 22865000, rstn = 1, data_out = faa0
Time = 22875000, rstn = 1, data_out = fa9a
Time = 22885000, rstn = 1, data_out = fa94
Time = 22895000, rstn = 1, data_out = fa8d
Time = 22905000, rstn = 1, data_out = fa88
Time = 22915000, rstn = 1, data_out = fa81
Time = 22925000, rstn = 1, data_out = fa7c
Time = 22935000, rstn = 1, data_out = fa77
Time = 22945000, rstn = 1, data_out = fa72
Time = 22955000, rstn = 1, data_out = fa6b
Time = 22965000, rstn = 1, data_out = fa66
Time = 22975000, rstn = 1, data_out = fa5f
Time = 22985000, rstn = 1, data_out = fa5a
Time = 22995000, rstn = 1, data_out = fa54
Time = 23005000, rstn = 1, data_out = fa4e
Time = 23015000, rstn = 1, data_out = fa48
Time = 23025000, rstn = 1, data_out = fa42
Time = 23035000, rstn = 1, data_out = fa3c
Time = 23045000, rstn = 1, data_out = fa35
Time = 23055000, rstn = 1, data_out = fa30
Time = 23065000, rstn = 1, data_out = fa29
Time = 23075000, rstn = 1, data_out = fa24
Time = 23085000, rstn = 1, data_out = fa1f
Time = 23095000, rstn = 1, data_out = fa1a
Time = 23105000, rstn = 1, data_out = fa13
Time = 23115000, rstn = 1, data_out = fa0e
Time = 23125000, rstn = 1, data_out = fa07
Time = 23135000, rstn = 1, data_out = fa02
Time = 23145000, rstn = 1, data_out = f9fc
Time = 23155000, rstn = 1, data_out = f9f5
Time = 23165000, rstn = 1, data_out = f9f0
Time = 23175000, rstn = 1, data_out = f9e9
Time = 23185000, rstn = 1, data_out = f9e4
Time = 23195000, rstn = 1, data_out = f9df
Time = 23205000, rstn = 1, data_out = f9da
Time = 23215000, rstn = 1, data_out = f9d3
Time = 23225000, rstn = 1, data_out = f9ce
Time = 23235000, rstn = 1, data_out = f9c8
Time = 23245000, rstn = 1, data_out = f9c1
Time = 23255000, rstn = 1, data_out = f9bc
Time = 23265000, rstn = 1, data_out = f9b5
Time = 23275000, rstn = 1, data_out = f9b0
Time = 23285000, rstn = 1, data_out = f9ab
Time = 23295000, rstn = 1, data_out = f9a6
Time = 23305000, rstn = 1, data_out = f99f
Time = 23315000, rstn = 1, data_out = f99a
Time = 23325000, rstn = 1, data_out = f993
Time = 23335000, rstn = 1, data_out = f98e
Time = 23345000, rstn = 1, data_out = f987
Time = 23355000, rstn = 1, data_out = f982
Time = 23365000, rstn = 1, data_out = f97d
Time = 23375000, rstn = 1, data_out = f978
Time = 23385000, rstn = 1, data_out = f971
Time = 23395000, rstn = 1, data_out = f96c
Time = 23405000, rstn = 1, data_out = f966
Time = 23415000, rstn = 1, data_out = f95f
Time = 23425000, rstn = 1, data_out = f95a
Time = 23435000, rstn = 1, data_out = f955
Time = 23445000, rstn = 1, data_out = f950
Time = 23455000, rstn = 1, data_out = f949
Time = 23465000, rstn = 1, data_out = f944
Time = 23475000, rstn = 1, data_out = f93e
Time = 23485000, rstn = 1, data_out = f937
Time = 23495000, rstn = 1, data_out = f932
Time = 23505000, rstn = 1, data_out = f92d
Time = 23515000, rstn = 1, data_out = f928
Time = 23525000, rstn = 1, data_out = f921
Time = 23535000, rstn = 1, data_out = f91c
Time = 23545000, rstn = 1, data_out = f915
Time = 23555000, rstn = 1, data_out = f910
Time = 23565000, rstn = 1, data_out = f90b
Time = 23575000, rstn = 1, data_out = f906
Time = 23585000, rstn = 1, data_out = f900
Time = 23595000, rstn = 1, data_out = f8f9
Time = 23605000, rstn = 1, data_out = f8f4
Time = 23615000, rstn = 1, data_out = f8ef
Time = 23625000, rstn = 1, data_out = f8ea
Time = 23635000, rstn = 1, data_out = f8e3
Time = 23645000, rstn = 1, data_out = f8de
Time = 23655000, rstn = 1, data_out = f8d7
Time = 23665000, rstn = 1, data_out = f8d2
Time = 23675000, rstn = 1, data_out = f8cd
Time = 23685000, rstn = 1, data_out = f8c8
Time = 23695000, rstn = 1, data_out = f8c1
Time = 23705000, rstn = 1, data_out = f8bc
Time = 23715000, rstn = 1, data_out = f8b7
Time = 23725000, rstn = 1, data_out = f8b2
Time = 23735000, rstn = 1, data_out = f8ac
Time = 23745000, rstn = 1, data_out = f8a5
Time = 23755000, rstn = 1, data_out = f8a0
Time = 23765000, rstn = 1, data_out = f89b
Time = 23775000, rstn = 1, data_out = f896
Time = 23785000, rstn = 1, data_out = f890
Time = 23795000, rstn = 1, data_out = f889
Time = 23805000, rstn = 1, data_out = f884
Time = 23815000, rstn = 1, data_out = f87f
Time = 23825000, rstn = 1, data_out = f87a
Time = 23835000, rstn = 1, data_out = f873
Time = 23845000, rstn = 1, data_out = f86e
Time = 23855000, rstn = 1, data_out = f869
Time = 23865000, rstn = 1, data_out = f864
Time = 23875000, rstn = 1, data_out = f85d
Time = 23885000, rstn = 1, data_out = f858
Time = 23895000, rstn = 1, data_out = f853
Time = 23905000, rstn = 1, data_out = f84e
Time = 23915000, rstn = 1, data_out = f847
Time = 23925000, rstn = 1, data_out = f842
Time = 23935000, rstn = 1, data_out = f83d
Time = 23945000, rstn = 1, data_out = f838
Time = 23955000, rstn = 1, data_out = f831
Time = 23965000, rstn = 1, data_out = f82c
Time = 23975000, rstn = 1, data_out = f827
Time = 23985000, rstn = 1, data_out = f822
Time = 23995000, rstn = 1, data_out = f81b
Time = 24005000, rstn = 1, data_out = f816
Time = 24015000, rstn = 1, data_out = f811
Time = 24025000, rstn = 1, data_out = f80c
Time = 24035000, rstn = 1, data_out = f806
Time = 24045000, rstn = 1, data_out = f801
Time = 24055000, rstn = 1, data_out = f7fc
Time = 24065000, rstn = 1, data_out = f7f5
Time = 24075000, rstn = 1, data_out = f7f0
Time = 24085000, rstn = 1, data_out = f7eb
Time = 24095000, rstn = 1, data_out = f7e6
Time = 24105000, rstn = 1, data_out = f7e0
Time = 24115000, rstn = 1, data_out = f7db
Time = 24125000, rstn = 1, data_out = f7d6
Time = 24135000, rstn = 1, data_out = f7cf
Time = 24145000, rstn = 1, data_out = f7ca
Time = 24155000, rstn = 1, data_out = f7c5
Time = 24165000, rstn = 1, data_out = f7c0
Time = 24175000, rstn = 1, data_out = f7ba
Time = 24185000, rstn = 1, data_out = f7b5
Time = 24195000, rstn = 1, data_out = f7b0
Time = 24205000, rstn = 1, data_out = f7aa
Time = 24215000, rstn = 1, data_out = f7a5
Time = 24225000, rstn = 1, data_out = f7a0
Time = 24235000, rstn = 1, data_out = f79a
Time = 24245000, rstn = 1, data_out = f795
Time = 24255000, rstn = 1, data_out = f790
Time = 24265000, rstn = 1, data_out = f78a
Time = 24275000, rstn = 1, data_out = f785
Time = 24285000, rstn = 1, data_out = f780
Time = 24295000, rstn = 1, data_out = f77a
Time = 24305000, rstn = 1, data_out = f775
Time = 24315000, rstn = 1, data_out = f770
Time = 24325000, rstn = 1, data_out = f76a
Time = 24335000, rstn = 1, data_out = f765
Time = 24345000, rstn = 1, data_out = f75f
Time = 24355000, rstn = 1, data_out = f75a
Time = 24365000, rstn = 1, data_out = f755
Time = 24375000, rstn = 1, data_out = f750
Time = 24385000, rstn = 1, data_out = f74b
Time = 24395000, rstn = 1, data_out = f746
Time = 24405000, rstn = 1, data_out = f740
Time = 24415000, rstn = 1, data_out = f73b
Time = 24425000, rstn = 1, data_out = f735
Time = 24435000, rstn = 1, data_out = f730
Time = 24445000, rstn = 1, data_out = f72b
Time = 24455000, rstn = 1, data_out = f726
Time = 24465000, rstn = 1, data_out = f721
Time = 24475000, rstn = 1, data_out = f71c
Time = 24485000, rstn = 1, data_out = f716
Time = 24495000, rstn = 1, data_out = f711
Time = 24505000, rstn = 1, data_out = f70c
Time = 24515000, rstn = 1, data_out = f707
Time = 24525000, rstn = 1, data_out = f702
Time = 24535000, rstn = 1, data_out = f6fc
Time = 24545000, rstn = 1, data_out = f6f7
Time = 24555000, rstn = 1, data_out = f6f2
Time = 24565000, rstn = 1, data_out = f6ed
Time = 24575000, rstn = 1, data_out = f6e8
Time = 24585000, rstn = 1, data_out = f6e2
Time = 24595000, rstn = 1, data_out = f6dd
Time = 24605000, rstn = 1, data_out = f6d8
Time = 24615000, rstn = 1, data_out = f6d3
Time = 24625000, rstn = 1, data_out = f6ce
Time = 24635000, rstn = 1, data_out = f6c9
Time = 24645000, rstn = 1, data_out = f6c4
Time = 24655000, rstn = 1, data_out = f6be
Time = 24665000, rstn = 1, data_out = f6b9
Time = 24675000, rstn = 1, data_out = f6b4
Time = 24685000, rstn = 1, data_out = f6af
Time = 24695000, rstn = 1, data_out = f6aa
Time = 24705000, rstn = 1, data_out = f6a5
Time = 24715000, rstn = 1, data_out = f6a0
Time = 24725000, rstn = 1, data_out = f69b
Time = 24735000, rstn = 1, data_out = f696
Time = 24745000, rstn = 1, data_out = f691
Time = 24755000, rstn = 1, data_out = f68c
Time = 24765000, rstn = 1, data_out = f687
Time = 24775000, rstn = 1, data_out = f682
Time = 24785000, rstn = 1, data_out = f67c
Time = 24795000, rstn = 1, data_out = f677
Time = 24805000, rstn = 1, data_out = f672
Time = 24815000, rstn = 1, data_out = f66d
Time = 24825000, rstn = 1, data_out = f668
Time = 24835000, rstn = 1, data_out = f663
Time = 24845000, rstn = 1, data_out = f65e
Time = 24855000, rstn = 1, data_out = f659
Time = 24865000, rstn = 1, data_out = f654
Time = 24875000, rstn = 1, data_out = f64f
Time = 24885000, rstn = 1, data_out = f64a
Time = 24895000, rstn = 1, data_out = f645
Time = 24905000, rstn = 1, data_out = f640
Time = 24915000, rstn = 1, data_out = f63b
Time = 24925000, rstn = 1, data_out = f636
Time = 24935000, rstn = 1, data_out = f631
Time = 24945000, rstn = 1, data_out = f62c
Time = 24955000, rstn = 1, data_out = f628
Time = 24965000, rstn = 1, data_out = f623
Time = 24975000, rstn = 1, data_out = f61e
Time = 24985000, rstn = 1, data_out = f619
Time = 24995000, rstn = 1, data_out = f614
Time = 25005000, rstn = 1, data_out = f60f
Time = 25015000, rstn = 1, data_out = f60a
Time = 25025000, rstn = 1, data_out = f605
Time = 25035000, rstn = 1, data_out = f600
Time = 25045000, rstn = 1, data_out = f5fb
Time = 25055000, rstn = 1, data_out = f5f6
Time = 25065000, rstn = 1, data_out = f5f2
Time = 25075000, rstn = 1, data_out = f5ed
Time = 25085000, rstn = 1, data_out = f5e8
Time = 25095000, rstn = 1, data_out = f5e3
Time = 25105000, rstn = 1, data_out = f5de
Time = 25115000, rstn = 1, data_out = f5d9
Time = 25125000, rstn = 1, data_out = f5d4
Time = 25135000, rstn = 1, data_out = f5d0
Time = 25145000, rstn = 1, data_out = f5cb
Time = 25155000, rstn = 1, data_out = f5c6
Time = 25165000, rstn = 1, data_out = f5c1
Time = 25175000, rstn = 1, data_out = f5bc
Time = 25185000, rstn = 1, data_out = f5b8
Time = 25195000, rstn = 1, data_out = f5b3
Time = 25205000, rstn = 1, data_out = f5ae
Time = 25215000, rstn = 1, data_out = f5a9
Time = 25225000, rstn = 1, data_out = f5a4
Time = 25235000, rstn = 1, data_out = f5a0
Time = 25245000, rstn = 1, data_out = f59b
Time = 25255000, rstn = 1, data_out = f596
Time = 25265000, rstn = 1, data_out = f591
Time = 25275000, rstn = 1, data_out = f58c
Time = 25285000, rstn = 1, data_out = f587
Time = 25295000, rstn = 1, data_out = f583
Time = 25305000, rstn = 1, data_out = f57e
Time = 25315000, rstn = 1, data_out = f57a
Time = 25325000, rstn = 1, data_out = f575
Time = 25335000, rstn = 1, data_out = f570
Time = 25345000, rstn = 1, data_out = f56c
Time = 25355000, rstn = 1, data_out = f567
Time = 25365000, rstn = 1, data_out = f562
Time = 25375000, rstn = 1, data_out = f55d
Time = 25385000, rstn = 1, data_out = f558
Time = 25395000, rstn = 1, data_out = f553
Time = 25405000, rstn = 1, data_out = f54f
Time = 25415000, rstn = 1, data_out = f54a
Time = 25425000, rstn = 1, data_out = f545
Time = 25435000, rstn = 1, data_out = f542
Time = 25445000, rstn = 1, data_out = f53d
Time = 25455000, rstn = 1, data_out = f538
Time = 25465000, rstn = 1, data_out = f533
Time = 25475000, rstn = 1, data_out = f52f
Time = 25485000, rstn = 1, data_out = f52a
Time = 25495000, rstn = 1, data_out = f526
Time = 25505000, rstn = 1, data_out = f521
Time = 25515000, rstn = 1, data_out = f51c
Time = 25525000, rstn = 1, data_out = f518
Time = 25535000, rstn = 1, data_out = f513
Time = 25545000, rstn = 1, data_out = f50e
Time = 25555000, rstn = 1, data_out = f509
Time = 25565000, rstn = 1, data_out = f506
Time = 25575000, rstn = 1, data_out = f501
Time = 25585000, rstn = 1, data_out = f4fc
Time = 25595000, rstn = 1, data_out = f4f7
Time = 25605000, rstn = 1, data_out = f4f4
Time = 25615000, rstn = 1, data_out = f4ef
Time = 25625000, rstn = 1, data_out = f4ea
Time = 25635000, rstn = 1, data_out = f4e6
Time = 25645000, rstn = 1, data_out = f4e1
Time = 25655000, rstn = 1, data_out = f4dc
Time = 25665000, rstn = 1, data_out = f4d7
Time = 25675000, rstn = 1, data_out = f4d4
Time = 25685000, rstn = 1, data_out = f4d0
Time = 25695000, rstn = 1, data_out = f4cb
Time = 25705000, rstn = 1, data_out = f4c6
Time = 25715000, rstn = 1, data_out = f4c1
Time = 25725000, rstn = 1, data_out = f4be
Time = 25735000, rstn = 1, data_out = f4b9
Time = 25745000, rstn = 1, data_out = f4b4
Time = 25755000, rstn = 1, data_out = f4af
Time = 25765000, rstn = 1, data_out = f4ac
Time = 25775000, rstn = 1, data_out = f4a8
Time = 25785000, rstn = 1, data_out = f4a3
Time = 25795000, rstn = 1, data_out = f49e
Time = 25805000, rstn = 1, data_out = f499
Time = 25815000, rstn = 1, data_out = f496
Time = 25825000, rstn = 1, data_out = f492
Time = 25835000, rstn = 1, data_out = f48d
Time = 25845000, rstn = 1, data_out = f488
Time = 25855000, rstn = 1, data_out = f483
Time = 25865000, rstn = 1, data_out = f480
Time = 25875000, rstn = 1, data_out = f47c
Time = 25885000, rstn = 1, data_out = f477
Time = 25895000, rstn = 1, data_out = f472
Time = 25905000, rstn = 1, data_out = f46d
Time = 25915000, rstn = 1, data_out = f46a
Time = 25925000, rstn = 1, data_out = f465
Time = 25935000, rstn = 1, data_out = f462
Time = 25945000, rstn = 1, data_out = f45d
Time = 25955000, rstn = 1, data_out = f458
Time = 25965000, rstn = 1, data_out = f453
Time = 25975000, rstn = 1, data_out = f450
Time = 25985000, rstn = 1, data_out = f44b
Time = 25995000, rstn = 1, data_out = f448
Time = 26005000, rstn = 1, data_out = f443
Time = 26015000, rstn = 1, data_out = f440
Time = 26025000, rstn = 1, data_out = f43b
Time = 26035000, rstn = 1, data_out = f436
Time = 26045000, rstn = 1, data_out = f431
Time = 26055000, rstn = 1, data_out = f42e
Time = 26065000, rstn = 1, data_out = f429
Time = 26075000, rstn = 1, data_out = f426
Time = 26085000, rstn = 1, data_out = f422
Time = 26095000, rstn = 1, data_out = f41d
Time = 26105000, rstn = 1, data_out = f41a
Time = 26115000, rstn = 1, data_out = f415
Time = 26125000, rstn = 1, data_out = f410
Time = 26135000, rstn = 1, data_out = f40b
Time = 26145000, rstn = 1, data_out = f408
Time = 26155000, rstn = 1, data_out = f403
Time = 26165000, rstn = 1, data_out = f400
Time = 26175000, rstn = 1, data_out = f3fc
Time = 26185000, rstn = 1, data_out = f3f8
Time = 26195000, rstn = 1, data_out = f3f4
Time = 26205000, rstn = 1, data_out = f3f0
Time = 26215000, rstn = 1, data_out = f3ec
Time = 26225000, rstn = 1, data_out = f3e8
Time = 26235000, rstn = 1, data_out = f3e4
Time = 26245000, rstn = 1, data_out = f3e0
Time = 26255000, rstn = 1, data_out = f3db
Time = 26265000, rstn = 1, data_out = f3d8
Time = 26275000, rstn = 1, data_out = f3d3
Time = 26285000, rstn = 1, data_out = f3d0
Time = 26295000, rstn = 1, data_out = f3cb
Time = 26305000, rstn = 1, data_out = f3c6
Time = 26315000, rstn = 1, data_out = f3c1
Time = 26325000, rstn = 1, data_out = f3be
Time = 26335000, rstn = 1, data_out = f3b9
Time = 26345000, rstn = 1, data_out = f3b6
Time = 26355000, rstn = 1, data_out = f3b2
Time = 26365000, rstn = 1, data_out = f3ae
Time = 26375000, rstn = 1, data_out = f3aa
Time = 26385000, rstn = 1, data_out = f3a6
Time = 26395000, rstn = 1, data_out = f3a2
Time = 26405000, rstn = 1, data_out = f39d
Time = 26415000, rstn = 1, data_out = f39a
Time = 26425000, rstn = 1, data_out = f395
Time = 26435000, rstn = 1, data_out = f392
Time = 26445000, rstn = 1, data_out = f38f
Time = 26455000, rstn = 1, data_out = f38c
Time = 26465000, rstn = 1, data_out = f387
Time = 26475000, rstn = 1, data_out = f384
Time = 26485000, rstn = 1, data_out = f37f
Time = 26495000, rstn = 1, data_out = f37c
Time = 26505000, rstn = 1, data_out = f378
Time = 26515000, rstn = 1, data_out = f374
Time = 26525000, rstn = 1, data_out = f370
Time = 26535000, rstn = 1, data_out = f36c
Time = 26545000, rstn = 1, data_out = f368
Time = 26555000, rstn = 1, data_out = f364
Time = 26565000, rstn = 1, data_out = f360
Time = 26575000, rstn = 1, data_out = f35b
Time = 26585000, rstn = 1, data_out = f358
Time = 26595000, rstn = 1, data_out = f353
Time = 26605000, rstn = 1, data_out = f350
Time = 26615000, rstn = 1, data_out = f34d
Time = 26625000, rstn = 1, data_out = f34a
Time = 26635000, rstn = 1, data_out = f345
Time = 26645000, rstn = 1, data_out = f342
Time = 26655000, rstn = 1, data_out = f33e
Time = 26665000, rstn = 1, data_out = f339
Time = 26675000, rstn = 1, data_out = f336
Time = 26685000, rstn = 1, data_out = f331
Time = 26695000, rstn = 1, data_out = f32e
Time = 26705000, rstn = 1, data_out = f32b
Time = 26715000, rstn = 1, data_out = f328
Time = 26725000, rstn = 1, data_out = f323
Time = 26735000, rstn = 1, data_out = f320
Time = 26745000, rstn = 1, data_out = f31c
Time = 26755000, rstn = 1, data_out = f317
Time = 26765000, rstn = 1, data_out = f314
Time = 26775000, rstn = 1, data_out = f311
Time = 26785000, rstn = 1, data_out = f30e
Time = 26795000, rstn = 1, data_out = f309
Time = 26805000, rstn = 1, data_out = f306
Time = 26815000, rstn = 1, data_out = f301
Time = 26825000, rstn = 1, data_out = f2fe
Time = 26835000, rstn = 1, data_out = f2fb
Time = 26845000, rstn = 1, data_out = f2f8
Time = 26855000, rstn = 1, data_out = f2f4
Time = 26865000, rstn = 1, data_out = f2ef
Time = 26875000, rstn = 1, data_out = f2ec
Time = 26885000, rstn = 1, data_out = f2e9
Time = 26895000, rstn = 1, data_out = f2e6
Time = 26905000, rstn = 1, data_out = f2e2
Time = 26915000, rstn = 1, data_out = f2dd
Time = 26925000, rstn = 1, data_out = f2da
Time = 26935000, rstn = 1, data_out = f2d7
Time = 26945000, rstn = 1, data_out = f2d4
Time = 26955000, rstn = 1, data_out = f2d0
Time = 26965000, rstn = 1, data_out = f2cb
Time = 26975000, rstn = 1, data_out = f2c8
Time = 26985000, rstn = 1, data_out = f2c5
Time = 26995000, rstn = 1, data_out = f2c2
Time = 27005000, rstn = 1, data_out = f2bd
Time = 27015000, rstn = 1, data_out = f2ba
Time = 27025000, rstn = 1, data_out = f2b7
Time = 27035000, rstn = 1, data_out = f2b4
Time = 27045000, rstn = 1, data_out = f2af
Time = 27055000, rstn = 1, data_out = f2ac
Time = 27065000, rstn = 1, data_out = f2a9
Time = 27075000, rstn = 1, data_out = f2a6
Time = 27085000, rstn = 1, data_out = f2a2
Time = 27095000, rstn = 1, data_out = f29f
Time = 27105000, rstn = 1, data_out = f29c
Time = 27115000, rstn = 1, data_out = f297
Time = 27125000, rstn = 1, data_out = f294
Time = 27135000, rstn = 1, data_out = f291
Time = 27145000, rstn = 1, data_out = f28e
Time = 27155000, rstn = 1, data_out = f28a
Time = 27165000, rstn = 1, data_out = f287
Time = 27175000, rstn = 1, data_out = f284
Time = 27185000, rstn = 1, data_out = f280
Time = 27195000, rstn = 1, data_out = f27d
Time = 27205000, rstn = 1, data_out = f27a
Time = 27215000, rstn = 1, data_out = f276
Time = 27225000, rstn = 1, data_out = f273
Time = 27235000, rstn = 1, data_out = f270
Time = 27245000, rstn = 1, data_out = f26c
Time = 27255000, rstn = 1, data_out = f269
Time = 27265000, rstn = 1, data_out = f266
Time = 27275000, rstn = 1, data_out = f262
Time = 27285000, rstn = 1, data_out = f25f
Time = 27295000, rstn = 1, data_out = f25b
Time = 27305000, rstn = 1, data_out = f258
Time = 27315000, rstn = 1, data_out = f255
Time = 27325000, rstn = 1, data_out = f252
Time = 27335000, rstn = 1, data_out = f24f
Time = 27345000, rstn = 1, data_out = f24c
Time = 27355000, rstn = 1, data_out = f248
Time = 27365000, rstn = 1, data_out = f245
Time = 27375000, rstn = 1, data_out = f241
Time = 27385000, rstn = 1, data_out = f23e
Time = 27395000, rstn = 1, data_out = f23b
Time = 27405000, rstn = 1, data_out = f238
Time = 27415000, rstn = 1, data_out = f235
Time = 27425000, rstn = 1, data_out = f232
Time = 27435000, rstn = 1, data_out = f22f
Time = 27445000, rstn = 1, data_out = f22c
Time = 27455000, rstn = 1, data_out = f228
Time = 27465000, rstn = 1, data_out = f225
Time = 27475000, rstn = 1, data_out = f222
Time = 27485000, rstn = 1, data_out = f21f
Time = 27495000, rstn = 1, data_out = f21c
Time = 27505000, rstn = 1, data_out = f219
Time = 27515000, rstn = 1, data_out = f216
Time = 27525000, rstn = 1, data_out = f212
Time = 27535000, rstn = 1, data_out = f20f
Time = 27545000, rstn = 1, data_out = f20c
Time = 27555000, rstn = 1, data_out = f209
Time = 27565000, rstn = 1, data_out = f206
Time = 27575000, rstn = 1, data_out = f203
Time = 27585000, rstn = 1, data_out = f200
Time = 27595000, rstn = 1, data_out = f1fd
Time = 27605000, rstn = 1, data_out = f1fa
Time = 27615000, rstn = 1, data_out = f1f7
Time = 27625000, rstn = 1, data_out = f1f4
Time = 27635000, rstn = 1, data_out = f1f1
Time = 27645000, rstn = 1, data_out = f1ee
Time = 27655000, rstn = 1, data_out = f1eb
Time = 27665000, rstn = 1, data_out = f1e8
Time = 27675000, rstn = 1, data_out = f1e5
Time = 27685000, rstn = 1, data_out = f1e2
Time = 27695000, rstn = 1, data_out = f1df
Time = 27705000, rstn = 1, data_out = f1dc
Time = 27715000, rstn = 1, data_out = f1da
Time = 27725000, rstn = 1, data_out = f1d7
Time = 27735000, rstn = 1, data_out = f1d4
Time = 27745000, rstn = 1, data_out = f1d1
Time = 27755000, rstn = 1, data_out = f1ce
Time = 27765000, rstn = 1, data_out = f1cb
Time = 27775000, rstn = 1, data_out = f1c8
Time = 27785000, rstn = 1, data_out = f1c5
Time = 27795000, rstn = 1, data_out = f1c2
Time = 27805000, rstn = 1, data_out = f1c0
Time = 27815000, rstn = 1, data_out = f1bd
Time = 27825000, rstn = 1, data_out = f1ba
Time = 27835000, rstn = 1, data_out = f1b7
Time = 27845000, rstn = 1, data_out = f1b4
Time = 27855000, rstn = 1, data_out = f1b2
Time = 27865000, rstn = 1, data_out = f1af
Time = 27875000, rstn = 1, data_out = f1ac
Time = 27885000, rstn = 1, data_out = f1a9
Time = 27895000, rstn = 1, data_out = f1a6
Time = 27905000, rstn = 1, data_out = f1a3
Time = 27915000, rstn = 1, data_out = f1a1
Time = 27925000, rstn = 1, data_out = f19e
Time = 27935000, rstn = 1, data_out = f19c
Time = 27945000, rstn = 1, data_out = f199
Time = 27955000, rstn = 1, data_out = f196
Time = 27965000, rstn = 1, data_out = f193
Time = 27975000, rstn = 1, data_out = f190
Time = 27985000, rstn = 1, data_out = f18d
Time = 27995000, rstn = 1, data_out = f18b
Time = 28005000, rstn = 1, data_out = f188
Time = 28015000, rstn = 1, data_out = f186
Time = 28025000, rstn = 1, data_out = f183
Time = 28035000, rstn = 1, data_out = f180
Time = 28045000, rstn = 1, data_out = f17e
Time = 28055000, rstn = 1, data_out = f17b
Time = 28065000, rstn = 1, data_out = f178
Time = 28075000, rstn = 1, data_out = f175
Time = 28085000, rstn = 1, data_out = f174
Time = 28095000, rstn = 1, data_out = f171
Time = 28105000, rstn = 1, data_out = f16e
Time = 28115000, rstn = 1, data_out = f16c
Time = 28125000, rstn = 1, data_out = f169
Time = 28135000, rstn = 1, data_out = f166
Time = 28145000, rstn = 1, data_out = f163
Time = 28155000, rstn = 1, data_out = f162
Time = 28165000, rstn = 1, data_out = f15f
Time = 28175000, rstn = 1, data_out = f15c
Time = 28185000, rstn = 1, data_out = f159
Time = 28195000, rstn = 1, data_out = f158
Time = 28205000, rstn = 1, data_out = f155
Time = 28215000, rstn = 1, data_out = f152
Time = 28225000, rstn = 1, data_out = f14f
Time = 28235000, rstn = 1, data_out = f14e
Time = 28245000, rstn = 1, data_out = f14b
Time = 28255000, rstn = 1, data_out = f148
Time = 28265000, rstn = 1, data_out = f145
Time = 28275000, rstn = 1, data_out = f144
Time = 28285000, rstn = 1, data_out = f142
Time = 28295000, rstn = 1, data_out = f13f
Time = 28305000, rstn = 1, data_out = f13c
Time = 28315000, rstn = 1, data_out = f139
Time = 28325000, rstn = 1, data_out = f138
Time = 28335000, rstn = 1, data_out = f136
Time = 28345000, rstn = 1, data_out = f133
Time = 28355000, rstn = 1, data_out = f130
Time = 28365000, rstn = 1, data_out = f12d
Time = 28375000, rstn = 1, data_out = f12c
Time = 28385000, rstn = 1, data_out = f129
Time = 28395000, rstn = 1, data_out = f128
Time = 28405000, rstn = 1, data_out = f125
Time = 28415000, rstn = 1, data_out = f122
Time = 28425000, rstn = 1, data_out = f11f
Time = 28435000, rstn = 1, data_out = f11e
Time = 28445000, rstn = 1, data_out = f11c
Time = 28455000, rstn = 1, data_out = f119
Time = 28465000, rstn = 1, data_out = f118
Time = 28475000, rstn = 1, data_out = f115
Time = 28485000, rstn = 1, data_out = f112
Time = 28495000, rstn = 1, data_out = f10f
Time = 28505000, rstn = 1, data_out = f10e
Time = 28515000, rstn = 1, data_out = f10b
Time = 28525000, rstn = 1, data_out = f10a
Time = 28535000, rstn = 1, data_out = f108
Time = 28545000, rstn = 1, data_out = f105
Time = 28555000, rstn = 1, data_out = f104
Time = 28565000, rstn = 1, data_out = f101
Time = 28575000, rstn = 1, data_out = f0fe
Time = 28585000, rstn = 1, data_out = f0fb
Time = 28595000, rstn = 1, data_out = f0fa
Time = 28605000, rstn = 1, data_out = f0f7
Time = 28615000, rstn = 1, data_out = f0f6
Time = 28625000, rstn = 1, data_out = f0f4
Time = 28635000, rstn = 1, data_out = f0f2
Time = 28645000, rstn = 1, data_out = f0f0
Time = 28655000, rstn = 1, data_out = f0ee
Time = 28665000, rstn = 1, data_out = f0ec
Time = 28675000, rstn = 1, data_out = f0ea
Time = 28685000, rstn = 1, data_out = f0e8
Time = 28695000, rstn = 1, data_out = f0e6
Time = 28705000, rstn = 1, data_out = f0e4
Time = 28715000, rstn = 1, data_out = f0e2
Time = 28725000, rstn = 1, data_out = f0e0
Time = 28735000, rstn = 1, data_out = f0de
Time = 28745000, rstn = 1, data_out = f0dc
Time = 28755000, rstn = 1, data_out = f0da
Time = 28765000, rstn = 1, data_out = f0d8
Time = 28775000, rstn = 1, data_out = f0d6
Time = 28785000, rstn = 1, data_out = f0d4
Time = 28795000, rstn = 1, data_out = f0d2
Time = 28805000, rstn = 1, data_out = f0d0
Time = 28815000, rstn = 1, data_out = f0ce
Time = 28825000, rstn = 1, data_out = f0cc
Time = 28835000, rstn = 1, data_out = f0ca
Time = 28845000, rstn = 1, data_out = f0c8
Time = 28855000, rstn = 1, data_out = f0c6
Time = 28865000, rstn = 1, data_out = f0c4
Time = 28875000, rstn = 1, data_out = f0c2
Time = 28885000, rstn = 1, data_out = f0c0
Time = 28895000, rstn = 1, data_out = f0be
Time = 28905000, rstn = 1, data_out = f0bb
Time = 28915000, rstn = 1, data_out = f0ba
Time = 28925000, rstn = 1, data_out = f0b7
Time = 28935000, rstn = 1, data_out = f0b6
Time = 28945000, rstn = 1, data_out = f0b5
Time = 28955000, rstn = 1, data_out = f0b4
Time = 28965000, rstn = 1, data_out = f0b1
Time = 28975000, rstn = 1, data_out = f0b0
Time = 28985000, rstn = 1, data_out = f0ae
Time = 28995000, rstn = 1, data_out = f0ab
Time = 29005000, rstn = 1, data_out = f0aa
Time = 29015000, rstn = 1, data_out = f0a7
Time = 29025000, rstn = 1, data_out = f0a6
Time = 29035000, rstn = 1, data_out = f0a5
Time = 29045000, rstn = 1, data_out = f0a4
Time = 29055000, rstn = 1, data_out = f0a1
Time = 29065000, rstn = 1, data_out = f0a0
Time = 29075000, rstn = 1, data_out = f09e
Time = 29085000, rstn = 1, data_out = f09b
Time = 29095000, rstn = 1, data_out = f09a
Time = 29105000, rstn = 1, data_out = f099
Time = 29115000, rstn = 1, data_out = f098
Time = 29125000, rstn = 1, data_out = f095
Time = 29135000, rstn = 1, data_out = f094
Time = 29145000, rstn = 1, data_out = f091
Time = 29155000, rstn = 1, data_out = f090
Time = 29165000, rstn = 1, data_out = f08f
Time = 29175000, rstn = 1, data_out = f08e
Time = 29185000, rstn = 1, data_out = f08c
Time = 29195000, rstn = 1, data_out = f089
Time = 29205000, rstn = 1, data_out = f088
Time = 29215000, rstn = 1, data_out = f087
Time = 29225000, rstn = 1, data_out = f086
Time = 29235000, rstn = 1, data_out = f084
Time = 29245000, rstn = 1, data_out = f081
Time = 29255000, rstn = 1, data_out = f080
Time = 29265000, rstn = 1, data_out = f07f
Time = 29275000, rstn = 1, data_out = f07e
Time = 29285000, rstn = 1, data_out = f07b
Time = 29295000, rstn = 1, data_out = f07a
Time = 29305000, rstn = 1, data_out = f079
Time = 29315000, rstn = 1, data_out = f078
Time = 29325000, rstn = 1, data_out = f075
Time = 29335000, rstn = 1, data_out = f074
Time = 29345000, rstn = 1, data_out = f073
Time = 29355000, rstn = 1, data_out = f072
Time = 29365000, rstn = 1, data_out = f070
Time = 29375000, rstn = 1, data_out = f06f
Time = 29385000, rstn = 1, data_out = f06e
Time = 29395000, rstn = 1, data_out = f06b
Time = 29405000, rstn = 1, data_out = f06a
Time = 29415000, rstn = 1, data_out = f069
Time = 29425000, rstn = 1, data_out = f068
Time = 29435000, rstn = 1, data_out = f066
Time = 29445000, rstn = 1, data_out = f065
Time = 29455000, rstn = 1, data_out = f064
Time = 29465000, rstn = 1, data_out = f062
Time = 29475000, rstn = 1, data_out = f061
Time = 29485000, rstn = 1, data_out = f060
Time = 29495000, rstn = 1, data_out = f05e
Time = 29505000, rstn = 1, data_out = f05d
Time = 29515000, rstn = 1, data_out = f05c
Time = 29525000, rstn = 1, data_out = f05a
Time = 29535000, rstn = 1, data_out = f059
Time = 29545000, rstn = 1, data_out = f057
Time = 29555000, rstn = 1, data_out = f056
Time = 29565000, rstn = 1, data_out = f055
Time = 29575000, rstn = 1, data_out = f054
Time = 29585000, rstn = 1, data_out = f053
Time = 29595000, rstn = 1, data_out = f052
Time = 29605000, rstn = 1, data_out = f050
Time = 29615000, rstn = 1, data_out = f04f
Time = 29625000, rstn = 1, data_out = f04e
Time = 29635000, rstn = 1, data_out = f04d
Time = 29645000, rstn = 1, data_out = f04c
Time = 29655000, rstn = 1, data_out = f04a
Time = 29665000, rstn = 1, data_out = f049
Time = 29675000, rstn = 1, data_out = f048
Time = 29685000, rstn = 1, data_out = f047
Time = 29695000, rstn = 1, data_out = f046
Time = 29705000, rstn = 1, data_out = f045
Time = 29715000, rstn = 1, data_out = f044
Time = 29725000, rstn = 1, data_out = f042
Time = 29735000, rstn = 1, data_out = f041
Time = 29745000, rstn = 1, data_out = f040
Time = 29755000, rstn = 1, data_out = f03f
Time = 29765000, rstn = 1, data_out = f03e
Time = 29775000, rstn = 1, data_out = f03d
Time = 29785000, rstn = 1, data_out = f03c
Time = 29795000, rstn = 1, data_out = f03b
Time = 29805000, rstn = 1, data_out = f03a
Time = 29815000, rstn = 1, data_out = f039
Time = 29825000, rstn = 1, data_out = f038
Time = 29835000, rstn = 1, data_out = f037
Time = 29845000, rstn = 1, data_out = f036
Time = 29855000, rstn = 1, data_out = f035
Time = 29865000, rstn = 1, data_out = f034
Time = 29875000, rstn = 1, data_out = f033
Time = 29885000, rstn = 1, data_out = f032
Time = 29895000, rstn = 1, data_out = f031
Time = 29905000, rstn = 1, data_out = f030
Time = 29915000, rstn = 1, data_out = f02f
Time = 29925000, rstn = 1, data_out = f02e
Time = 29945000, rstn = 1, data_out = f02d
Time = 29955000, rstn = 1, data_out = f02c
Time = 29965000, rstn = 1, data_out = f02b
Time = 29975000, rstn = 1, data_out = f02a
Time = 29985000, rstn = 1, data_out = f029
Time = 29995000, rstn = 1, data_out = f028
Time = 30015000, rstn = 1, data_out = f027
Time = 30025000, rstn = 1, data_out = f026
Time = 30035000, rstn = 1, data_out = f025
Time = 30045000, rstn = 1, data_out = f024
Time = 30065000, rstn = 1, data_out = f023
Time = 30075000, rstn = 1, data_out = f022
Time = 30085000, rstn = 1, data_out = f021
Time = 30095000, rstn = 1, data_out = f020
Time = 30105000, rstn = 1, data_out = f01f
Time = 30125000, rstn = 1, data_out = f01e
Time = 30145000, rstn = 1, data_out = f01d
Time = 30155000, rstn = 1, data_out = f01c
Time = 30175000, rstn = 1, data_out = f01b
Time = 30185000, rstn = 1, data_out = f01a
Time = 30205000, rstn = 1, data_out = f019
Time = 30215000, rstn = 1, data_out = f018
Time = 30235000, rstn = 1, data_out = f017
Time = 30245000, rstn = 1, data_out = f016
Time = 30255000, rstn = 1, data_out = f015
Time = 30265000, rstn = 1, data_out = f016
Time = 30275000, rstn = 1, data_out = f015
Time = 30285000, rstn = 1, data_out = f014
Time = 30305000, rstn = 1, data_out = f013
Time = 30315000, rstn = 1, data_out = f012
Time = 30325000, rstn = 1, data_out = f011
Time = 30335000, rstn = 1, data_out = f012
Time = 30345000, rstn = 1, data_out = f011
Time = 30355000, rstn = 1, data_out = f010
Time = 30365000, rstn = 1, data_out = f00f
Time = 30375000, rstn = 1, data_out = f010
Time = 30385000, rstn = 1, data_out = f00f
Time = 30395000, rstn = 1, data_out = f00e
Time = 30405000, rstn = 1, data_out = f00d
Time = 30415000, rstn = 1, data_out = f00e
Time = 30435000, rstn = 1, data_out = f00d
Time = 30445000, rstn = 1, data_out = f00c
Time = 30455000, rstn = 1, data_out = f00b
Time = 30465000, rstn = 1, data_out = f00c
Time = 30485000, rstn = 1, data_out = f00b
Time = 30495000, rstn = 1, data_out = f00a
Time = 30505000, rstn = 1, data_out = f009
Time = 30515000, rstn = 1, data_out = f00a
Time = 30525000, rstn = 1, data_out = f009
Time = 30535000, rstn = 1, data_out = f00a
Time = 30545000, rstn = 1, data_out = f009
Time = 30555000, rstn = 1, data_out = f008
Time = 30565000, rstn = 1, data_out = f007
Time = 30575000, rstn = 1, data_out = f008
Time = 30595000, rstn = 1, data_out = f007
Time = 30605000, rstn = 1, data_out = f008
Time = 30615000, rstn = 1, data_out = f007
Time = 30625000, rstn = 1, data_out = f006
Time = 30635000, rstn = 1, data_out = f005
Time = 30645000, rstn = 1, data_out = f006
Time = 30655000, rstn = 1, data_out = f005
Time = 30665000, rstn = 1, data_out = f006
Time = 30685000, rstn = 1, data_out = f005
Time = 30695000, rstn = 1, data_out = f006
Time = 30705000, rstn = 1, data_out = f005
Time = 30715000, rstn = 1, data_out = f006
Time = 30725000, rstn = 1, data_out = f005
Time = 30735000, rstn = 1, data_out = f004
Time = 30745000, rstn = 1, data_out = f003
Time = 30755000, rstn = 1, data_out = f004
Time = 30765000, rstn = 1, data_out = f003
Time = 30775000, rstn = 1, data_out = f004
Time = 30975000, rstn = 1, data_out = f003
Time = 30985000, rstn = 1, data_out = f004
Time = 30995000, rstn = 1, data_out = f003
Time = 31005000, rstn = 1, data_out = f004
Time = 31015000, rstn = 1, data_out = f005
Time = 31025000, rstn = 1, data_out = f006
Time = 31035000, rstn = 1, data_out = f005
Time = 31045000, rstn = 1, data_out = f006
Time = 31055000, rstn = 1, data_out = f005
Time = 31065000, rstn = 1, data_out = f006
Time = 31085000, rstn = 1, data_out = f005
Time = 31095000, rstn = 1, data_out = f006
Time = 31105000, rstn = 1, data_out = f005
Time = 31115000, rstn = 1, data_out = f006
Time = 31125000, rstn = 1, data_out = f007
Time = 31135000, rstn = 1, data_out = f008
Time = 31145000, rstn = 1, data_out = f007
Time = 31155000, rstn = 1, data_out = f008
Time = 31175000, rstn = 1, data_out = f007
Time = 31185000, rstn = 1, data_out = f008
Time = 31195000, rstn = 1, data_out = f009
Time = 31205000, rstn = 1, data_out = f00a
Time = 31215000, rstn = 1, data_out = f009
Time = 31225000, rstn = 1, data_out = f00a
Time = 31235000, rstn = 1, data_out = f009
Time = 31245000, rstn = 1, data_out = f00a
Time = 31255000, rstn = 1, data_out = f00b
Time = 31265000, rstn = 1, data_out = f00c
Time = 31285000, rstn = 1, data_out = f00b
Time = 31295000, rstn = 1, data_out = f00c
Time = 31305000, rstn = 1, data_out = f00d
Time = 31315000, rstn = 1, data_out = f00e
Time = 31335000, rstn = 1, data_out = f00d
Time = 31345000, rstn = 1, data_out = f00e
Time = 31355000, rstn = 1, data_out = f00f
Time = 31365000, rstn = 1, data_out = f010
Time = 31375000, rstn = 1, data_out = f00f
Time = 31385000, rstn = 1, data_out = f010
Time = 31395000, rstn = 1, data_out = f011
Time = 31405000, rstn = 1, data_out = f012
Time = 31415000, rstn = 1, data_out = f011
Time = 31425000, rstn = 1, data_out = f012
Time = 31435000, rstn = 1, data_out = f013
Time = 31445000, rstn = 1, data_out = f014
Time = 31465000, rstn = 1, data_out = f015
Time = 31475000, rstn = 1, data_out = f016
Time = 31485000, rstn = 1, data_out = f015
Time = 31495000, rstn = 1, data_out = f016
Time = 31505000, rstn = 1, data_out = f017
Time = 31515000, rstn = 1, data_out = f018
Time = 31535000, rstn = 1, data_out = f019
Time = 31545000, rstn = 1, data_out = f01a
Time = 31565000, rstn = 1, data_out = f01b
Time = 31575000, rstn = 1, data_out = f01c
Time = 31595000, rstn = 1, data_out = f01d
Time = 31605000, rstn = 1, data_out = f01e
Time = 31625000, rstn = 1, data_out = f01f
Time = 31645000, rstn = 1, data_out = f020
Time = 31655000, rstn = 1, data_out = f021
Time = 31665000, rstn = 1, data_out = f022
Time = 31675000, rstn = 1, data_out = f023
Time = 31685000, rstn = 1, data_out = f024
Time = 31705000, rstn = 1, data_out = f025
Time = 31715000, rstn = 1, data_out = f026
Time = 31725000, rstn = 1, data_out = f027
Time = 31735000, rstn = 1, data_out = f028
Time = 31755000, rstn = 1, data_out = f029
Time = 31765000, rstn = 1, data_out = f02a
Time = 31775000, rstn = 1, data_out = f02b
Time = 31785000, rstn = 1, data_out = f02c
Time = 31795000, rstn = 1, data_out = f02d
Time = 31805000, rstn = 1, data_out = f02e
Time = 31825000, rstn = 1, data_out = f02f
Time = 31835000, rstn = 1, data_out = f030
Time = 31845000, rstn = 1, data_out = f031
Time = 31855000, rstn = 1, data_out = f032
Time = 31865000, rstn = 1, data_out = f033
Time = 31875000, rstn = 1, data_out = f034
Time = 31885000, rstn = 1, data_out = f035
Time = 31895000, rstn = 1, data_out = f036
Time = 31905000, rstn = 1, data_out = f037
Time = 31915000, rstn = 1, data_out = f038
Time = 31925000, rstn = 1, data_out = f039
Time = 31935000, rstn = 1, data_out = f03a
Time = 31945000, rstn = 1, data_out = f03b
Time = 31955000, rstn = 1, data_out = f03c
Time = 31965000, rstn = 1, data_out = f03d
Time = 31975000, rstn = 1, data_out = f03e
Time = 31985000, rstn = 1, data_out = f03f
Time = 31995000, rstn = 1, data_out = f040
Time = 32005000, rstn = 1, data_out = f041
Time = 32015000, rstn = 1, data_out = f042
Time = 32025000, rstn = 1, data_out = f044
Time = 32035000, rstn = 1, data_out = f045
Time = 32045000, rstn = 1, data_out = f046
Time = 32055000, rstn = 1, data_out = f047
Time = 32065000, rstn = 1, data_out = f048
Time = 32075000, rstn = 1, data_out = f049
Time = 32085000, rstn = 1, data_out = f04a
Time = 32095000, rstn = 1, data_out = f04c
Time = 32105000, rstn = 1, data_out = f04d
Time = 32115000, rstn = 1, data_out = f04e
Time = 32125000, rstn = 1, data_out = f04f
Time = 32135000, rstn = 1, data_out = f050
Time = 32145000, rstn = 1, data_out = f052
Time = 32155000, rstn = 1, data_out = f053
Time = 32165000, rstn = 1, data_out = f054
Time = 32175000, rstn = 1, data_out = f055
Time = 32185000, rstn = 1, data_out = f056
Time = 32195000, rstn = 1, data_out = f057
Time = 32205000, rstn = 1, data_out = f059
Time = 32215000, rstn = 1, data_out = f05a
Time = 32225000, rstn = 1, data_out = f05c
Time = 32235000, rstn = 1, data_out = f05d
Time = 32245000, rstn = 1, data_out = f05e
Time = 32255000, rstn = 1, data_out = f060
Time = 32265000, rstn = 1, data_out = f061
Time = 32275000, rstn = 1, data_out = f062
Time = 32285000, rstn = 1, data_out = f064
Time = 32295000, rstn = 1, data_out = f065
Time = 32305000, rstn = 1, data_out = f066
Time = 32315000, rstn = 1, data_out = f068
Time = 32325000, rstn = 1, data_out = f069
Time = 32335000, rstn = 1, data_out = f06a
Time = 32345000, rstn = 1, data_out = f06b
Time = 32355000, rstn = 1, data_out = f06e
Time = 32365000, rstn = 1, data_out = f06f
Time = 32375000, rstn = 1, data_out = f070
Time = 32385000, rstn = 1, data_out = f072
Time = 32395000, rstn = 1, data_out = f073
Time = 32405000, rstn = 1, data_out = f074
Time = 32415000, rstn = 1, data_out = f075
Time = 32425000, rstn = 1, data_out = f078
Time = 32435000, rstn = 1, data_out = f079
Time = 32445000, rstn = 1, data_out = f07a
Time = 32455000, rstn = 1, data_out = f07b
Time = 32465000, rstn = 1, data_out = f07e
Time = 32475000, rstn = 1, data_out = f07f
Time = 32485000, rstn = 1, data_out = f080
Time = 32495000, rstn = 1, data_out = f081
Time = 32505000, rstn = 1, data_out = f084
Time = 32515000, rstn = 1, data_out = f086
Time = 32525000, rstn = 1, data_out = f087
Time = 32535000, rstn = 1, data_out = f088
Time = 32545000, rstn = 1, data_out = f089
Time = 32555000, rstn = 1, data_out = f08c
Time = 32565000, rstn = 1, data_out = f08e
Time = 32575000, rstn = 1, data_out = f08f
Time = 32585000, rstn = 1, data_out = f090
Time = 32595000, rstn = 1, data_out = f091
Time = 32605000, rstn = 1, data_out = f094
Time = 32615000, rstn = 1, data_out = f095
Time = 32625000, rstn = 1, data_out = f098
Time = 32635000, rstn = 1, data_out = f099
Time = 32645000, rstn = 1, data_out = f09a
Time = 32655000, rstn = 1, data_out = f09b
Time = 32665000, rstn = 1, data_out = f09e
Time = 32675000, rstn = 1, data_out = f0a0
Time = 32685000, rstn = 1, data_out = f0a1
Time = 32695000, rstn = 1, data_out = f0a4
Time = 32705000, rstn = 1, data_out = f0a5
Time = 32715000, rstn = 1, data_out = f0a6
Time = 32725000, rstn = 1, data_out = f0a7
Time = 32735000, rstn = 1, data_out = f0aa
Time = 32745000, rstn = 1, data_out = f0ab
Time = 32755000, rstn = 1, data_out = f0ae
Time = 32765000, rstn = 1, data_out = f0b0
Time = 32775000, rstn = 1, data_out = f0b1
Time = 32785000, rstn = 1, data_out = f0b4
Time = 32795000, rstn = 1, data_out = f0b5
Time = 32805000, rstn = 1, data_out = f0b6
Time = 32815000, rstn = 1, data_out = f0b7
Time = 32825000, rstn = 1, data_out = f0ba
Time = 32835000, rstn = 1, data_out = f0bb
Time = 32845000, rstn = 1, data_out = f0be
Time = 32855000, rstn = 1, data_out = f0c0
Time = 32865000, rstn = 1, data_out = f0c2
Time = 32875000, rstn = 1, data_out = f0c4
Time = 32885000, rstn = 1, data_out = f0c6
Time = 32895000, rstn = 1, data_out = f0c8
Time = 32905000, rstn = 1, data_out = f0ca
Time = 32915000, rstn = 1, data_out = f0cc
Time = 32925000, rstn = 1, data_out = f0ce
Time = 32935000, rstn = 1, data_out = f0d0
Time = 32945000, rstn = 1, data_out = f0d2
Time = 32955000, rstn = 1, data_out = f0d4
Time = 32965000, rstn = 1, data_out = f0d6
Time = 32975000, rstn = 1, data_out = f0d8
Time = 32985000, rstn = 1, data_out = f0da
Time = 32995000, rstn = 1, data_out = f0dc
Time = 33005000, rstn = 1, data_out = f0de
Time = 33015000, rstn = 1, data_out = f0e0
Time = 33025000, rstn = 1, data_out = f0e2
Time = 33035000, rstn = 1, data_out = f0e4
Time = 33045000, rstn = 1, data_out = f0e6
Time = 33055000, rstn = 1, data_out = f0e8
Time = 33065000, rstn = 1, data_out = f0ea
Time = 33075000, rstn = 1, data_out = f0ec
Time = 33085000, rstn = 1, data_out = f0ee
Time = 33095000, rstn = 1, data_out = f0f0
Time = 33105000, rstn = 1, data_out = f0f2
Time = 33115000, rstn = 1, data_out = f0f4
Time = 33125000, rstn = 1, data_out = f0f6
Time = 33135000, rstn = 1, data_out = f0f7
Time = 33145000, rstn = 1, data_out = f0fa
Time = 33155000, rstn = 1, data_out = f0fb
Time = 33165000, rstn = 1, data_out = f0fe
Time = 33175000, rstn = 1, data_out = f101
Time = 33185000, rstn = 1, data_out = f104
Time = 33195000, rstn = 1, data_out = f105
Time = 33205000, rstn = 1, data_out = f108
Time = 33215000, rstn = 1, data_out = f10a
Time = 33225000, rstn = 1, data_out = f10b
Time = 33235000, rstn = 1, data_out = f10e
Time = 33245000, rstn = 1, data_out = f10f
Time = 33255000, rstn = 1, data_out = f112
Time = 33265000, rstn = 1, data_out = f115
Time = 33275000, rstn = 1, data_out = f118
Time = 33285000, rstn = 1, data_out = f119
Time = 33295000, rstn = 1, data_out = f11c
Time = 33305000, rstn = 1, data_out = f11e
Time = 33315000, rstn = 1, data_out = f11f
Time = 33325000, rstn = 1, data_out = f122
Time = 33335000, rstn = 1, data_out = f125
Time = 33345000, rstn = 1, data_out = f128
Time = 33355000, rstn = 1, data_out = f129
Time = 33365000, rstn = 1, data_out = f12c
Time = 33375000, rstn = 1, data_out = f12d
Time = 33385000, rstn = 1, data_out = f130
Time = 33395000, rstn = 1, data_out = f133
Time = 33405000, rstn = 1, data_out = f136
Time = 33415000, rstn = 1, data_out = f138
Time = 33425000, rstn = 1, data_out = f139
Time = 33435000, rstn = 1, data_out = f13c
Time = 33445000, rstn = 1, data_out = f13f
Time = 33455000, rstn = 1, data_out = f142
Time = 33465000, rstn = 1, data_out = f144
Time = 33475000, rstn = 1, data_out = f145
Time = 33485000, rstn = 1, data_out = f148
Time = 33495000, rstn = 1, data_out = f14b
Time = 33505000, rstn = 1, data_out = f14e
Time = 33515000, rstn = 1, data_out = f14f
Time = 33525000, rstn = 1, data_out = f152
Time = 33535000, rstn = 1, data_out = f155
Time = 33545000, rstn = 1, data_out = f158
Time = 33555000, rstn = 1, data_out = f159
Time = 33565000, rstn = 1, data_out = f15c
Time = 33575000, rstn = 1, data_out = f15f
Time = 33585000, rstn = 1, data_out = f162
Time = 33595000, rstn = 1, data_out = f163
Time = 33605000, rstn = 1, data_out = f166
Time = 33615000, rstn = 1, data_out = f169
Time = 33625000, rstn = 1, data_out = f16c
Time = 33635000, rstn = 1, data_out = f16e
Time = 33645000, rstn = 1, data_out = f171
Time = 33655000, rstn = 1, data_out = f174
Time = 33665000, rstn = 1, data_out = f175
Time = 33675000, rstn = 1, data_out = f178
Time = 33685000, rstn = 1, data_out = f17b
Time = 33695000, rstn = 1, data_out = f17e
Time = 33705000, rstn = 1, data_out = f180
Time = 33715000, rstn = 1, data_out = f183
Time = 33725000, rstn = 1, data_out = f186
Time = 33735000, rstn = 1, data_out = f188
Time = 33745000, rstn = 1, data_out = f18b
Time = 33755000, rstn = 1, data_out = f18d
Time = 33765000, rstn = 1, data_out = f190
Time = 33775000, rstn = 1, data_out = f193
Time = 33785000, rstn = 1, data_out = f196
Time = 33795000, rstn = 1, data_out = f199
Time = 33805000, rstn = 1, data_out = f19c
Time = 33815000, rstn = 1, data_out = f19e
Time = 33825000, rstn = 1, data_out = f1a1
Time = 33835000, rstn = 1, data_out = f1a3
Time = 33845000, rstn = 1, data_out = f1a6
Time = 33855000, rstn = 1, data_out = f1a9
Time = 33865000, rstn = 1, data_out = f1ac
Time = 33875000, rstn = 1, data_out = f1af
Time = 33885000, rstn = 1, data_out = f1b2
Time = 33895000, rstn = 1, data_out = f1b4
Time = 33905000, rstn = 1, data_out = f1b7
Time = 33915000, rstn = 1, data_out = f1ba
Time = 33925000, rstn = 1, data_out = f1bd
Time = 33935000, rstn = 1, data_out = f1c0
Time = 33945000, rstn = 1, data_out = f1c2
Time = 33955000, rstn = 1, data_out = f1c5
Time = 33965000, rstn = 1, data_out = f1c8
Time = 33975000, rstn = 1, data_out = f1cb
Time = 33985000, rstn = 1, data_out = f1ce
Time = 33995000, rstn = 1, data_out = f1d1
Time = 34005000, rstn = 1, data_out = f1d4
Time = 34015000, rstn = 1, data_out = f1d7
Time = 34025000, rstn = 1, data_out = f1da
Time = 34035000, rstn = 1, data_out = f1dc
Time = 34045000, rstn = 1, data_out = f1df
Time = 34055000, rstn = 1, data_out = f1e2
Time = 34065000, rstn = 1, data_out = f1e5
Time = 34075000, rstn = 1, data_out = f1e8
Time = 34085000, rstn = 1, data_out = f1eb
Time = 34095000, rstn = 1, data_out = f1ee
Time = 34105000, rstn = 1, data_out = f1f1
Time = 34115000, rstn = 1, data_out = f1f4
Time = 34125000, rstn = 1, data_out = f1f7
Time = 34135000, rstn = 1, data_out = f1fa
Time = 34145000, rstn = 1, data_out = f1fd
Time = 34155000, rstn = 1, data_out = f200
Time = 34165000, rstn = 1, data_out = f203
Time = 34175000, rstn = 1, data_out = f206
Time = 34185000, rstn = 1, data_out = f209
Time = 34195000, rstn = 1, data_out = f20c
Time = 34205000, rstn = 1, data_out = f20f
Time = 34215000, rstn = 1, data_out = f212
Time = 34225000, rstn = 1, data_out = f216
Time = 34235000, rstn = 1, data_out = f219
Time = 34245000, rstn = 1, data_out = f21c
Time = 34255000, rstn = 1, data_out = f21f
Time = 34265000, rstn = 1, data_out = f222
Time = 34275000, rstn = 1, data_out = f225
Time = 34285000, rstn = 1, data_out = f228
Time = 34295000, rstn = 1, data_out = f22c
Time = 34305000, rstn = 1, data_out = f22f
Time = 34315000, rstn = 1, data_out = f232
Time = 34325000, rstn = 1, data_out = f235
Time = 34335000, rstn = 1, data_out = f238
Time = 34345000, rstn = 1, data_out = f23b
Time = 34355000, rstn = 1, data_out = f23e
Time = 34365000, rstn = 1, data_out = f241
Time = 34375000, rstn = 1, data_out = f245
Time = 34385000, rstn = 1, data_out = f248
Time = 34395000, rstn = 1, data_out = f24c
Time = 34405000, rstn = 1, data_out = f24f
Time = 34415000, rstn = 1, data_out = f252
Time = 34425000, rstn = 1, data_out = f255
Time = 34435000, rstn = 1, data_out = f258
Time = 34445000, rstn = 1, data_out = f25b
Time = 34455000, rstn = 1, data_out = f25f
Time = 34465000, rstn = 1, data_out = f262
Time = 34475000, rstn = 1, data_out = f266
Time = 34485000, rstn = 1, data_out = f269
Time = 34495000, rstn = 1, data_out = f26c
Time = 34505000, rstn = 1, data_out = f270
Time = 34515000, rstn = 1, data_out = f273
Time = 34525000, rstn = 1, data_out = f276
Time = 34535000, rstn = 1, data_out = f27a
Time = 34545000, rstn = 1, data_out = f27d
Time = 34555000, rstn = 1, data_out = f280
Time = 34565000, rstn = 1, data_out = f284
Time = 34575000, rstn = 1, data_out = f287
Time = 34585000, rstn = 1, data_out = f28a
Time = 34595000, rstn = 1, data_out = f28e
Time = 34605000, rstn = 1, data_out = f291
Time = 34615000, rstn = 1, data_out = f294
Time = 34625000, rstn = 1, data_out = f297
Time = 34635000, rstn = 1, data_out = f29c
Time = 34645000, rstn = 1, data_out = f29f
Time = 34655000, rstn = 1, data_out = f2a2
Time = 34665000, rstn = 1, data_out = f2a6
Time = 34675000, rstn = 1, data_out = f2a9
Time = 34685000, rstn = 1, data_out = f2ac
Time = 34695000, rstn = 1, data_out = f2af
Time = 34705000, rstn = 1, data_out = f2b4
Time = 34715000, rstn = 1, data_out = f2b7
Time = 34725000, rstn = 1, data_out = f2ba
Time = 34735000, rstn = 1, data_out = f2bd
Time = 34745000, rstn = 1, data_out = f2c2
Time = 34755000, rstn = 1, data_out = f2c5
Time = 34765000, rstn = 1, data_out = f2c8
Time = 34775000, rstn = 1, data_out = f2cb
Time = 34785000, rstn = 1, data_out = f2d0
Time = 34795000, rstn = 1, data_out = f2d4
Time = 34805000, rstn = 1, data_out = f2d7
Time = 34815000, rstn = 1, data_out = f2da
Time = 34825000, rstn = 1, data_out = f2dd
Time = 34835000, rstn = 1, data_out = f2e2
Time = 34845000, rstn = 1, data_out = f2e6
Time = 34855000, rstn = 1, data_out = f2e9
Time = 34865000, rstn = 1, data_out = f2ec
Time = 34875000, rstn = 1, data_out = f2ef
Time = 34885000, rstn = 1, data_out = f2f4
Time = 34895000, rstn = 1, data_out = f2f8
Time = 34905000, rstn = 1, data_out = f2fb
Time = 34915000, rstn = 1, data_out = f2fe
Time = 34925000, rstn = 1, data_out = f301
Time = 34935000, rstn = 1, data_out = f306
Time = 34945000, rstn = 1, data_out = f309
Time = 34955000, rstn = 1, data_out = f30e
Time = 34965000, rstn = 1, data_out = f311
Time = 34975000, rstn = 1, data_out = f314
Time = 34985000, rstn = 1, data_out = f317
Time = 34995000, rstn = 1, data_out = f31c
Time = 35005000, rstn = 1, data_out = f320
Time = 35015000, rstn = 1, data_out = f323
Time = 35025000, rstn = 1, data_out = f328
Time = 35035000, rstn = 1, data_out = f32b
Time = 35045000, rstn = 1, data_out = f32e
Time = 35055000, rstn = 1, data_out = f331
Time = 35065000, rstn = 1, data_out = f336
Time = 35075000, rstn = 1, data_out = f339
Time = 35085000, rstn = 1, data_out = f33e
Time = 35095000, rstn = 1, data_out = f342
Time = 35105000, rstn = 1, data_out = f345
Time = 35115000, rstn = 1, data_out = f34a
Time = 35125000, rstn = 1, data_out = f34d
Time = 35135000, rstn = 1, data_out = f350
Time = 35145000, rstn = 1, data_out = f353
Time = 35155000, rstn = 1, data_out = f358
Time = 35165000, rstn = 1, data_out = f35b
Time = 35175000, rstn = 1, data_out = f360
Time = 35185000, rstn = 1, data_out = f364
Time = 35195000, rstn = 1, data_out = f368
Time = 35205000, rstn = 1, data_out = f36c
Time = 35215000, rstn = 1, data_out = f370
Time = 35225000, rstn = 1, data_out = f374
Time = 35235000, rstn = 1, data_out = f378
Time = 35245000, rstn = 1, data_out = f37c
Time = 35255000, rstn = 1, data_out = f37f
Time = 35265000, rstn = 1, data_out = f384
Time = 35275000, rstn = 1, data_out = f387
Time = 35285000, rstn = 1, data_out = f38c
Time = 35295000, rstn = 1, data_out = f38f
Time = 35305000, rstn = 1, data_out = f392
Time = 35315000, rstn = 1, data_out = f395
Time = 35325000, rstn = 1, data_out = f39a
Time = 35335000, rstn = 1, data_out = f39d
Time = 35345000, rstn = 1, data_out = f3a2
Time = 35355000, rstn = 1, data_out = f3a6
Time = 35365000, rstn = 1, data_out = f3aa
Time = 35375000, rstn = 1, data_out = f3ae
Time = 35385000, rstn = 1, data_out = f3b2
Time = 35395000, rstn = 1, data_out = f3b6
Time = 35405000, rstn = 1, data_out = f3b9
Time = 35415000, rstn = 1, data_out = f3be
Time = 35425000, rstn = 1, data_out = f3c1
Time = 35435000, rstn = 1, data_out = f3c6
Time = 35445000, rstn = 1, data_out = f3cb
Time = 35455000, rstn = 1, data_out = f3d0
Time = 35465000, rstn = 1, data_out = f3d3
Time = 35475000, rstn = 1, data_out = f3d8
Time = 35485000, rstn = 1, data_out = f3db
Time = 35495000, rstn = 1, data_out = f3e0
Time = 35505000, rstn = 1, data_out = f3e4
Time = 35515000, rstn = 1, data_out = f3e8
Time = 35525000, rstn = 1, data_out = f3ec
Time = 35535000, rstn = 1, data_out = f3f0
Time = 35545000, rstn = 1, data_out = f3f4
Time = 35555000, rstn = 1, data_out = f3f8
Time = 35565000, rstn = 1, data_out = f3fc
Time = 35575000, rstn = 1, data_out = f400
Time = 35585000, rstn = 1, data_out = f403
Time = 35595000, rstn = 1, data_out = f408
Time = 35605000, rstn = 1, data_out = f40b
Time = 35615000, rstn = 1, data_out = f410
Time = 35625000, rstn = 1, data_out = f415
Time = 35635000, rstn = 1, data_out = f41a
Time = 35645000, rstn = 1, data_out = f41d
Time = 35655000, rstn = 1, data_out = f422
Time = 35665000, rstn = 1, data_out = f426
Time = 35675000, rstn = 1, data_out = f429
Time = 35685000, rstn = 1, data_out = f42e
Time = 35695000, rstn = 1, data_out = f431
Time = 35705000, rstn = 1, data_out = f436
Time = 35715000, rstn = 1, data_out = f43b
Time = 35725000, rstn = 1, data_out = f440
Time = 35735000, rstn = 1, data_out = f443
Time = 35745000, rstn = 1, data_out = f448
Time = 35755000, rstn = 1, data_out = f44b
Time = 35765000, rstn = 1, data_out = f450
Time = 35775000, rstn = 1, data_out = f453
Time = 35785000, rstn = 1, data_out = f458
Time = 35795000, rstn = 1, data_out = f45d
Time = 35805000, rstn = 1, data_out = f462
Time = 35815000, rstn = 1, data_out = f465
Time = 35825000, rstn = 1, data_out = f46a
Time = 35835000, rstn = 1, data_out = f46d
Time = 35845000, rstn = 1, data_out = f472
Time = 35855000, rstn = 1, data_out = f477
Time = 35865000, rstn = 1, data_out = f47c
Time = 35875000, rstn = 1, data_out = f480
Time = 35885000, rstn = 1, data_out = f483
Time = 35895000, rstn = 1, data_out = f488
Time = 35905000, rstn = 1, data_out = f48d
Time = 35915000, rstn = 1, data_out = f492
Time = 35925000, rstn = 1, data_out = f496
Time = 35935000, rstn = 1, data_out = f499
Time = 35945000, rstn = 1, data_out = f49e
Time = 35955000, rstn = 1, data_out = f4a3
Time = 35965000, rstn = 1, data_out = f4a8
Time = 35975000, rstn = 1, data_out = f4ac
Time = 35985000, rstn = 1, data_out = f4af
Time = 35995000, rstn = 1, data_out = f4b4
Time = 36005000, rstn = 1, data_out = f4b9
Time = 36015000, rstn = 1, data_out = f4be
Time = 36025000, rstn = 1, data_out = f4c1
Time = 36035000, rstn = 1, data_out = f4c6
Time = 36045000, rstn = 1, data_out = f4cb
Time = 36055000, rstn = 1, data_out = f4d0
Time = 36065000, rstn = 1, data_out = f4d4
Time = 36075000, rstn = 1, data_out = f4d7
Time = 36085000, rstn = 1, data_out = f4dc
Time = 36095000, rstn = 1, data_out = f4e1
Time = 36105000, rstn = 1, data_out = f4e6
Time = 36115000, rstn = 1, data_out = f4ea
Time = 36125000, rstn = 1, data_out = f4ef
Time = 36135000, rstn = 1, data_out = f4f4
Time = 36145000, rstn = 1, data_out = f4f7
Time = 36155000, rstn = 1, data_out = f4fc
Time = 36165000, rstn = 1, data_out = f501
Time = 36175000, rstn = 1, data_out = f506
Time = 36185000, rstn = 1, data_out = f509
Time = 36195000, rstn = 1, data_out = f50e
Time = 36205000, rstn = 1, data_out = f513
Time = 36215000, rstn = 1, data_out = f518
Time = 36225000, rstn = 1, data_out = f51c
Time = 36235000, rstn = 1, data_out = f521
Time = 36245000, rstn = 1, data_out = f526
Time = 36255000, rstn = 1, data_out = f52a
Time = 36265000, rstn = 1, data_out = f52f
Time = 36275000, rstn = 1, data_out = f533
Time = 36285000, rstn = 1, data_out = f538
Time = 36295000, rstn = 1, data_out = f53d
Time = 36305000, rstn = 1, data_out = f542
Time = 36315000, rstn = 1, data_out = f545
Time = 36325000, rstn = 1, data_out = f54a
Time = 36335000, rstn = 1, data_out = f54f
Time = 36345000, rstn = 1, data_out = f553
Time = 36355000, rstn = 1, data_out = f558
Time = 36365000, rstn = 1, data_out = f55d
Time = 36375000, rstn = 1, data_out = f562
Time = 36385000, rstn = 1, data_out = f567
Time = 36395000, rstn = 1, data_out = f56c
Time = 36405000, rstn = 1, data_out = f570
Time = 36415000, rstn = 1, data_out = f575
Time = 36425000, rstn = 1, data_out = f57a
Time = 36435000, rstn = 1, data_out = f57e
Time = 36445000, rstn = 1, data_out = f583
Time = 36455000, rstn = 1, data_out = f587
Time = 36465000, rstn = 1, data_out = f58c
Time = 36475000, rstn = 1, data_out = f591
Time = 36485000, rstn = 1, data_out = f596
Time = 36495000, rstn = 1, data_out = f59b
Time = 36505000, rstn = 1, data_out = f5a0
Time = 36515000, rstn = 1, data_out = f5a4
Time = 36525000, rstn = 1, data_out = f5a9
Time = 36535000, rstn = 1, data_out = f5ae
Time = 36545000, rstn = 1, data_out = f5b3
Time = 36555000, rstn = 1, data_out = f5b8
Time = 36565000, rstn = 1, data_out = f5bc
Time = 36575000, rstn = 1, data_out = f5c1
Time = 36585000, rstn = 1, data_out = f5c6
Time = 36595000, rstn = 1, data_out = f5cb
Time = 36605000, rstn = 1, data_out = f5d0
Time = 36615000, rstn = 1, data_out = f5d4
Time = 36625000, rstn = 1, data_out = f5d9
Time = 36635000, rstn = 1, data_out = f5de
Time = 36645000, rstn = 1, data_out = f5e3
Time = 36655000, rstn = 1, data_out = f5e8
Time = 36665000, rstn = 1, data_out = f5ed
Time = 36675000, rstn = 1, data_out = f5f2
Time = 36685000, rstn = 1, data_out = f5f6
Time = 36695000, rstn = 1, data_out = f5fb
Time = 36705000, rstn = 1, data_out = f600
Time = 36715000, rstn = 1, data_out = f605
Time = 36725000, rstn = 1, data_out = f60a
Time = 36735000, rstn = 1, data_out = f60f
Time = 36745000, rstn = 1, data_out = f614
Time = 36755000, rstn = 1, data_out = f619
Time = 36765000, rstn = 1, data_out = f61e
Time = 36775000, rstn = 1, data_out = f623
Time = 36785000, rstn = 1, data_out = f628
Time = 36795000, rstn = 1, data_out = f62c
Time = 36805000, rstn = 1, data_out = f631
Time = 36815000, rstn = 1, data_out = f636
Time = 36825000, rstn = 1, data_out = f63b
Time = 36835000, rstn = 1, data_out = f640
Time = 36845000, rstn = 1, data_out = f645
Time = 36855000, rstn = 1, data_out = f64a
Time = 36865000, rstn = 1, data_out = f64f
Time = 36875000, rstn = 1, data_out = f654
Time = 36885000, rstn = 1, data_out = f659
Time = 36895000, rstn = 1, data_out = f65e
Time = 36905000, rstn = 1, data_out = f663
Time = 36915000, rstn = 1, data_out = f668
Time = 36925000, rstn = 1, data_out = f66d
Time = 36935000, rstn = 1, data_out = f672
Time = 36945000, rstn = 1, data_out = f677
Time = 36955000, rstn = 1, data_out = f67c
Time = 36965000, rstn = 1, data_out = f682
Time = 36975000, rstn = 1, data_out = f687
Time = 36985000, rstn = 1, data_out = f68c
Time = 36995000, rstn = 1, data_out = f691
Time = 37005000, rstn = 1, data_out = f696
Time = 37015000, rstn = 1, data_out = f69b
Time = 37025000, rstn = 1, data_out = f6a0
Time = 37035000, rstn = 1, data_out = f6a5
Time = 37045000, rstn = 1, data_out = f6aa
Time = 37055000, rstn = 1, data_out = f6af
Time = 37065000, rstn = 1, data_out = f6b4
Time = 37075000, rstn = 1, data_out = f6b9
Time = 37085000, rstn = 1, data_out = f6be
Time = 37095000, rstn = 1, data_out = f6c4
Time = 37105000, rstn = 1, data_out = f6c9
Time = 37115000, rstn = 1, data_out = f6ce
Time = 37125000, rstn = 1, data_out = f6d3
Time = 37135000, rstn = 1, data_out = f6d8
Time = 37145000, rstn = 1, data_out = f6dd
Time = 37155000, rstn = 1, data_out = f6e2
Time = 37165000, rstn = 1, data_out = f6e8
Time = 37175000, rstn = 1, data_out = f6ed
Time = 37185000, rstn = 1, data_out = f6f2
Time = 37195000, rstn = 1, data_out = f6f7
Time = 37205000, rstn = 1, data_out = f6fc
Time = 37215000, rstn = 1, data_out = f702
Time = 37225000, rstn = 1, data_out = f707
Time = 37235000, rstn = 1, data_out = f70c
Time = 37245000, rstn = 1, data_out = f711
Time = 37255000, rstn = 1, data_out = f716
Time = 37265000, rstn = 1, data_out = f71c
Time = 37275000, rstn = 1, data_out = f721
Time = 37285000, rstn = 1, data_out = f726
Time = 37295000, rstn = 1, data_out = f72b
Time = 37305000, rstn = 1, data_out = f730
Time = 37315000, rstn = 1, data_out = f735
Time = 37325000, rstn = 1, data_out = f73b
Time = 37335000, rstn = 1, data_out = f740
Time = 37345000, rstn = 1, data_out = f746
Time = 37355000, rstn = 1, data_out = f74b
Time = 37365000, rstn = 1, data_out = f750
Time = 37375000, rstn = 1, data_out = f755
Time = 37385000, rstn = 1, data_out = f75a
Time = 37395000, rstn = 1, data_out = f75f
Time = 37405000, rstn = 1, data_out = f765
Time = 37415000, rstn = 1, data_out = f76a
Time = 37425000, rstn = 1, data_out = f770
Time = 37435000, rstn = 1, data_out = f775
Time = 37445000, rstn = 1, data_out = f77a
Time = 37455000, rstn = 1, data_out = f780
Time = 37465000, rstn = 1, data_out = f785
Time = 37475000, rstn = 1, data_out = f78a
Time = 37485000, rstn = 1, data_out = f790
Time = 37495000, rstn = 1, data_out = f795
Time = 37505000, rstn = 1, data_out = f79a
Time = 37515000, rstn = 1, data_out = f7a0
Time = 37525000, rstn = 1, data_out = f7a5
Time = 37535000, rstn = 1, data_out = f7aa
Time = 37545000, rstn = 1, data_out = f7b0
Time = 37555000, rstn = 1, data_out = f7b5
Time = 37565000, rstn = 1, data_out = f7ba
Time = 37575000, rstn = 1, data_out = f7c0
Time = 37585000, rstn = 1, data_out = f7c5
Time = 37595000, rstn = 1, data_out = f7ca
Time = 37605000, rstn = 1, data_out = f7cf
Time = 37615000, rstn = 1, data_out = f7d6
Time = 37625000, rstn = 1, data_out = f7db
Time = 37635000, rstn = 1, data_out = f7e0
Time = 37645000, rstn = 1, data_out = f7e6
Time = 37655000, rstn = 1, data_out = f7eb
Time = 37665000, rstn = 1, data_out = f7f0
Time = 37675000, rstn = 1, data_out = f7f5
Time = 37685000, rstn = 1, data_out = f7fc
Time = 37695000, rstn = 1, data_out = f801
Time = 37705000, rstn = 1, data_out = f806
Time = 37715000, rstn = 1, data_out = f80c
Time = 37725000, rstn = 1, data_out = f811
Time = 37735000, rstn = 1, data_out = f816
Time = 37745000, rstn = 1, data_out = f81b
Time = 37755000, rstn = 1, data_out = f822
Time = 37765000, rstn = 1, data_out = f827
Time = 37775000, rstn = 1, data_out = f82c
Time = 37785000, rstn = 1, data_out = f831
Time = 37795000, rstn = 1, data_out = f838
Time = 37805000, rstn = 1, data_out = f83d
Time = 37815000, rstn = 1, data_out = f842
Time = 37825000, rstn = 1, data_out = f847
Time = 37835000, rstn = 1, data_out = f84e
Time = 37845000, rstn = 1, data_out = f853
Time = 37855000, rstn = 1, data_out = f858
Time = 37865000, rstn = 1, data_out = f85d
Time = 37875000, rstn = 1, data_out = f864
Time = 37885000, rstn = 1, data_out = f869
Time = 37895000, rstn = 1, data_out = f86e
Time = 37905000, rstn = 1, data_out = f873
Time = 37915000, rstn = 1, data_out = f87a
Time = 37925000, rstn = 1, data_out = f87f
Time = 37935000, rstn = 1, data_out = f884
Time = 37945000, rstn = 1, data_out = f889
Time = 37955000, rstn = 1, data_out = f890
Time = 37965000, rstn = 1, data_out = f896
Time = 37975000, rstn = 1, data_out = f89b
Time = 37985000, rstn = 1, data_out = f8a0
Time = 37995000, rstn = 1, data_out = f8a5
Time = 38005000, rstn = 1, data_out = f8ac
Time = 38015000, rstn = 1, data_out = f8b2
Time = 38025000, rstn = 1, data_out = f8b7
Time = 38035000, rstn = 1, data_out = f8bc
Time = 38045000, rstn = 1, data_out = f8c1
Time = 38055000, rstn = 1, data_out = f8c8
Time = 38065000, rstn = 1, data_out = f8cd
Time = 38075000, rstn = 1, data_out = f8d2
Time = 38085000, rstn = 1, data_out = f8d7
Time = 38095000, rstn = 1, data_out = f8de
Time = 38105000, rstn = 1, data_out = f8e3
Time = 38115000, rstn = 1, data_out = f8ea
Time = 38125000, rstn = 1, data_out = f8ef
Time = 38135000, rstn = 1, data_out = f8f4
Time = 38145000, rstn = 1, data_out = f8f9
Time = 38155000, rstn = 1, data_out = f900
Time = 38165000, rstn = 1, data_out = f906
Time = 38175000, rstn = 1, data_out = f90b
Time = 38185000, rstn = 1, data_out = f910
Time = 38195000, rstn = 1, data_out = f915
Time = 38205000, rstn = 1, data_out = f91c
Time = 38215000, rstn = 1, data_out = f921
Time = 38225000, rstn = 1, data_out = f928
Time = 38235000, rstn = 1, data_out = f92d
Time = 38245000, rstn = 1, data_out = f932
Time = 38255000, rstn = 1, data_out = f937
Time = 38265000, rstn = 1, data_out = f93e
Time = 38275000, rstn = 1, data_out = f944
Time = 38285000, rstn = 1, data_out = f949
Time = 38295000, rstn = 1, data_out = f950
Time = 38305000, rstn = 1, data_out = f955
Time = 38315000, rstn = 1, data_out = f95a
Time = 38325000, rstn = 1, data_out = f95f
Time = 38335000, rstn = 1, data_out = f966
Time = 38345000, rstn = 1, data_out = f96c
Time = 38355000, rstn = 1, data_out = f971
Time = 38365000, rstn = 1, data_out = f978
Time = 38375000, rstn = 1, data_out = f97d
Time = 38385000, rstn = 1, data_out = f982
Time = 38395000, rstn = 1, data_out = f987
Time = 38405000, rstn = 1, data_out = f98e
Time = 38415000, rstn = 1, data_out = f993
Time = 38425000, rstn = 1, data_out = f99a
Time = 38435000, rstn = 1, data_out = f99f
Time = 38445000, rstn = 1, data_out = f9a6
Time = 38455000, rstn = 1, data_out = f9ab
Time = 38465000, rstn = 1, data_out = f9b0
Time = 38475000, rstn = 1, data_out = f9b5
Time = 38485000, rstn = 1, data_out = f9bc
Time = 38495000, rstn = 1, data_out = f9c1
Time = 38505000, rstn = 1, data_out = f9c8
Time = 38515000, rstn = 1, data_out = f9ce
Time = 38525000, rstn = 1, data_out = f9d3
Time = 38535000, rstn = 1, data_out = f9da
Time = 38545000, rstn = 1, data_out = f9df
Time = 38555000, rstn = 1, data_out = f9e4
Time = 38565000, rstn = 1, data_out = f9e9
Time = 38575000, rstn = 1, data_out = f9f0
Time = 38585000, rstn = 1, data_out = f9f5
Time = 38595000, rstn = 1, data_out = f9fc
Time = 38605000, rstn = 1, data_out = fa02
Time = 38615000, rstn = 1, data_out = fa07
Time = 38625000, rstn = 1, data_out = fa0e
Time = 38635000, rstn = 1, data_out = fa13
Time = 38645000, rstn = 1, data_out = fa1a
Time = 38655000, rstn = 1, data_out = fa1f
Time = 38665000, rstn = 1, data_out = fa24
Time = 38675000, rstn = 1, data_out = fa29
Time = 38685000, rstn = 1, data_out = fa30
Time = 38695000, rstn = 1, data_out = fa35
Time = 38705000, rstn = 1, data_out = fa3c
Time = 38715000, rstn = 1, data_out = fa42
Time = 38725000, rstn = 1, data_out = fa48
Time = 38735000, rstn = 1, data_out = fa4e
Time = 38745000, rstn = 1, data_out = fa54
Time = 38755000, rstn = 1, data_out = fa5a
Time = 38765000, rstn = 1, data_out = fa5f
Time = 38775000, rstn = 1, data_out = fa66
Time = 38785000, rstn = 1, data_out = fa6b
Time = 38795000, rstn = 1, data_out = fa72
Time = 38805000, rstn = 1, data_out = fa77
Time = 38815000, rstn = 1, data_out = fa7c
Time = 38825000, rstn = 1, data_out = fa81
Time = 38835000, rstn = 1, data_out = fa88
Time = 38845000, rstn = 1, data_out = fa8d
Time = 38855000, rstn = 1, data_out = fa94
Time = 38865000, rstn = 1, data_out = fa9a
Time = 38875000, rstn = 1, data_out = faa0
Time = 38885000, rstn = 1, data_out = faa6
Time = 38895000, rstn = 1, data_out = faac
Time = 38905000, rstn = 1, data_out = fab2
Time = 38915000, rstn = 1, data_out = fab8
Time = 38925000, rstn = 1, data_out = fabe
Time = 38935000, rstn = 1, data_out = fac4
Time = 38945000, rstn = 1, data_out = faca
Time = 38955000, rstn = 1, data_out = fad0
Time = 38965000, rstn = 1, data_out = fad6
Time = 38975000, rstn = 1, data_out = fadc
Time = 38985000, rstn = 1, data_out = fae2
Time = 38995000, rstn = 1, data_out = fae8
Time = 39005000, rstn = 1, data_out = faee
Time = 39015000, rstn = 1, data_out = faf4
Time = 39025000, rstn = 1, data_out = fafa
Time = 39035000, rstn = 1, data_out = fb00
Time = 39045000, rstn = 1, data_out = fb06
Time = 39055000, rstn = 1, data_out = fb0c
Time = 39065000, rstn = 1, data_out = fb12
Time = 39075000, rstn = 1, data_out = fb18
Time = 39085000, rstn = 1, data_out = fb1e
Time = 39095000, rstn = 1, data_out = fb24
Time = 39105000, rstn = 1, data_out = fb2a
Time = 39115000, rstn = 1, data_out = fb30
Time = 39125000, rstn = 1, data_out = fb36
Time = 39135000, rstn = 1, data_out = fb3c
Time = 39145000, rstn = 1, data_out = fb42
Time = 39155000, rstn = 1, data_out = fb48
Time = 39165000, rstn = 1, data_out = fb4e
Time = 39175000, rstn = 1, data_out = fb54
Time = 39185000, rstn = 1, data_out = fb5a
Time = 39195000, rstn = 1, data_out = fb60
Time = 39205000, rstn = 1, data_out = fb66
Time = 39215000, rstn = 1, data_out = fb6c
Time = 39225000, rstn = 1, data_out = fb72
Time = 39235000, rstn = 1, data_out = fb78
Time = 39245000, rstn = 1, data_out = fb7e
Time = 39255000, rstn = 1, data_out = fb84
Time = 39265000, rstn = 1, data_out = fb8a
Time = 39275000, rstn = 1, data_out = fb90
Time = 39285000, rstn = 1, data_out = fb96
Time = 39295000, rstn = 1, data_out = fb9c
Time = 39305000, rstn = 1, data_out = fba2
Time = 39315000, rstn = 1, data_out = fba8
Time = 39325000, rstn = 1, data_out = fbae
Time = 39335000, rstn = 1, data_out = fbb4
Time = 39345000, rstn = 1, data_out = fbba
Time = 39355000, rstn = 1, data_out = fbc0
Time = 39365000, rstn = 1, data_out = fbc6
Time = 39375000, rstn = 1, data_out = fbcc
Time = 39385000, rstn = 1, data_out = fbd2
Time = 39395000, rstn = 1, data_out = fbd8
Time = 39405000, rstn = 1, data_out = fbde
Time = 39415000, rstn = 1, data_out = fbe4
Time = 39425000, rstn = 1, data_out = fbea
Time = 39435000, rstn = 1, data_out = fbf0
Time = 39445000, rstn = 1, data_out = fbf6
Time = 39455000, rstn = 1, data_out = fbfc
Time = 39465000, rstn = 1, data_out = fc02
Time = 39475000, rstn = 1, data_out = fc08
Time = 39485000, rstn = 1, data_out = fc0e
Time = 39495000, rstn = 1, data_out = fc14
Time = 39505000, rstn = 1, data_out = fc19
Time = 39515000, rstn = 1, data_out = fc20
Time = 39525000, rstn = 1, data_out = fc25
Time = 39535000, rstn = 1, data_out = fc2c
Time = 39545000, rstn = 1, data_out = fc33
Time = 39555000, rstn = 1, data_out = fc3a
Time = 39565000, rstn = 1, data_out = fc3f
Time = 39575000, rstn = 1, data_out = fc46
Time = 39585000, rstn = 1, data_out = fc4b
Time = 39595000, rstn = 1, data_out = fc52
Time = 39605000, rstn = 1, data_out = fc58
Time = 39615000, rstn = 1, data_out = fc5e
Time = 39625000, rstn = 1, data_out = fc64
Time = 39635000, rstn = 1, data_out = fc6a
Time = 39645000, rstn = 1, data_out = fc70
Time = 39655000, rstn = 1, data_out = fc76
Time = 39665000, rstn = 1, data_out = fc7c
Time = 39675000, rstn = 1, data_out = fc81
Time = 39685000, rstn = 1, data_out = fc88
Time = 39695000, rstn = 1, data_out = fc8d
Time = 39705000, rstn = 1, data_out = fc94
Time = 39715000, rstn = 1, data_out = fc9b
Time = 39725000, rstn = 1, data_out = fca2
Time = 39735000, rstn = 1, data_out = fca7
Time = 39745000, rstn = 1, data_out = fcae
Time = 39755000, rstn = 1, data_out = fcb3
Time = 39765000, rstn = 1, data_out = fcba
Time = 39775000, rstn = 1, data_out = fcc0
Time = 39785000, rstn = 1, data_out = fcc6
Time = 39795000, rstn = 1, data_out = fccc
Time = 39805000, rstn = 1, data_out = fcd2
Time = 39815000, rstn = 1, data_out = fcd7
Time = 39825000, rstn = 1, data_out = fcde
Time = 39835000, rstn = 1, data_out = fce3
Time = 39845000, rstn = 1, data_out = fcea
Time = 39855000, rstn = 1, data_out = fcf1
Time = 39865000, rstn = 1, data_out = fcf8
Time = 39875000, rstn = 1, data_out = fcfd
Time = 39885000, rstn = 1, data_out = fd04
Time = 39895000, rstn = 1, data_out = fd09
Time = 39905000, rstn = 1, data_out = fd10
Time = 39915000, rstn = 1, data_out = fd16
Time = 39925000, rstn = 1, data_out = fd1c
Time = 39935000, rstn = 1, data_out = fd21
Time = 39945000, rstn = 1, data_out = fd28
Time = 39955000, rstn = 1, data_out = fd2d
Time = 39965000, rstn = 1, data_out = fd34
Time = 39975000, rstn = 1, data_out = fd3b
Time = 39985000, rstn = 1, data_out = fd42
Time = 39995000, rstn = 1, data_out = fd47
Time = 40005000, rstn = 1, data_out = fd4e
Time = 40015000, rstn = 1, data_out = fd53
Time = 40025000, rstn = 1, data_out = fd5a
Time = 40035000, rstn = 1, data_out = fd5f
Time = 40045000, rstn = 1, data_out = fd66
Time = 40055000, rstn = 1, data_out = fd6b
Time = 40065000, rstn = 1, data_out = fd72
Time = 40075000, rstn = 1, data_out = fd79
Time = 40085000, rstn = 1, data_out = fd80
Time = 40095000, rstn = 1, data_out = fd85
Time = 40105000, rstn = 1, data_out = fd8c
Time = 40115000, rstn = 1, data_out = fd91
Time = 40125000, rstn = 1, data_out = fd98
Time = 40135000, rstn = 1, data_out = fd9d
Time = 40145000, rstn = 1, data_out = fda4
Time = 40155000, rstn = 1, data_out = fda9
Time = 40165000, rstn = 1, data_out = fdb0
Time = 40175000, rstn = 1, data_out = fdb7
Time = 40185000, rstn = 1, data_out = fdbe
Time = 40195000, rstn = 1, data_out = fdc3
Time = 40205000, rstn = 1, data_out = fdca
Time = 40215000, rstn = 1, data_out = fdd0
Time = 40225000, rstn = 1, data_out = fdd5
Time = 40235000, rstn = 1, data_out = fddc
Time = 40245000, rstn = 1, data_out = fde1
Time = 40255000, rstn = 1, data_out = fde8
Time = 40265000, rstn = 1, data_out = fdef
Time = 40275000, rstn = 1, data_out = fdf6
Time = 40285000, rstn = 1, data_out = fdfb
Time = 40295000, rstn = 1, data_out = fe02
Time = 40305000, rstn = 1, data_out = fe08
Time = 40315000, rstn = 1, data_out = fe0d
Time = 40325000, rstn = 1, data_out = fe14
Time = 40335000, rstn = 1, data_out = fe19
Time = 40345000, rstn = 1, data_out = fe20
Time = 40355000, rstn = 1, data_out = fe27
Time = 40365000, rstn = 1, data_out = fe2e
Time = 40375000, rstn = 1, data_out = fe33
Time = 40385000, rstn = 1, data_out = fe3a
Time = 40395000, rstn = 1, data_out = fe3f
Time = 40405000, rstn = 1, data_out = fe46
Time = 40415000, rstn = 1, data_out = fe4b
Time = 40425000, rstn = 1, data_out = fe52
Time = 40435000, rstn = 1, data_out = fe59
Time = 40445000, rstn = 1, data_out = fe60
Time = 40455000, rstn = 1, data_out = fe65
Time = 40465000, rstn = 1, data_out = fe6c
Time = 40475000, rstn = 1, data_out = fe71
Time = 40485000, rstn = 1, data_out = fe78
Time = 40495000, rstn = 1, data_out = fe7d
Time = 40505000, rstn = 1, data_out = fe84
Time = 40515000, rstn = 1, data_out = fe8b
Time = 40525000, rstn = 1, data_out = fe92
Time = 40535000, rstn = 1, data_out = fe97
Time = 40545000, rstn = 1, data_out = fe9e
Time = 40555000, rstn = 1, data_out = fea3
Time = 40565000, rstn = 1, data_out = feaa
Time = 40575000, rstn = 1, data_out = feaf
Time = 40585000, rstn = 1, data_out = feb6
Time = 40595000, rstn = 1, data_out = febd
Time = 40605000, rstn = 1, data_out = fec4
Time = 40615000, rstn = 1, data_out = fec9
Time = 40625000, rstn = 1, data_out = fed0
Time = 40635000, rstn = 1, data_out = fed5
Time = 40645000, rstn = 1, data_out = fedc
Time = 40655000, rstn = 1, data_out = fee1
Time = 40665000, rstn = 1, data_out = fee8
Time = 40675000, rstn = 1, data_out = feef
Time = 40685000, rstn = 1, data_out = fef6
Time = 40695000, rstn = 1, data_out = fefb
Time = 40705000, rstn = 1, data_out = ff02
Time = 40715000, rstn = 1, data_out = ff08
Time = 40725000, rstn = 1, data_out = ff0d
Time = 40735000, rstn = 1, data_out = ff14
Time = 40745000, rstn = 1, data_out = ff1b
Time = 40755000, rstn = 1, data_out = ff22
Time = 40765000, rstn = 1, data_out = ff27
Time = 40775000, rstn = 1, data_out = ff2e
Time = 40785000, rstn = 1, data_out = ff33
Time = 40795000, rstn = 1, data_out = ff3a
Time = 40805000, rstn = 1, data_out = ff3f
Time = 40815000, rstn = 1, data_out = ff46
Time = 40825000, rstn = 1, data_out = ff4d
Time = 40835000, rstn = 1, data_out = ff54
Time = 40845000, rstn = 1, data_out = ff59
Time = 40855000, rstn = 1, data_out = ff60
Time = 40865000, rstn = 1, data_out = ff66
Time = 40875000, rstn = 1, data_out = ff6b
Time = 40885000, rstn = 1, data_out = ff72
Time = 40895000, rstn = 1, data_out = ff79
Time = 40905000, rstn = 1, data_out = ff80
Time = 40915000, rstn = 1, data_out = ff85
Time = 40925000, rstn = 1, data_out = ff8c
Time = 40935000, rstn = 1, data_out = ff91
Time = 40945000, rstn = 1, data_out = ff98
Time = 40955000, rstn = 1, data_out = ff9d
Time = 40965000, rstn = 1, data_out = ffa4
Time = 40975000, rstn = 1, data_out = ffab
Time = 40985000, rstn = 1, data_out = ffb2
Time = 40995000, rstn = 1, data_out = ffb7
Time = 41005000, rstn = 1, data_out = ffbe
Time = 41015000, rstn = 1, data_out = ffc4
Time = 41025000, rstn = 1, data_out = ffc9
Time = 41035000, rstn = 1, data_out = ffd0
Time = 41045000, rstn = 1, data_out = ffd7
Time = 41055000, rstn = 1, data_out = ffde
Time = 41065000, rstn = 1, data_out = ffe3
Time = 41075000, rstn = 1, data_out = ffea
Time = 41085000, rstn = 1, data_out = fff0
Time = 41095000, rstn = 1, data_out = fff5
Time = 41105000, rstn = 1, data_out = fffc
Time = 41115000, rstn = 1, data_out = 0003
Time = 41125000, rstn = 1, data_out = 000a
Time = 41135000, rstn = 1, data_out = 000f
Time = 41145000, rstn = 1, data_out = 0016
Time = 41155000, rstn = 1, data_out = 001c
Time = 41165000, rstn = 1, data_out = 0021
Time = 41175000, rstn = 1, data_out = 0028
Time = 41185000, rstn = 1, data_out = 002f
Time = 41195000, rstn = 1, data_out = 0036
Time = 41205000, rstn = 1, data_out = 003b
Time = 41215000, rstn = 1, data_out = 0042
Time = 41225000, rstn = 1, data_out = 0048
Time = 41235000, rstn = 1, data_out = 004d
Time = 41245000, rstn = 1, data_out = 0054
Time = 41255000, rstn = 1, data_out = 005b
Time = 41265000, rstn = 1, data_out = 0062
Time = 41275000, rstn = 1, data_out = 0067
Time = 41285000, rstn = 1, data_out = 006e
Time = 41295000, rstn = 1, data_out = 0073
Time = 41305000, rstn = 1, data_out = 007a
Time = 41315000, rstn = 1, data_out = 007f
Time = 41325000, rstn = 1, data_out = 0086
Time = 41335000, rstn = 1, data_out = 008d
Time = 41345000, rstn = 1, data_out = 0094
Time = 41355000, rstn = 1, data_out = 0099
Time = 41365000, rstn = 1, data_out = 00a0
Time = 41375000, rstn = 1, data_out = 00a6
Time = 41385000, rstn = 1, data_out = 00ab
Time = 41395000, rstn = 1, data_out = 00b2
Time = 41405000, rstn = 1, data_out = 00b9
Time = 41415000, rstn = 1, data_out = 00c0
Time = 41425000, rstn = 1, data_out = 00c5
Time = 41435000, rstn = 1, data_out = 00cc
Time = 41445000, rstn = 1, data_out = 00d1
Time = 41455000, rstn = 1, data_out = 00d8
Time = 41465000, rstn = 1, data_out = 00dd
Time = 41475000, rstn = 1, data_out = 00e4
Time = 41485000, rstn = 1, data_out = 00eb
Time = 41495000, rstn = 1, data_out = 00f2
Time = 41505000, rstn = 1, data_out = 00f7
Time = 41515000, rstn = 1, data_out = 00fe
Time = 41525000, rstn = 1, data_out = 0104
Time = 41535000, rstn = 1, data_out = 0109
Time = 41545000, rstn = 1, data_out = 0110
Time = 41555000, rstn = 1, data_out = 0117
Time = 41565000, rstn = 1, data_out = 011e
Time = 41575000, rstn = 1, data_out = 0123
Time = 41585000, rstn = 1, data_out = 012a
Time = 41595000, rstn = 1, data_out = 012f
Time = 41605000, rstn = 1, data_out = 0136
Time = 41615000, rstn = 1, data_out = 013b
Time = 41625000, rstn = 1, data_out = 0142
Time = 41635000, rstn = 1, data_out = 0149
Time = 41645000, rstn = 1, data_out = 0150
Time = 41655000, rstn = 1, data_out = 0155
Time = 41665000, rstn = 1, data_out = 015c
Time = 41675000, rstn = 1, data_out = 0161
Time = 41685000, rstn = 1, data_out = 0168
Time = 41695000, rstn = 1, data_out = 016d
Time = 41705000, rstn = 1, data_out = 0174
Time = 41715000, rstn = 1, data_out = 017b
Time = 41725000, rstn = 1, data_out = 0182
Time = 41735000, rstn = 1, data_out = 0187
Time = 41745000, rstn = 1, data_out = 018e
Time = 41755000, rstn = 1, data_out = 0193
Time = 41765000, rstn = 1, data_out = 019a
Time = 41775000, rstn = 1, data_out = 019f
Time = 41785000, rstn = 1, data_out = 01a6
Time = 41795000, rstn = 1, data_out = 01ad
Time = 41805000, rstn = 1, data_out = 01b4
Time = 41815000, rstn = 1, data_out = 01b9
Time = 41825000, rstn = 1, data_out = 01c0
Time = 41835000, rstn = 1, data_out = 01c5
Time = 41845000, rstn = 1, data_out = 01cc
Time = 41855000, rstn = 1, data_out = 01d1
Time = 41865000, rstn = 1, data_out = 01d8
Time = 41875000, rstn = 1, data_out = 01df
Time = 41885000, rstn = 1, data_out = 01e6
Time = 41895000, rstn = 1, data_out = 01eb
Time = 41905000, rstn = 1, data_out = 01f2
Time = 41915000, rstn = 1, data_out = 01f8
Time = 41925000, rstn = 1, data_out = 01fd
Time = 41935000, rstn = 1, data_out = 0204
Time = 41945000, rstn = 1, data_out = 0209
Time = 41955000, rstn = 1, data_out = 0210
Time = 41965000, rstn = 1, data_out = 0217
Time = 41975000, rstn = 1, data_out = 021e
Time = 41985000, rstn = 1, data_out = 0223
Time = 41995000, rstn = 1, data_out = 022a
Time = 42005000, rstn = 1, data_out = 0230
Time = 42015000, rstn = 1, data_out = 0235
Time = 42025000, rstn = 1, data_out = 023c
Time = 42035000, rstn = 1, data_out = 0241
Time = 42045000, rstn = 1, data_out = 0248
Time = 42055000, rstn = 1, data_out = 024f
Time = 42065000, rstn = 1, data_out = 0256
Time = 42075000, rstn = 1, data_out = 025b
Time = 42085000, rstn = 1, data_out = 0262
Time = 42095000, rstn = 1, data_out = 0267
Time = 42105000, rstn = 1, data_out = 026e
Time = 42115000, rstn = 1, data_out = 0273
Time = 42125000, rstn = 1, data_out = 027a
Time = 42135000, rstn = 1, data_out = 027f
Time = 42145000, rstn = 1, data_out = 0286
Time = 42155000, rstn = 1, data_out = 028d
Time = 42165000, rstn = 1, data_out = 0294
Time = 42175000, rstn = 1, data_out = 0299
Time = 42185000, rstn = 1, data_out = 02a0
Time = 42195000, rstn = 1, data_out = 02a5
Time = 42205000, rstn = 1, data_out = 02ac
Time = 42215000, rstn = 1, data_out = 02b1
Time = 42225000, rstn = 1, data_out = 02b8
Time = 42235000, rstn = 1, data_out = 02bd
Time = 42245000, rstn = 1, data_out = 02c4
Time = 42255000, rstn = 1, data_out = 02cb
Time = 42265000, rstn = 1, data_out = 02d2
Time = 42275000, rstn = 1, data_out = 02d7
Time = 42285000, rstn = 1, data_out = 02de
Time = 42295000, rstn = 1, data_out = 02e3
Time = 42305000, rstn = 1, data_out = 02ea
Time = 42315000, rstn = 1, data_out = 02f0
Time = 42325000, rstn = 1, data_out = 02f6
Time = 42335000, rstn = 1, data_out = 02fb
Time = 42345000, rstn = 1, data_out = 0302
Time = 42355000, rstn = 1, data_out = 0307
Time = 42365000, rstn = 1, data_out = 030e
Time = 42375000, rstn = 1, data_out = 0315
Time = 42385000, rstn = 1, data_out = 031c
Time = 42395000, rstn = 1, data_out = 0321
Time = 42405000, rstn = 1, data_out = 0328
Time = 42415000, rstn = 1, data_out = 032d
Time = 42425000, rstn = 1, data_out = 0334
Time = 42435000, rstn = 1, data_out = 033a
Time = 42445000, rstn = 1, data_out = 0340
Time = 42455000, rstn = 1, data_out = 0346
Time = 42465000, rstn = 1, data_out = 034c
Time = 42475000, rstn = 1, data_out = 0351
Time = 42485000, rstn = 1, data_out = 0358
Time = 42495000, rstn = 1, data_out = 035d
Time = 42505000, rstn = 1, data_out = 0364
Time = 42515000, rstn = 1, data_out = 036b
Time = 42525000, rstn = 1, data_out = 0372
Time = 42535000, rstn = 1, data_out = 0377
Time = 42545000, rstn = 1, data_out = 037e
Time = 42555000, rstn = 1, data_out = 0383
Time = 42565000, rstn = 1, data_out = 038a
Time = 42575000, rstn = 1, data_out = 0390
Time = 42585000, rstn = 1, data_out = 0396
Time = 42595000, rstn = 1, data_out = 039c
Time = 42605000, rstn = 1, data_out = 03a2
Time = 42615000, rstn = 1, data_out = 03a8
Time = 42625000, rstn = 1, data_out = 03ae
Time = 42635000, rstn = 1, data_out = 03b4
Time = 42645000, rstn = 1, data_out = 03b9
Time = 42655000, rstn = 1, data_out = 03c0
Time = 42665000, rstn = 1, data_out = 03c5
Time = 42675000, rstn = 1, data_out = 03cc
Time = 42685000, rstn = 1, data_out = 03d3
Time = 42695000, rstn = 1, data_out = 03da
Time = 42705000, rstn = 1, data_out = 03df
Time = 42715000, rstn = 1, data_out = 03e6
Time = 42725000, rstn = 1, data_out = 03eb
Time = 42735000, rstn = 1, data_out = 03f2
Time = 42745000, rstn = 1, data_out = 03f8
Time = 42755000, rstn = 1, data_out = 03fe
Time = 42765000, rstn = 1, data_out = 0404
Time = 42775000, rstn = 1, data_out = 040a
Time = 42785000, rstn = 1, data_out = 0410
Time = 42795000, rstn = 1, data_out = 0416
Time = 42805000, rstn = 1, data_out = 041c
Time = 42815000, rstn = 1, data_out = 0422
Time = 42825000, rstn = 1, data_out = 0428
Time = 42835000, rstn = 1, data_out = 042e
Time = 42845000, rstn = 1, data_out = 0434
Time = 42855000, rstn = 1, data_out = 043a
Time = 42865000, rstn = 1, data_out = 0440
Time = 42875000, rstn = 1, data_out = 0446
Time = 42885000, rstn = 1, data_out = 044c
Time = 42895000, rstn = 1, data_out = 0452
Time = 42905000, rstn = 1, data_out = 0458
Time = 42915000, rstn = 1, data_out = 045e
Time = 42925000, rstn = 1, data_out = 0464
Time = 42935000, rstn = 1, data_out = 046a
Time = 42945000, rstn = 1, data_out = 0470
Time = 42955000, rstn = 1, data_out = 0476
Time = 42965000, rstn = 1, data_out = 047c
Time = 42975000, rstn = 1, data_out = 0482
Time = 42985000, rstn = 1, data_out = 0488
Time = 42995000, rstn = 1, data_out = 048e
Time = 43005000, rstn = 1, data_out = 0494
Time = 43015000, rstn = 1, data_out = 049a
Time = 43025000, rstn = 1, data_out = 04a0
Time = 43035000, rstn = 1, data_out = 04a6
Time = 43045000, rstn = 1, data_out = 04ac
Time = 43055000, rstn = 1, data_out = 04b2
Time = 43065000, rstn = 1, data_out = 04b8
Time = 43075000, rstn = 1, data_out = 04be
Time = 43085000, rstn = 1, data_out = 04c4
Time = 43095000, rstn = 1, data_out = 04ca
Time = 43105000, rstn = 1, data_out = 04d0
Time = 43115000, rstn = 1, data_out = 04d6
Time = 43125000, rstn = 1, data_out = 04dc
Time = 43135000, rstn = 1, data_out = 04e2
Time = 43145000, rstn = 1, data_out = 04e8
Time = 43155000, rstn = 1, data_out = 04ee
Time = 43165000, rstn = 1, data_out = 04f4
Time = 43175000, rstn = 1, data_out = 04fa
Time = 43185000, rstn = 1, data_out = 0500
Time = 43195000, rstn = 1, data_out = 0506
Time = 43205000, rstn = 1, data_out = 050c
Time = 43215000, rstn = 1, data_out = 0512
Time = 43225000, rstn = 1, data_out = 0518
Time = 43235000, rstn = 1, data_out = 051e
Time = 43245000, rstn = 1, data_out = 0524
Time = 43255000, rstn = 1, data_out = 052a
Time = 43265000, rstn = 1, data_out = 0530
Time = 43275000, rstn = 1, data_out = 0536
Time = 43285000, rstn = 1, data_out = 053c
Time = 43295000, rstn = 1, data_out = 0542
Time = 43305000, rstn = 1, data_out = 0548
Time = 43315000, rstn = 1, data_out = 054e
Time = 43325000, rstn = 1, data_out = 0554
Time = 43335000, rstn = 1, data_out = 055a
Time = 43345000, rstn = 1, data_out = 0560
Time = 43355000, rstn = 1, data_out = 0566
Time = 43365000, rstn = 1, data_out = 056b
Time = 43375000, rstn = 1, data_out = 0572
Time = 43385000, rstn = 1, data_out = 0577
Time = 43395000, rstn = 1, data_out = 057e
Time = 43405000, rstn = 1, data_out = 0583
Time = 43415000, rstn = 1, data_out = 0588
Time = 43425000, rstn = 1, data_out = 058d
Time = 43435000, rstn = 1, data_out = 0594
Time = 43445000, rstn = 1, data_out = 0599
Time = 43455000, rstn = 1, data_out = 05a0
Time = 43465000, rstn = 1, data_out = 05a6
Time = 43475000, rstn = 1, data_out = 05ac
Time = 43485000, rstn = 1, data_out = 05b2
Time = 43495000, rstn = 1, data_out = 05b8
Time = 43505000, rstn = 1, data_out = 05be
Time = 43515000, rstn = 1, data_out = 05c3
Time = 43525000, rstn = 1, data_out = 05ca
Time = 43535000, rstn = 1, data_out = 05cf
Time = 43545000, rstn = 1, data_out = 05d6
Time = 43555000, rstn = 1, data_out = 05db
Time = 43565000, rstn = 1, data_out = 05e0
Time = 43575000, rstn = 1, data_out = 05e5
Time = 43585000, rstn = 1, data_out = 05ec
Time = 43595000, rstn = 1, data_out = 05f1
Time = 43605000, rstn = 1, data_out = 05f8
Time = 43615000, rstn = 1, data_out = 05fe
Time = 43625000, rstn = 1, data_out = 0603
Time = 43635000, rstn = 1, data_out = 060a
Time = 43645000, rstn = 1, data_out = 060f
Time = 43655000, rstn = 1, data_out = 0616
Time = 43665000, rstn = 1, data_out = 061b
Time = 43675000, rstn = 1, data_out = 0620
Time = 43685000, rstn = 1, data_out = 0625
Time = 43695000, rstn = 1, data_out = 062c
Time = 43705000, rstn = 1, data_out = 0631
Time = 43715000, rstn = 1, data_out = 0638
Time = 43725000, rstn = 1, data_out = 063e
Time = 43735000, rstn = 1, data_out = 0643
Time = 43745000, rstn = 1, data_out = 064a
Time = 43755000, rstn = 1, data_out = 064f
Time = 43765000, rstn = 1, data_out = 0654
Time = 43775000, rstn = 1, data_out = 0659
Time = 43785000, rstn = 1, data_out = 0660
Time = 43795000, rstn = 1, data_out = 0665
Time = 43805000, rstn = 1, data_out = 066c
Time = 43815000, rstn = 1, data_out = 0671
Time = 43825000, rstn = 1, data_out = 0678
Time = 43835000, rstn = 1, data_out = 067d
Time = 43845000, rstn = 1, data_out = 0682
Time = 43855000, rstn = 1, data_out = 0687
Time = 43865000, rstn = 1, data_out = 068e
Time = 43875000, rstn = 1, data_out = 0694
Time = 43885000, rstn = 1, data_out = 0699
Time = 43895000, rstn = 1, data_out = 06a0
Time = 43905000, rstn = 1, data_out = 06a5
Time = 43915000, rstn = 1, data_out = 06aa
Time = 43925000, rstn = 1, data_out = 06af
Time = 43935000, rstn = 1, data_out = 06b6
Time = 43945000, rstn = 1, data_out = 06bc
Time = 43955000, rstn = 1, data_out = 06c1
Time = 43965000, rstn = 1, data_out = 06c8
Time = 43975000, rstn = 1, data_out = 06cd
Time = 43985000, rstn = 1, data_out = 06d2
Time = 43995000, rstn = 1, data_out = 06d7
Time = 44005000, rstn = 1, data_out = 06de
Time = 44015000, rstn = 1, data_out = 06e3
Time = 44025000, rstn = 1, data_out = 06ea
Time = 44035000, rstn = 1, data_out = 06ef
Time = 44045000, rstn = 1, data_out = 06f4
Time = 44055000, rstn = 1, data_out = 06f9
Time = 44065000, rstn = 1, data_out = 0700
Time = 44075000, rstn = 1, data_out = 0706
Time = 44085000, rstn = 1, data_out = 070b
Time = 44095000, rstn = 1, data_out = 0710
Time = 44105000, rstn = 1, data_out = 0715
Time = 44115000, rstn = 1, data_out = 071c
Time = 44125000, rstn = 1, data_out = 0721
Time = 44135000, rstn = 1, data_out = 0728
Time = 44145000, rstn = 1, data_out = 072d
Time = 44155000, rstn = 1, data_out = 0732
Time = 44165000, rstn = 1, data_out = 0737
Time = 44175000, rstn = 1, data_out = 073e
Time = 44185000, rstn = 1, data_out = 0743
Time = 44195000, rstn = 1, data_out = 0748
Time = 44205000, rstn = 1, data_out = 074d
Time = 44215000, rstn = 1, data_out = 0754
Time = 44225000, rstn = 1, data_out = 075a
Time = 44235000, rstn = 1, data_out = 075f
Time = 44245000, rstn = 1, data_out = 0764
Time = 44255000, rstn = 1, data_out = 0769
Time = 44265000, rstn = 1, data_out = 0770
Time = 44275000, rstn = 1, data_out = 0776
Time = 44285000, rstn = 1, data_out = 077b
Time = 44295000, rstn = 1, data_out = 0780
Time = 44305000, rstn = 1, data_out = 0785
Time = 44315000, rstn = 1, data_out = 078c
Time = 44325000, rstn = 1, data_out = 0791
Time = 44335000, rstn = 1, data_out = 0796
Time = 44345000, rstn = 1, data_out = 079b
Time = 44355000, rstn = 1, data_out = 07a2
Time = 44365000, rstn = 1, data_out = 07a7
Time = 44375000, rstn = 1, data_out = 07ac
Time = 44385000, rstn = 1, data_out = 07b1
Time = 44395000, rstn = 1, data_out = 07b8
Time = 44405000, rstn = 1, data_out = 07bd
Time = 44415000, rstn = 1, data_out = 07c2
Time = 44425000, rstn = 1, data_out = 07c7
Time = 44435000, rstn = 1, data_out = 07ce
Time = 44445000, rstn = 1, data_out = 07d3
Time = 44455000, rstn = 1, data_out = 07d8
Time = 44465000, rstn = 1, data_out = 07dd
Time = 44475000, rstn = 1, data_out = 07e4
Time = 44485000, rstn = 1, data_out = 07e9
Time = 44495000, rstn = 1, data_out = 07ee
Time = 44505000, rstn = 1, data_out = 07f4
Time = 44515000, rstn = 1, data_out = 07f9
Time = 44525000, rstn = 1, data_out = 07fe
Time = 44535000, rstn = 1, data_out = 0803
Time = 44545000, rstn = 1, data_out = 080a
Time = 44555000, rstn = 1, data_out = 080f
Time = 44565000, rstn = 1, data_out = 0814
Time = 44575000, rstn = 1, data_out = 081a
Time = 44585000, rstn = 1, data_out = 081f
Time = 44595000, rstn = 1, data_out = 0824
Time = 44605000, rstn = 1, data_out = 0829
Time = 44615000, rstn = 1, data_out = 0830
Time = 44625000, rstn = 1, data_out = 0835
Time = 44635000, rstn = 1, data_out = 083a
Time = 44645000, rstn = 1, data_out = 083f
Time = 44655000, rstn = 1, data_out = 0845
Time = 44665000, rstn = 1, data_out = 084a
Time = 44675000, rstn = 1, data_out = 0850
Time = 44685000, rstn = 1, data_out = 0855
Time = 44695000, rstn = 1, data_out = 085a
Time = 44705000, rstn = 1, data_out = 0860
Time = 44715000, rstn = 1, data_out = 0865
Time = 44725000, rstn = 1, data_out = 086a
Time = 44735000, rstn = 1, data_out = 0870
Time = 44745000, rstn = 1, data_out = 0875
Time = 44755000, rstn = 1, data_out = 087a
Time = 44765000, rstn = 1, data_out = 0880
Time = 44775000, rstn = 1, data_out = 0885
Time = 44785000, rstn = 1, data_out = 088a
Time = 44795000, rstn = 1, data_out = 0890
Time = 44805000, rstn = 1, data_out = 0895
Time = 44815000, rstn = 1, data_out = 089a
Time = 44825000, rstn = 1, data_out = 08a0
Time = 44835000, rstn = 1, data_out = 08a5
Time = 44845000, rstn = 1, data_out = 08aa
Time = 44855000, rstn = 1, data_out = 08af
Time = 44865000, rstn = 1, data_out = 08b4
Time = 44875000, rstn = 1, data_out = 08b9
Time = 44885000, rstn = 1, data_out = 08bf
Time = 44895000, rstn = 1, data_out = 08c4
Time = 44905000, rstn = 1, data_out = 08ca
Time = 44915000, rstn = 1, data_out = 08cf
Time = 44925000, rstn = 1, data_out = 08d4
Time = 44935000, rstn = 1, data_out = 08d9
Time = 44945000, rstn = 1, data_out = 08de
Time = 44955000, rstn = 1, data_out = 08e4
Time = 44965000, rstn = 1, data_out = 08e9
Time = 44975000, rstn = 1, data_out = 08ee
Time = 44985000, rstn = 1, data_out = 08f3
Time = 44995000, rstn = 1, data_out = 08f8
Time = 45005000, rstn = 1, data_out = 08fe
Time = 45015000, rstn = 1, data_out = 0903
Time = 45025000, rstn = 1, data_out = 0908
Time = 45035000, rstn = 1, data_out = 090d
Time = 45045000, rstn = 1, data_out = 0912
Time = 45055000, rstn = 1, data_out = 0918
Time = 45065000, rstn = 1, data_out = 091d
Time = 45075000, rstn = 1, data_out = 0922
Time = 45085000, rstn = 1, data_out = 0927
Time = 45095000, rstn = 1, data_out = 092c
Time = 45105000, rstn = 1, data_out = 0931
Time = 45115000, rstn = 1, data_out = 0936
Time = 45125000, rstn = 1, data_out = 093c
Time = 45135000, rstn = 1, data_out = 0941
Time = 45145000, rstn = 1, data_out = 0946
Time = 45155000, rstn = 1, data_out = 094b
Time = 45165000, rstn = 1, data_out = 0950
Time = 45175000, rstn = 1, data_out = 0955
Time = 45185000, rstn = 1, data_out = 095a
Time = 45195000, rstn = 1, data_out = 095f
Time = 45205000, rstn = 1, data_out = 0964
Time = 45215000, rstn = 1, data_out = 0969
Time = 45225000, rstn = 1, data_out = 096e
Time = 45235000, rstn = 1, data_out = 0973
Time = 45245000, rstn = 1, data_out = 0978
Time = 45255000, rstn = 1, data_out = 097e
Time = 45265000, rstn = 1, data_out = 0983
Time = 45275000, rstn = 1, data_out = 0988
Time = 45285000, rstn = 1, data_out = 098d
Time = 45295000, rstn = 1, data_out = 0992
Time = 45305000, rstn = 1, data_out = 0997
Time = 45315000, rstn = 1, data_out = 099c
Time = 45325000, rstn = 1, data_out = 09a1
Time = 45335000, rstn = 1, data_out = 09a6
Time = 45345000, rstn = 1, data_out = 09ab
Time = 45355000, rstn = 1, data_out = 09b0
Time = 45365000, rstn = 1, data_out = 09b5
Time = 45375000, rstn = 1, data_out = 09ba
Time = 45385000, rstn = 1, data_out = 09bf
Time = 45395000, rstn = 1, data_out = 09c4
Time = 45405000, rstn = 1, data_out = 09c9
Time = 45415000, rstn = 1, data_out = 09ce
Time = 45425000, rstn = 1, data_out = 09d3
Time = 45435000, rstn = 1, data_out = 09d8
Time = 45445000, rstn = 1, data_out = 09dc
Time = 45455000, rstn = 1, data_out = 09e1
Time = 45465000, rstn = 1, data_out = 09e6
Time = 45475000, rstn = 1, data_out = 09eb
Time = 45485000, rstn = 1, data_out = 09f0
Time = 45495000, rstn = 1, data_out = 09f5
Time = 45505000, rstn = 1, data_out = 09fa
Time = 45515000, rstn = 1, data_out = 09ff
Time = 45525000, rstn = 1, data_out = 0a04
Time = 45535000, rstn = 1, data_out = 0a09
Time = 45545000, rstn = 1, data_out = 0a0e
Time = 45555000, rstn = 1, data_out = 0a12
Time = 45565000, rstn = 1, data_out = 0a17
Time = 45575000, rstn = 1, data_out = 0a1c
Time = 45585000, rstn = 1, data_out = 0a21
Time = 45595000, rstn = 1, data_out = 0a26
Time = 45605000, rstn = 1, data_out = 0a2b
Time = 45615000, rstn = 1, data_out = 0a30
Time = 45625000, rstn = 1, data_out = 0a34
Time = 45635000, rstn = 1, data_out = 0a39
Time = 45645000, rstn = 1, data_out = 0a3e
Time = 45655000, rstn = 1, data_out = 0a43
Time = 45665000, rstn = 1, data_out = 0a48
Time = 45675000, rstn = 1, data_out = 0a4c
Time = 45685000, rstn = 1, data_out = 0a51
Time = 45695000, rstn = 1, data_out = 0a56
Time = 45705000, rstn = 1, data_out = 0a5b
Time = 45715000, rstn = 1, data_out = 0a60
Time = 45725000, rstn = 1, data_out = 0a64
Time = 45735000, rstn = 1, data_out = 0a69
Time = 45745000, rstn = 1, data_out = 0a6e
Time = 45755000, rstn = 1, data_out = 0a73
Time = 45765000, rstn = 1, data_out = 0a78
Time = 45775000, rstn = 1, data_out = 0a7c
Time = 45785000, rstn = 1, data_out = 0a81
Time = 45795000, rstn = 1, data_out = 0a86
Time = 45805000, rstn = 1, data_out = 0a8a
Time = 45815000, rstn = 1, data_out = 0a8f
Time = 45825000, rstn = 1, data_out = 0a93
Time = 45835000, rstn = 1, data_out = 0a98
Time = 45845000, rstn = 1, data_out = 0a9d
Time = 45855000, rstn = 1, data_out = 0aa2
Time = 45865000, rstn = 1, data_out = 0aa7
Time = 45875000, rstn = 1, data_out = 0aac
Time = 45885000, rstn = 1, data_out = 0ab0
Time = 45895000, rstn = 1, data_out = 0ab5
Time = 45905000, rstn = 1, data_out = 0aba
Time = 45915000, rstn = 1, data_out = 0abd
Time = 45925000, rstn = 1, data_out = 0ac2
Time = 45935000, rstn = 1, data_out = 0ac7
Time = 45945000, rstn = 1, data_out = 0acc
Time = 45955000, rstn = 1, data_out = 0ad0
Time = 45965000, rstn = 1, data_out = 0ad5
Time = 45975000, rstn = 1, data_out = 0ada
Time = 45985000, rstn = 1, data_out = 0ade
Time = 45995000, rstn = 1, data_out = 0ae3
Time = 46005000, rstn = 1, data_out = 0ae7
Time = 46015000, rstn = 1, data_out = 0aec
Time = 46025000, rstn = 1, data_out = 0af1
Time = 46035000, rstn = 1, data_out = 0af6
Time = 46045000, rstn = 1, data_out = 0af9
Time = 46055000, rstn = 1, data_out = 0afe
Time = 46065000, rstn = 1, data_out = 0b03
Time = 46075000, rstn = 1, data_out = 0b08
Time = 46085000, rstn = 1, data_out = 0b0b
Time = 46095000, rstn = 1, data_out = 0b10
Time = 46105000, rstn = 1, data_out = 0b15
Time = 46115000, rstn = 1, data_out = 0b1a
Time = 46125000, rstn = 1, data_out = 0b1e
Time = 46135000, rstn = 1, data_out = 0b23
Time = 46145000, rstn = 1, data_out = 0b28
Time = 46155000, rstn = 1, data_out = 0b2c
Time = 46165000, rstn = 1, data_out = 0b2f
Time = 46175000, rstn = 1, data_out = 0b34
Time = 46185000, rstn = 1, data_out = 0b39
Time = 46195000, rstn = 1, data_out = 0b3e
Time = 46205000, rstn = 1, data_out = 0b41
Time = 46215000, rstn = 1, data_out = 0b46
Time = 46225000, rstn = 1, data_out = 0b4b
Time = 46235000, rstn = 1, data_out = 0b50
Time = 46245000, rstn = 1, data_out = 0b54
Time = 46255000, rstn = 1, data_out = 0b57
Time = 46265000, rstn = 1, data_out = 0b5c
Time = 46275000, rstn = 1, data_out = 0b61
Time = 46285000, rstn = 1, data_out = 0b66
Time = 46295000, rstn = 1, data_out = 0b6a
Time = 46305000, rstn = 1, data_out = 0b6d
Time = 46315000, rstn = 1, data_out = 0b72
Time = 46325000, rstn = 1, data_out = 0b77
Time = 46335000, rstn = 1, data_out = 0b7c
Time = 46345000, rstn = 1, data_out = 0b80
Time = 46355000, rstn = 1, data_out = 0b83
Time = 46365000, rstn = 1, data_out = 0b88
Time = 46375000, rstn = 1, data_out = 0b8d
Time = 46385000, rstn = 1, data_out = 0b92
Time = 46395000, rstn = 1, data_out = 0b95
Time = 46405000, rstn = 1, data_out = 0b9a
Time = 46415000, rstn = 1, data_out = 0b9d
Time = 46425000, rstn = 1, data_out = 0ba2
Time = 46435000, rstn = 1, data_out = 0ba7
Time = 46445000, rstn = 1, data_out = 0bac
Time = 46455000, rstn = 1, data_out = 0baf
Time = 46465000, rstn = 1, data_out = 0bb4
Time = 46475000, rstn = 1, data_out = 0bb7
Time = 46485000, rstn = 1, data_out = 0bbc
Time = 46495000, rstn = 1, data_out = 0bbf
Time = 46505000, rstn = 1, data_out = 0bc4
Time = 46515000, rstn = 1, data_out = 0bc9
Time = 46525000, rstn = 1, data_out = 0bce
Time = 46535000, rstn = 1, data_out = 0bd1
Time = 46545000, rstn = 1, data_out = 0bd6
Time = 46555000, rstn = 1, data_out = 0bda
Time = 46565000, rstn = 1, data_out = 0bdd
Time = 46575000, rstn = 1, data_out = 0be2
Time = 46585000, rstn = 1, data_out = 0be5
Time = 46595000, rstn = 1, data_out = 0bea
Time = 46605000, rstn = 1, data_out = 0bef
Time = 46615000, rstn = 1, data_out = 0bf4
Time = 46625000, rstn = 1, data_out = 0bf7
Time = 46635000, rstn = 1, data_out = 0bfc
Time = 46645000, rstn = 1, data_out = 0bff
Time = 46655000, rstn = 1, data_out = 0c04
Time = 46665000, rstn = 1, data_out = 0c08
Time = 46675000, rstn = 1, data_out = 0c0c
Time = 46685000, rstn = 1, data_out = 0c10
Time = 46695000, rstn = 1, data_out = 0c14
Time = 46705000, rstn = 1, data_out = 0c18
Time = 46715000, rstn = 1, data_out = 0c1c
Time = 46725000, rstn = 1, data_out = 0c20
Time = 46735000, rstn = 1, data_out = 0c24
Time = 46745000, rstn = 1, data_out = 0c27
Time = 46755000, rstn = 1, data_out = 0c2c
Time = 46765000, rstn = 1, data_out = 0c2f
Time = 46775000, rstn = 1, data_out = 0c34
Time = 46785000, rstn = 1, data_out = 0c39
Time = 46795000, rstn = 1, data_out = 0c3e
Time = 46805000, rstn = 1, data_out = 0c41
Time = 46815000, rstn = 1, data_out = 0c46
Time = 46825000, rstn = 1, data_out = 0c49
Time = 46835000, rstn = 1, data_out = 0c4e
Time = 46845000, rstn = 1, data_out = 0c52
Time = 46855000, rstn = 1, data_out = 0c56
Time = 46865000, rstn = 1, data_out = 0c5a
Time = 46875000, rstn = 1, data_out = 0c5d
Time = 46885000, rstn = 1, data_out = 0c62
Time = 46895000, rstn = 1, data_out = 0c65
Time = 46905000, rstn = 1, data_out = 0c6a
Time = 46915000, rstn = 1, data_out = 0c6d
Time = 46925000, rstn = 1, data_out = 0c70
Time = 46935000, rstn = 1, data_out = 0c73
Time = 46945000, rstn = 1, data_out = 0c78
Time = 46955000, rstn = 1, data_out = 0c7b
Time = 46965000, rstn = 1, data_out = 0c80
Time = 46975000, rstn = 1, data_out = 0c84
Time = 46985000, rstn = 1, data_out = 0c88
Time = 46995000, rstn = 1, data_out = 0c8c
Time = 47005000, rstn = 1, data_out = 0c90
Time = 47015000, rstn = 1, data_out = 0c94
Time = 47025000, rstn = 1, data_out = 0c98
Time = 47035000, rstn = 1, data_out = 0c9c
Time = 47045000, rstn = 1, data_out = 0c9f
Time = 47055000, rstn = 1, data_out = 0ca4
Time = 47065000, rstn = 1, data_out = 0ca7
Time = 47075000, rstn = 1, data_out = 0cac
Time = 47085000, rstn = 1, data_out = 0caf
Time = 47095000, rstn = 1, data_out = 0cb2
Time = 47105000, rstn = 1, data_out = 0cb5
Time = 47115000, rstn = 1, data_out = 0cba
Time = 47125000, rstn = 1, data_out = 0cbd
Time = 47135000, rstn = 1, data_out = 0cc2
Time = 47145000, rstn = 1, data_out = 0cc6
Time = 47155000, rstn = 1, data_out = 0cc9
Time = 47165000, rstn = 1, data_out = 0cce
Time = 47175000, rstn = 1, data_out = 0cd1
Time = 47185000, rstn = 1, data_out = 0cd4
Time = 47195000, rstn = 1, data_out = 0cd7
Time = 47205000, rstn = 1, data_out = 0cdc
Time = 47215000, rstn = 1, data_out = 0ce0
Time = 47225000, rstn = 1, data_out = 0ce3
Time = 47235000, rstn = 1, data_out = 0ce8
Time = 47245000, rstn = 1, data_out = 0ceb
Time = 47255000, rstn = 1, data_out = 0cee
Time = 47265000, rstn = 1, data_out = 0cf1
Time = 47275000, rstn = 1, data_out = 0cf6
Time = 47285000, rstn = 1, data_out = 0cf9
Time = 47295000, rstn = 1, data_out = 0cfe
Time = 47305000, rstn = 1, data_out = 0d01
Time = 47315000, rstn = 1, data_out = 0d04
Time = 47325000, rstn = 1, data_out = 0d07
Time = 47335000, rstn = 1, data_out = 0d0c
Time = 47345000, rstn = 1, data_out = 0d10
Time = 47355000, rstn = 1, data_out = 0d13
Time = 47365000, rstn = 1, data_out = 0d16
Time = 47375000, rstn = 1, data_out = 0d19
Time = 47385000, rstn = 1, data_out = 0d1e
Time = 47395000, rstn = 1, data_out = 0d22
Time = 47405000, rstn = 1, data_out = 0d25
Time = 47415000, rstn = 1, data_out = 0d28
Time = 47425000, rstn = 1, data_out = 0d2b
Time = 47435000, rstn = 1, data_out = 0d30
Time = 47445000, rstn = 1, data_out = 0d34
Time = 47455000, rstn = 1, data_out = 0d37
Time = 47465000, rstn = 1, data_out = 0d3a
Time = 47475000, rstn = 1, data_out = 0d3d
Time = 47485000, rstn = 1, data_out = 0d42
Time = 47495000, rstn = 1, data_out = 0d45
Time = 47505000, rstn = 1, data_out = 0d48
Time = 47515000, rstn = 1, data_out = 0d4b
Time = 47525000, rstn = 1, data_out = 0d50
Time = 47535000, rstn = 1, data_out = 0d53
Time = 47545000, rstn = 1, data_out = 0d56
Time = 47555000, rstn = 1, data_out = 0d5a
Time = 47565000, rstn = 1, data_out = 0d5d
Time = 47575000, rstn = 1, data_out = 0d60
Time = 47585000, rstn = 1, data_out = 0d63
Time = 47595000, rstn = 1, data_out = 0d68
Time = 47605000, rstn = 1, data_out = 0d6b
Time = 47615000, rstn = 1, data_out = 0d6e
Time = 47625000, rstn = 1, data_out = 0d71
Time = 47635000, rstn = 1, data_out = 0d75
Time = 47645000, rstn = 1, data_out = 0d78
Time = 47655000, rstn = 1, data_out = 0d7c
Time = 47665000, rstn = 1, data_out = 0d7f
Time = 47675000, rstn = 1, data_out = 0d82
Time = 47685000, rstn = 1, data_out = 0d86
Time = 47695000, rstn = 1, data_out = 0d89
Time = 47705000, rstn = 1, data_out = 0d8c
Time = 47715000, rstn = 1, data_out = 0d90
Time = 47725000, rstn = 1, data_out = 0d93
Time = 47735000, rstn = 1, data_out = 0d96
Time = 47745000, rstn = 1, data_out = 0d9a
Time = 47755000, rstn = 1, data_out = 0d9d
Time = 47765000, rstn = 1, data_out = 0da0
Time = 47775000, rstn = 1, data_out = 0da4
Time = 47785000, rstn = 1, data_out = 0da7
Time = 47795000, rstn = 1, data_out = 0daa
Time = 47805000, rstn = 1, data_out = 0dad
Time = 47815000, rstn = 1, data_out = 0db0
Time = 47825000, rstn = 1, data_out = 0db3
Time = 47835000, rstn = 1, data_out = 0db7
Time = 47845000, rstn = 1, data_out = 0dba
Time = 47855000, rstn = 1, data_out = 0dbe
Time = 47865000, rstn = 1, data_out = 0dc1
Time = 47875000, rstn = 1, data_out = 0dc4
Time = 47885000, rstn = 1, data_out = 0dc7
Time = 47895000, rstn = 1, data_out = 0dca
Time = 47905000, rstn = 1, data_out = 0dcd
Time = 47915000, rstn = 1, data_out = 0dd0
Time = 47925000, rstn = 1, data_out = 0dd4
Time = 47935000, rstn = 1, data_out = 0dd7
Time = 47945000, rstn = 1, data_out = 0dda
Time = 47955000, rstn = 1, data_out = 0ddd
Time = 47965000, rstn = 1, data_out = 0de0
Time = 47975000, rstn = 1, data_out = 0de3
Time = 47985000, rstn = 1, data_out = 0de6
Time = 47995000, rstn = 1, data_out = 0dea
Time = 48005000, rstn = 1, data_out = 0ded
Time = 48015000, rstn = 1, data_out = 0df0
Time = 48025000, rstn = 1, data_out = 0df3
Time = 48035000, rstn = 1, data_out = 0df6
Time = 48045000, rstn = 1, data_out = 0df9
Time = 48055000, rstn = 1, data_out = 0dfc
Time = 48065000, rstn = 1, data_out = 0dff
Time = 48075000, rstn = 1, data_out = 0e02
Time = 48085000, rstn = 1, data_out = 0e05
Time = 48095000, rstn = 1, data_out = 0e08
Time = 48105000, rstn = 1, data_out = 0e0b
Time = 48115000, rstn = 1, data_out = 0e0e
Time = 48125000, rstn = 1, data_out = 0e11
Time = 48135000, rstn = 1, data_out = 0e14
Time = 48145000, rstn = 1, data_out = 0e17
Time = 48155000, rstn = 1, data_out = 0e1a
Time = 48165000, rstn = 1, data_out = 0e1d
Time = 48175000, rstn = 1, data_out = 0e20
Time = 48185000, rstn = 1, data_out = 0e23
Time = 48195000, rstn = 1, data_out = 0e26
Time = 48205000, rstn = 1, data_out = 0e28
Time = 48215000, rstn = 1, data_out = 0e2b
Time = 48225000, rstn = 1, data_out = 0e2e
Time = 48235000, rstn = 1, data_out = 0e31
Time = 48245000, rstn = 1, data_out = 0e34
Time = 48255000, rstn = 1, data_out = 0e37
Time = 48265000, rstn = 1, data_out = 0e3a
Time = 48275000, rstn = 1, data_out = 0e3d
Time = 48285000, rstn = 1, data_out = 0e40
Time = 48295000, rstn = 1, data_out = 0e42
Time = 48305000, rstn = 1, data_out = 0e45
Time = 48315000, rstn = 1, data_out = 0e48
Time = 48325000, rstn = 1, data_out = 0e4b
Time = 48335000, rstn = 1, data_out = 0e4e
Time = 48345000, rstn = 1, data_out = 0e50
Time = 48355000, rstn = 1, data_out = 0e53
Time = 48365000, rstn = 1, data_out = 0e56
Time = 48375000, rstn = 1, data_out = 0e59
Time = 48385000, rstn = 1, data_out = 0e5c
Time = 48395000, rstn = 1, data_out = 0e5e
Time = 48405000, rstn = 1, data_out = 0e61
Time = 48415000, rstn = 1, data_out = 0e63
Time = 48425000, rstn = 1, data_out = 0e66
Time = 48435000, rstn = 1, data_out = 0e69
Time = 48445000, rstn = 1, data_out = 0e6c
Time = 48455000, rstn = 1, data_out = 0e6f
Time = 48465000, rstn = 1, data_out = 0e72
Time = 48475000, rstn = 1, data_out = 0e74
Time = 48485000, rstn = 1, data_out = 0e77
Time = 48495000, rstn = 1, data_out = 0e7a
Time = 48505000, rstn = 1, data_out = 0e7c
Time = 48515000, rstn = 1, data_out = 0e7f
Time = 48525000, rstn = 1, data_out = 0e81
Time = 48535000, rstn = 1, data_out = 0e84
Time = 48545000, rstn = 1, data_out = 0e87
Time = 48555000, rstn = 1, data_out = 0e8a
Time = 48565000, rstn = 1, data_out = 0e8b
Time = 48575000, rstn = 1, data_out = 0e8e
Time = 48585000, rstn = 1, data_out = 0e91
Time = 48595000, rstn = 1, data_out = 0e94
Time = 48605000, rstn = 1, data_out = 0e96
Time = 48615000, rstn = 1, data_out = 0e99
Time = 48625000, rstn = 1, data_out = 0e9c
Time = 48635000, rstn = 1, data_out = 0e9d
Time = 48645000, rstn = 1, data_out = 0ea0
Time = 48655000, rstn = 1, data_out = 0ea3
Time = 48665000, rstn = 1, data_out = 0ea6
Time = 48675000, rstn = 1, data_out = 0ea7
Time = 48685000, rstn = 1, data_out = 0eaa
Time = 48695000, rstn = 1, data_out = 0ead
Time = 48705000, rstn = 1, data_out = 0eb0
Time = 48715000, rstn = 1, data_out = 0eb1
Time = 48725000, rstn = 1, data_out = 0eb4
Time = 48735000, rstn = 1, data_out = 0eb7
Time = 48745000, rstn = 1, data_out = 0eba
Time = 48755000, rstn = 1, data_out = 0ebc
Time = 48765000, rstn = 1, data_out = 0ebd
Time = 48775000, rstn = 1, data_out = 0ec0
Time = 48785000, rstn = 1, data_out = 0ec3
Time = 48795000, rstn = 1, data_out = 0ec6
Time = 48805000, rstn = 1, data_out = 0ec8
Time = 48815000, rstn = 1, data_out = 0ec9
Time = 48825000, rstn = 1, data_out = 0ecc
Time = 48835000, rstn = 1, data_out = 0ecf
Time = 48845000, rstn = 1, data_out = 0ed2
Time = 48855000, rstn = 1, data_out = 0ed3
Time = 48865000, rstn = 1, data_out = 0ed6
Time = 48875000, rstn = 1, data_out = 0ed7
Time = 48885000, rstn = 1, data_out = 0eda
Time = 48895000, rstn = 1, data_out = 0edd
Time = 48905000, rstn = 1, data_out = 0ee0
Time = 48915000, rstn = 1, data_out = 0ee1
Time = 48925000, rstn = 1, data_out = 0ee4
Time = 48935000, rstn = 1, data_out = 0ee6
Time = 48945000, rstn = 1, data_out = 0ee7
Time = 48955000, rstn = 1, data_out = 0eea
Time = 48965000, rstn = 1, data_out = 0eed
Time = 48975000, rstn = 1, data_out = 0ef0
Time = 48985000, rstn = 1, data_out = 0ef1
Time = 48995000, rstn = 1, data_out = 0ef4
Time = 49005000, rstn = 1, data_out = 0ef6
Time = 49015000, rstn = 1, data_out = 0ef7
Time = 49025000, rstn = 1, data_out = 0efa
Time = 49035000, rstn = 1, data_out = 0efb
Time = 49045000, rstn = 1, data_out = 0efe
Time = 49055000, rstn = 1, data_out = 0f01
Time = 49065000, rstn = 1, data_out = 0f04
Time = 49075000, rstn = 1, data_out = 0f05
Time = 49085000, rstn = 1, data_out = 0f08
Time = 49095000, rstn = 1, data_out = 0f09
Time = 49105000, rstn = 1, data_out = 0f0c
Time = 49115000, rstn = 1, data_out = 0f0e
Time = 49125000, rstn = 1, data_out = 0f10
Time = 49135000, rstn = 1, data_out = 0f12
Time = 49145000, rstn = 1, data_out = 0f14
Time = 49155000, rstn = 1, data_out = 0f16
Time = 49165000, rstn = 1, data_out = 0f18
Time = 49175000, rstn = 1, data_out = 0f1a
Time = 49185000, rstn = 1, data_out = 0f1c
Time = 49195000, rstn = 1, data_out = 0f1e
Time = 49205000, rstn = 1, data_out = 0f20
Time = 49215000, rstn = 1, data_out = 0f22
Time = 49225000, rstn = 1, data_out = 0f24
Time = 49235000, rstn = 1, data_out = 0f26
Time = 49245000, rstn = 1, data_out = 0f28
Time = 49255000, rstn = 1, data_out = 0f2a
Time = 49265000, rstn = 1, data_out = 0f2c
Time = 49275000, rstn = 1, data_out = 0f2e
Time = 49285000, rstn = 1, data_out = 0f30
Time = 49295000, rstn = 1, data_out = 0f32
Time = 49305000, rstn = 1, data_out = 0f34
Time = 49315000, rstn = 1, data_out = 0f36
Time = 49325000, rstn = 1, data_out = 0f38
Time = 49335000, rstn = 1, data_out = 0f3a
Time = 49345000, rstn = 1, data_out = 0f3c
Time = 49355000, rstn = 1, data_out = 0f3e
Time = 49365000, rstn = 1, data_out = 0f40
Time = 49375000, rstn = 1, data_out = 0f41
Time = 49385000, rstn = 1, data_out = 0f44
Time = 49395000, rstn = 1, data_out = 0f45
Time = 49405000, rstn = 1, data_out = 0f48
Time = 49415000, rstn = 1, data_out = 0f49
Time = 49425000, rstn = 1, data_out = 0f4a
Time = 49435000, rstn = 1, data_out = 0f4b
Time = 49445000, rstn = 1, data_out = 0f4e
Time = 49455000, rstn = 1, data_out = 0f4f
Time = 49465000, rstn = 1, data_out = 0f52
Time = 49475000, rstn = 1, data_out = 0f54
Time = 49485000, rstn = 1, data_out = 0f55
Time = 49495000, rstn = 1, data_out = 0f58
Time = 49505000, rstn = 1, data_out = 0f59
Time = 49515000, rstn = 1, data_out = 0f5a
Time = 49525000, rstn = 1, data_out = 0f5b
Time = 49535000, rstn = 1, data_out = 0f5e
Time = 49545000, rstn = 1, data_out = 0f60
Time = 49555000, rstn = 1, data_out = 0f61
Time = 49565000, rstn = 1, data_out = 0f64
Time = 49575000, rstn = 1, data_out = 0f65
Time = 49585000, rstn = 1, data_out = 0f66
Time = 49595000, rstn = 1, data_out = 0f67
Time = 49605000, rstn = 1, data_out = 0f6a
Time = 49615000, rstn = 1, data_out = 0f6b
Time = 49625000, rstn = 1, data_out = 0f6e
Time = 49635000, rstn = 1, data_out = 0f6f
Time = 49645000, rstn = 1, data_out = 0f70
Time = 49655000, rstn = 1, data_out = 0f71
Time = 49665000, rstn = 1, data_out = 0f74
Time = 49675000, rstn = 1, data_out = 0f76
Time = 49685000, rstn = 1, data_out = 0f77
Time = 49695000, rstn = 1, data_out = 0f78
Time = 49705000, rstn = 1, data_out = 0f79
Time = 49715000, rstn = 1, data_out = 0f7c
Time = 49725000, rstn = 1, data_out = 0f7e
Time = 49735000, rstn = 1, data_out = 0f7f
Time = 49745000, rstn = 1, data_out = 0f80
Time = 49755000, rstn = 1, data_out = 0f81
Time = 49765000, rstn = 1, data_out = 0f84
Time = 49775000, rstn = 1, data_out = 0f85
Time = 49785000, rstn = 1, data_out = 0f86
Time = 49795000, rstn = 1, data_out = 0f87
Time = 49805000, rstn = 1, data_out = 0f8a
Time = 49815000, rstn = 1, data_out = 0f8b
Time = 49825000, rstn = 1, data_out = 0f8c
Time = 49835000, rstn = 1, data_out = 0f8e
Time = 49845000, rstn = 1, data_out = 0f8f
Time = 49855000, rstn = 1, data_out = 0f90
Time = 49865000, rstn = 1, data_out = 0f91
Time = 49875000, rstn = 1, data_out = 0f94
Time = 49885000, rstn = 1, data_out = 0f95
Time = 49895000, rstn = 1, data_out = 0f96
Time = 49905000, rstn = 1, data_out = 0f97
Time = 49915000, rstn = 1, data_out = 0f99
Time = 49925000, rstn = 1, data_out = 0f9a
Time = 49935000, rstn = 1, data_out = 0f9c
Time = 49945000, rstn = 1, data_out = 0f9d
Time = 49955000, rstn = 1, data_out = 0f9e
Time = 49965000, rstn = 1, data_out = 0fa0
Time = 49975000, rstn = 1, data_out = 0fa1
Time = 49985000, rstn = 1, data_out = 0fa2
Time = 49995000, rstn = 1, data_out = 0fa4
Time = 50005000, rstn = 1, data_out = 0fa5
Time = 50015000, rstn = 1, data_out = 0fa6
Time = 50025000, rstn = 1, data_out = 0fa8
Time = 50035000, rstn = 1, data_out = 0fa9
Time = 50045000, rstn = 1, data_out = 0faa
Time = 50055000, rstn = 1, data_out = 0fab
Time = 50065000, rstn = 1, data_out = 0fac
Time = 50075000, rstn = 1, data_out = 0fae
Time = 50085000, rstn = 1, data_out = 0faf
Time = 50095000, rstn = 1, data_out = 0fb0
Time = 50105000, rstn = 1, data_out = 0fb1
Time = 50115000, rstn = 1, data_out = 0fb2
Time = 50125000, rstn = 1, data_out = 0fb4
Time = 50135000, rstn = 1, data_out = 0fb5
Time = 50145000, rstn = 1, data_out = 0fb6
Time = 50155000, rstn = 1, data_out = 0fb7
Time = 50165000, rstn = 1, data_out = 0fb8
Time = 50175000, rstn = 1, data_out = 0fb9
Time = 50185000, rstn = 1, data_out = 0fba
Time = 50195000, rstn = 1, data_out = 0fbc
Time = 50205000, rstn = 1, data_out = 0fbd
Time = 50215000, rstn = 1, data_out = 0fbe
Time = 50225000, rstn = 1, data_out = 0fbf
Time = 50235000, rstn = 1, data_out = 0fc0
Time = 50245000, rstn = 1, data_out = 0fc1
Time = 50255000, rstn = 1, data_out = 0fc2
Time = 50265000, rstn = 1, data_out = 0fc3
Time = 50275000, rstn = 1, data_out = 0fc4
Time = 50285000, rstn = 1, data_out = 0fc5
Time = 50295000, rstn = 1, data_out = 0fc6
Time = 50305000, rstn = 1, data_out = 0fc7
Time = 50315000, rstn = 1, data_out = 0fc8
Time = 50325000, rstn = 1, data_out = 0fc9
Time = 50335000, rstn = 1, data_out = 0fca
Time = 50345000, rstn = 1, data_out = 0fcb
Time = 50355000, rstn = 1, data_out = 0fcc
Time = 50365000, rstn = 1, data_out = 0fcd
Time = 50375000, rstn = 1, data_out = 0fce
Time = 50385000, rstn = 1, data_out = 0fcf
Time = 50395000, rstn = 1, data_out = 0fd0
Time = 50405000, rstn = 1, data_out = 0fd1
Time = 50415000, rstn = 1, data_out = 0fd2
Time = 50435000, rstn = 1, data_out = 0fd3
Time = 50445000, rstn = 1, data_out = 0fd4
Time = 50455000, rstn = 1, data_out = 0fd5
Time = 50465000, rstn = 1, data_out = 0fd6
Time = 50475000, rstn = 1, data_out = 0fd7
Time = 50485000, rstn = 1, data_out = 0fd8
Time = 50505000, rstn = 1, data_out = 0fd9
Time = 50515000, rstn = 1, data_out = 0fda
Time = 50525000, rstn = 1, data_out = 0fdb
Time = 50535000, rstn = 1, data_out = 0fdc
Time = 50555000, rstn = 1, data_out = 0fdd
Time = 50565000, rstn = 1, data_out = 0fde
Time = 50575000, rstn = 1, data_out = 0fdf
Time = 50585000, rstn = 1, data_out = 0fe0
Time = 50605000, rstn = 1, data_out = 0fe1
Time = 50615000, rstn = 1, data_out = 0fe2
Time = 50635000, rstn = 1, data_out = 0fe3
Time = 50645000, rstn = 1, data_out = 0fe4
Time = 50665000, rstn = 1, data_out = 0fe5
Time = 50675000, rstn = 1, data_out = 0fe6
Time = 50695000, rstn = 1, data_out = 0fe7
Time = 50715000, rstn = 1, data_out = 0fe8
Time = 50725000, rstn = 1, data_out = 0fe9
Time = 50735000, rstn = 1, data_out = 0fea
Time = 50745000, rstn = 1, data_out = 0fe9
Time = 50755000, rstn = 1, data_out = 0fea
Time = 50765000, rstn = 1, data_out = 0feb
Time = 50775000, rstn = 1, data_out = 0fec
Time = 50795000, rstn = 1, data_out = 0fed
Time = 50805000, rstn = 1, data_out = 0fee
Time = 50815000, rstn = 1, data_out = 0fed
Time = 50825000, rstn = 1, data_out = 0fee
Time = 50835000, rstn = 1, data_out = 0fef
Time = 50845000, rstn = 1, data_out = 0ff0
Time = 50855000, rstn = 1, data_out = 0fef
Time = 50865000, rstn = 1, data_out = 0ff0
Time = 50875000, rstn = 1, data_out = 0ff1
Time = 50885000, rstn = 1, data_out = 0ff2
Time = 50905000, rstn = 1, data_out = 0ff1
Time = 50915000, rstn = 1, data_out = 0ff2
Time = 50925000, rstn = 1, data_out = 0ff3
Time = 50935000, rstn = 1, data_out = 0ff4
Time = 50955000, rstn = 1, data_out = 0ff3
Time = 50965000, rstn = 1, data_out = 0ff4
Time = 50975000, rstn = 1, data_out = 0ff5
Time = 50985000, rstn = 1, data_out = 0ff6
Time = 50995000, rstn = 1, data_out = 0ff5
Time = 51005000, rstn = 1, data_out = 0ff6
Time = 51015000, rstn = 1, data_out = 0ff5
Time = 51025000, rstn = 1, data_out = 0ff6
Time = 51035000, rstn = 1, data_out = 0ff7
Time = 51045000, rstn = 1, data_out = 0ff8
Time = 51055000, rstn = 1, data_out = 0ff7
Time = 51065000, rstn = 1, data_out = 0ff8
Time = 51085000, rstn = 1, data_out = 0ff7
Time = 51095000, rstn = 1, data_out = 0ff8
Time = 51105000, rstn = 1, data_out = 0ff9
Time = 51115000, rstn = 1, data_out = 0ffa
Time = 51125000, rstn = 1, data_out = 0ff9
Time = 51135000, rstn = 1, data_out = 0ffa
Time = 51145000, rstn = 1, data_out = 0ff9
Time = 51155000, rstn = 1, data_out = 0ffa
Time = 51175000, rstn = 1, data_out = 0ff9
Time = 51185000, rstn = 1, data_out = 0ffa
Time = 51195000, rstn = 1, data_out = 0ff9
Time = 51205000, rstn = 1, data_out = 0ffa
Time = 51215000, rstn = 1, data_out = 0ffb
Time = 51225000, rstn = 1, data_out = 0ffc
Time = 51235000, rstn = 1, data_out = 0ffb
Time = 51245000, rstn = 1, data_out = 0ffc
Time = 51255000, rstn = 1, data_out = 0ffb
Time = 51265000, rstn = 1, data_out = 0ffc
Time = 51445000, rstn = 1, data_out = 0ffb
Time = 51455000, rstn = 1, data_out = 0ffc
Time = 51465000, rstn = 1, data_out = 0ffb
Time = 51475000, rstn = 1, data_out = 0ffc
Time = 51485000, rstn = 1, data_out = 0ffb
Time = 51495000, rstn = 1, data_out = 0ffa
Time = 51505000, rstn = 1, data_out = 0ff9
Time = 51515000, rstn = 1, data_out = 0ffa
Time = 51525000, rstn = 1, data_out = 0ff9
Time = 51535000, rstn = 1, data_out = 0ffa
Time = 51555000, rstn = 1, data_out = 0ff9
Time = 51565000, rstn = 1, data_out = 0ffa
Time = 51575000, rstn = 1, data_out = 0ff9
Time = 51585000, rstn = 1, data_out = 0ffa
Time = 51595000, rstn = 1, data_out = 0ff9
Time = 51605000, rstn = 1, data_out = 0ff8
Time = 51615000, rstn = 1, data_out = 0ff7
Time = 51625000, rstn = 1, data_out = 0ff8
Time = 51645000, rstn = 1, data_out = 0ff7
Time = 51655000, rstn = 1, data_out = 0ff8
Time = 51665000, rstn = 1, data_out = 0ff7
Time = 51675000, rstn = 1, data_out = 0ff6
Time = 51685000, rstn = 1, data_out = 0ff5
Time = 51695000, rstn = 1, data_out = 0ff6
Time = 51705000, rstn = 1, data_out = 0ff5
Time = 51715000, rstn = 1, data_out = 0ff6
Time = 51725000, rstn = 1, data_out = 0ff5
Time = 51735000, rstn = 1, data_out = 0ff4
Time = 51745000, rstn = 1, data_out = 0ff3
Time = 51755000, rstn = 1, data_out = 0ff4
Time = 51775000, rstn = 1, data_out = 0ff3
Time = 51785000, rstn = 1, data_out = 0ff2
Time = 51795000, rstn = 1, data_out = 0ff1
Time = 51805000, rstn = 1, data_out = 0ff2
Time = 51825000, rstn = 1, data_out = 0ff1
Time = 51835000, rstn = 1, data_out = 0ff0
Time = 51845000, rstn = 1, data_out = 0fef
Time = 51855000, rstn = 1, data_out = 0ff0
Time = 51865000, rstn = 1, data_out = 0fef
Time = 51875000, rstn = 1, data_out = 0fee
Time = 51885000, rstn = 1, data_out = 0fed
Time = 51895000, rstn = 1, data_out = 0fee
Time = 51905000, rstn = 1, data_out = 0fed
Time = 51915000, rstn = 1, data_out = 0fec
Time = 51935000, rstn = 1, data_out = 0feb
Time = 51945000, rstn = 1, data_out = 0fea
Time = 51955000, rstn = 1, data_out = 0fe9
Time = 51965000, rstn = 1, data_out = 0fea
Time = 51975000, rstn = 1, data_out = 0fe9
Time = 51985000, rstn = 1, data_out = 0fe8
Time = 51995000, rstn = 1, data_out = 0fe7
Time = 52015000, rstn = 1, data_out = 0fe6
Time = 52035000, rstn = 1, data_out = 0fe5
Time = 52045000, rstn = 1, data_out = 0fe4
Time = 52065000, rstn = 1, data_out = 0fe3
Time = 52075000, rstn = 1, data_out = 0fe2
Time = 52095000, rstn = 1, data_out = 0fe1
Time = 52105000, rstn = 1, data_out = 0fe0
Time = 52125000, rstn = 1, data_out = 0fdf
Time = 52135000, rstn = 1, data_out = 0fde
Time = 52145000, rstn = 1, data_out = 0fdd
Time = 52155000, rstn = 1, data_out = 0fdc
Time = 52175000, rstn = 1, data_out = 0fdb
Time = 52185000, rstn = 1, data_out = 0fda
Time = 52195000, rstn = 1, data_out = 0fd9
Time = 52205000, rstn = 1, data_out = 0fd8
Time = 52225000, rstn = 1, data_out = 0fd7
Time = 52235000, rstn = 1, data_out = 0fd6
Time = 52245000, rstn = 1, data_out = 0fd5
Time = 52255000, rstn = 1, data_out = 0fd4
Time = 52265000, rstn = 1, data_out = 0fd3
Time = 52275000, rstn = 1, data_out = 0fd2
Time = 52295000, rstn = 1, data_out = 0fd1
Time = 52305000, rstn = 1, data_out = 0fd0
Time = 52315000, rstn = 1, data_out = 0fcf
Time = 52325000, rstn = 1, data_out = 0fce
Time = 52335000, rstn = 1, data_out = 0fcd
Time = 52345000, rstn = 1, data_out = 0fcc
Time = 52355000, rstn = 1, data_out = 0fcb
Time = 52365000, rstn = 1, data_out = 0fca
Time = 52375000, rstn = 1, data_out = 0fc9
Time = 52385000, rstn = 1, data_out = 0fc8
Time = 52395000, rstn = 1, data_out = 0fc7
Time = 52405000, rstn = 1, data_out = 0fc6
Time = 52415000, rstn = 1, data_out = 0fc5
Time = 52425000, rstn = 1, data_out = 0fc4
Time = 52435000, rstn = 1, data_out = 0fc3
Time = 52445000, rstn = 1, data_out = 0fc2
Time = 52455000, rstn = 1, data_out = 0fc1
Time = 52465000, rstn = 1, data_out = 0fc0
Time = 52475000, rstn = 1, data_out = 0fbf
Time = 52485000, rstn = 1, data_out = 0fbe
Time = 52495000, rstn = 1, data_out = 0fbd
Time = 52505000, rstn = 1, data_out = 0fbc
Time = 52515000, rstn = 1, data_out = 0fba
Time = 52525000, rstn = 1, data_out = 0fb9
Time = 52535000, rstn = 1, data_out = 0fb8
Time = 52545000, rstn = 1, data_out = 0fb7
Time = 52555000, rstn = 1, data_out = 0fb6
Time = 52565000, rstn = 1, data_out = 0fb5
Time = 52575000, rstn = 1, data_out = 0fb4
Time = 52585000, rstn = 1, data_out = 0fb2
Time = 52595000, rstn = 1, data_out = 0fb1
Time = 52605000, rstn = 1, data_out = 0fb0
Time = 52615000, rstn = 1, data_out = 0faf
Time = 52625000, rstn = 1, data_out = 0fae
Time = 52635000, rstn = 1, data_out = 0fac
Time = 52645000, rstn = 1, data_out = 0fab
Time = 52655000, rstn = 1, data_out = 0faa
Time = 52665000, rstn = 1, data_out = 0fa9
Time = 52675000, rstn = 1, data_out = 0fa8
Time = 52685000, rstn = 1, data_out = 0fa6
Time = 52695000, rstn = 1, data_out = 0fa5
Time = 52705000, rstn = 1, data_out = 0fa4
Time = 52715000, rstn = 1, data_out = 0fa2
Time = 52725000, rstn = 1, data_out = 0fa1
Time = 52735000, rstn = 1, data_out = 0fa0
Time = 52745000, rstn = 1, data_out = 0f9e
Time = 52755000, rstn = 1, data_out = 0f9d
Time = 52765000, rstn = 1, data_out = 0f9c
Time = 52775000, rstn = 1, data_out = 0f9a
Time = 52785000, rstn = 1, data_out = 0f99
Time = 52795000, rstn = 1, data_out = 0f97
Time = 52805000, rstn = 1, data_out = 0f96
Time = 52815000, rstn = 1, data_out = 0f95
Time = 52825000, rstn = 1, data_out = 0f94
Time = 52835000, rstn = 1, data_out = 0f91
Time = 52845000, rstn = 1, data_out = 0f90
Time = 52855000, rstn = 1, data_out = 0f8f
Time = 52865000, rstn = 1, data_out = 0f8e
Time = 52875000, rstn = 1, data_out = 0f8c
Time = 52885000, rstn = 1, data_out = 0f8b
Time = 52895000, rstn = 1, data_out = 0f8a
Time = 52905000, rstn = 1, data_out = 0f87
Time = 52915000, rstn = 1, data_out = 0f86
Time = 52925000, rstn = 1, data_out = 0f85
Time = 52935000, rstn = 1, data_out = 0f84
Time = 52945000, rstn = 1, data_out = 0f81
Time = 52955000, rstn = 1, data_out = 0f80
Time = 52965000, rstn = 1, data_out = 0f7f
Time = 52975000, rstn = 1, data_out = 0f7e
Time = 52985000, rstn = 1, data_out = 0f7c
Time = 52995000, rstn = 1, data_out = 0f79
Time = 53005000, rstn = 1, data_out = 0f78
Time = 53015000, rstn = 1, data_out = 0f77
Time = 53025000, rstn = 1, data_out = 0f76
Time = 53035000, rstn = 1, data_out = 0f74
Time = 53045000, rstn = 1, data_out = 0f71
Time = 53055000, rstn = 1, data_out = 0f70
Time = 53065000, rstn = 1, data_out = 0f6f
Time = 53075000, rstn = 1, data_out = 0f6e
Time = 53085000, rstn = 1, data_out = 0f6b
Time = 53095000, rstn = 1, data_out = 0f6a
Time = 53105000, rstn = 1, data_out = 0f67
Time = 53115000, rstn = 1, data_out = 0f66
Time = 53125000, rstn = 1, data_out = 0f65
Time = 53135000, rstn = 1, data_out = 0f64
Time = 53145000, rstn = 1, data_out = 0f61
Time = 53155000, rstn = 1, data_out = 0f60
Time = 53165000, rstn = 1, data_out = 0f5e
Time = 53175000, rstn = 1, data_out = 0f5b
Time = 53185000, rstn = 1, data_out = 0f5a
Time = 53195000, rstn = 1, data_out = 0f59
Time = 53205000, rstn = 1, data_out = 0f58
Time = 53215000, rstn = 1, data_out = 0f55
Time = 53225000, rstn = 1, data_out = 0f54
Time = 53235000, rstn = 1, data_out = 0f52
Time = 53245000, rstn = 1, data_out = 0f4f
Time = 53255000, rstn = 1, data_out = 0f4e
Time = 53265000, rstn = 1, data_out = 0f4b
Time = 53275000, rstn = 1, data_out = 0f4a
Time = 53285000, rstn = 1, data_out = 0f49
Time = 53295000, rstn = 1, data_out = 0f48
Time = 53305000, rstn = 1, data_out = 0f45
Time = 53315000, rstn = 1, data_out = 0f44
Time = 53325000, rstn = 1, data_out = 0f41
Time = 53335000, rstn = 1, data_out = 0f40
Time = 53345000, rstn = 1, data_out = 0f3e
Time = 53355000, rstn = 1, data_out = 0f3c
Time = 53365000, rstn = 1, data_out = 0f3a
Time = 53375000, rstn = 1, data_out = 0f38
Time = 53385000, rstn = 1, data_out = 0f36
Time = 53395000, rstn = 1, data_out = 0f34
Time = 53405000, rstn = 1, data_out = 0f32
Time = 53415000, rstn = 1, data_out = 0f30
Time = 53425000, rstn = 1, data_out = 0f2e
Time = 53435000, rstn = 1, data_out = 0f2c
Time = 53445000, rstn = 1, data_out = 0f2a
Time = 53455000, rstn = 1, data_out = 0f28
Time = 53465000, rstn = 1, data_out = 0f26
Time = 53475000, rstn = 1, data_out = 0f24
Time = 53485000, rstn = 1, data_out = 0f22
Time = 53495000, rstn = 1, data_out = 0f20
Time = 53505000, rstn = 1, data_out = 0f1e
Time = 53515000, rstn = 1, data_out = 0f1c
Time = 53525000, rstn = 1, data_out = 0f1a
Time = 53535000, rstn = 1, data_out = 0f18
Time = 53545000, rstn = 1, data_out = 0f16
Time = 53555000, rstn = 1, data_out = 0f14
Time = 53565000, rstn = 1, data_out = 0f12
Time = 53575000, rstn = 1, data_out = 0f10
Time = 53585000, rstn = 1, data_out = 0f0e
Time = 53595000, rstn = 1, data_out = 0f0c
Time = 53605000, rstn = 1, data_out = 0f09
Time = 53615000, rstn = 1, data_out = 0f08
Time = 53625000, rstn = 1, data_out = 0f05
Time = 53635000, rstn = 1, data_out = 0f04
Time = 53645000, rstn = 1, data_out = 0f01
Time = 53655000, rstn = 1, data_out = 0efe
Time = 53665000, rstn = 1, data_out = 0efb
Time = 53675000, rstn = 1, data_out = 0efa
Time = 53685000, rstn = 1, data_out = 0ef7
Time = 53695000, rstn = 1, data_out = 0ef6
Time = 53705000, rstn = 1, data_out = 0ef4
Time = 53715000, rstn = 1, data_out = 0ef1
Time = 53725000, rstn = 1, data_out = 0ef0
Time = 53735000, rstn = 1, data_out = 0eed
Time = 53745000, rstn = 1, data_out = 0eea
Time = 53755000, rstn = 1, data_out = 0ee7
Time = 53765000, rstn = 1, data_out = 0ee6
Time = 53775000, rstn = 1, data_out = 0ee4
Time = 53785000, rstn = 1, data_out = 0ee1
Time = 53795000, rstn = 1, data_out = 0ee0
Time = 53805000, rstn = 1, data_out = 0edd
Time = 53815000, rstn = 1, data_out = 0eda
Time = 53825000, rstn = 1, data_out = 0ed7
Time = 53835000, rstn = 1, data_out = 0ed6
Time = 53845000, rstn = 1, data_out = 0ed3
Time = 53855000, rstn = 1, data_out = 0ed2
Time = 53865000, rstn = 1, data_out = 0ecf
Time = 53875000, rstn = 1, data_out = 0ecc
Time = 53885000, rstn = 1, data_out = 0ec9
Time = 53895000, rstn = 1, data_out = 0ec8
Time = 53905000, rstn = 1, data_out = 0ec6
Time = 53915000, rstn = 1, data_out = 0ec3
Time = 53925000, rstn = 1, data_out = 0ec0
Time = 53935000, rstn = 1, data_out = 0ebd
Time = 53945000, rstn = 1, data_out = 0ebc
Time = 53955000, rstn = 1, data_out = 0eba
Time = 53965000, rstn = 1, data_out = 0eb7
Time = 53975000, rstn = 1, data_out = 0eb4
Time = 53985000, rstn = 1, data_out = 0eb1
Time = 53995000, rstn = 1, data_out = 0eb0
Time = 54005000, rstn = 1, data_out = 0ead
Time = 54015000, rstn = 1, data_out = 0eaa
Time = 54025000, rstn = 1, data_out = 0ea7
Time = 54035000, rstn = 1, data_out = 0ea6
Time = 54045000, rstn = 1, data_out = 0ea3
Time = 54055000, rstn = 1, data_out = 0ea0
Time = 54065000, rstn = 1, data_out = 0e9d
Time = 54075000, rstn = 1, data_out = 0e9c
Time = 54085000, rstn = 1, data_out = 0e99
Time = 54095000, rstn = 1, data_out = 0e96
Time = 54105000, rstn = 1, data_out = 0e94
Time = 54115000, rstn = 1, data_out = 0e91
Time = 54125000, rstn = 1, data_out = 0e8e
Time = 54135000, rstn = 1, data_out = 0e8b
Time = 54145000, rstn = 1, data_out = 0e8a
Time = 54155000, rstn = 1, data_out = 0e87
Time = 54165000, rstn = 1, data_out = 0e84
Time = 54175000, rstn = 1, data_out = 0e81
Time = 54185000, rstn = 1, data_out = 0e7f
Time = 54195000, rstn = 1, data_out = 0e7c
Time = 54205000, rstn = 1, data_out = 0e7a
Time = 54215000, rstn = 1, data_out = 0e77
Time = 54225000, rstn = 1, data_out = 0e74
Time = 54235000, rstn = 1, data_out = 0e72
Time = 54245000, rstn = 1, data_out = 0e6f
Time = 54255000, rstn = 1, data_out = 0e6c
Time = 54265000, rstn = 1, data_out = 0e69
Time = 54275000, rstn = 1, data_out = 0e66
Time = 54285000, rstn = 1, data_out = 0e63
Time = 54295000, rstn = 1, data_out = 0e61
Time = 54305000, rstn = 1, data_out = 0e5e
Time = 54315000, rstn = 1, data_out = 0e5c
Time = 54325000, rstn = 1, data_out = 0e59
Time = 54335000, rstn = 1, data_out = 0e56
Time = 54345000, rstn = 1, data_out = 0e53
Time = 54355000, rstn = 1, data_out = 0e50
Time = 54365000, rstn = 1, data_out = 0e4e
Time = 54375000, rstn = 1, data_out = 0e4b
Time = 54385000, rstn = 1, data_out = 0e48
Time = 54395000, rstn = 1, data_out = 0e45
Time = 54405000, rstn = 1, data_out = 0e42
Time = 54415000, rstn = 1, data_out = 0e40
Time = 54425000, rstn = 1, data_out = 0e3d
Time = 54435000, rstn = 1, data_out = 0e3a
Time = 54445000, rstn = 1, data_out = 0e37
Time = 54455000, rstn = 1, data_out = 0e34
Time = 54465000, rstn = 1, data_out = 0e31
Time = 54475000, rstn = 1, data_out = 0e2e
Time = 54485000, rstn = 1, data_out = 0e2b
Time = 54495000, rstn = 1, data_out = 0e28
Time = 54505000, rstn = 1, data_out = 0e26
Time = 54515000, rstn = 1, data_out = 0e23
Time = 54525000, rstn = 1, data_out = 0e20
Time = 54535000, rstn = 1, data_out = 0e1d
Time = 54545000, rstn = 1, data_out = 0e1a
Time = 54555000, rstn = 1, data_out = 0e17
Time = 54565000, rstn = 1, data_out = 0e14
Time = 54575000, rstn = 1, data_out = 0e11
Time = 54585000, rstn = 1, data_out = 0e0e
Time = 54595000, rstn = 1, data_out = 0e0b
Time = 54605000, rstn = 1, data_out = 0e08
Time = 54615000, rstn = 1, data_out = 0e05
Time = 54625000, rstn = 1, data_out = 0e02
Time = 54635000, rstn = 1, data_out = 0dff
Time = 54645000, rstn = 1, data_out = 0dfc
Time = 54655000, rstn = 1, data_out = 0df9
Time = 54665000, rstn = 1, data_out = 0df6
Time = 54675000, rstn = 1, data_out = 0df3
Time = 54685000, rstn = 1, data_out = 0df0
Time = 54695000, rstn = 1, data_out = 0ded
Time = 54705000, rstn = 1, data_out = 0dea
Time = 54715000, rstn = 1, data_out = 0de6
Time = 54725000, rstn = 1, data_out = 0de3
Time = 54735000, rstn = 1, data_out = 0de0
Time = 54745000, rstn = 1, data_out = 0ddd
Time = 54755000, rstn = 1, data_out = 0dda
Time = 54765000, rstn = 1, data_out = 0dd7
Time = 54775000, rstn = 1, data_out = 0dd4
Time = 54785000, rstn = 1, data_out = 0dd0
Time = 54795000, rstn = 1, data_out = 0dcd
Time = 54805000, rstn = 1, data_out = 0dca
Time = 54815000, rstn = 1, data_out = 0dc7
Time = 54825000, rstn = 1, data_out = 0dc4
Time = 54835000, rstn = 1, data_out = 0dc1
Time = 54845000, rstn = 1, data_out = 0dbe
Time = 54855000, rstn = 1, data_out = 0dba
Time = 54865000, rstn = 1, data_out = 0db7
Time = 54875000, rstn = 1, data_out = 0db3
Time = 54885000, rstn = 1, data_out = 0db0
Time = 54895000, rstn = 1, data_out = 0dad
Time = 54905000, rstn = 1, data_out = 0daa
Time = 54915000, rstn = 1, data_out = 0da7
Time = 54925000, rstn = 1, data_out = 0da4
Time = 54935000, rstn = 1, data_out = 0da0
Time = 54945000, rstn = 1, data_out = 0d9d
Time = 54955000, rstn = 1, data_out = 0d9a
Time = 54965000, rstn = 1, data_out = 0d96
Time = 54975000, rstn = 1, data_out = 0d93
Time = 54985000, rstn = 1, data_out = 0d90
Time = 54995000, rstn = 1, data_out = 0d8c
Time = 55005000, rstn = 1, data_out = 0d89
Time = 55015000, rstn = 1, data_out = 0d86
Time = 55025000, rstn = 1, data_out = 0d82
Time = 55035000, rstn = 1, data_out = 0d7f
Time = 55045000, rstn = 1, data_out = 0d7c
Time = 55055000, rstn = 1, data_out = 0d78
Time = 55065000, rstn = 1, data_out = 0d75
Time = 55075000, rstn = 1, data_out = 0d71
Time = 55085000, rstn = 1, data_out = 0d6e
Time = 55095000, rstn = 1, data_out = 0d6b
Time = 55105000, rstn = 1, data_out = 0d68
Time = 55115000, rstn = 1, data_out = 0d63
Time = 55125000, rstn = 1, data_out = 0d60
Time = 55135000, rstn = 1, data_out = 0d5d
Time = 55145000, rstn = 1, data_out = 0d5a
Time = 55155000, rstn = 1, data_out = 0d56
Time = 55165000, rstn = 1, data_out = 0d53
Time = 55175000, rstn = 1, data_out = 0d50
Time = 55185000, rstn = 1, data_out = 0d4b
Time = 55195000, rstn = 1, data_out = 0d48
Time = 55205000, rstn = 1, data_out = 0d45
Time = 55215000, rstn = 1, data_out = 0d42
Time = 55225000, rstn = 1, data_out = 0d3d
Time = 55235000, rstn = 1, data_out = 0d3a
Time = 55245000, rstn = 1, data_out = 0d37
Time = 55255000, rstn = 1, data_out = 0d34
Time = 55265000, rstn = 1, data_out = 0d30
Time = 55275000, rstn = 1, data_out = 0d2b
Time = 55285000, rstn = 1, data_out = 0d28
Time = 55295000, rstn = 1, data_out = 0d25
Time = 55305000, rstn = 1, data_out = 0d22
Time = 55315000, rstn = 1, data_out = 0d1e
Time = 55325000, rstn = 1, data_out = 0d19
Time = 55335000, rstn = 1, data_out = 0d16
Time = 55345000, rstn = 1, data_out = 0d13
Time = 55355000, rstn = 1, data_out = 0d10
Time = 55365000, rstn = 1, data_out = 0d0c
Time = 55375000, rstn = 1, data_out = 0d07
Time = 55385000, rstn = 1, data_out = 0d04
Time = 55395000, rstn = 1, data_out = 0d01
Time = 55405000, rstn = 1, data_out = 0cfe
Time = 55415000, rstn = 1, data_out = 0cf9
Time = 55425000, rstn = 1, data_out = 0cf6
Time = 55435000, rstn = 1, data_out = 0cf1
Time = 55445000, rstn = 1, data_out = 0cee
Time = 55455000, rstn = 1, data_out = 0ceb
Time = 55465000, rstn = 1, data_out = 0ce8
Time = 55475000, rstn = 1, data_out = 0ce3
Time = 55485000, rstn = 1, data_out = 0ce0
Time = 55495000, rstn = 1, data_out = 0cdc
Time = 55505000, rstn = 1, data_out = 0cd7
Time = 55515000, rstn = 1, data_out = 0cd4
Time = 55525000, rstn = 1, data_out = 0cd1
Time = 55535000, rstn = 1, data_out = 0cce
Time = 55545000, rstn = 1, data_out = 0cc9
Time = 55555000, rstn = 1, data_out = 0cc6
Time = 55565000, rstn = 1, data_out = 0cc2
Time = 55575000, rstn = 1, data_out = 0cbd
Time = 55585000, rstn = 1, data_out = 0cba
Time = 55595000, rstn = 1, data_out = 0cb5
Time = 55605000, rstn = 1, data_out = 0cb2
Time = 55615000, rstn = 1, data_out = 0caf
Time = 55625000, rstn = 1, data_out = 0cac
Time = 55635000, rstn = 1, data_out = 0ca7
Time = 55645000, rstn = 1, data_out = 0ca4
Time = 55655000, rstn = 1, data_out = 0c9f
Time = 55665000, rstn = 1, data_out = 0c9c
Time = 55675000, rstn = 1, data_out = 0c98
Time = 55685000, rstn = 1, data_out = 0c94
Time = 55695000, rstn = 1, data_out = 0c90
Time = 55705000, rstn = 1, data_out = 0c8c
Time = 55715000, rstn = 1, data_out = 0c88
Time = 55725000, rstn = 1, data_out = 0c84
Time = 55735000, rstn = 1, data_out = 0c80
Time = 55745000, rstn = 1, data_out = 0c7b
Time = 55755000, rstn = 1, data_out = 0c78
Time = 55765000, rstn = 1, data_out = 0c73
Time = 55775000, rstn = 1, data_out = 0c70
Time = 55785000, rstn = 1, data_out = 0c6d
Time = 55795000, rstn = 1, data_out = 0c6a
Time = 55805000, rstn = 1, data_out = 0c65
Time = 55815000, rstn = 1, data_out = 0c62
Time = 55825000, rstn = 1, data_out = 0c5d
Time = 55835000, rstn = 1, data_out = 0c5a
Time = 55845000, rstn = 1, data_out = 0c56
Time = 55855000, rstn = 1, data_out = 0c52
Time = 55865000, rstn = 1, data_out = 0c4e
Time = 55875000, rstn = 1, data_out = 0c49
Time = 55885000, rstn = 1, data_out = 0c46
Time = 55895000, rstn = 1, data_out = 0c41
Time = 55905000, rstn = 1, data_out = 0c3e
Time = 55915000, rstn = 1, data_out = 0c39
Time = 55925000, rstn = 1, data_out = 0c34
Time = 55935000, rstn = 1, data_out = 0c2f
Time = 55945000, rstn = 1, data_out = 0c2c
Time = 55955000, rstn = 1, data_out = 0c27
Time = 55965000, rstn = 1, data_out = 0c24
Time = 55975000, rstn = 1, data_out = 0c20
Time = 55985000, rstn = 1, data_out = 0c1c
Time = 55995000, rstn = 1, data_out = 0c18
Time = 56005000, rstn = 1, data_out = 0c14
Time = 56015000, rstn = 1, data_out = 0c10
Time = 56025000, rstn = 1, data_out = 0c0c
Time = 56035000, rstn = 1, data_out = 0c08
Time = 56045000, rstn = 1, data_out = 0c04
Time = 56055000, rstn = 1, data_out = 0bff
Time = 56065000, rstn = 1, data_out = 0bfc
Time = 56075000, rstn = 1, data_out = 0bf7
Time = 56085000, rstn = 1, data_out = 0bf4
Time = 56095000, rstn = 1, data_out = 0bef
Time = 56105000, rstn = 1, data_out = 0bea
Time = 56115000, rstn = 1, data_out = 0be5
Time = 56125000, rstn = 1, data_out = 0be2
Time = 56135000, rstn = 1, data_out = 0bdd
Time = 56145000, rstn = 1, data_out = 0bda
Time = 56155000, rstn = 1, data_out = 0bd6
Time = 56165000, rstn = 1, data_out = 0bd1
Time = 56175000, rstn = 1, data_out = 0bce
Time = 56185000, rstn = 1, data_out = 0bc9
Time = 56195000, rstn = 1, data_out = 0bc4
Time = 56205000, rstn = 1, data_out = 0bbf
Time = 56215000, rstn = 1, data_out = 0bbc
Time = 56225000, rstn = 1, data_out = 0bb7
Time = 56235000, rstn = 1, data_out = 0bb4
Time = 56245000, rstn = 1, data_out = 0baf
Time = 56255000, rstn = 1, data_out = 0bac
Time = 56265000, rstn = 1, data_out = 0ba7
Time = 56275000, rstn = 1, data_out = 0ba2
Time = 56285000, rstn = 1, data_out = 0b9d
Time = 56295000, rstn = 1, data_out = 0b9a
Time = 56305000, rstn = 1, data_out = 0b95
Time = 56315000, rstn = 1, data_out = 0b92
Time = 56325000, rstn = 1, data_out = 0b8d
Time = 56335000, rstn = 1, data_out = 0b88
Time = 56345000, rstn = 1, data_out = 0b83
Time = 56355000, rstn = 1, data_out = 0b80
Time = 56365000, rstn = 1, data_out = 0b7c
Time = 56375000, rstn = 1, data_out = 0b77
Time = 56385000, rstn = 1, data_out = 0b72
Time = 56395000, rstn = 1, data_out = 0b6d
Time = 56405000, rstn = 1, data_out = 0b6a
Time = 56415000, rstn = 1, data_out = 0b66
Time = 56425000, rstn = 1, data_out = 0b61
Time = 56435000, rstn = 1, data_out = 0b5c
Time = 56445000, rstn = 1, data_out = 0b57
Time = 56455000, rstn = 1, data_out = 0b54
Time = 56465000, rstn = 1, data_out = 0b50
Time = 56475000, rstn = 1, data_out = 0b4b
Time = 56485000, rstn = 1, data_out = 0b46
Time = 56495000, rstn = 1, data_out = 0b41
Time = 56505000, rstn = 1, data_out = 0b3e
Time = 56515000, rstn = 1, data_out = 0b39
Time = 56525000, rstn = 1, data_out = 0b34
Time = 56535000, rstn = 1, data_out = 0b2f
Time = 56545000, rstn = 1, data_out = 0b2c
Time = 56555000, rstn = 1, data_out = 0b28
Time = 56565000, rstn = 1, data_out = 0b23
Time = 56575000, rstn = 1, data_out = 0b1e
Time = 56585000, rstn = 1, data_out = 0b1a
Time = 56595000, rstn = 1, data_out = 0b15
Time = 56605000, rstn = 1, data_out = 0b10
Time = 56615000, rstn = 1, data_out = 0b0b
Time = 56625000, rstn = 1, data_out = 0b08
Time = 56635000, rstn = 1, data_out = 0b03
Time = 56645000, rstn = 1, data_out = 0afe
Time = 56655000, rstn = 1, data_out = 0af9
Time = 56665000, rstn = 1, data_out = 0af6
Time = 56675000, rstn = 1, data_out = 0af1
Time = 56685000, rstn = 1, data_out = 0aec
Time = 56695000, rstn = 1, data_out = 0ae7
Time = 56705000, rstn = 1, data_out = 0ae3
Time = 56715000, rstn = 1, data_out = 0ade
Time = 56725000, rstn = 1, data_out = 0ada
Time = 56735000, rstn = 1, data_out = 0ad5
Time = 56745000, rstn = 1, data_out = 0ad0
Time = 56755000, rstn = 1, data_out = 0acc
Time = 56765000, rstn = 1, data_out = 0ac7
Time = 56775000, rstn = 1, data_out = 0ac2
Time = 56785000, rstn = 1, data_out = 0abd
Time = 56795000, rstn = 1, data_out = 0aba
Time = 56805000, rstn = 1, data_out = 0ab5
Time = 56815000, rstn = 1, data_out = 0ab0
Time = 56825000, rstn = 1, data_out = 0aac
Time = 56835000, rstn = 1, data_out = 0aa7
Time = 56845000, rstn = 1, data_out = 0aa2
Time = 56855000, rstn = 1, data_out = 0a9d
Time = 56865000, rstn = 1, data_out = 0a98
Time = 56875000, rstn = 1, data_out = 0a93
Time = 56885000, rstn = 1, data_out = 0a8f
Time = 56895000, rstn = 1, data_out = 0a8a
Time = 56905000, rstn = 1, data_out = 0a86
Time = 56915000, rstn = 1, data_out = 0a81
Time = 56925000, rstn = 1, data_out = 0a7c
Time = 56935000, rstn = 1, data_out = 0a78
Time = 56945000, rstn = 1, data_out = 0a73
Time = 56955000, rstn = 1, data_out = 0a6e
Time = 56965000, rstn = 1, data_out = 0a69
Time = 56975000, rstn = 1, data_out = 0a64
Time = 56985000, rstn = 1, data_out = 0a60
Time = 56995000, rstn = 1, data_out = 0a5b
Time = 57005000, rstn = 1, data_out = 0a56
Time = 57015000, rstn = 1, data_out = 0a51
Time = 57025000, rstn = 1, data_out = 0a4c
Time = 57035000, rstn = 1, data_out = 0a48
Time = 57045000, rstn = 1, data_out = 0a43
Time = 57055000, rstn = 1, data_out = 0a3e
Time = 57065000, rstn = 1, data_out = 0a39
Time = 57075000, rstn = 1, data_out = 0a34
Time = 57085000, rstn = 1, data_out = 0a30
Time = 57095000, rstn = 1, data_out = 0a2b
Time = 57105000, rstn = 1, data_out = 0a26
Time = 57115000, rstn = 1, data_out = 0a21
Time = 57125000, rstn = 1, data_out = 0a1c
Time = 57135000, rstn = 1, data_out = 0a17
Time = 57145000, rstn = 1, data_out = 0a12
Time = 57155000, rstn = 1, data_out = 0a0e
Time = 57165000, rstn = 1, data_out = 0a09
Time = 57175000, rstn = 1, data_out = 0a04
Time = 57185000, rstn = 1, data_out = 09ff
Time = 57195000, rstn = 1, data_out = 09fa
Time = 57205000, rstn = 1, data_out = 09f5
Time = 57215000, rstn = 1, data_out = 09f0
Time = 57225000, rstn = 1, data_out = 09eb
Time = 57235000, rstn = 1, data_out = 09e6
Time = 57245000, rstn = 1, data_out = 09e1
Time = 57255000, rstn = 1, data_out = 09dc
Time = 57265000, rstn = 1, data_out = 09d8
Time = 57275000, rstn = 1, data_out = 09d3
Time = 57285000, rstn = 1, data_out = 09ce
Time = 57295000, rstn = 1, data_out = 09c9
Time = 57305000, rstn = 1, data_out = 09c4
Time = 57315000, rstn = 1, data_out = 09bf
Time = 57325000, rstn = 1, data_out = 09ba
Time = 57335000, rstn = 1, data_out = 09b5
Time = 57345000, rstn = 1, data_out = 09b0
Time = 57355000, rstn = 1, data_out = 09ab
Time = 57365000, rstn = 1, data_out = 09a6
Time = 57375000, rstn = 1, data_out = 09a1
Time = 57385000, rstn = 1, data_out = 099c
Time = 57395000, rstn = 1, data_out = 0997
Time = 57405000, rstn = 1, data_out = 0992
Time = 57415000, rstn = 1, data_out = 098d
Time = 57425000, rstn = 1, data_out = 0988
Time = 57435000, rstn = 1, data_out = 0983
Time = 57445000, rstn = 1, data_out = 097e
Time = 57455000, rstn = 1, data_out = 0978
Time = 57465000, rstn = 1, data_out = 0973
Time = 57475000, rstn = 1, data_out = 096e
Time = 57485000, rstn = 1, data_out = 0969
Time = 57495000, rstn = 1, data_out = 0964
Time = 57505000, rstn = 1, data_out = 095f
Time = 57515000, rstn = 1, data_out = 095a
Time = 57525000, rstn = 1, data_out = 0955
Time = 57535000, rstn = 1, data_out = 0950
Time = 57545000, rstn = 1, data_out = 094b
Time = 57555000, rstn = 1, data_out = 0946
Time = 57565000, rstn = 1, data_out = 0941
Time = 57575000, rstn = 1, data_out = 093c
Time = 57585000, rstn = 1, data_out = 0936
Time = 57595000, rstn = 1, data_out = 0931
Time = 57605000, rstn = 1, data_out = 092c
Time = 57615000, rstn = 1, data_out = 0927
Time = 57625000, rstn = 1, data_out = 0922
Time = 57635000, rstn = 1, data_out = 091d
Time = 57645000, rstn = 1, data_out = 0918
Time = 57655000, rstn = 1, data_out = 0912
Time = 57665000, rstn = 1, data_out = 090d
Time = 57675000, rstn = 1, data_out = 0908
Time = 57685000, rstn = 1, data_out = 0903
Time = 57695000, rstn = 1, data_out = 08fe
Time = 57705000, rstn = 1, data_out = 08f8
Time = 57715000, rstn = 1, data_out = 08f3
Time = 57725000, rstn = 1, data_out = 08ee
Time = 57735000, rstn = 1, data_out = 08e9
Time = 57745000, rstn = 1, data_out = 08e4
Time = 57755000, rstn = 1, data_out = 08de
Time = 57765000, rstn = 1, data_out = 08d9
Time = 57775000, rstn = 1, data_out = 08d4
Time = 57785000, rstn = 1, data_out = 08cf
Time = 57795000, rstn = 1, data_out = 08ca
Time = 57805000, rstn = 1, data_out = 08c4
Time = 57815000, rstn = 1, data_out = 08bf
Time = 57825000, rstn = 1, data_out = 08b9
Time = 57835000, rstn = 1, data_out = 08b4
Time = 57845000, rstn = 1, data_out = 08af
Time = 57855000, rstn = 1, data_out = 08aa
Time = 57865000, rstn = 1, data_out = 08a5
Time = 57875000, rstn = 1, data_out = 08a0
Time = 57885000, rstn = 1, data_out = 089a
Time = 57895000, rstn = 1, data_out = 0895
Time = 57905000, rstn = 1, data_out = 0890
Time = 57915000, rstn = 1, data_out = 088a
Time = 57925000, rstn = 1, data_out = 0885
Time = 57935000, rstn = 1, data_out = 0880
Time = 57945000, rstn = 1, data_out = 087a
Time = 57955000, rstn = 1, data_out = 0875
Time = 57965000, rstn = 1, data_out = 0870
Time = 57975000, rstn = 1, data_out = 086a
Time = 57985000, rstn = 1, data_out = 0865
Time = 57995000, rstn = 1, data_out = 0860
Time = 58005000, rstn = 1, data_out = 085a
Time = 58015000, rstn = 1, data_out = 0855
Time = 58025000, rstn = 1, data_out = 0850
Time = 58035000, rstn = 1, data_out = 084a
Time = 58045000, rstn = 1, data_out = 0845
Time = 58055000, rstn = 1, data_out = 083f
Time = 58065000, rstn = 1, data_out = 083a
Time = 58075000, rstn = 1, data_out = 0835
Time = 58085000, rstn = 1, data_out = 0830
Time = 58095000, rstn = 1, data_out = 0829
Time = 58105000, rstn = 1, data_out = 0824
Time = 58115000, rstn = 1, data_out = 081f
Time = 58125000, rstn = 1, data_out = 081a
Time = 58135000, rstn = 1, data_out = 0814
Time = 58145000, rstn = 1, data_out = 080f
Time = 58155000, rstn = 1, data_out = 080a
Time = 58165000, rstn = 1, data_out = 0803
Time = 58175000, rstn = 1, data_out = 07fe
Time = 58185000, rstn = 1, data_out = 07f9
Time = 58195000, rstn = 1, data_out = 07f4
Time = 58205000, rstn = 1, data_out = 07ee
Time = 58215000, rstn = 1, data_out = 07e9
Time = 58225000, rstn = 1, data_out = 07e4
Time = 58235000, rstn = 1, data_out = 07dd
Time = 58245000, rstn = 1, data_out = 07d8
Time = 58255000, rstn = 1, data_out = 07d3
Time = 58265000, rstn = 1, data_out = 07ce
Time = 58275000, rstn = 1, data_out = 07c7
Time = 58285000, rstn = 1, data_out = 07c2
Time = 58295000, rstn = 1, data_out = 07bd
Time = 58305000, rstn = 1, data_out = 07b8
Time = 58315000, rstn = 1, data_out = 07b1
Time = 58325000, rstn = 1, data_out = 07ac
Time = 58335000, rstn = 1, data_out = 07a7
Time = 58345000, rstn = 1, data_out = 07a2
Time = 58355000, rstn = 1, data_out = 079b
Time = 58365000, rstn = 1, data_out = 0796
Time = 58375000, rstn = 1, data_out = 0791
Time = 58385000, rstn = 1, data_out = 078c
Time = 58395000, rstn = 1, data_out = 0785
Time = 58405000, rstn = 1, data_out = 0780
Time = 58415000, rstn = 1, data_out = 077b
Time = 58425000, rstn = 1, data_out = 0776
Time = 58435000, rstn = 1, data_out = 0770
Time = 58445000, rstn = 1, data_out = 0769
Time = 58455000, rstn = 1, data_out = 0764
Time = 58465000, rstn = 1, data_out = 075f
Time = 58475000, rstn = 1, data_out = 075a
Time = 58485000, rstn = 1, data_out = 0754
Time = 58495000, rstn = 1, data_out = 074d
Time = 58505000, rstn = 1, data_out = 0748
Time = 58515000, rstn = 1, data_out = 0743
Time = 58525000, rstn = 1, data_out = 073e
Time = 58535000, rstn = 1, data_out = 0737
Time = 58545000, rstn = 1, data_out = 0732
Time = 58555000, rstn = 1, data_out = 072d
Time = 58565000, rstn = 1, data_out = 0728
Time = 58575000, rstn = 1, data_out = 0721
Time = 58585000, rstn = 1, data_out = 071c
Time = 58595000, rstn = 1, data_out = 0715
Time = 58605000, rstn = 1, data_out = 0710
Time = 58615000, rstn = 1, data_out = 070b
Time = 58625000, rstn = 1, data_out = 0706
Time = 58635000, rstn = 1, data_out = 0700
Time = 58645000, rstn = 1, data_out = 06f9
Time = 58655000, rstn = 1, data_out = 06f4
Time = 58665000, rstn = 1, data_out = 06ef
Time = 58675000, rstn = 1, data_out = 06ea
Time = 58685000, rstn = 1, data_out = 06e3
Time = 58695000, rstn = 1, data_out = 06de
Time = 58705000, rstn = 1, data_out = 06d7
Time = 58715000, rstn = 1, data_out = 06d2
Time = 58725000, rstn = 1, data_out = 06cd
Time = 58735000, rstn = 1, data_out = 06c8
Time = 58745000, rstn = 1, data_out = 06c1
Time = 58755000, rstn = 1, data_out = 06bc
Time = 58765000, rstn = 1, data_out = 06b6
Time = 58775000, rstn = 1, data_out = 06af
Time = 58785000, rstn = 1, data_out = 06aa
Time = 58795000, rstn = 1, data_out = 06a5
Time = 58805000, rstn = 1, data_out = 06a0
Time = 58815000, rstn = 1, data_out = 0699
Time = 58825000, rstn = 1, data_out = 0694
Time = 58835000, rstn = 1, data_out = 068e
Time = 58845000, rstn = 1, data_out = 0687
Time = 58855000, rstn = 1, data_out = 0682
Time = 58865000, rstn = 1, data_out = 067d
Time = 58875000, rstn = 1, data_out = 0678
Time = 58885000, rstn = 1, data_out = 0671
Time = 58895000, rstn = 1, data_out = 066c
Time = 58905000, rstn = 1, data_out = 0665
Time = 58915000, rstn = 1, data_out = 0660
Time = 58925000, rstn = 1, data_out = 0659
Time = 58935000, rstn = 1, data_out = 0654
Time = 58945000, rstn = 1, data_out = 064f
Time = 58955000, rstn = 1, data_out = 064a
Time = 58965000, rstn = 1, data_out = 0643
Time = 58975000, rstn = 1, data_out = 063e
Time = 58985000, rstn = 1, data_out = 0638
Time = 58995000, rstn = 1, data_out = 0631
Time = 59005000, rstn = 1, data_out = 062c
Time = 59015000, rstn = 1, data_out = 0625
Time = 59025000, rstn = 1, data_out = 0620
Time = 59035000, rstn = 1, data_out = 061b
Time = 59045000, rstn = 1, data_out = 0616
Time = 59055000, rstn = 1, data_out = 060f
Time = 59065000, rstn = 1, data_out = 060a
Time = 59075000, rstn = 1, data_out = 0603
Time = 59085000, rstn = 1, data_out = 05fe
Time = 59095000, rstn = 1, data_out = 05f8
Time = 59105000, rstn = 1, data_out = 05f1
Time = 59115000, rstn = 1, data_out = 05ec
Time = 59125000, rstn = 1, data_out = 05e5
Time = 59135000, rstn = 1, data_out = 05e0
Time = 59145000, rstn = 1, data_out = 05db
Time = 59155000, rstn = 1, data_out = 05d6
Time = 59165000, rstn = 1, data_out = 05cf
Time = 59175000, rstn = 1, data_out = 05ca
Time = 59185000, rstn = 1, data_out = 05c3
Time = 59195000, rstn = 1, data_out = 05be
Time = 59205000, rstn = 1, data_out = 05b8
Time = 59215000, rstn = 1, data_out = 05b2
Time = 59225000, rstn = 1, data_out = 05ac
Time = 59235000, rstn = 1, data_out = 05a6
Time = 59245000, rstn = 1, data_out = 05a0
Time = 59255000, rstn = 1, data_out = 0599
Time = 59265000, rstn = 1, data_out = 0594
Time = 59275000, rstn = 1, data_out = 058d
Time = 59285000, rstn = 1, data_out = 0588
Time = 59295000, rstn = 1, data_out = 0583
Time = 59305000, rstn = 1, data_out = 057e
Time = 59315000, rstn = 1, data_out = 0577
Time = 59325000, rstn = 1, data_out = 0572
Time = 59335000, rstn = 1, data_out = 056b
Time = 59345000, rstn = 1, data_out = 0566
Time = 59355000, rstn = 1, data_out = 0560
Time = 59365000, rstn = 1, data_out = 055a
Time = 59375000, rstn = 1, data_out = 0554
Time = 59385000, rstn = 1, data_out = 054e
Time = 59395000, rstn = 1, data_out = 0548
Time = 59405000, rstn = 1, data_out = 0542
Time = 59415000, rstn = 1, data_out = 053c
Time = 59425000, rstn = 1, data_out = 0536
Time = 59435000, rstn = 1, data_out = 0530
Time = 59445000, rstn = 1, data_out = 052a
Time = 59455000, rstn = 1, data_out = 0524
Time = 59465000, rstn = 1, data_out = 051e
Time = 59475000, rstn = 1, data_out = 0518
Time = 59485000, rstn = 1, data_out = 0512
Time = 59495000, rstn = 1, data_out = 050c
Time = 59505000, rstn = 1, data_out = 0506
Time = 59515000, rstn = 1, data_out = 0500
Time = 59525000, rstn = 1, data_out = 04fa
Time = 59535000, rstn = 1, data_out = 04f4
Time = 59545000, rstn = 1, data_out = 04ee
Time = 59555000, rstn = 1, data_out = 04e8
Time = 59565000, rstn = 1, data_out = 04e2
Time = 59575000, rstn = 1, data_out = 04dc
Time = 59585000, rstn = 1, data_out = 04d6
Time = 59595000, rstn = 1, data_out = 04d0
Time = 59605000, rstn = 1, data_out = 04ca
Time = 59615000, rstn = 1, data_out = 04c4
Time = 59625000, rstn = 1, data_out = 04be
Time = 59635000, rstn = 1, data_out = 04b8
Time = 59645000, rstn = 1, data_out = 04b2
Time = 59655000, rstn = 1, data_out = 04ac
Time = 59665000, rstn = 1, data_out = 04a6
Time = 59675000, rstn = 1, data_out = 04a0
Time = 59685000, rstn = 1, data_out = 049a
Time = 59695000, rstn = 1, data_out = 0494
Time = 59705000, rstn = 1, data_out = 048e
Time = 59715000, rstn = 1, data_out = 0488
Time = 59725000, rstn = 1, data_out = 0482
Time = 59735000, rstn = 1, data_out = 047c
Time = 59745000, rstn = 1, data_out = 0476
Time = 59755000, rstn = 1, data_out = 0470
Time = 59765000, rstn = 1, data_out = 046a
Time = 59775000, rstn = 1, data_out = 0464
Time = 59785000, rstn = 1, data_out = 045e
Time = 59795000, rstn = 1, data_out = 0458
Time = 59805000, rstn = 1, data_out = 0452
Time = 59815000, rstn = 1, data_out = 044c
Time = 59825000, rstn = 1, data_out = 0446
Time = 59835000, rstn = 1, data_out = 0440
Time = 59845000, rstn = 1, data_out = 043a
Time = 59855000, rstn = 1, data_out = 0434
Time = 59865000, rstn = 1, data_out = 042e
Time = 59875000, rstn = 1, data_out = 0428
Time = 59885000, rstn = 1, data_out = 0422
Time = 59895000, rstn = 1, data_out = 041c
Time = 59905000, rstn = 1, data_out = 0416
Time = 59915000, rstn = 1, data_out = 0410
Time = 59925000, rstn = 1, data_out = 040a
Time = 59935000, rstn = 1, data_out = 0404
Time = 59945000, rstn = 1, data_out = 03fe
Time = 59955000, rstn = 1, data_out = 03f8
Time = 59965000, rstn = 1, data_out = 03f2
Time = 59975000, rstn = 1, data_out = 03eb
Time = 59985000, rstn = 1, data_out = 03e6
Time = 59995000, rstn = 1, data_out = 03df
Time = 60005000, rstn = 1, data_out = 03da
Time = 60015000, rstn = 1, data_out = 03d3
Time = 60025000, rstn = 1, data_out = 03cc
Time = 60035000, rstn = 1, data_out = 03c5
Time = 60045000, rstn = 1, data_out = 03c0
Time = 60055000, rstn = 1, data_out = 03b9
Time = 60065000, rstn = 1, data_out = 03b4
Time = 60075000, rstn = 1, data_out = 03ae
Time = 60085000, rstn = 1, data_out = 03a8
Time = 60095000, rstn = 1, data_out = 03a2
Time = 60105000, rstn = 1, data_out = 039c
Time = 60115000, rstn = 1, data_out = 0396
Time = 60125000, rstn = 1, data_out = 0390
Time = 60135000, rstn = 1, data_out = 038a
Time = 60145000, rstn = 1, data_out = 0383
Time = 60155000, rstn = 1, data_out = 037e
Time = 60165000, rstn = 1, data_out = 0377
Time = 60175000, rstn = 1, data_out = 0372
Time = 60185000, rstn = 1, data_out = 036b
Time = 60195000, rstn = 1, data_out = 0364
Time = 60205000, rstn = 1, data_out = 035d
Time = 60215000, rstn = 1, data_out = 0358
Time = 60225000, rstn = 1, data_out = 0351
Time = 60235000, rstn = 1, data_out = 034c
Time = 60245000, rstn = 1, data_out = 0346
Time = 60255000, rstn = 1, data_out = 0340
Time = 60265000, rstn = 1, data_out = 033a
Time = 60275000, rstn = 1, data_out = 0334
Time = 60285000, rstn = 1, data_out = 032d
Time = 60295000, rstn = 1, data_out = 0328
Time = 60305000, rstn = 1, data_out = 0321
Time = 60315000, rstn = 1, data_out = 031c
Time = 60325000, rstn = 1, data_out = 0315
Time = 60335000, rstn = 1, data_out = 030e
Time = 60345000, rstn = 1, data_out = 0307
Time = 60355000, rstn = 1, data_out = 0302
Time = 60365000, rstn = 1, data_out = 02fb
Time = 60375000, rstn = 1, data_out = 02f6
Time = 60385000, rstn = 1, data_out = 02f0
Time = 60395000, rstn = 1, data_out = 02ea
Time = 60405000, rstn = 1, data_out = 02e3
Time = 60415000, rstn = 1, data_out = 02de
Time = 60425000, rstn = 1, data_out = 02d7
Time = 60435000, rstn = 1, data_out = 02d2
Time = 60445000, rstn = 1, data_out = 02cb
Time = 60455000, rstn = 1, data_out = 02c4
Time = 60465000, rstn = 1, data_out = 02bd
Time = 60475000, rstn = 1, data_out = 02b8
Time = 60485000, rstn = 1, data_out = 02b1
Time = 60495000, rstn = 1, data_out = 02ac
Time = 60505000, rstn = 1, data_out = 02a5
Time = 60515000, rstn = 1, data_out = 02a0
Time = 60525000, rstn = 1, data_out = 0299
Time = 60535000, rstn = 1, data_out = 0294
Time = 60545000, rstn = 1, data_out = 028d
Time = 60555000, rstn = 1, data_out = 0286
Time = 60565000, rstn = 1, data_out = 027f
Time = 60575000, rstn = 1, data_out = 027a
Time = 60585000, rstn = 1, data_out = 0273
Time = 60595000, rstn = 1, data_out = 026e
Time = 60605000, rstn = 1, data_out = 0267
Time = 60615000, rstn = 1, data_out = 0262
Time = 60625000, rstn = 1, data_out = 025b
Time = 60635000, rstn = 1, data_out = 0256
Time = 60645000, rstn = 1, data_out = 024f
Time = 60655000, rstn = 1, data_out = 0248
Time = 60665000, rstn = 1, data_out = 0241
Time = 60675000, rstn = 1, data_out = 023c
Time = 60685000, rstn = 1, data_out = 0235
Time = 60695000, rstn = 1, data_out = 0230
Time = 60705000, rstn = 1, data_out = 022a
Time = 60715000, rstn = 1, data_out = 0223
Time = 60725000, rstn = 1, data_out = 021e
Time = 60735000, rstn = 1, data_out = 0217
Time = 60745000, rstn = 1, data_out = 0210
Time = 60755000, rstn = 1, data_out = 0209
Time = 60765000, rstn = 1, data_out = 0204
Time = 60775000, rstn = 1, data_out = 01fd
Time = 60785000, rstn = 1, data_out = 01f8
Time = 60795000, rstn = 1, data_out = 01f2
Time = 60805000, rstn = 1, data_out = 01eb
Time = 60815000, rstn = 1, data_out = 01e6
Time = 60825000, rstn = 1, data_out = 01df
Time = 60835000, rstn = 1, data_out = 01d8
Time = 60845000, rstn = 1, data_out = 01d1
Time = 60855000, rstn = 1, data_out = 01cc
Time = 60865000, rstn = 1, data_out = 01c5
Time = 60875000, rstn = 1, data_out = 01c0
Time = 60885000, rstn = 1, data_out = 01b9
Time = 60895000, rstn = 1, data_out = 01b4
Time = 60905000, rstn = 1, data_out = 01ad
Time = 60915000, rstn = 1, data_out = 01a6
Time = 60925000, rstn = 1, data_out = 019f
Time = 60935000, rstn = 1, data_out = 019a
Time = 60945000, rstn = 1, data_out = 0193
Time = 60955000, rstn = 1, data_out = 018e
Time = 60965000, rstn = 1, data_out = 0187
Time = 60975000, rstn = 1, data_out = 0182
Time = 60985000, rstn = 1, data_out = 017b
Time = 60995000, rstn = 1, data_out = 0174
Time = 61005000, rstn = 1, data_out = 016d
Time = 61015000, rstn = 1, data_out = 0168
Time = 61025000, rstn = 1, data_out = 0161
Time = 61035000, rstn = 1, data_out = 015c
Time = 61045000, rstn = 1, data_out = 0155
Time = 61055000, rstn = 1, data_out = 0150
Time = 61065000, rstn = 1, data_out = 0149
Time = 61075000, rstn = 1, data_out = 0142
Time = 61085000, rstn = 1, data_out = 013b
Time = 61095000, rstn = 1, data_out = 0136
Time = 61105000, rstn = 1, data_out = 012f
Time = 61115000, rstn = 1, data_out = 012a
Time = 61125000, rstn = 1, data_out = 0123
Time = 61135000, rstn = 1, data_out = 011e
Time = 61145000, rstn = 1, data_out = 0117
Time = 61155000, rstn = 1, data_out = 0110
Time = 61165000, rstn = 1, data_out = 0109
Time = 61175000, rstn = 1, data_out = 0104
Time = 61185000, rstn = 1, data_out = 00fe
Time = 61195000, rstn = 1, data_out = 00f7
Time = 61205000, rstn = 1, data_out = 00f2
Time = 61215000, rstn = 1, data_out = 00eb
Time = 61225000, rstn = 1, data_out = 00e4
Time = 61235000, rstn = 1, data_out = 00dd
Time = 61245000, rstn = 1, data_out = 00d8
Time = 61255000, rstn = 1, data_out = 00d1
Time = 61265000, rstn = 1, data_out = 00cc
Time = 61275000, rstn = 1, data_out = 00c5
Time = 61285000, rstn = 1, data_out = 00c0
Time = 61295000, rstn = 1, data_out = 00b9
Time = 61305000, rstn = 1, data_out = 00b2
Time = 61315000, rstn = 1, data_out = 00ab
Time = 61325000, rstn = 1, data_out = 00a6
Time = 61335000, rstn = 1, data_out = 00a0
Time = 61345000, rstn = 1, data_out = 0099
Time = 61355000, rstn = 1, data_out = 0094
Time = 61365000, rstn = 1, data_out = 008d
Time = 61375000, rstn = 1, data_out = 0086
Time = 61385000, rstn = 1, data_out = 007f
Time = 61395000, rstn = 1, data_out = 007a
Time = 61405000, rstn = 1, data_out = 0073
Time = 61415000, rstn = 1, data_out = 006e
Time = 61425000, rstn = 1, data_out = 0067
Time = 61435000, rstn = 1, data_out = 0062
Time = 61445000, rstn = 1, data_out = 005b
Time = 61455000, rstn = 1, data_out = 0054
Time = 61465000, rstn = 1, data_out = 004d
Time = 61475000, rstn = 1, data_out = 0048
Time = 61485000, rstn = 1, data_out = 0042
Time = 61495000, rstn = 1, data_out = 003b
Time = 61505000, rstn = 1, data_out = 0036
Time = 61515000, rstn = 1, data_out = 002f
Time = 61525000, rstn = 1, data_out = 0028
Time = 61535000, rstn = 1, data_out = 0021
Time = 61545000, rstn = 1, data_out = 001c
Time = 61555000, rstn = 1, data_out = 0016
Time = 61565000, rstn = 1, data_out = 000f
Time = 61575000, rstn = 1, data_out = 000a
Time = 61585000, rstn = 1, data_out = 0003
Time = 61595000, rstn = 1, data_out = fffc
Time = 61605000, rstn = 1, data_out = fff5
Time = 61615000, rstn = 1, data_out = fff0
Time = 61625000, rstn = 1, data_out = ffea
Time = 61635000, rstn = 1, data_out = ffe3
Time = 61645000, rstn = 1, data_out = ffde
Time = 61655000, rstn = 1, data_out = ffd7
Time = 61665000, rstn = 1, data_out = ffd0
Time = 61675000, rstn = 1, data_out = ffc9
Time = 61685000, rstn = 1, data_out = ffc4
Time = 61695000, rstn = 1, data_out = ffbe
Time = 61705000, rstn = 1, data_out = ffb7
Time = 61715000, rstn = 1, data_out = ffb2
Time = 61725000, rstn = 1, data_out = ffab
Time = 61735000, rstn = 1, data_out = ffa4
Time = 61745000, rstn = 1, data_out = ff9d
Time = 61755000, rstn = 1, data_out = ff98
Time = 61765000, rstn = 1, data_out = ff91
Time = 61775000, rstn = 1, data_out = ff8c
Time = 61785000, rstn = 1, data_out = ff85
Time = 61795000, rstn = 1, data_out = ff80
Time = 61805000, rstn = 1, data_out = ff79
Time = 61815000, rstn = 1, data_out = ff72
Time = 61825000, rstn = 1, data_out = ff6b
Time = 61835000, rstn = 1, data_out = ff66
Time = 61845000, rstn = 1, data_out = ff60
Time = 61855000, rstn = 1, data_out = ff59
Time = 61865000, rstn = 1, data_out = ff54
Time = 61875000, rstn = 1, data_out = ff4d
Time = 61885000, rstn = 1, data_out = ff46
Time = 61895000, rstn = 1, data_out = ff3f
Time = 61905000, rstn = 1, data_out = ff3a
Time = 61915000, rstn = 1, data_out = ff33
Time = 61925000, rstn = 1, data_out = ff2e
Time = 61935000, rstn = 1, data_out = ff27
Time = 61945000, rstn = 1, data_out = ff22
Time = 61955000, rstn = 1, data_out = ff1b
Time = 61965000, rstn = 1, data_out = ff14
Time = 61975000, rstn = 1, data_out = ff0d
Time = 61985000, rstn = 1, data_out = ff08
Time = 61995000, rstn = 1, data_out = ff02
Time = 62005000, rstn = 1, data_out = fefb
Time = 62015000, rstn = 1, data_out = fef6
Time = 62025000, rstn = 1, data_out = feef
Time = 62035000, rstn = 1, data_out = fee8
Time = 62045000, rstn = 1, data_out = fee1
Time = 62055000, rstn = 1, data_out = fedc
Time = 62065000, rstn = 1, data_out = fed5
Time = 62075000, rstn = 1, data_out = fed0
Time = 62085000, rstn = 1, data_out = fec9
Time = 62095000, rstn = 1, data_out = fec4
Time = 62105000, rstn = 1, data_out = febd
Time = 62115000, rstn = 1, data_out = feb6
Time = 62125000, rstn = 1, data_out = feaf
Time = 62135000, rstn = 1, data_out = feaa
Time = 62145000, rstn = 1, data_out = fea3
Time = 62155000, rstn = 1, data_out = fe9e
Time = 62165000, rstn = 1, data_out = fe97
Time = 62175000, rstn = 1, data_out = fe92
Time = 62185000, rstn = 1, data_out = fe8b
Time = 62195000, rstn = 1, data_out = fe84
Time = 62205000, rstn = 1, data_out = fe7d
Time = 62215000, rstn = 1, data_out = fe78
Time = 62225000, rstn = 1, data_out = fe71
Time = 62235000, rstn = 1, data_out = fe6c
Time = 62245000, rstn = 1, data_out = fe65
Time = 62255000, rstn = 1, data_out = fe60
Time = 62265000, rstn = 1, data_out = fe59
Time = 62275000, rstn = 1, data_out = fe52
Time = 62285000, rstn = 1, data_out = fe4b
Time = 62295000, rstn = 1, data_out = fe46
Time = 62305000, rstn = 1, data_out = fe3f
Time = 62315000, rstn = 1, data_out = fe3a
Time = 62325000, rstn = 1, data_out = fe33
Time = 62335000, rstn = 1, data_out = fe2e
Time = 62345000, rstn = 1, data_out = fe27
Time = 62355000, rstn = 1, data_out = fe20
Time = 62365000, rstn = 1, data_out = fe19
Time = 62375000, rstn = 1, data_out = fe14
Time = 62385000, rstn = 1, data_out = fe0d
Time = 62395000, rstn = 1, data_out = fe08
Time = 62405000, rstn = 1, data_out = fe02
Time = 62415000, rstn = 1, data_out = fdfb
Time = 62425000, rstn = 1, data_out = fdf6
Time = 62435000, rstn = 1, data_out = fdef
Time = 62445000, rstn = 1, data_out = fde8
Time = 62455000, rstn = 1, data_out = fde1
Time = 62465000, rstn = 1, data_out = fddc
Time = 62475000, rstn = 1, data_out = fdd5
Time = 62485000, rstn = 1, data_out = fdd0
Time = 62495000, rstn = 1, data_out = fdca
Time = 62505000, rstn = 1, data_out = fdc3
Time = 62515000, rstn = 1, data_out = fdbe
Time = 62525000, rstn = 1, data_out = fdb7
Time = 62535000, rstn = 1, data_out = fdb0
Time = 62545000, rstn = 1, data_out = fda9
Time = 62555000, rstn = 1, data_out = fda4
Time = 62565000, rstn = 1, data_out = fd9d
Time = 62575000, rstn = 1, data_out = fd98
Time = 62585000, rstn = 1, data_out = fd91
Time = 62595000, rstn = 1, data_out = fd8c
Time = 62605000, rstn = 1, data_out = fd85
Time = 62615000, rstn = 1, data_out = fd80
Time = 62625000, rstn = 1, data_out = fd79
Time = 62635000, rstn = 1, data_out = fd72
Time = 62645000, rstn = 1, data_out = fd6b
Time = 62655000, rstn = 1, data_out = fd66
Time = 62665000, rstn = 1, data_out = fd5f
Time = 62675000, rstn = 1, data_out = fd5a
Time = 62685000, rstn = 1, data_out = fd53
Time = 62695000, rstn = 1, data_out = fd4e
Time = 62705000, rstn = 1, data_out = fd47
Time = 62715000, rstn = 1, data_out = fd42
Time = 62725000, rstn = 1, data_out = fd3b
Time = 62735000, rstn = 1, data_out = fd34
Time = 62745000, rstn = 1, data_out = fd2d
Time = 62755000, rstn = 1, data_out = fd28
Time = 62765000, rstn = 1, data_out = fd21
Time = 62775000, rstn = 1, data_out = fd1c
Time = 62785000, rstn = 1, data_out = fd16
Time = 62795000, rstn = 1, data_out = fd10
Time = 62805000, rstn = 1, data_out = fd09
Time = 62815000, rstn = 1, data_out = fd04
Time = 62825000, rstn = 1, data_out = fcfd
Time = 62835000, rstn = 1, data_out = fcf8
Time = 62845000, rstn = 1, data_out = fcf1
Time = 62855000, rstn = 1, data_out = fcea
Time = 62865000, rstn = 1, data_out = fce3
Time = 62875000, rstn = 1, data_out = fcde
Time = 62885000, rstn = 1, data_out = fcd7
Time = 62895000, rstn = 1, data_out = fcd2
Time = 62905000, rstn = 1, data_out = fccc
Time = 62915000, rstn = 1, data_out = fcc6
Time = 62925000, rstn = 1, data_out = fcc0
Time = 62935000, rstn = 1, data_out = fcba
Time = 62945000, rstn = 1, data_out = fcb3
Time = 62955000, rstn = 1, data_out = fcae
Time = 62965000, rstn = 1, data_out = fca7
Time = 62975000, rstn = 1, data_out = fca2
Time = 62985000, rstn = 1, data_out = fc9b
Time = 62995000, rstn = 1, data_out = fc94
Time = 63005000, rstn = 1, data_out = fc8d
Time = 63015000, rstn = 1, data_out = fc88
Time = 63025000, rstn = 1, data_out = fc81
Time = 63035000, rstn = 1, data_out = fc7c
Time = 63045000, rstn = 1, data_out = fc76
Time = 63055000, rstn = 1, data_out = fc70
Time = 63065000, rstn = 1, data_out = fc6a
Time = 63075000, rstn = 1, data_out = fc64
Time = 63085000, rstn = 1, data_out = fc5e
Time = 63095000, rstn = 1, data_out = fc58
Time = 63105000, rstn = 1, data_out = fc52
Time = 63115000, rstn = 1, data_out = fc4b
Time = 63125000, rstn = 1, data_out = fc46
Time = 63135000, rstn = 1, data_out = fc3f
Time = 63145000, rstn = 1, data_out = fc3a
Time = 63155000, rstn = 1, data_out = fc33
Time = 63165000, rstn = 1, data_out = fc2c
Time = 63175000, rstn = 1, data_out = fc25
Time = 63185000, rstn = 1, data_out = fc20
Time = 63195000, rstn = 1, data_out = fc19
Time = 63205000, rstn = 1, data_out = fc14
Time = 63215000, rstn = 1, data_out = fc0e
Time = 63225000, rstn = 1, data_out = fc08
Time = 63235000, rstn = 1, data_out = fc02
Time = 63245000, rstn = 1, data_out = fbfc
Time = 63255000, rstn = 1, data_out = fbf6
Time = 63265000, rstn = 1, data_out = fbf0
Time = 63275000, rstn = 1, data_out = fbea
Time = 63285000, rstn = 1, data_out = fbe4
Time = 63295000, rstn = 1, data_out = fbde
Time = 63305000, rstn = 1, data_out = fbd8
Time = 63315000, rstn = 1, data_out = fbd2
Time = 63325000, rstn = 1, data_out = fbcc
Time = 63335000, rstn = 1, data_out = fbc6
Time = 63345000, rstn = 1, data_out = fbc0
Time = 63355000, rstn = 1, data_out = fbba
Time = 63365000, rstn = 1, data_out = fbb4
Time = 63375000, rstn = 1, data_out = fbae
Time = 63385000, rstn = 1, data_out = fba8
Time = 63395000, rstn = 1, data_out = fba2
Time = 63405000, rstn = 1, data_out = fb9c
Time = 63415000, rstn = 1, data_out = fb96
Time = 63425000, rstn = 1, data_out = fb90
Time = 63435000, rstn = 1, data_out = fb8a
Time = 63445000, rstn = 1, data_out = fb84
Time = 63455000, rstn = 1, data_out = fb7e
Time = 63465000, rstn = 1, data_out = fb78
Time = 63475000, rstn = 1, data_out = fb72
Time = 63485000, rstn = 1, data_out = fb6c
Time = 63495000, rstn = 1, data_out = fb66
Time = 63505000, rstn = 1, data_out = fb60
Time = 63515000, rstn = 1, data_out = fb5a
Time = 63525000, rstn = 1, data_out = fb54
Time = 63535000, rstn = 1, data_out = fb4e
Time = 63545000, rstn = 1, data_out = fb48
Time = 63555000, rstn = 1, data_out = fb42
Time = 63565000, rstn = 1, data_out = fb3c
Time = 63575000, rstn = 1, data_out = fb36
Time = 63585000, rstn = 1, data_out = fb30
Time = 63595000, rstn = 1, data_out = fb2a
Time = 63605000, rstn = 1, data_out = fb24
Time = 63615000, rstn = 1, data_out = fb1e
Time = 63625000, rstn = 1, data_out = fb18
Time = 63635000, rstn = 1, data_out = fb12
Time = 63645000, rstn = 1, data_out = fb0c
Time = 63655000, rstn = 1, data_out = fb06
Time = 63665000, rstn = 1, data_out = fb00
Time = 63675000, rstn = 1, data_out = fafa
Time = 63685000, rstn = 1, data_out = faf4
Time = 63695000, rstn = 1, data_out = faee
Time = 63705000, rstn = 1, data_out = fae8
Time = 63715000, rstn = 1, data_out = fae2
Time = 63725000, rstn = 1, data_out = fadc
Time = 63735000, rstn = 1, data_out = fad6
Time = 63745000, rstn = 1, data_out = fad0
Time = 63755000, rstn = 1, data_out = faca
Time = 63765000, rstn = 1, data_out = fac4
Time = 63775000, rstn = 1, data_out = fabe
Time = 63785000, rstn = 1, data_out = fab8
Time = 63795000, rstn = 1, data_out = fab2
Time = 63805000, rstn = 1, data_out = faac
Time = 63815000, rstn = 1, data_out = faa6
Time = 63825000, rstn = 1, data_out = faa0
Time = 63835000, rstn = 1, data_out = fa9a
Time = 63845000, rstn = 1, data_out = fa94
Time = 63855000, rstn = 1, data_out = fa8d
Time = 63865000, rstn = 1, data_out = fa88
Time = 63875000, rstn = 1, data_out = fa81
Time = 63885000, rstn = 1, data_out = fa7c
Time = 63895000, rstn = 1, data_out = fa77
Time = 63905000, rstn = 1, data_out = fa72
Time = 63915000, rstn = 1, data_out = fa6b
Time = 63925000, rstn = 1, data_out = fa66
Time = 63935000, rstn = 1, data_out = fa5f
Time = 63945000, rstn = 1, data_out = fa5a
Time = 63955000, rstn = 1, data_out = fa54
Time = 63965000, rstn = 1, data_out = fa4e
Time = 63975000, rstn = 1, data_out = fa48
Time = 63985000, rstn = 1, data_out = fa42
Time = 63995000, rstn = 1, data_out = fa3c
Time = 64005000, rstn = 1, data_out = fa35
Time = 64015000, rstn = 1, data_out = fa30
Time = 64025000, rstn = 1, data_out = fa29
Time = 64035000, rstn = 1, data_out = fa24
Time = 64045000, rstn = 1, data_out = fa1f
Time = 64055000, rstn = 1, data_out = fa1a
Time = 64065000, rstn = 1, data_out = fa13
Time = 64075000, rstn = 1, data_out = fa0e
Time = 64085000, rstn = 1, data_out = fa07
Time = 64095000, rstn = 1, data_out = fa02
Time = 64105000, rstn = 1, data_out = f9fc
Time = 64115000, rstn = 1, data_out = f9f5
Time = 64125000, rstn = 1, data_out = f9f0
Time = 64135000, rstn = 1, data_out = f9e9
Time = 64145000, rstn = 1, data_out = f9e4
Time = 64155000, rstn = 1, data_out = f9df
Time = 64165000, rstn = 1, data_out = f9da
Time = 64175000, rstn = 1, data_out = f9d3
Time = 64185000, rstn = 1, data_out = f9ce
Time = 64195000, rstn = 1, data_out = f9c8
Time = 64205000, rstn = 1, data_out = f9c1
Time = 64215000, rstn = 1, data_out = f9bc
Time = 64225000, rstn = 1, data_out = f9b5
Time = 64235000, rstn = 1, data_out = f9b0
Time = 64245000, rstn = 1, data_out = f9ab
Time = 64255000, rstn = 1, data_out = f9a6
Time = 64265000, rstn = 1, data_out = f99f
Time = 64275000, rstn = 1, data_out = f99a
Time = 64285000, rstn = 1, data_out = f993
Time = 64295000, rstn = 1, data_out = f98e
Time = 64305000, rstn = 1, data_out = f987
Time = 64315000, rstn = 1, data_out = f982
Time = 64325000, rstn = 1, data_out = f97d
Time = 64335000, rstn = 1, data_out = f978
Time = 64345000, rstn = 1, data_out = f971
Time = 64355000, rstn = 1, data_out = f96c
Time = 64365000, rstn = 1, data_out = f966
Time = 64375000, rstn = 1, data_out = f95f
Time = 64385000, rstn = 1, data_out = f95a
Time = 64395000, rstn = 1, data_out = f955
Time = 64405000, rstn = 1, data_out = f950
Time = 64415000, rstn = 1, data_out = f949
Time = 64425000, rstn = 1, data_out = f944
Time = 64435000, rstn = 1, data_out = f93e
Time = 64445000, rstn = 1, data_out = f937
Time = 64455000, rstn = 1, data_out = f932
Time = 64465000, rstn = 1, data_out = f92d
Time = 64475000, rstn = 1, data_out = f928
Time = 64485000, rstn = 1, data_out = f921
Time = 64495000, rstn = 1, data_out = f91c
Time = 64505000, rstn = 1, data_out = f915
Time = 64515000, rstn = 1, data_out = f910
Time = 64525000, rstn = 1, data_out = f90b
Time = 64535000, rstn = 1, data_out = f906
Time = 64545000, rstn = 1, data_out = f900
Time = 64555000, rstn = 1, data_out = f8f9
Time = 64565000, rstn = 1, data_out = f8f4
Time = 64575000, rstn = 1, data_out = f8ef
Time = 64585000, rstn = 1, data_out = f8ea
Time = 64595000, rstn = 1, data_out = f8e3
Time = 64605000, rstn = 1, data_out = f8de
Time = 64615000, rstn = 1, data_out = f8d7
Time = 64625000, rstn = 1, data_out = f8d2
Time = 64635000, rstn = 1, data_out = f8cd
Time = 64645000, rstn = 1, data_out = f8c8
Time = 64655000, rstn = 1, data_out = f8c1
Time = 64665000, rstn = 1, data_out = f8bc
Time = 64675000, rstn = 1, data_out = f8b7
Time = 64685000, rstn = 1, data_out = f8b2
Time = 64695000, rstn = 1, data_out = f8ac
Time = 64705000, rstn = 1, data_out = f8a5
Time = 64715000, rstn = 1, data_out = f8a0
Time = 64725000, rstn = 1, data_out = f89b
Time = 64735000, rstn = 1, data_out = f896
Time = 64745000, rstn = 1, data_out = f890
Time = 64755000, rstn = 1, data_out = f889
Time = 64765000, rstn = 1, data_out = f884
Time = 64775000, rstn = 1, data_out = f87f
Time = 64785000, rstn = 1, data_out = f87a
Time = 64795000, rstn = 1, data_out = f873
Time = 64805000, rstn = 1, data_out = f86e
Time = 64815000, rstn = 1, data_out = f869
Time = 64825000, rstn = 1, data_out = f864
Time = 64835000, rstn = 1, data_out = f85d
Time = 64845000, rstn = 1, data_out = f858
Time = 64855000, rstn = 1, data_out = f853
Time = 64865000, rstn = 1, data_out = f84e
Time = 64875000, rstn = 1, data_out = f847
Time = 64885000, rstn = 1, data_out = f842
Time = 64895000, rstn = 1, data_out = f83d
Time = 64905000, rstn = 1, data_out = f838
Time = 64915000, rstn = 1, data_out = f831
Time = 64925000, rstn = 1, data_out = f82c
Time = 64935000, rstn = 1, data_out = f827
Time = 64945000, rstn = 1, data_out = f822
Time = 64955000, rstn = 1, data_out = f81b
Time = 64965000, rstn = 1, data_out = f816
Time = 64975000, rstn = 1, data_out = f811
Time = 64985000, rstn = 1, data_out = f80c
Time = 64995000, rstn = 1, data_out = f806
Time = 65005000, rstn = 1, data_out = f801
Time = 65015000, rstn = 1, data_out = f7fc
Time = 65025000, rstn = 1, data_out = f7f5
Time = 65035000, rstn = 1, data_out = f7f0
Time = 65045000, rstn = 1, data_out = f7eb
Time = 65055000, rstn = 1, data_out = f7e6
Time = 65065000, rstn = 1, data_out = f7e0
Time = 65075000, rstn = 1, data_out = f7db
Time = 65085000, rstn = 1, data_out = f7d6
Time = 65095000, rstn = 1, data_out = f7cf
Time = 65105000, rstn = 1, data_out = f7ca
Time = 65115000, rstn = 1, data_out = f7c5
Time = 65125000, rstn = 1, data_out = f7c0
Time = 65135000, rstn = 1, data_out = f7ba
Time = 65145000, rstn = 1, data_out = f7b5
Time = 65155000, rstn = 1, data_out = f7b0
Time = 65165000, rstn = 1, data_out = f7aa
Time = 65175000, rstn = 1, data_out = f7a5
Time = 65185000, rstn = 1, data_out = f7a0
Time = 65195000, rstn = 1, data_out = f79a
Time = 65205000, rstn = 1, data_out = f795
Time = 65215000, rstn = 1, data_out = f790
Time = 65225000, rstn = 1, data_out = f78a
Time = 65235000, rstn = 1, data_out = f785
Time = 65245000, rstn = 1, data_out = f780
Time = 65255000, rstn = 1, data_out = f77a
Time = 65265000, rstn = 1, data_out = f775
Time = 65275000, rstn = 1, data_out = f770
Time = 65285000, rstn = 1, data_out = f76a
Time = 65295000, rstn = 1, data_out = f765
Time = 65305000, rstn = 1, data_out = f75f
Time = 65315000, rstn = 1, data_out = f75a
Time = 65325000, rstn = 1, data_out = f755
Time = 65335000, rstn = 1, data_out = f750
Time = 65345000, rstn = 1, data_out = f74b
Time = 65355000, rstn = 1, data_out = f746
Time = 65365000, rstn = 1, data_out = f740
Time = 65375000, rstn = 1, data_out = f73b
Time = 65385000, rstn = 1, data_out = f735
Time = 65395000, rstn = 1, data_out = f730
Time = 65405000, rstn = 1, data_out = f72b
Time = 65415000, rstn = 1, data_out = f726
Time = 65425000, rstn = 1, data_out = f721
Time = 65435000, rstn = 1, data_out = f71c
Time = 65445000, rstn = 1, data_out = f716
Time = 65455000, rstn = 1, data_out = f711
Time = 65465000, rstn = 1, data_out = f70c
Time = 65475000, rstn = 1, data_out = f707
Time = 65485000, rstn = 1, data_out = f702
Time = 65495000, rstn = 1, data_out = f6fc
Time = 65505000, rstn = 1, data_out = f6f7
Time = 65515000, rstn = 1, data_out = f6f2
Time = 65525000, rstn = 1, data_out = f6ed
Time = 65535000, rstn = 1, data_out = f6e8
Time = 65545000, rstn = 1, data_out = f6e2
Time = 65555000, rstn = 1, data_out = f6dd
Time = 65565000, rstn = 1, data_out = f6d8
Time = 65575000, rstn = 1, data_out = f6d3
Time = 65585000, rstn = 1, data_out = f6ce
Time = 65595000, rstn = 1, data_out = f6c9
Time = 65605000, rstn = 1, data_out = f6c4
Time = 65615000, rstn = 1, data_out = f6be
Time = 65625000, rstn = 1, data_out = f6b9
Time = 65635000, rstn = 1, data_out = f6b4
Time = 65645000, rstn = 1, data_out = f6af
Time = 65655000, rstn = 1, data_out = f6aa
Time = 65665000, rstn = 1, data_out = f6a5
Time = 65675000, rstn = 1, data_out = f6a0
Time = 65685000, rstn = 1, data_out = f69b
Time = 65695000, rstn = 1, data_out = f696
Time = 65705000, rstn = 1, data_out = f691
Time = 65715000, rstn = 1, data_out = f68c
Time = 65725000, rstn = 1, data_out = f687
Time = 65735000, rstn = 1, data_out = f682
Time = 65745000, rstn = 1, data_out = f67c
Time = 65755000, rstn = 1, data_out = f677
Time = 65765000, rstn = 1, data_out = f672
Time = 65775000, rstn = 1, data_out = f66d
Time = 65785000, rstn = 1, data_out = f668
Time = 65795000, rstn = 1, data_out = f663
Time = 65805000, rstn = 1, data_out = f65e
Time = 65815000, rstn = 1, data_out = f659
Time = 65825000, rstn = 1, data_out = f654
Time = 65835000, rstn = 1, data_out = f64f
Time = 65845000, rstn = 1, data_out = f64a
Time = 65855000, rstn = 1, data_out = f645
Time = 65865000, rstn = 1, data_out = f640
Time = 65875000, rstn = 1, data_out = f63b
Time = 65885000, rstn = 1, data_out = f636
Time = 65895000, rstn = 1, data_out = f631
Time = 65905000, rstn = 1, data_out = f62c
Time = 65915000, rstn = 1, data_out = f628
Time = 65925000, rstn = 1, data_out = f623
Time = 65935000, rstn = 1, data_out = f61e
Time = 65945000, rstn = 1, data_out = f619
Time = 65955000, rstn = 1, data_out = f614
Time = 65965000, rstn = 1, data_out = f60f
Time = 65975000, rstn = 1, data_out = f60a
Time = 65985000, rstn = 1, data_out = f605
Time = 65995000, rstn = 1, data_out = f600
Time = 66005000, rstn = 1, data_out = f5fb
Time = 66015000, rstn = 1, data_out = f5f6
Time = 66025000, rstn = 1, data_out = f5f2
Time = 66035000, rstn = 1, data_out = f5ed
Time = 66045000, rstn = 1, data_out = f5e8
Time = 66055000, rstn = 1, data_out = f5e3
Time = 66065000, rstn = 1, data_out = f5de
Time = 66075000, rstn = 1, data_out = f5d9
Time = 66085000, rstn = 1, data_out = f5d4
Time = 66095000, rstn = 1, data_out = f5d0
Time = 66105000, rstn = 1, data_out = f5cb
Time = 66115000, rstn = 1, data_out = f5c6
Time = 66125000, rstn = 1, data_out = f5c1
Time = 66135000, rstn = 1, data_out = f5bc
Time = 66145000, rstn = 1, data_out = f5b8
Time = 66155000, rstn = 1, data_out = f5b3
Time = 66165000, rstn = 1, data_out = f5ae
Time = 66175000, rstn = 1, data_out = f5a9
Time = 66185000, rstn = 1, data_out = f5a4
Time = 66195000, rstn = 1, data_out = f5a0
Time = 66205000, rstn = 1, data_out = f59b
Time = 66215000, rstn = 1, data_out = f596
Time = 66225000, rstn = 1, data_out = f591
Time = 66235000, rstn = 1, data_out = f58c
Time = 66245000, rstn = 1, data_out = f587
Time = 66255000, rstn = 1, data_out = f583
Time = 66265000, rstn = 1, data_out = f57e
Time = 66275000, rstn = 1, data_out = f57a
Time = 66285000, rstn = 1, data_out = f575
Time = 66295000, rstn = 1, data_out = f570
Time = 66305000, rstn = 1, data_out = f56c
Time = 66315000, rstn = 1, data_out = f567
Time = 66325000, rstn = 1, data_out = f562
Time = 66335000, rstn = 1, data_out = f55d
Time = 66345000, rstn = 1, data_out = f558
Time = 66355000, rstn = 1, data_out = f553
Time = 66365000, rstn = 1, data_out = f54f
Time = 66375000, rstn = 1, data_out = f54a
Time = 66385000, rstn = 1, data_out = f545
Time = 66395000, rstn = 1, data_out = f542
Time = 66405000, rstn = 1, data_out = f53d
Time = 66415000, rstn = 1, data_out = f538
Time = 66425000, rstn = 1, data_out = f533
Time = 66435000, rstn = 1, data_out = f52f
Time = 66445000, rstn = 1, data_out = f52a
Time = 66455000, rstn = 1, data_out = f526
Time = 66465000, rstn = 1, data_out = f521
Time = 66475000, rstn = 1, data_out = f51c
Time = 66485000, rstn = 1, data_out = f518
Time = 66495000, rstn = 1, data_out = f513
Time = 66505000, rstn = 1, data_out = f50e
Time = 66515000, rstn = 1, data_out = f509
Time = 66525000, rstn = 1, data_out = f506
Time = 66535000, rstn = 1, data_out = f501
Time = 66545000, rstn = 1, data_out = f4fc
Time = 66555000, rstn = 1, data_out = f4f7
Time = 66565000, rstn = 1, data_out = f4f4
Time = 66575000, rstn = 1, data_out = f4ef
Time = 66585000, rstn = 1, data_out = f4ea
Time = 66595000, rstn = 1, data_out = f4e6
Time = 66605000, rstn = 1, data_out = f4e1
Time = 66615000, rstn = 1, data_out = f4dc
Time = 66625000, rstn = 1, data_out = f4d7
Time = 66635000, rstn = 1, data_out = f4d4
Time = 66645000, rstn = 1, data_out = f4d0
Time = 66655000, rstn = 1, data_out = f4cb
Time = 66665000, rstn = 1, data_out = f4c6
Time = 66675000, rstn = 1, data_out = f4c1
Time = 66685000, rstn = 1, data_out = f4be
Time = 66695000, rstn = 1, data_out = f4b9
Time = 66705000, rstn = 1, data_out = f4b4
Time = 66715000, rstn = 1, data_out = f4af
Time = 66725000, rstn = 1, data_out = f4ac
Time = 66735000, rstn = 1, data_out = f4a8
Time = 66745000, rstn = 1, data_out = f4a3
Time = 66755000, rstn = 1, data_out = f49e
Time = 66765000, rstn = 1, data_out = f499
Time = 66775000, rstn = 1, data_out = f496
Time = 66785000, rstn = 1, data_out = f492
Time = 66795000, rstn = 1, data_out = f48d
Time = 66805000, rstn = 1, data_out = f488
Time = 66815000, rstn = 1, data_out = f483
Time = 66825000, rstn = 1, data_out = f480
Time = 66835000, rstn = 1, data_out = f47c
Time = 66845000, rstn = 1, data_out = f477
Time = 66855000, rstn = 1, data_out = f472
Time = 66865000, rstn = 1, data_out = f46d
Time = 66875000, rstn = 1, data_out = f46a
Time = 66885000, rstn = 1, data_out = f465
Time = 66895000, rstn = 1, data_out = f462
Time = 66905000, rstn = 1, data_out = f45d
Time = 66915000, rstn = 1, data_out = f458
Time = 66925000, rstn = 1, data_out = f453
Time = 66935000, rstn = 1, data_out = f450
Time = 66945000, rstn = 1, data_out = f44b
Time = 66955000, rstn = 1, data_out = f448
Time = 66965000, rstn = 1, data_out = f443
Time = 66975000, rstn = 1, data_out = f440
Time = 66985000, rstn = 1, data_out = f43b
Time = 66995000, rstn = 1, data_out = f436
Time = 67005000, rstn = 1, data_out = f431
Time = 67015000, rstn = 1, data_out = f42e
Time = 67025000, rstn = 1, data_out = f429
Time = 67035000, rstn = 1, data_out = f426
Time = 67045000, rstn = 1, data_out = f422
Time = 67055000, rstn = 1, data_out = f41d
Time = 67065000, rstn = 1, data_out = f41a
Time = 67075000, rstn = 1, data_out = f415
Time = 67085000, rstn = 1, data_out = f410
Time = 67095000, rstn = 1, data_out = f40b
Time = 67105000, rstn = 1, data_out = f408
Time = 67115000, rstn = 1, data_out = f403
Time = 67125000, rstn = 1, data_out = f400
Time = 67135000, rstn = 1, data_out = f3fc
Time = 67145000, rstn = 1, data_out = f3f8
Time = 67155000, rstn = 1, data_out = f3f4
Time = 67165000, rstn = 1, data_out = f3f0
Time = 67175000, rstn = 1, data_out = f3ec
Time = 67185000, rstn = 1, data_out = f3e8
Time = 67195000, rstn = 1, data_out = f3e4
Time = 67205000, rstn = 1, data_out = f3e0
Time = 67215000, rstn = 1, data_out = f3db
Time = 67225000, rstn = 1, data_out = f3d8
Time = 67235000, rstn = 1, data_out = f3d3
Time = 67245000, rstn = 1, data_out = f3d0
Time = 67255000, rstn = 1, data_out = f3cb
Time = 67265000, rstn = 1, data_out = f3c6
Time = 67275000, rstn = 1, data_out = f3c1
Time = 67285000, rstn = 1, data_out = f3be
Time = 67295000, rstn = 1, data_out = f3b9
Time = 67305000, rstn = 1, data_out = f3b6
Time = 67315000, rstn = 1, data_out = f3b2
Time = 67325000, rstn = 1, data_out = f3ae
Time = 67335000, rstn = 1, data_out = f3aa
Time = 67345000, rstn = 1, data_out = f3a6
Time = 67355000, rstn = 1, data_out = f3a2
Time = 67365000, rstn = 1, data_out = f39d
Time = 67375000, rstn = 1, data_out = f39a
Time = 67385000, rstn = 1, data_out = f395
Time = 67395000, rstn = 1, data_out = f392
Time = 67405000, rstn = 1, data_out = f38f
Time = 67415000, rstn = 1, data_out = f38c
Time = 67425000, rstn = 1, data_out = f387
Time = 67435000, rstn = 1, data_out = f384
Time = 67445000, rstn = 1, data_out = f37f
Time = 67455000, rstn = 1, data_out = f37c
Time = 67465000, rstn = 1, data_out = f378
Time = 67475000, rstn = 1, data_out = f374
Time = 67485000, rstn = 1, data_out = f370
Time = 67495000, rstn = 1, data_out = f36c
Time = 67505000, rstn = 1, data_out = f368
Time = 67515000, rstn = 1, data_out = f364
Time = 67525000, rstn = 1, data_out = f360
Time = 67535000, rstn = 1, data_out = f35b
Time = 67545000, rstn = 1, data_out = f358
Time = 67555000, rstn = 1, data_out = f353
Time = 67565000, rstn = 1, data_out = f350
Time = 67575000, rstn = 1, data_out = f34d
Time = 67585000, rstn = 1, data_out = f34a
Time = 67595000, rstn = 1, data_out = f345
Time = 67605000, rstn = 1, data_out = f342
Time = 67615000, rstn = 1, data_out = f33e
Time = 67625000, rstn = 1, data_out = f339
Time = 67635000, rstn = 1, data_out = f336
Time = 67645000, rstn = 1, data_out = f331
Time = 67655000, rstn = 1, data_out = f32e
Time = 67665000, rstn = 1, data_out = f32b
Time = 67675000, rstn = 1, data_out = f328
Time = 67685000, rstn = 1, data_out = f323
Time = 67695000, rstn = 1, data_out = f320
Time = 67705000, rstn = 1, data_out = f31c
Time = 67715000, rstn = 1, data_out = f317
Time = 67725000, rstn = 1, data_out = f314
Time = 67735000, rstn = 1, data_out = f311
Time = 67745000, rstn = 1, data_out = f30e
Time = 67755000, rstn = 1, data_out = f309
Time = 67765000, rstn = 1, data_out = f306
Time = 67775000, rstn = 1, data_out = f301
Time = 67785000, rstn = 1, data_out = f2fe
Time = 67795000, rstn = 1, data_out = f2fb
Time = 67805000, rstn = 1, data_out = f2f8
Time = 67815000, rstn = 1, data_out = f2f4
Time = 67825000, rstn = 1, data_out = f2ef
Time = 67835000, rstn = 1, data_out = f2ec
Time = 67845000, rstn = 1, data_out = f2e9
Time = 67855000, rstn = 1, data_out = f2e6
Time = 67865000, rstn = 1, data_out = f2e2
Time = 67875000, rstn = 1, data_out = f2dd
Time = 67885000, rstn = 1, data_out = f2da
Time = 67895000, rstn = 1, data_out = f2d7
Time = 67905000, rstn = 1, data_out = f2d4
Time = 67915000, rstn = 1, data_out = f2d0
Time = 67925000, rstn = 1, data_out = f2cb
Time = 67935000, rstn = 1, data_out = f2c8
Time = 67945000, rstn = 1, data_out = f2c5
Time = 67955000, rstn = 1, data_out = f2c2
Time = 67965000, rstn = 1, data_out = f2bd
Time = 67975000, rstn = 1, data_out = f2ba
Time = 67985000, rstn = 1, data_out = f2b7
Time = 67995000, rstn = 1, data_out = f2b4
Time = 68005000, rstn = 1, data_out = f2af
Time = 68015000, rstn = 1, data_out = f2ac
Time = 68025000, rstn = 1, data_out = f2a9
Time = 68035000, rstn = 1, data_out = f2a6
Time = 68045000, rstn = 1, data_out = f2a2
Time = 68055000, rstn = 1, data_out = f29f
Time = 68065000, rstn = 1, data_out = f29c
Time = 68075000, rstn = 1, data_out = f297
Time = 68085000, rstn = 1, data_out = f294
Time = 68095000, rstn = 1, data_out = f291
Time = 68105000, rstn = 1, data_out = f28e
Time = 68115000, rstn = 1, data_out = f28a
Time = 68125000, rstn = 1, data_out = f287
Time = 68135000, rstn = 1, data_out = f284
Time = 68145000, rstn = 1, data_out = f280
Time = 68155000, rstn = 1, data_out = f27d
Time = 68165000, rstn = 1, data_out = f27a
Time = 68175000, rstn = 1, data_out = f276
Time = 68185000, rstn = 1, data_out = f273
Time = 68195000, rstn = 1, data_out = f270
Time = 68205000, rstn = 1, data_out = f26c
Time = 68215000, rstn = 1, data_out = f269
Time = 68225000, rstn = 1, data_out = f266
Time = 68235000, rstn = 1, data_out = f262
Time = 68245000, rstn = 1, data_out = f25f
Time = 68255000, rstn = 1, data_out = f25b
Time = 68265000, rstn = 1, data_out = f258
Time = 68275000, rstn = 1, data_out = f255
Time = 68285000, rstn = 1, data_out = f252
Time = 68295000, rstn = 1, data_out = f24f
Time = 68305000, rstn = 1, data_out = f24c
Time = 68315000, rstn = 1, data_out = f248
Time = 68325000, rstn = 1, data_out = f245
Time = 68335000, rstn = 1, data_out = f241
Time = 68345000, rstn = 1, data_out = f23e
Time = 68355000, rstn = 1, data_out = f23b
Time = 68365000, rstn = 1, data_out = f238
Time = 68375000, rstn = 1, data_out = f235
Time = 68385000, rstn = 1, data_out = f232
Time = 68395000, rstn = 1, data_out = f22f
Time = 68405000, rstn = 1, data_out = f22c
Time = 68415000, rstn = 1, data_out = f228
Time = 68425000, rstn = 1, data_out = f225
Time = 68435000, rstn = 1, data_out = f222
Time = 68445000, rstn = 1, data_out = f21f
Time = 68455000, rstn = 1, data_out = f21c
Time = 68465000, rstn = 1, data_out = f219
Time = 68475000, rstn = 1, data_out = f216
Time = 68485000, rstn = 1, data_out = f212
Time = 68495000, rstn = 1, data_out = f20f
Time = 68505000, rstn = 1, data_out = f20c
Time = 68515000, rstn = 1, data_out = f209
Time = 68525000, rstn = 1, data_out = f206
Time = 68535000, rstn = 1, data_out = f203
Time = 68545000, rstn = 1, data_out = f200
Time = 68555000, rstn = 1, data_out = f1fd
Time = 68565000, rstn = 1, data_out = f1fa
Time = 68575000, rstn = 1, data_out = f1f7
Time = 68585000, rstn = 1, data_out = f1f4
Time = 68595000, rstn = 1, data_out = f1f1
Time = 68605000, rstn = 1, data_out = f1ee
Time = 68615000, rstn = 1, data_out = f1eb
Time = 68625000, rstn = 1, data_out = f1e8
Time = 68635000, rstn = 1, data_out = f1e5
Time = 68645000, rstn = 1, data_out = f1e2
Time = 68655000, rstn = 1, data_out = f1df
Time = 68665000, rstn = 1, data_out = f1dc
Time = 68675000, rstn = 1, data_out = f1da
Time = 68685000, rstn = 1, data_out = f1d7
Time = 68695000, rstn = 1, data_out = f1d4
Time = 68705000, rstn = 1, data_out = f1d1
Time = 68715000, rstn = 1, data_out = f1ce
Time = 68725000, rstn = 1, data_out = f1cb
Time = 68735000, rstn = 1, data_out = f1c8
Time = 68745000, rstn = 1, data_out = f1c5
Time = 68755000, rstn = 1, data_out = f1c2
Time = 68765000, rstn = 1, data_out = f1c0
Time = 68775000, rstn = 1, data_out = f1bd
Time = 68785000, rstn = 1, data_out = f1ba
Time = 68795000, rstn = 1, data_out = f1b7
Time = 68805000, rstn = 1, data_out = f1b4
Time = 68815000, rstn = 1, data_out = f1b2
Time = 68825000, rstn = 1, data_out = f1af
Time = 68835000, rstn = 1, data_out = f1ac
Time = 68845000, rstn = 1, data_out = f1a9
Time = 68855000, rstn = 1, data_out = f1a6
Time = 68865000, rstn = 1, data_out = f1a3
Time = 68875000, rstn = 1, data_out = f1a1
Time = 68885000, rstn = 1, data_out = f19e
Time = 68895000, rstn = 1, data_out = f19c
Time = 68905000, rstn = 1, data_out = f199
Time = 68915000, rstn = 1, data_out = f196
Time = 68925000, rstn = 1, data_out = f193
Time = 68935000, rstn = 1, data_out = f190
Time = 68945000, rstn = 1, data_out = f18d
Time = 68955000, rstn = 1, data_out = f18b
Time = 68965000, rstn = 1, data_out = f188
Time = 68975000, rstn = 1, data_out = f186
Time = 68985000, rstn = 1, data_out = f183
Time = 68995000, rstn = 1, data_out = f180
Time = 69005000, rstn = 1, data_out = f17e
Time = 69015000, rstn = 1, data_out = f17b
Time = 69025000, rstn = 1, data_out = f178
Time = 69035000, rstn = 1, data_out = f175
Time = 69045000, rstn = 1, data_out = f174
Time = 69055000, rstn = 1, data_out = f171
Time = 69065000, rstn = 1, data_out = f16e
Time = 69075000, rstn = 1, data_out = f16c
Time = 69085000, rstn = 1, data_out = f169
Time = 69095000, rstn = 1, data_out = f166
Time = 69105000, rstn = 1, data_out = f163
Time = 69115000, rstn = 1, data_out = f162
Time = 69125000, rstn = 1, data_out = f15f
Time = 69135000, rstn = 1, data_out = f15c
Time = 69145000, rstn = 1, data_out = f159
Time = 69155000, rstn = 1, data_out = f158
Time = 69165000, rstn = 1, data_out = f155
Time = 69175000, rstn = 1, data_out = f152
Time = 69185000, rstn = 1, data_out = f14f
Time = 69195000, rstn = 1, data_out = f14e
Time = 69205000, rstn = 1, data_out = f14b
Time = 69215000, rstn = 1, data_out = f148
Time = 69225000, rstn = 1, data_out = f145
Time = 69235000, rstn = 1, data_out = f144
Time = 69245000, rstn = 1, data_out = f142
Time = 69255000, rstn = 1, data_out = f13f
Time = 69265000, rstn = 1, data_out = f13c
Time = 69275000, rstn = 1, data_out = f139
Time = 69285000, rstn = 1, data_out = f138
Time = 69295000, rstn = 1, data_out = f136
Time = 69305000, rstn = 1, data_out = f133
Time = 69315000, rstn = 1, data_out = f130
Time = 69325000, rstn = 1, data_out = f12d
Time = 69335000, rstn = 1, data_out = f12c
Time = 69345000, rstn = 1, data_out = f129
Time = 69355000, rstn = 1, data_out = f128
Time = 69365000, rstn = 1, data_out = f125
Time = 69375000, rstn = 1, data_out = f122
Time = 69385000, rstn = 1, data_out = f11f
Time = 69395000, rstn = 1, data_out = f11e
Time = 69405000, rstn = 1, data_out = f11c
Time = 69415000, rstn = 1, data_out = f119
Time = 69425000, rstn = 1, data_out = f118
Time = 69435000, rstn = 1, data_out = f115
Time = 69445000, rstn = 1, data_out = f112
Time = 69455000, rstn = 1, data_out = f10f
Time = 69465000, rstn = 1, data_out = f10e
Time = 69475000, rstn = 1, data_out = f10b
Time = 69485000, rstn = 1, data_out = f10a
Time = 69495000, rstn = 1, data_out = f108
Time = 69505000, rstn = 1, data_out = f105
Time = 69515000, rstn = 1, data_out = f104
Time = 69525000, rstn = 1, data_out = f101
Time = 69535000, rstn = 1, data_out = f0fe
Time = 69545000, rstn = 1, data_out = f0fb
Time = 69555000, rstn = 1, data_out = f0fa
Time = 69565000, rstn = 1, data_out = f0f7
Time = 69575000, rstn = 1, data_out = f0f6
Time = 69585000, rstn = 1, data_out = f0f4
Time = 69595000, rstn = 1, data_out = f0f2
Time = 69605000, rstn = 1, data_out = f0f0
Time = 69615000, rstn = 1, data_out = f0ee
Time = 69625000, rstn = 1, data_out = f0ec
Time = 69635000, rstn = 1, data_out = f0ea
Time = 69645000, rstn = 1, data_out = f0e8
Time = 69655000, rstn = 1, data_out = f0e6
Time = 69665000, rstn = 1, data_out = f0e4
Time = 69675000, rstn = 1, data_out = f0e2
Time = 69685000, rstn = 1, data_out = f0e0
Time = 69695000, rstn = 1, data_out = f0de
Time = 69705000, rstn = 1, data_out = f0dc
Time = 69715000, rstn = 1, data_out = f0da
Time = 69725000, rstn = 1, data_out = f0d8
Time = 69735000, rstn = 1, data_out = f0d6
Time = 69745000, rstn = 1, data_out = f0d4
Time = 69755000, rstn = 1, data_out = f0d2
Time = 69765000, rstn = 1, data_out = f0d0
Time = 69775000, rstn = 1, data_out = f0ce
Time = 69785000, rstn = 1, data_out = f0cc
Time = 69795000, rstn = 1, data_out = f0ca
Time = 69805000, rstn = 1, data_out = f0c8
Time = 69815000, rstn = 1, data_out = f0c6
Time = 69825000, rstn = 1, data_out = f0c4
Time = 69835000, rstn = 1, data_out = f0c2
Time = 69845000, rstn = 1, data_out = f0c0
Time = 69855000, rstn = 1, data_out = f0be
Time = 69865000, rstn = 1, data_out = f0bb
Time = 69875000, rstn = 1, data_out = f0ba
Time = 69885000, rstn = 1, data_out = f0b7
Time = 69895000, rstn = 1, data_out = f0b6
Time = 69905000, rstn = 1, data_out = f0b5
Time = 69915000, rstn = 1, data_out = f0b4
Time = 69925000, rstn = 1, data_out = f0b1
Time = 69935000, rstn = 1, data_out = f0b0
Time = 69945000, rstn = 1, data_out = f0ae
Time = 69955000, rstn = 1, data_out = f0ab
Time = 69965000, rstn = 1, data_out = f0aa
Time = 69975000, rstn = 1, data_out = f0a7
Time = 69985000, rstn = 1, data_out = f0a6
Time = 69995000, rstn = 1, data_out = f0a5
Time = 70005000, rstn = 1, data_out = f0a4
Time = 70015000, rstn = 1, data_out = f0a1
Time = 70025000, rstn = 1, data_out = f0a0
Time = 70035000, rstn = 1, data_out = f09e
Time = 70045000, rstn = 1, data_out = f09b
Time = 70055000, rstn = 1, data_out = f09a
Time = 70065000, rstn = 1, data_out = f099
Time = 70075000, rstn = 1, data_out = f098
Time = 70085000, rstn = 1, data_out = f095
Time = 70095000, rstn = 1, data_out = f094
Time = 70105000, rstn = 1, data_out = f091
Time = 70115000, rstn = 1, data_out = f090
Time = 70125000, rstn = 1, data_out = f08f
Time = 70135000, rstn = 1, data_out = f08e
Time = 70145000, rstn = 1, data_out = f08c
Time = 70155000, rstn = 1, data_out = f089
Time = 70165000, rstn = 1, data_out = f088
Time = 70175000, rstn = 1, data_out = f087
Time = 70185000, rstn = 1, data_out = f086
Time = 70195000, rstn = 1, data_out = f084
Time = 70205000, rstn = 1, data_out = f081
Time = 70215000, rstn = 1, data_out = f080
Time = 70225000, rstn = 1, data_out = f07f
Time = 70235000, rstn = 1, data_out = f07e
Time = 70245000, rstn = 1, data_out = f07b
Time = 70255000, rstn = 1, data_out = f07a
Time = 70265000, rstn = 1, data_out = f079
Time = 70275000, rstn = 1, data_out = f078
Time = 70285000, rstn = 1, data_out = f075
Time = 70295000, rstn = 1, data_out = f074
Time = 70305000, rstn = 1, data_out = f073
Time = 70315000, rstn = 1, data_out = f072
Time = 70325000, rstn = 1, data_out = f070
Time = 70335000, rstn = 1, data_out = f06f
Time = 70345000, rstn = 1, data_out = f06e
Time = 70355000, rstn = 1, data_out = f06b
Time = 70365000, rstn = 1, data_out = f06a
Time = 70375000, rstn = 1, data_out = f069
Time = 70385000, rstn = 1, data_out = f068
Time = 70395000, rstn = 1, data_out = f066
Time = 70405000, rstn = 1, data_out = f065
Time = 70415000, rstn = 1, data_out = f064
Time = 70425000, rstn = 1, data_out = f062
Time = 70435000, rstn = 1, data_out = f061
Time = 70445000, rstn = 1, data_out = f060
Time = 70455000, rstn = 1, data_out = f05e
Time = 70465000, rstn = 1, data_out = f05d
Time = 70475000, rstn = 1, data_out = f05c
Time = 70485000, rstn = 1, data_out = f05a
Time = 70495000, rstn = 1, data_out = f059
Time = 70505000, rstn = 1, data_out = f057
Time = 70515000, rstn = 1, data_out = f056
Time = 70525000, rstn = 1, data_out = f055
Time = 70535000, rstn = 1, data_out = f054
Time = 70545000, rstn = 1, data_out = f053
Time = 70555000, rstn = 1, data_out = f052
Time = 70565000, rstn = 1, data_out = f050
Time = 70575000, rstn = 1, data_out = f04f
Time = 70585000, rstn = 1, data_out = f04e
Time = 70595000, rstn = 1, data_out = f04d
Time = 70605000, rstn = 1, data_out = f04c
Time = 70615000, rstn = 1, data_out = f04a
Time = 70625000, rstn = 1, data_out = f049
Time = 70635000, rstn = 1, data_out = f048
Time = 70645000, rstn = 1, data_out = f047
Time = 70655000, rstn = 1, data_out = f046
Time = 70665000, rstn = 1, data_out = f045
Time = 70675000, rstn = 1, data_out = f044
Time = 70685000, rstn = 1, data_out = f042
Time = 70695000, rstn = 1, data_out = f041
Time = 70705000, rstn = 1, data_out = f040
Time = 70715000, rstn = 1, data_out = f03f
Time = 70725000, rstn = 1, data_out = f03e
Time = 70735000, rstn = 1, data_out = f03d
Time = 70745000, rstn = 1, data_out = f03c
Time = 70755000, rstn = 1, data_out = f03b
Time = 70765000, rstn = 1, data_out = f03a
Time = 70775000, rstn = 1, data_out = f039
Time = 70785000, rstn = 1, data_out = f038
Time = 70795000, rstn = 1, data_out = f037
Time = 70805000, rstn = 1, data_out = f036
Time = 70815000, rstn = 1, data_out = f035
Time = 70825000, rstn = 1, data_out = f034
Time = 70835000, rstn = 1, data_out = f033
Time = 70845000, rstn = 1, data_out = f032
Time = 70855000, rstn = 1, data_out = f031
Time = 70865000, rstn = 1, data_out = f030
Time = 70875000, rstn = 1, data_out = f02f
Time = 70885000, rstn = 1, data_out = f02e
Time = 70905000, rstn = 1, data_out = f02d
Time = 70915000, rstn = 1, data_out = f02c
Time = 70925000, rstn = 1, data_out = f02b
Time = 70935000, rstn = 1, data_out = f02a
Time = 70945000, rstn = 1, data_out = f029
Time = 70955000, rstn = 1, data_out = f028
Time = 70975000, rstn = 1, data_out = f027
Time = 70985000, rstn = 1, data_out = f026
Time = 70995000, rstn = 1, data_out = f025
Time = 71005000, rstn = 1, data_out = f024
Time = 71025000, rstn = 1, data_out = f023
Time = 71035000, rstn = 1, data_out = f022
Time = 71045000, rstn = 1, data_out = f021
Time = 71055000, rstn = 1, data_out = f020
Time = 71065000, rstn = 1, data_out = f01f
Time = 71085000, rstn = 1, data_out = f01e
Time = 71105000, rstn = 1, data_out = f01d
Time = 71115000, rstn = 1, data_out = f01c
Time = 71135000, rstn = 1, data_out = f01b
Time = 71145000, rstn = 1, data_out = f01a
Time = 71165000, rstn = 1, data_out = f019
Time = 71175000, rstn = 1, data_out = f018
Time = 71195000, rstn = 1, data_out = f017
Time = 71205000, rstn = 1, data_out = f016
Time = 71215000, rstn = 1, data_out = f015
Time = 71225000, rstn = 1, data_out = f016
Time = 71235000, rstn = 1, data_out = f015
Time = 71245000, rstn = 1, data_out = f014
Time = 71265000, rstn = 1, data_out = f013
Time = 71275000, rstn = 1, data_out = f012
Time = 71285000, rstn = 1, data_out = f011
Time = 71295000, rstn = 1, data_out = f012
Time = 71305000, rstn = 1, data_out = f011
Time = 71315000, rstn = 1, data_out = f010
Time = 71325000, rstn = 1, data_out = f00f
Time = 71335000, rstn = 1, data_out = f010
Time = 71345000, rstn = 1, data_out = f00f
Time = 71355000, rstn = 1, data_out = f00e
Time = 71365000, rstn = 1, data_out = f00d
Time = 71375000, rstn = 1, data_out = f00e
Time = 71395000, rstn = 1, data_out = f00d
Time = 71405000, rstn = 1, data_out = f00c
Time = 71415000, rstn = 1, data_out = f00b
Time = 71425000, rstn = 1, data_out = f00c
Time = 71445000, rstn = 1, data_out = f00b
Time = 71455000, rstn = 1, data_out = f00a
Time = 71465000, rstn = 1, data_out = f009
Time = 71475000, rstn = 1, data_out = f00a
Time = 71485000, rstn = 1, data_out = f009
Time = 71495000, rstn = 1, data_out = f00a
Time = 71505000, rstn = 1, data_out = f009
Time = 71515000, rstn = 1, data_out = f008
Time = 71525000, rstn = 1, data_out = f007
Time = 71535000, rstn = 1, data_out = f008
Time = 71555000, rstn = 1, data_out = f007
Time = 71565000, rstn = 1, data_out = f008
Time = 71575000, rstn = 1, data_out = f007
Time = 71585000, rstn = 1, data_out = f006
Time = 71595000, rstn = 1, data_out = f005
Time = 71605000, rstn = 1, data_out = f006
Time = 71615000, rstn = 1, data_out = f005
Time = 71625000, rstn = 1, data_out = f006
Time = 71645000, rstn = 1, data_out = f005
Time = 71655000, rstn = 1, data_out = f006
Time = 71665000, rstn = 1, data_out = f005
Time = 71675000, rstn = 1, data_out = f006
Time = 71685000, rstn = 1, data_out = f005
Time = 71695000, rstn = 1, data_out = f004
Time = 71705000, rstn = 1, data_out = f003
Time = 71715000, rstn = 1, data_out = f004
Time = 71725000, rstn = 1, data_out = f003
Time = 71735000, rstn = 1, data_out = f004
Time = 71935000, rstn = 1, data_out = f003
Time = 71945000, rstn = 1, data_out = f004
Time = 71955000, rstn = 1, data_out = f003
Time = 71965000, rstn = 1, data_out = f004
Time = 71975000, rstn = 1, data_out = f005
Time = 71985000, rstn = 1, data_out = f006
Time = 71995000, rstn = 1, data_out = f005
Time = 72005000, rstn = 1, data_out = f006
Time = 72015000, rstn = 1, data_out = f005
Time = 72025000, rstn = 1, data_out = f006
Time = 72045000, rstn = 1, data_out = f005
Time = 72055000, rstn = 1, data_out = f006
Time = 72065000, rstn = 1, data_out = f005
Time = 72075000, rstn = 1, data_out = f006
Time = 72085000, rstn = 1, data_out = f007
Time = 72095000, rstn = 1, data_out = f008
Time = 72105000, rstn = 1, data_out = f007
Time = 72115000, rstn = 1, data_out = f008
Time = 72135000, rstn = 1, data_out = f007
Time = 72145000, rstn = 1, data_out = f008
Time = 72155000, rstn = 1, data_out = f009
Time = 72165000, rstn = 1, data_out = f00a
Time = 72175000, rstn = 1, data_out = f009
Time = 72185000, rstn = 1, data_out = f00a
Time = 72195000, rstn = 1, data_out = f009
Time = 72205000, rstn = 1, data_out = f00a
Time = 72215000, rstn = 1, data_out = f00b
Time = 72225000, rstn = 1, data_out = f00c
Time = 72245000, rstn = 1, data_out = f00b
Time = 72255000, rstn = 1, data_out = f00c
Time = 72265000, rstn = 1, data_out = f00d
Time = 72275000, rstn = 1, data_out = f00e
Time = 72295000, rstn = 1, data_out = f00d
Time = 72305000, rstn = 1, data_out = f00e
Time = 72315000, rstn = 1, data_out = f00f
Time = 72325000, rstn = 1, data_out = f010
Time = 72335000, rstn = 1, data_out = f00f
Time = 72345000, rstn = 1, data_out = f010
Time = 72355000, rstn = 1, data_out = f011
Time = 72365000, rstn = 1, data_out = f012
Time = 72375000, rstn = 1, data_out = f011
Time = 72385000, rstn = 1, data_out = f012
Time = 72395000, rstn = 1, data_out = f013
Time = 72405000, rstn = 1, data_out = f014
Time = 72425000, rstn = 1, data_out = f015
Time = 72435000, rstn = 1, data_out = f016
Time = 72445000, rstn = 1, data_out = f015
Time = 72455000, rstn = 1, data_out = f016
Time = 72465000, rstn = 1, data_out = f017
Time = 72475000, rstn = 1, data_out = f018
Time = 72495000, rstn = 1, data_out = f019
Time = 72505000, rstn = 1, data_out = f01a
Time = 72525000, rstn = 1, data_out = f01b
Time = 72535000, rstn = 1, data_out = f01c
Time = 72555000, rstn = 1, data_out = f01d
Time = 72565000, rstn = 1, data_out = f01e
Time = 72585000, rstn = 1, data_out = f01f
Time = 72605000, rstn = 1, data_out = f020
Time = 72615000, rstn = 1, data_out = f021
Time = 72625000, rstn = 1, data_out = f022
Time = 72635000, rstn = 1, data_out = f023
Time = 72645000, rstn = 1, data_out = f024
Time = 72665000, rstn = 1, data_out = f025
Time = 72675000, rstn = 1, data_out = f026
Time = 72685000, rstn = 1, data_out = f027
Time = 72695000, rstn = 1, data_out = f028
Time = 72715000, rstn = 1, data_out = f029
Time = 72725000, rstn = 1, data_out = f02a
Time = 72735000, rstn = 1, data_out = f02b
Time = 72745000, rstn = 1, data_out = f02c
Time = 72755000, rstn = 1, data_out = f02d
Time = 72765000, rstn = 1, data_out = f02e
Time = 72785000, rstn = 1, data_out = f02f
Time = 72795000, rstn = 1, data_out = f030
Time = 72805000, rstn = 1, data_out = f031
Time = 72815000, rstn = 1, data_out = f032
Time = 72825000, rstn = 1, data_out = f033
Time = 72835000, rstn = 1, data_out = f034
Time = 72845000, rstn = 1, data_out = f035
Time = 72855000, rstn = 1, data_out = f036
Time = 72865000, rstn = 1, data_out = f037
Time = 72875000, rstn = 1, data_out = f038
Time = 72885000, rstn = 1, data_out = f039
Time = 72895000, rstn = 1, data_out = f03a
Time = 72905000, rstn = 1, data_out = f03b
Time = 72915000, rstn = 1, data_out = f03c
Time = 72925000, rstn = 1, data_out = f03d
Time = 72935000, rstn = 1, data_out = f03e
Time = 72945000, rstn = 1, data_out = f03f
Time = 72955000, rstn = 1, data_out = f040
Time = 72965000, rstn = 1, data_out = f041
Time = 72975000, rstn = 1, data_out = f042
Time = 72985000, rstn = 1, data_out = f044
Time = 72995000, rstn = 1, data_out = f045
Time = 73005000, rstn = 1, data_out = f046
Time = 73015000, rstn = 1, data_out = f047
Time = 73025000, rstn = 1, data_out = f048
Time = 73035000, rstn = 1, data_out = f049
Time = 73045000, rstn = 1, data_out = f04a
Time = 73055000, rstn = 1, data_out = f04c
Time = 73065000, rstn = 1, data_out = f04d
Time = 73075000, rstn = 1, data_out = f04e
Time = 73085000, rstn = 1, data_out = f04f
Time = 73095000, rstn = 1, data_out = f050
Time = 73105000, rstn = 1, data_out = f052
Time = 73115000, rstn = 1, data_out = f053
Time = 73125000, rstn = 1, data_out = f054
Time = 73135000, rstn = 1, data_out = f055
Time = 73145000, rstn = 1, data_out = f056
Time = 73155000, rstn = 1, data_out = f057
Time = 73165000, rstn = 1, data_out = f059
Time = 73175000, rstn = 1, data_out = f05a
Time = 73185000, rstn = 1, data_out = f05c
Time = 73195000, rstn = 1, data_out = f05d
Time = 73205000, rstn = 1, data_out = f05e
Time = 73215000, rstn = 1, data_out = f060
Time = 73225000, rstn = 1, data_out = f061
Time = 73235000, rstn = 1, data_out = f062
Time = 73245000, rstn = 1, data_out = f064
Time = 73255000, rstn = 1, data_out = f065
Time = 73265000, rstn = 1, data_out = f066
Time = 73275000, rstn = 1, data_out = f068
Time = 73285000, rstn = 1, data_out = f069
Time = 73295000, rstn = 1, data_out = f06a
Time = 73305000, rstn = 1, data_out = f06b
Time = 73315000, rstn = 1, data_out = f06e
Time = 73325000, rstn = 1, data_out = f06f
Time = 73335000, rstn = 1, data_out = f070
Time = 73345000, rstn = 1, data_out = f072
Time = 73355000, rstn = 1, data_out = f073
Time = 73365000, rstn = 1, data_out = f074
Time = 73375000, rstn = 1, data_out = f075
Time = 73385000, rstn = 1, data_out = f078
Time = 73395000, rstn = 1, data_out = f079
Time = 73405000, rstn = 1, data_out = f07a
Time = 73415000, rstn = 1, data_out = f07b
Time = 73425000, rstn = 1, data_out = f07e
Time = 73435000, rstn = 1, data_out = f07f
Time = 73445000, rstn = 1, data_out = f080
Time = 73455000, rstn = 1, data_out = f081
Time = 73465000, rstn = 1, data_out = f084
Time = 73475000, rstn = 1, data_out = f086
Time = 73485000, rstn = 1, data_out = f087
Time = 73495000, rstn = 1, data_out = f088
Time = 73505000, rstn = 1, data_out = f089
Time = 73515000, rstn = 1, data_out = f08c
Time = 73525000, rstn = 1, data_out = f08e
Time = 73535000, rstn = 1, data_out = f08f
Time = 73545000, rstn = 1, data_out = f090
Time = 73555000, rstn = 1, data_out = f091
Time = 73565000, rstn = 1, data_out = f094
Time = 73575000, rstn = 1, data_out = f095
Time = 73585000, rstn = 1, data_out = f098
Time = 73595000, rstn = 1, data_out = f099
Time = 73605000, rstn = 1, data_out = f09a
Time = 73615000, rstn = 1, data_out = f09b
Time = 73625000, rstn = 1, data_out = f09e
Time = 73635000, rstn = 1, data_out = f0a0
Time = 73645000, rstn = 1, data_out = f0a1
Time = 73655000, rstn = 1, data_out = f0a4
Time = 73665000, rstn = 1, data_out = f0a5
Time = 73675000, rstn = 1, data_out = f0a6
Time = 73685000, rstn = 1, data_out = f0a7
Time = 73695000, rstn = 1, data_out = f0aa
Time = 73705000, rstn = 1, data_out = f0ab
Time = 73715000, rstn = 1, data_out = f0ae
Time = 73725000, rstn = 1, data_out = f0b0
Time = 73735000, rstn = 1, data_out = f0b1
Time = 73745000, rstn = 1, data_out = f0b4
Time = 73755000, rstn = 1, data_out = f0b5
Time = 73765000, rstn = 1, data_out = f0b6
Time = 73775000, rstn = 1, data_out = f0b7
Time = 73785000, rstn = 1, data_out = f0ba
Time = 73795000, rstn = 1, data_out = f0bb
Time = 73805000, rstn = 1, data_out = f0be
Time = 73815000, rstn = 1, data_out = f0c0
Time = 73825000, rstn = 1, data_out = f0c2
Time = 73835000, rstn = 1, data_out = f0c4
Time = 73845000, rstn = 1, data_out = f0c6
Time = 73855000, rstn = 1, data_out = f0c8
Time = 73865000, rstn = 1, data_out = f0ca
Time = 73875000, rstn = 1, data_out = f0cc
Time = 73885000, rstn = 1, data_out = f0ce
Time = 73895000, rstn = 1, data_out = f0d0
Time = 73905000, rstn = 1, data_out = f0d2
Time = 73915000, rstn = 1, data_out = f0d4
Time = 73925000, rstn = 1, data_out = f0d6
Time = 73935000, rstn = 1, data_out = f0d8
Time = 73945000, rstn = 1, data_out = f0da
Time = 73955000, rstn = 1, data_out = f0dc
Time = 73965000, rstn = 1, data_out = f0de
Time = 73975000, rstn = 1, data_out = f0e0
Time = 73985000, rstn = 1, data_out = f0e2
Time = 73995000, rstn = 1, data_out = f0e4
Time = 74005000, rstn = 1, data_out = f0e6
Time = 74015000, rstn = 1, data_out = f0e8
Time = 74025000, rstn = 1, data_out = f0ea
Time = 74035000, rstn = 1, data_out = f0ec
Time = 74045000, rstn = 1, data_out = f0ee
Time = 74055000, rstn = 1, data_out = f0f0
Time = 74065000, rstn = 1, data_out = f0f2
Time = 74075000, rstn = 1, data_out = f0f4
Time = 74085000, rstn = 1, data_out = f0f6
Time = 74095000, rstn = 1, data_out = f0f7
Time = 74105000, rstn = 1, data_out = f0fa
Time = 74115000, rstn = 1, data_out = f0fb
Time = 74125000, rstn = 1, data_out = f0fe
Time = 74135000, rstn = 1, data_out = f101
Time = 74145000, rstn = 1, data_out = f104
Time = 74155000, rstn = 1, data_out = f105
Time = 74165000, rstn = 1, data_out = f108
Time = 74175000, rstn = 1, data_out = f10a
Time = 74185000, rstn = 1, data_out = f10b
Time = 74195000, rstn = 1, data_out = f10e
Time = 74205000, rstn = 1, data_out = f10f
Time = 74215000, rstn = 1, data_out = f112
Time = 74225000, rstn = 1, data_out = f115
Time = 74235000, rstn = 1, data_out = f118
Time = 74245000, rstn = 1, data_out = f119
Time = 74255000, rstn = 1, data_out = f11c
Time = 74265000, rstn = 1, data_out = f11e
Time = 74275000, rstn = 1, data_out = f11f
Time = 74285000, rstn = 1, data_out = f122
Time = 74295000, rstn = 1, data_out = f125
Time = 74305000, rstn = 1, data_out = f128
Time = 74315000, rstn = 1, data_out = f129
Time = 74325000, rstn = 1, data_out = f12c
Time = 74335000, rstn = 1, data_out = f12d
Time = 74345000, rstn = 1, data_out = f130
Time = 74355000, rstn = 1, data_out = f133
Time = 74365000, rstn = 1, data_out = f136
Time = 74375000, rstn = 1, data_out = f138
Time = 74385000, rstn = 1, data_out = f139
Time = 74395000, rstn = 1, data_out = f13c
Time = 74405000, rstn = 1, data_out = f13f
Time = 74415000, rstn = 1, data_out = f142
Time = 74425000, rstn = 1, data_out = f144
Time = 74435000, rstn = 1, data_out = f145
Time = 74445000, rstn = 1, data_out = f148
Time = 74455000, rstn = 1, data_out = f14b
Time = 74465000, rstn = 1, data_out = f14e
Time = 74475000, rstn = 1, data_out = f14f
Time = 74485000, rstn = 1, data_out = f152
Time = 74495000, rstn = 1, data_out = f155
Time = 74505000, rstn = 1, data_out = f158
Time = 74515000, rstn = 1, data_out = f159
Time = 74525000, rstn = 1, data_out = f15c
Time = 74535000, rstn = 1, data_out = f15f
Time = 74545000, rstn = 1, data_out = f162
Time = 74555000, rstn = 1, data_out = f163
Time = 74565000, rstn = 1, data_out = f166
Time = 74575000, rstn = 1, data_out = f169
Time = 74585000, rstn = 1, data_out = f16c
Time = 74595000, rstn = 1, data_out = f16e
Time = 74605000, rstn = 1, data_out = f171
Time = 74615000, rstn = 1, data_out = f174
Time = 74625000, rstn = 1, data_out = f175
Time = 74635000, rstn = 1, data_out = f178
Time = 74645000, rstn = 1, data_out = f17b
Time = 74655000, rstn = 1, data_out = f17e
Time = 74665000, rstn = 1, data_out = f180
Time = 74675000, rstn = 1, data_out = f183
Time = 74685000, rstn = 1, data_out = f186
Time = 74695000, rstn = 1, data_out = f188
Time = 74705000, rstn = 1, data_out = f18b
Time = 74715000, rstn = 1, data_out = f18d
Time = 74725000, rstn = 1, data_out = f190
Time = 74735000, rstn = 1, data_out = f193
Time = 74745000, rstn = 1, data_out = f196
Time = 74755000, rstn = 1, data_out = f199
Time = 74765000, rstn = 1, data_out = f19c
Time = 74775000, rstn = 1, data_out = f19e
Time = 74785000, rstn = 1, data_out = f1a1
Time = 74795000, rstn = 1, data_out = f1a3
Time = 74805000, rstn = 1, data_out = f1a6
Time = 74815000, rstn = 1, data_out = f1a9
Time = 74825000, rstn = 1, data_out = f1ac
Time = 74835000, rstn = 1, data_out = f1af
Time = 74845000, rstn = 1, data_out = f1b2
Time = 74855000, rstn = 1, data_out = f1b4
Time = 74865000, rstn = 1, data_out = f1b7
Time = 74875000, rstn = 1, data_out = f1ba
Time = 74885000, rstn = 1, data_out = f1bd
Time = 74895000, rstn = 1, data_out = f1c0
Time = 74905000, rstn = 1, data_out = f1c2
Time = 74915000, rstn = 1, data_out = f1c5
Time = 74925000, rstn = 1, data_out = f1c8
Time = 74935000, rstn = 1, data_out = f1cb
Time = 74945000, rstn = 1, data_out = f1ce
Time = 74955000, rstn = 1, data_out = f1d1
Time = 74965000, rstn = 1, data_out = f1d4
Time = 74975000, rstn = 1, data_out = f1d7
Time = 74985000, rstn = 1, data_out = f1da
Time = 74995000, rstn = 1, data_out = f1dc
Time = 75005000, rstn = 1, data_out = f1df
Time = 75015000, rstn = 1, data_out = f1e2
Time = 75025000, rstn = 1, data_out = f1e5
Time = 75035000, rstn = 1, data_out = f1e8
Time = 75045000, rstn = 1, data_out = f1eb
Time = 75055000, rstn = 1, data_out = f1ee
Time = 75065000, rstn = 1, data_out = f1f1
Time = 75075000, rstn = 1, data_out = f1f4
Time = 75085000, rstn = 1, data_out = f1f7
Time = 75095000, rstn = 1, data_out = f1fa
Time = 75105000, rstn = 1, data_out = f1fd
Time = 75115000, rstn = 1, data_out = f200
Time = 75125000, rstn = 1, data_out = f203
Time = 75135000, rstn = 1, data_out = f206
Time = 75145000, rstn = 1, data_out = f209
Time = 75155000, rstn = 1, data_out = f20c
Time = 75165000, rstn = 1, data_out = f20f
Time = 75175000, rstn = 1, data_out = f212
Time = 75185000, rstn = 1, data_out = f216
Time = 75195000, rstn = 1, data_out = f219
Time = 75205000, rstn = 1, data_out = f21c
Time = 75215000, rstn = 1, data_out = f21f
Time = 75225000, rstn = 1, data_out = f222
Time = 75235000, rstn = 1, data_out = f225
Time = 75245000, rstn = 1, data_out = f228
Time = 75255000, rstn = 1, data_out = f22c
Time = 75265000, rstn = 1, data_out = f22f
Time = 75275000, rstn = 1, data_out = f232
Time = 75285000, rstn = 1, data_out = f235
Time = 75295000, rstn = 1, data_out = f238
Time = 75305000, rstn = 1, data_out = f23b
Time = 75315000, rstn = 1, data_out = f23e
Time = 75325000, rstn = 1, data_out = f241
Time = 75335000, rstn = 1, data_out = f245
Time = 75345000, rstn = 1, data_out = f248
Time = 75355000, rstn = 1, data_out = f24c
Time = 75365000, rstn = 1, data_out = f24f
Time = 75375000, rstn = 1, data_out = f252
Time = 75385000, rstn = 1, data_out = f255
Time = 75395000, rstn = 1, data_out = f258
Time = 75405000, rstn = 1, data_out = f25b
Time = 75415000, rstn = 1, data_out = f25f
Time = 75425000, rstn = 1, data_out = f262
Time = 75435000, rstn = 1, data_out = f266
Time = 75445000, rstn = 1, data_out = f269
Time = 75455000, rstn = 1, data_out = f26c
Time = 75465000, rstn = 1, data_out = f270
Time = 75475000, rstn = 1, data_out = f273
Time = 75485000, rstn = 1, data_out = f276
Time = 75495000, rstn = 1, data_out = f27a
Time = 75505000, rstn = 1, data_out = f27d
Time = 75515000, rstn = 1, data_out = f280
Time = 75525000, rstn = 1, data_out = f284
Time = 75535000, rstn = 1, data_out = f287
Time = 75545000, rstn = 1, data_out = f28a
Time = 75555000, rstn = 1, data_out = f28e
Time = 75565000, rstn = 1, data_out = f291
Time = 75575000, rstn = 1, data_out = f294
Time = 75585000, rstn = 1, data_out = f297
Time = 75595000, rstn = 1, data_out = f29c
Time = 75605000, rstn = 1, data_out = f29f
Time = 75615000, rstn = 1, data_out = f2a2
Time = 75625000, rstn = 1, data_out = f2a6
Time = 75635000, rstn = 1, data_out = f2a9
Time = 75645000, rstn = 1, data_out = f2ac
Time = 75655000, rstn = 1, data_out = f2af
Time = 75665000, rstn = 1, data_out = f2b4
Time = 75675000, rstn = 1, data_out = f2b7
Time = 75685000, rstn = 1, data_out = f2ba
Time = 75695000, rstn = 1, data_out = f2bd
Time = 75705000, rstn = 1, data_out = f2c2
Time = 75715000, rstn = 1, data_out = f2c5
Time = 75725000, rstn = 1, data_out = f2c8
Time = 75735000, rstn = 1, data_out = f2cb
Time = 75745000, rstn = 1, data_out = f2d0
Time = 75755000, rstn = 1, data_out = f2d4
Time = 75765000, rstn = 1, data_out = f2d7
Time = 75775000, rstn = 1, data_out = f2da
Time = 75785000, rstn = 1, data_out = f2dd
Time = 75795000, rstn = 1, data_out = f2e2
Time = 75805000, rstn = 1, data_out = f2e6
Time = 75815000, rstn = 1, data_out = f2e9
Time = 75825000, rstn = 1, data_out = f2ec
Time = 75835000, rstn = 1, data_out = f2ef
Time = 75845000, rstn = 1, data_out = f2f4
Time = 75855000, rstn = 1, data_out = f2f8
Time = 75865000, rstn = 1, data_out = f2fb
Time = 75875000, rstn = 1, data_out = f2fe
Time = 75885000, rstn = 1, data_out = f301
Time = 75895000, rstn = 1, data_out = f306
Time = 75905000, rstn = 1, data_out = f309
Time = 75915000, rstn = 1, data_out = f30e
Time = 75925000, rstn = 1, data_out = f311
Time = 75935000, rstn = 1, data_out = f314
Time = 75945000, rstn = 1, data_out = f317
Time = 75955000, rstn = 1, data_out = f31c
Time = 75965000, rstn = 1, data_out = f320
Time = 75975000, rstn = 1, data_out = f323
Time = 75985000, rstn = 1, data_out = f328
Time = 75995000, rstn = 1, data_out = f32b
Time = 76005000, rstn = 1, data_out = f32e
Time = 76015000, rstn = 1, data_out = f331
Time = 76025000, rstn = 1, data_out = f336
Time = 76035000, rstn = 1, data_out = f339
Time = 76045000, rstn = 1, data_out = f33e
Time = 76055000, rstn = 1, data_out = f342
Time = 76065000, rstn = 1, data_out = f345
Time = 76075000, rstn = 1, data_out = f34a
Time = 76085000, rstn = 1, data_out = f34d
Time = 76095000, rstn = 1, data_out = f350
Time = 76105000, rstn = 1, data_out = f353
Time = 76115000, rstn = 1, data_out = f358
Time = 76125000, rstn = 1, data_out = f35b
Time = 76135000, rstn = 1, data_out = f360
Time = 76145000, rstn = 1, data_out = f364
Time = 76155000, rstn = 1, data_out = f368
Time = 76165000, rstn = 1, data_out = f36c
Time = 76175000, rstn = 1, data_out = f370
Time = 76185000, rstn = 1, data_out = f374
Time = 76195000, rstn = 1, data_out = f378
Time = 76205000, rstn = 1, data_out = f37c
Time = 76215000, rstn = 1, data_out = f37f
Time = 76225000, rstn = 1, data_out = f384
Time = 76235000, rstn = 1, data_out = f387
Time = 76245000, rstn = 1, data_out = f38c
Time = 76255000, rstn = 1, data_out = f38f
Time = 76265000, rstn = 1, data_out = f392
Time = 76275000, rstn = 1, data_out = f395
Time = 76285000, rstn = 1, data_out = f39a
Time = 76295000, rstn = 1, data_out = f39d
Time = 76305000, rstn = 1, data_out = f3a2
Time = 76315000, rstn = 1, data_out = f3a6
Time = 76325000, rstn = 1, data_out = f3aa
Time = 76335000, rstn = 1, data_out = f3ae
Time = 76345000, rstn = 1, data_out = f3b2
Time = 76355000, rstn = 1, data_out = f3b6
Time = 76365000, rstn = 1, data_out = f3b9
Time = 76375000, rstn = 1, data_out = f3be
Time = 76385000, rstn = 1, data_out = f3c1
Time = 76395000, rstn = 1, data_out = f3c6
Time = 76405000, rstn = 1, data_out = f3cb
Time = 76415000, rstn = 1, data_out = f3d0
Time = 76425000, rstn = 1, data_out = f3d3
Time = 76435000, rstn = 1, data_out = f3d8
Time = 76445000, rstn = 1, data_out = f3db
Time = 76455000, rstn = 1, data_out = f3e0
Time = 76465000, rstn = 1, data_out = f3e4
Time = 76475000, rstn = 1, data_out = f3e8
Time = 76485000, rstn = 1, data_out = f3ec
Time = 76495000, rstn = 1, data_out = f3f0
Time = 76505000, rstn = 1, data_out = f3f4
Time = 76515000, rstn = 1, data_out = f3f8
Time = 76525000, rstn = 1, data_out = f3fc
Time = 76535000, rstn = 1, data_out = f400
Time = 76545000, rstn = 1, data_out = f403
Time = 76555000, rstn = 1, data_out = f408
Time = 76565000, rstn = 1, data_out = f40b
Time = 76575000, rstn = 1, data_out = f410
Time = 76585000, rstn = 1, data_out = f415
Time = 76595000, rstn = 1, data_out = f41a
Time = 76605000, rstn = 1, data_out = f41d
Time = 76615000, rstn = 1, data_out = f422
Time = 76625000, rstn = 1, data_out = f426
Time = 76635000, rstn = 1, data_out = f429
Time = 76645000, rstn = 1, data_out = f42e
Time = 76655000, rstn = 1, data_out = f431
Time = 76665000, rstn = 1, data_out = f436
Time = 76675000, rstn = 1, data_out = f43b
Time = 76685000, rstn = 1, data_out = f440
Time = 76695000, rstn = 1, data_out = f443
Time = 76705000, rstn = 1, data_out = f448
Time = 76715000, rstn = 1, data_out = f44b
Time = 76725000, rstn = 1, data_out = f450
Time = 76735000, rstn = 1, data_out = f453
Time = 76745000, rstn = 1, data_out = f458
Time = 76755000, rstn = 1, data_out = f45d
Time = 76765000, rstn = 1, data_out = f462
Time = 76775000, rstn = 1, data_out = f465
Time = 76785000, rstn = 1, data_out = f46a
Time = 76795000, rstn = 1, data_out = f46d
Time = 76805000, rstn = 1, data_out = f472
Time = 76815000, rstn = 1, data_out = f477
Time = 76825000, rstn = 1, data_out = f47c
Time = 76835000, rstn = 1, data_out = f480
Time = 76845000, rstn = 1, data_out = f483
Time = 76855000, rstn = 1, data_out = f488
Time = 76865000, rstn = 1, data_out = f48d
Time = 76875000, rstn = 1, data_out = f492
Time = 76885000, rstn = 1, data_out = f496
Time = 76895000, rstn = 1, data_out = f499
Time = 76905000, rstn = 1, data_out = f49e
Time = 76915000, rstn = 1, data_out = f4a3
Time = 76925000, rstn = 1, data_out = f4a8
Time = 76935000, rstn = 1, data_out = f4ac
Time = 76945000, rstn = 1, data_out = f4af
Time = 76955000, rstn = 1, data_out = f4b4
Time = 76965000, rstn = 1, data_out = f4b9
Time = 76975000, rstn = 1, data_out = f4be
Time = 76985000, rstn = 1, data_out = f4c1
Time = 76995000, rstn = 1, data_out = f4c6
Time = 77005000, rstn = 1, data_out = f4cb
Time = 77015000, rstn = 1, data_out = f4d0
Time = 77025000, rstn = 1, data_out = f4d4
Time = 77035000, rstn = 1, data_out = f4d7
Time = 77045000, rstn = 1, data_out = f4dc
Time = 77055000, rstn = 1, data_out = f4e1
Time = 77065000, rstn = 1, data_out = f4e6
Time = 77075000, rstn = 1, data_out = f4ea
Time = 77085000, rstn = 1, data_out = f4ef
Time = 77095000, rstn = 1, data_out = f4f4
Time = 77105000, rstn = 1, data_out = f4f7
Time = 77115000, rstn = 1, data_out = f4fc
Time = 77125000, rstn = 1, data_out = f501
Time = 77135000, rstn = 1, data_out = f506
Time = 77145000, rstn = 1, data_out = f509
Time = 77155000, rstn = 1, data_out = f50e
Time = 77165000, rstn = 1, data_out = f513
Time = 77175000, rstn = 1, data_out = f518
Time = 77185000, rstn = 1, data_out = f51c
Time = 77195000, rstn = 1, data_out = f521
Time = 77205000, rstn = 1, data_out = f526
Time = 77215000, rstn = 1, data_out = f52a
Time = 77225000, rstn = 1, data_out = f52f
Time = 77235000, rstn = 1, data_out = f533
Time = 77245000, rstn = 1, data_out = f538
Time = 77255000, rstn = 1, data_out = f53d
Time = 77265000, rstn = 1, data_out = f542
Time = 77275000, rstn = 1, data_out = f545
Time = 77285000, rstn = 1, data_out = f54a
Time = 77295000, rstn = 1, data_out = f54f
Time = 77305000, rstn = 1, data_out = f553
Time = 77315000, rstn = 1, data_out = f558
Time = 77325000, rstn = 1, data_out = f55d
Time = 77335000, rstn = 1, data_out = f562
Time = 77345000, rstn = 1, data_out = f567
Time = 77355000, rstn = 1, data_out = f56c
Time = 77365000, rstn = 1, data_out = f570
Time = 77375000, rstn = 1, data_out = f575
Time = 77385000, rstn = 1, data_out = f57a
Time = 77395000, rstn = 1, data_out = f57e
Time = 77405000, rstn = 1, data_out = f583
Time = 77415000, rstn = 1, data_out = f587
Time = 77425000, rstn = 1, data_out = f58c
Time = 77435000, rstn = 1, data_out = f591
Time = 77445000, rstn = 1, data_out = f596
Time = 77455000, rstn = 1, data_out = f59b
Time = 77465000, rstn = 1, data_out = f5a0
Time = 77475000, rstn = 1, data_out = f5a4
Time = 77485000, rstn = 1, data_out = f5a9
Time = 77495000, rstn = 1, data_out = f5ae
Time = 77505000, rstn = 1, data_out = f5b3
Time = 77515000, rstn = 1, data_out = f5b8
Time = 77525000, rstn = 1, data_out = f5bc
Time = 77535000, rstn = 1, data_out = f5c1
Time = 77545000, rstn = 1, data_out = f5c6
Time = 77555000, rstn = 1, data_out = f5cb
Time = 77565000, rstn = 1, data_out = f5d0
Time = 77575000, rstn = 1, data_out = f5d4
Time = 77585000, rstn = 1, data_out = f5d9
Time = 77595000, rstn = 1, data_out = f5de
Time = 77605000, rstn = 1, data_out = f5e3
Time = 77615000, rstn = 1, data_out = f5e8
Time = 77625000, rstn = 1, data_out = f5ed
Time = 77635000, rstn = 1, data_out = f5f2
Time = 77645000, rstn = 1, data_out = f5f6
Time = 77655000, rstn = 1, data_out = f5fb
Time = 77665000, rstn = 1, data_out = f600
Time = 77675000, rstn = 1, data_out = f605
Time = 77685000, rstn = 1, data_out = f60a
Time = 77695000, rstn = 1, data_out = f60f
Time = 77705000, rstn = 1, data_out = f614
Time = 77715000, rstn = 1, data_out = f619
Time = 77725000, rstn = 1, data_out = f61e
Time = 77735000, rstn = 1, data_out = f623
Time = 77745000, rstn = 1, data_out = f628
Time = 77755000, rstn = 1, data_out = f62c
Time = 77765000, rstn = 1, data_out = f631
Time = 77775000, rstn = 1, data_out = f636
Time = 77785000, rstn = 1, data_out = f63b
Time = 77795000, rstn = 1, data_out = f640
Time = 77805000, rstn = 1, data_out = f645
Time = 77815000, rstn = 1, data_out = f64a
Time = 77825000, rstn = 1, data_out = f64f
Time = 77835000, rstn = 1, data_out = f654
Time = 77845000, rstn = 1, data_out = f659
Time = 77855000, rstn = 1, data_out = f65e
Time = 77865000, rstn = 1, data_out = f663
Time = 77875000, rstn = 1, data_out = f668
Time = 77885000, rstn = 1, data_out = f66d
Time = 77895000, rstn = 1, data_out = f672
Time = 77905000, rstn = 1, data_out = f677
Time = 77915000, rstn = 1, data_out = f67c
Time = 77925000, rstn = 1, data_out = f682
Time = 77935000, rstn = 1, data_out = f687
Time = 77945000, rstn = 1, data_out = f68c
Time = 77955000, rstn = 1, data_out = f691
Time = 77965000, rstn = 1, data_out = f696
Time = 77975000, rstn = 1, data_out = f69b
Time = 77985000, rstn = 1, data_out = f6a0
Time = 77995000, rstn = 1, data_out = f6a5
Time = 78005000, rstn = 1, data_out = f6aa
Time = 78015000, rstn = 1, data_out = f6af
Time = 78025000, rstn = 1, data_out = f6b4
Time = 78035000, rstn = 1, data_out = f6b9
Time = 78045000, rstn = 1, data_out = f6be
Time = 78055000, rstn = 1, data_out = f6c4
Time = 78065000, rstn = 1, data_out = f6c9
Time = 78075000, rstn = 1, data_out = f6ce
Time = 78085000, rstn = 1, data_out = f6d3
Time = 78095000, rstn = 1, data_out = f6d8
Time = 78105000, rstn = 1, data_out = f6dd
Time = 78115000, rstn = 1, data_out = f6e2
Time = 78125000, rstn = 1, data_out = f6e8
Time = 78135000, rstn = 1, data_out = f6ed
Time = 78145000, rstn = 1, data_out = f6f2
Time = 78155000, rstn = 1, data_out = f6f7
Time = 78165000, rstn = 1, data_out = f6fc
Time = 78175000, rstn = 1, data_out = f702
Time = 78185000, rstn = 1, data_out = f707
Time = 78195000, rstn = 1, data_out = f70c
Time = 78205000, rstn = 1, data_out = f711
Time = 78215000, rstn = 1, data_out = f716
Time = 78225000, rstn = 1, data_out = f71c
Time = 78235000, rstn = 1, data_out = f721
Time = 78245000, rstn = 1, data_out = f726
Time = 78255000, rstn = 1, data_out = f72b
Time = 78265000, rstn = 1, data_out = f730
Time = 78275000, rstn = 1, data_out = f735
Time = 78285000, rstn = 1, data_out = f73b
Time = 78295000, rstn = 1, data_out = f740
Time = 78305000, rstn = 1, data_out = f746
Time = 78315000, rstn = 1, data_out = f74b
Time = 78325000, rstn = 1, data_out = f750
Time = 78335000, rstn = 1, data_out = f755
Time = 78345000, rstn = 1, data_out = f75a
Time = 78355000, rstn = 1, data_out = f75f
Time = 78365000, rstn = 1, data_out = f765
Time = 78375000, rstn = 1, data_out = f76a
Time = 78385000, rstn = 1, data_out = f770
Time = 78395000, rstn = 1, data_out = f775
Time = 78405000, rstn = 1, data_out = f77a
Time = 78415000, rstn = 1, data_out = f780
Time = 78425000, rstn = 1, data_out = f785
Time = 78435000, rstn = 1, data_out = f78a
Time = 78445000, rstn = 1, data_out = f790
Time = 78455000, rstn = 1, data_out = f795
Time = 78465000, rstn = 1, data_out = f79a
Time = 78475000, rstn = 1, data_out = f7a0
Time = 78485000, rstn = 1, data_out = f7a5
Time = 78495000, rstn = 1, data_out = f7aa
Time = 78505000, rstn = 1, data_out = f7b0
Time = 78515000, rstn = 1, data_out = f7b5
Time = 78525000, rstn = 1, data_out = f7ba
Time = 78535000, rstn = 1, data_out = f7c0
Time = 78545000, rstn = 1, data_out = f7c5
Time = 78555000, rstn = 1, data_out = f7ca
Time = 78565000, rstn = 1, data_out = f7cf
Time = 78575000, rstn = 1, data_out = f7d6
Time = 78585000, rstn = 1, data_out = f7db
Time = 78595000, rstn = 1, data_out = f7e0
Time = 78605000, rstn = 1, data_out = f7e6
Time = 78615000, rstn = 1, data_out = f7eb
Time = 78625000, rstn = 1, data_out = f7f0
Time = 78635000, rstn = 1, data_out = f7f5
Time = 78645000, rstn = 1, data_out = f7fc
Time = 78655000, rstn = 1, data_out = f801
Time = 78665000, rstn = 1, data_out = f806
Time = 78675000, rstn = 1, data_out = f80c
Time = 78685000, rstn = 1, data_out = f811
Time = 78695000, rstn = 1, data_out = f816
Time = 78705000, rstn = 1, data_out = f81b
Time = 78715000, rstn = 1, data_out = f822
Time = 78725000, rstn = 1, data_out = f827
Time = 78735000, rstn = 1, data_out = f82c
Time = 78745000, rstn = 1, data_out = f831
Time = 78755000, rstn = 1, data_out = f838
Time = 78765000, rstn = 1, data_out = f83d
Time = 78775000, rstn = 1, data_out = f842
Time = 78785000, rstn = 1, data_out = f847
Time = 78795000, rstn = 1, data_out = f84e
Time = 78805000, rstn = 1, data_out = f853
Time = 78815000, rstn = 1, data_out = f858
Time = 78825000, rstn = 1, data_out = f85d
Time = 78835000, rstn = 1, data_out = f864
Time = 78845000, rstn = 1, data_out = f869
Time = 78855000, rstn = 1, data_out = f86e
Time = 78865000, rstn = 1, data_out = f873
Time = 78875000, rstn = 1, data_out = f87a
Time = 78885000, rstn = 1, data_out = f87f
Time = 78895000, rstn = 1, data_out = f884
Time = 78905000, rstn = 1, data_out = f889
Time = 78915000, rstn = 1, data_out = f890
Time = 78925000, rstn = 1, data_out = f896
Time = 78935000, rstn = 1, data_out = f89b
Time = 78945000, rstn = 1, data_out = f8a0
Time = 78955000, rstn = 1, data_out = f8a5
Time = 78965000, rstn = 1, data_out = f8ac
Time = 78975000, rstn = 1, data_out = f8b2
Time = 78985000, rstn = 1, data_out = f8b7
Time = 78995000, rstn = 1, data_out = f8bc
Time = 79005000, rstn = 1, data_out = f8c1
Time = 79015000, rstn = 1, data_out = f8c8
Time = 79025000, rstn = 1, data_out = f8cd
Time = 79035000, rstn = 1, data_out = f8d2
Time = 79045000, rstn = 1, data_out = f8d7
Time = 79055000, rstn = 1, data_out = f8de
Time = 79065000, rstn = 1, data_out = f8e3
Time = 79075000, rstn = 1, data_out = f8ea
Time = 79085000, rstn = 1, data_out = f8ef
Time = 79095000, rstn = 1, data_out = f8f4
Time = 79105000, rstn = 1, data_out = f8f9
Time = 79115000, rstn = 1, data_out = f900
Time = 79125000, rstn = 1, data_out = f906
Time = 79135000, rstn = 1, data_out = f90b
Time = 79145000, rstn = 1, data_out = f910
Time = 79155000, rstn = 1, data_out = f915
Time = 79165000, rstn = 1, data_out = f91c
Time = 79175000, rstn = 1, data_out = f921
Time = 79185000, rstn = 1, data_out = f928
Time = 79195000, rstn = 1, data_out = f92d
Time = 79205000, rstn = 1, data_out = f932
Time = 79215000, rstn = 1, data_out = f937
Time = 79225000, rstn = 1, data_out = f93e
Time = 79235000, rstn = 1, data_out = f944
Time = 79245000, rstn = 1, data_out = f949
Time = 79255000, rstn = 1, data_out = f950
Time = 79265000, rstn = 1, data_out = f955
Time = 79275000, rstn = 1, data_out = f95a
Time = 79285000, rstn = 1, data_out = f95f
Time = 79295000, rstn = 1, data_out = f966
Time = 79305000, rstn = 1, data_out = f96c
Time = 79315000, rstn = 1, data_out = f971
Time = 79325000, rstn = 1, data_out = f978
Time = 79335000, rstn = 1, data_out = f97d
Time = 79345000, rstn = 1, data_out = f982
Time = 79355000, rstn = 1, data_out = f987
Time = 79365000, rstn = 1, data_out = f98e
Time = 79375000, rstn = 1, data_out = f993
Time = 79385000, rstn = 1, data_out = f99a
Time = 79395000, rstn = 1, data_out = f99f
Time = 79405000, rstn = 1, data_out = f9a6
Time = 79415000, rstn = 1, data_out = f9ab
Time = 79425000, rstn = 1, data_out = f9b0
Time = 79435000, rstn = 1, data_out = f9b5
Time = 79445000, rstn = 1, data_out = f9bc
Time = 79455000, rstn = 1, data_out = f9c1
Time = 79465000, rstn = 1, data_out = f9c8
Time = 79475000, rstn = 1, data_out = f9ce
Time = 79485000, rstn = 1, data_out = f9d3
Time = 79495000, rstn = 1, data_out = f9da
Time = 79505000, rstn = 1, data_out = f9df
Time = 79515000, rstn = 1, data_out = f9e4
Time = 79525000, rstn = 1, data_out = f9e9
Time = 79535000, rstn = 1, data_out = f9f0
Time = 79545000, rstn = 1, data_out = f9f5
Time = 79555000, rstn = 1, data_out = f9fc
Time = 79565000, rstn = 1, data_out = fa02
Time = 79575000, rstn = 1, data_out = fa07
Time = 79585000, rstn = 1, data_out = fa0e
Time = 79595000, rstn = 1, data_out = fa13
Time = 79605000, rstn = 1, data_out = fa1a
Time = 79615000, rstn = 1, data_out = fa1f
Time = 79625000, rstn = 1, data_out = fa24
Time = 79635000, rstn = 1, data_out = fa29
Time = 79645000, rstn = 1, data_out = fa30
Time = 79655000, rstn = 1, data_out = fa35
Time = 79665000, rstn = 1, data_out = fa3c
Time = 79675000, rstn = 1, data_out = fa42
Time = 79685000, rstn = 1, data_out = fa48
Time = 79695000, rstn = 1, data_out = fa4e
Time = 79705000, rstn = 1, data_out = fa54
Time = 79715000, rstn = 1, data_out = fa5a
Time = 79725000, rstn = 1, data_out = fa5f
Time = 79735000, rstn = 1, data_out = fa66
Time = 79745000, rstn = 1, data_out = fa6b
Time = 79755000, rstn = 1, data_out = fa72
Time = 79765000, rstn = 1, data_out = fa77
Time = 79775000, rstn = 1, data_out = fa7c
Time = 79785000, rstn = 1, data_out = fa81
Time = 79795000, rstn = 1, data_out = fa88
Time = 79805000, rstn = 1, data_out = fa8d
Time = 79815000, rstn = 1, data_out = fa94
Time = 79825000, rstn = 1, data_out = fa9a
Time = 79835000, rstn = 1, data_out = faa0
Time = 79845000, rstn = 1, data_out = faa6
Time = 79855000, rstn = 1, data_out = faac
Time = 79865000, rstn = 1, data_out = fab2
Time = 79875000, rstn = 1, data_out = fab8
Time = 79885000, rstn = 1, data_out = fabe
Time = 79895000, rstn = 1, data_out = fac4
Time = 79905000, rstn = 1, data_out = faca
Time = 79915000, rstn = 1, data_out = fad0
Time = 79925000, rstn = 1, data_out = fad6
Time = 79935000, rstn = 1, data_out = fadc
Time = 79945000, rstn = 1, data_out = fae2
Time = 79955000, rstn = 1, data_out = fae8
Time = 79965000, rstn = 1, data_out = faee
Time = 79975000, rstn = 1, data_out = faf4
Time = 79985000, rstn = 1, data_out = fafa
Time = 79995000, rstn = 1, data_out = fb00
Time = 80005000, rstn = 1, data_out = fb06
Time = 80015000, rstn = 1, data_out = fb0c
Time = 80025000, rstn = 1, data_out = fb12
Time = 80035000, rstn = 1, data_out = fb18
Time = 80045000, rstn = 1, data_out = fb1e
Time = 80055000, rstn = 1, data_out = fb24
Time = 80065000, rstn = 1, data_out = fb2a
Time = 80075000, rstn = 1, data_out = fb30
Time = 80085000, rstn = 1, data_out = fb36
Time = 80095000, rstn = 1, data_out = fb3c
Time = 80105000, rstn = 1, data_out = fb42
Time = 80115000, rstn = 1, data_out = fb48
Time = 80125000, rstn = 1, data_out = fb4e
Time = 80135000, rstn = 1, data_out = fb54
Time = 80145000, rstn = 1, data_out = fb5a
Time = 80155000, rstn = 1, data_out = fb60
Time = 80165000, rstn = 1, data_out = fb66
Time = 80175000, rstn = 1, data_out = fb6c
Time = 80185000, rstn = 1, data_out = fb72
Time = 80195000, rstn = 1, data_out = fb78
Time = 80205000, rstn = 1, data_out = fb7e
Time = 80215000, rstn = 1, data_out = fb84
Time = 80225000, rstn = 1, data_out = fb8a
Time = 80235000, rstn = 1, data_out = fb90
Time = 80245000, rstn = 1, data_out = fb96
Time = 80255000, rstn = 1, data_out = fb9c
Time = 80265000, rstn = 1, data_out = fba2
Time = 80275000, rstn = 1, data_out = fba8
Time = 80285000, rstn = 1, data_out = fbae
Time = 80295000, rstn = 1, data_out = fbb4
Time = 80305000, rstn = 1, data_out = fbba
Time = 80315000, rstn = 1, data_out = fbc0
Time = 80325000, rstn = 1, data_out = fbc6
Time = 80335000, rstn = 1, data_out = fbcc
Time = 80345000, rstn = 1, data_out = fbd2
Time = 80355000, rstn = 1, data_out = fbd8
Time = 80365000, rstn = 1, data_out = fbde
Time = 80375000, rstn = 1, data_out = fbe4
Time = 80385000, rstn = 1, data_out = fbea
Time = 80395000, rstn = 1, data_out = fbf0
Time = 80405000, rstn = 1, data_out = fbf6
Time = 80415000, rstn = 1, data_out = fbfc
Time = 80425000, rstn = 1, data_out = fc02
Time = 80435000, rstn = 1, data_out = fc08
Time = 80445000, rstn = 1, data_out = fc0e
Time = 80455000, rstn = 1, data_out = fc14
Time = 80465000, rstn = 1, data_out = fc19
Time = 80475000, rstn = 1, data_out = fc20
Time = 80485000, rstn = 1, data_out = fc25
Time = 80495000, rstn = 1, data_out = fc2c
Time = 80505000, rstn = 1, data_out = fc33
Time = 80515000, rstn = 1, data_out = fc3a
Time = 80525000, rstn = 1, data_out = fc3f
Time = 80535000, rstn = 1, data_out = fc46
Time = 80545000, rstn = 1, data_out = fc4b
Time = 80555000, rstn = 1, data_out = fc52
Time = 80565000, rstn = 1, data_out = fc58
Time = 80575000, rstn = 1, data_out = fc5e
Time = 80585000, rstn = 1, data_out = fc64
Time = 80595000, rstn = 1, data_out = fc6a
Time = 80605000, rstn = 1, data_out = fc70
Time = 80615000, rstn = 1, data_out = fc76
Time = 80625000, rstn = 1, data_out = fc7c
Time = 80635000, rstn = 1, data_out = fc81
Time = 80645000, rstn = 1, data_out = fc88
Time = 80655000, rstn = 1, data_out = fc8d
Time = 80665000, rstn = 1, data_out = fc94
Time = 80675000, rstn = 1, data_out = fc9b
Time = 80685000, rstn = 1, data_out = fca2
Time = 80695000, rstn = 1, data_out = fca7
Time = 80705000, rstn = 1, data_out = fcae
Time = 80715000, rstn = 1, data_out = fcb3
Time = 80725000, rstn = 1, data_out = fcba
Time = 80735000, rstn = 1, data_out = fcc0
Time = 80745000, rstn = 1, data_out = fcc6
Time = 80755000, rstn = 1, data_out = fccc
Time = 80765000, rstn = 1, data_out = fcd2
Time = 80775000, rstn = 1, data_out = fcd7
Time = 80785000, rstn = 1, data_out = fcde
Time = 80795000, rstn = 1, data_out = fce3
Time = 80805000, rstn = 1, data_out = fcea
Time = 80815000, rstn = 1, data_out = fcf1
Time = 80825000, rstn = 1, data_out = fcf8
Time = 80835000, rstn = 1, data_out = fcfd
Time = 80845000, rstn = 1, data_out = fd04
Time = 80855000, rstn = 1, data_out = fd09
Time = 80865000, rstn = 1, data_out = fd10
Time = 80875000, rstn = 1, data_out = fd16
Time = 80885000, rstn = 1, data_out = fd1c
Time = 80895000, rstn = 1, data_out = fd21
Time = 80905000, rstn = 1, data_out = fd28
Time = 80915000, rstn = 1, data_out = fd2d
Time = 80925000, rstn = 1, data_out = fd34
Time = 80935000, rstn = 1, data_out = fd3b
Time = 80945000, rstn = 1, data_out = fd42
Time = 80955000, rstn = 1, data_out = fd47
Time = 80965000, rstn = 1, data_out = fd4e
Time = 80975000, rstn = 1, data_out = fd53
Time = 80985000, rstn = 1, data_out = fd5a
Time = 80995000, rstn = 1, data_out = fd5f
Time = 81005000, rstn = 1, data_out = fd66
Time = 81015000, rstn = 1, data_out = fd6b
Time = 81025000, rstn = 1, data_out = fd72
Time = 81035000, rstn = 1, data_out = fd79
Time = 81045000, rstn = 1, data_out = fd80
Time = 81055000, rstn = 1, data_out = fd85
Time = 81065000, rstn = 1, data_out = fd8c
Time = 81075000, rstn = 1, data_out = fd91
Time = 81085000, rstn = 1, data_out = fd98
Time = 81095000, rstn = 1, data_out = fd9d
Time = 81105000, rstn = 1, data_out = fda4
Time = 81115000, rstn = 1, data_out = fda9
Time = 81125000, rstn = 1, data_out = fdb0
Time = 81135000, rstn = 1, data_out = fdb7
Time = 81145000, rstn = 1, data_out = fdbe
Time = 81155000, rstn = 1, data_out = fdc3
Time = 81165000, rstn = 1, data_out = fdca
Time = 81175000, rstn = 1, data_out = fdd0
Time = 81185000, rstn = 1, data_out = fdd5
Time = 81195000, rstn = 1, data_out = fddc
Time = 81205000, rstn = 1, data_out = fde1
Time = 81215000, rstn = 1, data_out = fde8
Time = 81225000, rstn = 1, data_out = fdef
Time = 81235000, rstn = 1, data_out = fdf6
Time = 81245000, rstn = 1, data_out = fdfb
Time = 81255000, rstn = 1, data_out = fe02
Time = 81265000, rstn = 1, data_out = fe08
Time = 81275000, rstn = 1, data_out = fe0d
Time = 81285000, rstn = 1, data_out = fe14
Time = 81295000, rstn = 1, data_out = fe19
Time = 81305000, rstn = 1, data_out = fe20
Time = 81315000, rstn = 1, data_out = fe27
Time = 81325000, rstn = 1, data_out = fe2e
Time = 81335000, rstn = 1, data_out = fe33
Time = 81345000, rstn = 1, data_out = fe3a
Time = 81355000, rstn = 1, data_out = fe3f
Time = 81365000, rstn = 1, data_out = fe46
Time = 81375000, rstn = 1, data_out = fe4b
Time = 81385000, rstn = 1, data_out = fe52
Time = 81395000, rstn = 1, data_out = fe59
Time = 81405000, rstn = 1, data_out = fe60
Time = 81415000, rstn = 1, data_out = fe65
Time = 81425000, rstn = 1, data_out = fe6c
Time = 81435000, rstn = 1, data_out = fe71
Time = 81445000, rstn = 1, data_out = fe78
Time = 81455000, rstn = 1, data_out = fe7d
Time = 81465000, rstn = 1, data_out = fe84
Time = 81475000, rstn = 1, data_out = fe8b
Time = 81485000, rstn = 1, data_out = fe92
Time = 81495000, rstn = 1, data_out = fe97
Time = 81505000, rstn = 1, data_out = fe9e
Time = 81515000, rstn = 1, data_out = fea3
Time = 81525000, rstn = 1, data_out = feaa
Time = 81535000, rstn = 1, data_out = feaf
Time = 81545000, rstn = 1, data_out = feb6
Time = 81555000, rstn = 1, data_out = febd
Time = 81565000, rstn = 1, data_out = fec4
Time = 81575000, rstn = 1, data_out = fec9
Time = 81585000, rstn = 1, data_out = fed0
Time = 81595000, rstn = 1, data_out = fed5
Time = 81605000, rstn = 1, data_out = fedc
Time = 81615000, rstn = 1, data_out = fee1
Time = 81625000, rstn = 1, data_out = fee8
Time = 81635000, rstn = 1, data_out = feef
Time = 81645000, rstn = 1, data_out = fef6
Time = 81655000, rstn = 1, data_out = fefb
Time = 81665000, rstn = 1, data_out = ff02
Time = 81675000, rstn = 1, data_out = ff08
Time = 81685000, rstn = 1, data_out = ff0d
Time = 81695000, rstn = 1, data_out = ff14
Time = 81705000, rstn = 1, data_out = ff1b
Time = 81715000, rstn = 1, data_out = ff22
Time = 81725000, rstn = 1, data_out = ff27
Time = 81735000, rstn = 1, data_out = ff2e
Time = 81745000, rstn = 1, data_out = ff33
Time = 81755000, rstn = 1, data_out = ff3a
Time = 81765000, rstn = 1, data_out = ff3f
Time = 81775000, rstn = 1, data_out = ff46
Time = 81785000, rstn = 1, data_out = ff4d
Time = 81795000, rstn = 1, data_out = ff54
Time = 81805000, rstn = 1, data_out = ff59
Time = 81815000, rstn = 1, data_out = ff60
Time = 81825000, rstn = 1, data_out = ff66
Time = 81835000, rstn = 1, data_out = ff6b
Time = 81845000, rstn = 1, data_out = ff72
Time = 81855000, rstn = 1, data_out = ff79
Time = 81865000, rstn = 1, data_out = ff80
Time = 81875000, rstn = 1, data_out = ff85
Time = 81885000, rstn = 1, data_out = ff8c
Time = 81895000, rstn = 1, data_out = ff91
Time = 81905000, rstn = 1, data_out = ff98
Time = 81915000, rstn = 1, data_out = ff9d
Time = 81925000, rstn = 1, data_out = ffa4
Time = 81935000, rstn = 1, data_out = ffab
Time = 81945000, rstn = 1, data_out = ffb2
Time = 81955000, rstn = 1, data_out = ffb7
Time = 81965000, rstn = 1, data_out = ffbe
Time = 81975000, rstn = 1, data_out = ffc4
Time = 81985000, rstn = 1, data_out = ffc9
Time = 81995000, rstn = 1, data_out = ffd0
Time = 82005000, rstn = 1, data_out = ffd7
Time = 82015000, rstn = 1, data_out = ffde
Time = 82025000, rstn = 1, data_out = ffe3
Time = 82035000, rstn = 1, data_out = ffea
Time = 82045000, rstn = 1, data_out = fff0
Time = 82055000, rstn = 1, data_out = fff5
Time = 82065000, rstn = 1, data_out = fffc
Time = 82075000, rstn = 1, data_out = 0003
Time = 82085000, rstn = 1, data_out = 000a
Time = 82095000, rstn = 1, data_out = 000f
Time = 82105000, rstn = 1, data_out = 0016
Time = 82115000, rstn = 1, data_out = 001c
Time = 82125000, rstn = 1, data_out = 0021
Time = 82135000, rstn = 1, data_out = 0028
Time = 82145000, rstn = 1, data_out = 002f
Time = 82155000, rstn = 1, data_out = 0036
Time = 82165000, rstn = 1, data_out = 003b
Time = 82175000, rstn = 1, data_out = 0042
Time = 82185000, rstn = 1, data_out = 0048
Time = 82195000, rstn = 1, data_out = 004d
Time = 82205000, rstn = 1, data_out = 0054
Time = 82215000, rstn = 1, data_out = 005b
Time = 82225000, rstn = 1, data_out = 0062
Time = 82235000, rstn = 1, data_out = 0067
Time = 82245000, rstn = 1, data_out = 006e
Time = 82255000, rstn = 1, data_out = 0073
Time = 82265000, rstn = 1, data_out = 007a
Time = 82275000, rstn = 1, data_out = 007f
Time = 82285000, rstn = 1, data_out = 0086
Time = 82295000, rstn = 1, data_out = 008d
Time = 82305000, rstn = 1, data_out = 0094
Time = 82315000, rstn = 1, data_out = 0099
Time = 82325000, rstn = 1, data_out = 00a0
Time = 82335000, rstn = 1, data_out = 00a6
Time = 82345000, rstn = 1, data_out = 00ab
Time = 82355000, rstn = 1, data_out = 00b2
Time = 82365000, rstn = 1, data_out = 00b9
Time = 82375000, rstn = 1, data_out = 00c0
Time = 82385000, rstn = 1, data_out = 00c5
Time = 82395000, rstn = 1, data_out = 00cc
Time = 82405000, rstn = 1, data_out = 00d1
Time = 82415000, rstn = 1, data_out = 00d8
Time = 82425000, rstn = 1, data_out = 00dd
Time = 82435000, rstn = 1, data_out = 00e4
Time = 82445000, rstn = 1, data_out = 00eb
Time = 82455000, rstn = 1, data_out = 00f2
Time = 82465000, rstn = 1, data_out = 00f7
Time = 82475000, rstn = 1, data_out = 00fe
Time = 82485000, rstn = 1, data_out = 0104
Time = 82495000, rstn = 1, data_out = 0109
Time = 82505000, rstn = 1, data_out = 0110
Time = 82515000, rstn = 1, data_out = 0117
Time = 82525000, rstn = 1, data_out = 011e
Time = 82535000, rstn = 1, data_out = 0123
Time = 82545000, rstn = 1, data_out = 012a
Time = 82555000, rstn = 1, data_out = 012f
Time = 82565000, rstn = 1, data_out = 0136
Time = 82575000, rstn = 1, data_out = 013b
Time = 82585000, rstn = 1, data_out = 0142
Time = 82595000, rstn = 1, data_out = 0149
Time = 82605000, rstn = 1, data_out = 0150
Time = 82615000, rstn = 1, data_out = 0155
Time = 82625000, rstn = 1, data_out = 015c
Time = 82635000, rstn = 1, data_out = 0161
Time = 82645000, rstn = 1, data_out = 0168
Time = 82655000, rstn = 1, data_out = 016d
Time = 82665000, rstn = 1, data_out = 0174
Time = 82675000, rstn = 1, data_out = 017b
Time = 82685000, rstn = 1, data_out = 0182
Time = 82695000, rstn = 1, data_out = 0187
Time = 82705000, rstn = 1, data_out = 018e
Time = 82715000, rstn = 1, data_out = 0193
Time = 82725000, rstn = 1, data_out = 019a
Time = 82735000, rstn = 1, data_out = 019f
Time = 82745000, rstn = 1, data_out = 01a6
Time = 82755000, rstn = 1, data_out = 01ad
Time = 82765000, rstn = 1, data_out = 01b4
Time = 82775000, rstn = 1, data_out = 01b9
Time = 82785000, rstn = 1, data_out = 01c0
Time = 82795000, rstn = 1, data_out = 01c5
Time = 82805000, rstn = 1, data_out = 01cc
Time = 82815000, rstn = 1, data_out = 01d1
Time = 82825000, rstn = 1, data_out = 01d8
Time = 82835000, rstn = 1, data_out = 01df
Time = 82845000, rstn = 1, data_out = 01e6
Time = 82855000, rstn = 1, data_out = 01eb
Time = 82865000, rstn = 1, data_out = 01f2
Time = 82875000, rstn = 1, data_out = 01f8
Time = 82885000, rstn = 1, data_out = 01fd
Time = 82895000, rstn = 1, data_out = 0204
Time = 82905000, rstn = 1, data_out = 0209
Time = 82915000, rstn = 1, data_out = 0210
Time = 82925000, rstn = 1, data_out = 0217
Time = 82935000, rstn = 1, data_out = 021e
Time = 82945000, rstn = 1, data_out = 0223
Time = 82955000, rstn = 1, data_out = 022a
Time = 82965000, rstn = 1, data_out = 0230
Time = 82975000, rstn = 1, data_out = 0235
Time = 82985000, rstn = 1, data_out = 023c
Time = 82995000, rstn = 1, data_out = 0241
Time = 83005000, rstn = 1, data_out = 0248
Time = 83015000, rstn = 1, data_out = 024f
Time = 83025000, rstn = 1, data_out = 0256
Time = 83035000, rstn = 1, data_out = 025b
Time = 83045000, rstn = 1, data_out = 0262
Time = 83055000, rstn = 1, data_out = 0267
Time = 83065000, rstn = 1, data_out = 026e
Time = 83075000, rstn = 1, data_out = 0273
Time = 83085000, rstn = 1, data_out = 027a
Time = 83095000, rstn = 1, data_out = 027f
Time = 83105000, rstn = 1, data_out = 0286
Time = 83115000, rstn = 1, data_out = 028d
Time = 83125000, rstn = 1, data_out = 0294
Time = 83135000, rstn = 1, data_out = 0299
Time = 83145000, rstn = 1, data_out = 02a0
Time = 83155000, rstn = 1, data_out = 02a5
Time = 83165000, rstn = 1, data_out = 02ac
Time = 83175000, rstn = 1, data_out = 02b1
Time = 83185000, rstn = 1, data_out = 02b8
Time = 83195000, rstn = 1, data_out = 02bd
Time = 83205000, rstn = 1, data_out = 02c4
Time = 83215000, rstn = 1, data_out = 02cb
Time = 83225000, rstn = 1, data_out = 02d2
Time = 83235000, rstn = 1, data_out = 02d7
Time = 83245000, rstn = 1, data_out = 02de
Time = 83255000, rstn = 1, data_out = 02e3
Time = 83265000, rstn = 1, data_out = 02ea
Time = 83275000, rstn = 1, data_out = 02f0
Time = 83285000, rstn = 1, data_out = 02f6
Time = 83295000, rstn = 1, data_out = 02fb
Time = 83305000, rstn = 1, data_out = 0302
Time = 83315000, rstn = 1, data_out = 0307
Time = 83325000, rstn = 1, data_out = 030e
Time = 83335000, rstn = 1, data_out = 0315
Time = 83345000, rstn = 1, data_out = 031c
Time = 83355000, rstn = 1, data_out = 0321
Time = 83365000, rstn = 1, data_out = 0328
Time = 83375000, rstn = 1, data_out = 032d
Time = 83385000, rstn = 1, data_out = 0334
Time = 83395000, rstn = 1, data_out = 033a
Time = 83405000, rstn = 1, data_out = 0340
Time = 83415000, rstn = 1, data_out = 0346
Time = 83425000, rstn = 1, data_out = 034c
Time = 83435000, rstn = 1, data_out = 0351
Time = 83445000, rstn = 1, data_out = 0358
Time = 83455000, rstn = 1, data_out = 035d
Time = 83465000, rstn = 1, data_out = 0364
Time = 83475000, rstn = 1, data_out = 036b
Time = 83485000, rstn = 1, data_out = 0372
Time = 83495000, rstn = 1, data_out = 0377
Time = 83505000, rstn = 1, data_out = 037e
Time = 83515000, rstn = 1, data_out = 0383
Time = 83525000, rstn = 1, data_out = 038a
Time = 83535000, rstn = 1, data_out = 0390
Time = 83545000, rstn = 1, data_out = 0396
Time = 83555000, rstn = 1, data_out = 039c
Time = 83565000, rstn = 1, data_out = 03a2
Time = 83575000, rstn = 1, data_out = 03a8
Time = 83585000, rstn = 1, data_out = 03ae
Time = 83595000, rstn = 1, data_out = 03b4
Time = 83605000, rstn = 1, data_out = 03b9
Time = 83615000, rstn = 1, data_out = 03c0
Time = 83625000, rstn = 1, data_out = 03c5
Time = 83635000, rstn = 1, data_out = 03cc
Time = 83645000, rstn = 1, data_out = 03d3
Time = 83655000, rstn = 1, data_out = 03da
Time = 83665000, rstn = 1, data_out = 03df
Time = 83675000, rstn = 1, data_out = 03e6
Time = 83685000, rstn = 1, data_out = 03eb
Time = 83695000, rstn = 1, data_out = 03f2
Time = 83705000, rstn = 1, data_out = 03f8
Time = 83715000, rstn = 1, data_out = 03fe
Time = 83725000, rstn = 1, data_out = 0404
Time = 83735000, rstn = 1, data_out = 040a
Time = 83745000, rstn = 1, data_out = 0410
Time = 83755000, rstn = 1, data_out = 0416
Time = 83765000, rstn = 1, data_out = 041c
Time = 83775000, rstn = 1, data_out = 0422
Time = 83785000, rstn = 1, data_out = 0428
Time = 83795000, rstn = 1, data_out = 042e
Time = 83805000, rstn = 1, data_out = 0434
Time = 83815000, rstn = 1, data_out = 043a
Time = 83825000, rstn = 1, data_out = 0440
Time = 83835000, rstn = 1, data_out = 0446
Time = 83845000, rstn = 1, data_out = 044c
Time = 83855000, rstn = 1, data_out = 0452
Time = 83865000, rstn = 1, data_out = 0458
Time = 83875000, rstn = 1, data_out = 045e
Time = 83885000, rstn = 1, data_out = 0464
Time = 83895000, rstn = 1, data_out = 046a
Time = 83905000, rstn = 1, data_out = 0470
Time = 83915000, rstn = 1, data_out = 0476
Time = 83925000, rstn = 1, data_out = 047c
Time = 83935000, rstn = 1, data_out = 0482
Time = 83945000, rstn = 1, data_out = 0488
Time = 83955000, rstn = 1, data_out = 048e
Time = 83965000, rstn = 1, data_out = 0494
Time = 83975000, rstn = 1, data_out = 049a
Time = 83985000, rstn = 1, data_out = 04a0
Time = 83995000, rstn = 1, data_out = 04a6
Time = 84005000, rstn = 1, data_out = 04ac
Time = 84015000, rstn = 1, data_out = 04b2
Time = 84025000, rstn = 1, data_out = 04b8
Time = 84035000, rstn = 1, data_out = 04be
Time = 84045000, rstn = 1, data_out = 04c4
Time = 84055000, rstn = 1, data_out = 04ca
Time = 84065000, rstn = 1, data_out = 04d0
Time = 84075000, rstn = 1, data_out = 04d6
Time = 84085000, rstn = 1, data_out = 04dc
Time = 84095000, rstn = 1, data_out = 04e2
Time = 84105000, rstn = 1, data_out = 04e8
Time = 84115000, rstn = 1, data_out = 04ee
Time = 84125000, rstn = 1, data_out = 04f4
Time = 84135000, rstn = 1, data_out = 04fa
Time = 84145000, rstn = 1, data_out = 0500
Time = 84155000, rstn = 1, data_out = 0506
Time = 84165000, rstn = 1, data_out = 050c
Time = 84175000, rstn = 1, data_out = 0512
Time = 84185000, rstn = 1, data_out = 0518
Time = 84195000, rstn = 1, data_out = 051e
Time = 84205000, rstn = 1, data_out = 0524
Time = 84215000, rstn = 1, data_out = 052a
Time = 84225000, rstn = 1, data_out = 0530
Time = 84235000, rstn = 1, data_out = 0536
Time = 84245000, rstn = 1, data_out = 053c
Time = 84255000, rstn = 1, data_out = 0542
Time = 84265000, rstn = 1, data_out = 0548
Time = 84275000, rstn = 1, data_out = 054e
Time = 84285000, rstn = 1, data_out = 0554
Time = 84295000, rstn = 1, data_out = 055a
Time = 84305000, rstn = 1, data_out = 0560
Time = 84315000, rstn = 1, data_out = 0566
Time = 84325000, rstn = 1, data_out = 056b
Time = 84335000, rstn = 1, data_out = 0572
Time = 84345000, rstn = 1, data_out = 0577
Time = 84355000, rstn = 1, data_out = 057e
Time = 84365000, rstn = 1, data_out = 0583
Time = 84375000, rstn = 1, data_out = 0588
Time = 84385000, rstn = 1, data_out = 058d
Time = 84395000, rstn = 1, data_out = 0594
Time = 84405000, rstn = 1, data_out = 0599
Time = 84415000, rstn = 1, data_out = 05a0
Time = 84425000, rstn = 1, data_out = 05a6
Time = 84435000, rstn = 1, data_out = 05ac
Time = 84445000, rstn = 1, data_out = 05b2
Time = 84455000, rstn = 1, data_out = 05b8
Time = 84465000, rstn = 1, data_out = 05be
Time = 84475000, rstn = 1, data_out = 05c3
Time = 84485000, rstn = 1, data_out = 05ca
Time = 84495000, rstn = 1, data_out = 05cf
Time = 84505000, rstn = 1, data_out = 05d6
Time = 84515000, rstn = 1, data_out = 05db
Time = 84525000, rstn = 1, data_out = 05e0
Time = 84535000, rstn = 1, data_out = 05e5
Time = 84545000, rstn = 1, data_out = 05ec
Time = 84555000, rstn = 1, data_out = 05f1
Time = 84565000, rstn = 1, data_out = 05f8
Time = 84575000, rstn = 1, data_out = 05fe
Time = 84585000, rstn = 1, data_out = 0603
Time = 84595000, rstn = 1, data_out = 060a
Time = 84605000, rstn = 1, data_out = 060f
Time = 84615000, rstn = 1, data_out = 0616
Time = 84625000, rstn = 1, data_out = 061b
Time = 84635000, rstn = 1, data_out = 0620
Time = 84645000, rstn = 1, data_out = 0625
Time = 84655000, rstn = 1, data_out = 062c
Time = 84665000, rstn = 1, data_out = 0631
Time = 84675000, rstn = 1, data_out = 0638
Time = 84685000, rstn = 1, data_out = 063e
Time = 84695000, rstn = 1, data_out = 0643
Time = 84705000, rstn = 1, data_out = 064a
Time = 84715000, rstn = 1, data_out = 064f
Time = 84725000, rstn = 1, data_out = 0654
Time = 84735000, rstn = 1, data_out = 0659
Time = 84745000, rstn = 1, data_out = 0660
Time = 84755000, rstn = 1, data_out = 0665
Time = 84765000, rstn = 1, data_out = 066c
Time = 84775000, rstn = 1, data_out = 0671
Time = 84785000, rstn = 1, data_out = 0678
Time = 84795000, rstn = 1, data_out = 067d
Time = 84805000, rstn = 1, data_out = 0682
Time = 84815000, rstn = 1, data_out = 0687
Time = 84825000, rstn = 1, data_out = 068e
Time = 84835000, rstn = 1, data_out = 0694
Time = 84845000, rstn = 1, data_out = 0699
Time = 84855000, rstn = 1, data_out = 06a0
Time = 84865000, rstn = 1, data_out = 06a5
Time = 84875000, rstn = 1, data_out = 06aa
Time = 84885000, rstn = 1, data_out = 06af
Time = 84895000, rstn = 1, data_out = 06b6
Time = 84905000, rstn = 1, data_out = 06bc
Time = 84915000, rstn = 1, data_out = 06c1
Time = 84925000, rstn = 1, data_out = 06c8
Time = 84935000, rstn = 1, data_out = 06cd
Time = 84945000, rstn = 1, data_out = 06d2
Time = 84955000, rstn = 1, data_out = 06d7
Time = 84965000, rstn = 1, data_out = 06de
Time = 84975000, rstn = 1, data_out = 06e3
Time = 84985000, rstn = 1, data_out = 06ea
Time = 84995000, rstn = 1, data_out = 06ef
Time = 85005000, rstn = 1, data_out = 06f4
Time = 85015000, rstn = 1, data_out = 06f9
Time = 85025000, rstn = 1, data_out = 0700
Time = 85035000, rstn = 1, data_out = 0706
Time = 85045000, rstn = 1, data_out = 070b
Time = 85055000, rstn = 1, data_out = 0710
Time = 85065000, rstn = 1, data_out = 0715
Time = 85075000, rstn = 1, data_out = 071c
Time = 85085000, rstn = 1, data_out = 0721
Time = 85095000, rstn = 1, data_out = 0728
Time = 85105000, rstn = 1, data_out = 072d
Time = 85115000, rstn = 1, data_out = 0732
Time = 85125000, rstn = 1, data_out = 0737
Time = 85135000, rstn = 1, data_out = 073e
Time = 85145000, rstn = 1, data_out = 0743
Time = 85155000, rstn = 1, data_out = 0748
Time = 85165000, rstn = 1, data_out = 074d
Time = 85175000, rstn = 1, data_out = 0754
Time = 85185000, rstn = 1, data_out = 075a
Time = 85195000, rstn = 1, data_out = 075f
Time = 85205000, rstn = 1, data_out = 0764
Time = 85215000, rstn = 1, data_out = 0769
Time = 85225000, rstn = 1, data_out = 0770
Time = 85235000, rstn = 1, data_out = 0776
Time = 85245000, rstn = 1, data_out = 077b
Time = 85255000, rstn = 1, data_out = 0780
Time = 85265000, rstn = 1, data_out = 0785
Time = 85275000, rstn = 1, data_out = 078c
Time = 85285000, rstn = 1, data_out = 0791
Time = 85295000, rstn = 1, data_out = 0796
Time = 85305000, rstn = 1, data_out = 079b
Time = 85315000, rstn = 1, data_out = 07a2
Time = 85325000, rstn = 1, data_out = 07a7
Time = 85335000, rstn = 1, data_out = 07ac
Time = 85345000, rstn = 1, data_out = 07b1
Time = 85355000, rstn = 1, data_out = 07b8
Time = 85365000, rstn = 1, data_out = 07bd
Time = 85375000, rstn = 1, data_out = 07c2
Time = 85385000, rstn = 1, data_out = 07c7
Time = 85395000, rstn = 1, data_out = 07ce
Time = 85405000, rstn = 1, data_out = 07d3
Time = 85415000, rstn = 1, data_out = 07d8
Time = 85425000, rstn = 1, data_out = 07dd
Time = 85435000, rstn = 1, data_out = 07e4
Time = 85445000, rstn = 1, data_out = 07e9
Time = 85455000, rstn = 1, data_out = 07ee
Time = 85465000, rstn = 1, data_out = 07f4
Time = 85475000, rstn = 1, data_out = 07f9
Time = 85485000, rstn = 1, data_out = 07fe
Time = 85495000, rstn = 1, data_out = 0803
Time = 85505000, rstn = 1, data_out = 080a
Time = 85515000, rstn = 1, data_out = 080f
Time = 85525000, rstn = 1, data_out = 0814
Time = 85535000, rstn = 1, data_out = 081a
Time = 85545000, rstn = 1, data_out = 081f
Time = 85555000, rstn = 1, data_out = 0824
Time = 85565000, rstn = 1, data_out = 0829
Time = 85575000, rstn = 1, data_out = 0830
Time = 85585000, rstn = 1, data_out = 0835
Time = 85595000, rstn = 1, data_out = 083a
Time = 85605000, rstn = 1, data_out = 083f
Time = 85615000, rstn = 1, data_out = 0845
Time = 85625000, rstn = 1, data_out = 084a
Time = 85635000, rstn = 1, data_out = 0850
Time = 85645000, rstn = 1, data_out = 0855
Time = 85655000, rstn = 1, data_out = 085a
Time = 85665000, rstn = 1, data_out = 0860
Time = 85675000, rstn = 1, data_out = 0865
Time = 85685000, rstn = 1, data_out = 086a
Time = 85695000, rstn = 1, data_out = 0870
Time = 85705000, rstn = 1, data_out = 0875
Time = 85715000, rstn = 1, data_out = 087a
Time = 85725000, rstn = 1, data_out = 0880
Time = 85735000, rstn = 1, data_out = 0885
Time = 85745000, rstn = 1, data_out = 088a
Time = 85755000, rstn = 1, data_out = 0890
Time = 85765000, rstn = 1, data_out = 0895
Time = 85775000, rstn = 1, data_out = 089a
Time = 85785000, rstn = 1, data_out = 08a0
Time = 85795000, rstn = 1, data_out = 08a5
Time = 85805000, rstn = 1, data_out = 08aa
Time = 85815000, rstn = 1, data_out = 08af
Time = 85825000, rstn = 1, data_out = 08b4
Time = 85835000, rstn = 1, data_out = 08b9
Time = 85845000, rstn = 1, data_out = 08bf
Time = 85855000, rstn = 1, data_out = 08c4
Time = 85865000, rstn = 1, data_out = 08ca
Time = 85875000, rstn = 1, data_out = 08cf
Time = 85885000, rstn = 1, data_out = 08d4
Time = 85895000, rstn = 1, data_out = 08d9
Time = 85905000, rstn = 1, data_out = 08de
Time = 85915000, rstn = 1, data_out = 08e4
Time = 85925000, rstn = 1, data_out = 08e9
Time = 85935000, rstn = 1, data_out = 08ee
Time = 85945000, rstn = 1, data_out = 08f3
Time = 85955000, rstn = 1, data_out = 08f8
Time = 85965000, rstn = 1, data_out = 08fe
Time = 85975000, rstn = 1, data_out = 0903
Time = 85985000, rstn = 1, data_out = 0908
Time = 85995000, rstn = 1, data_out = 090d
Time = 86005000, rstn = 1, data_out = 0912
Time = 86015000, rstn = 1, data_out = 0918
Time = 86025000, rstn = 1, data_out = 091d
Time = 86035000, rstn = 1, data_out = 0922
Time = 86045000, rstn = 1, data_out = 0927
Time = 86055000, rstn = 1, data_out = 092c
Time = 86065000, rstn = 1, data_out = 0931
Time = 86075000, rstn = 1, data_out = 0936
Time = 86085000, rstn = 1, data_out = 093c
Time = 86095000, rstn = 1, data_out = 0941
Time = 86105000, rstn = 1, data_out = 0946
Time = 86115000, rstn = 1, data_out = 094b
Time = 86125000, rstn = 1, data_out = 0950
Time = 86135000, rstn = 1, data_out = 0955
Time = 86145000, rstn = 1, data_out = 095a
Time = 86155000, rstn = 1, data_out = 095f
Time = 86165000, rstn = 1, data_out = 0964
Time = 86175000, rstn = 1, data_out = 0969
Time = 86185000, rstn = 1, data_out = 096e
Time = 86195000, rstn = 1, data_out = 0973
Time = 86205000, rstn = 1, data_out = 0978
Time = 86215000, rstn = 1, data_out = 097e
Time = 86225000, rstn = 1, data_out = 0983
Time = 86235000, rstn = 1, data_out = 0988
Time = 86245000, rstn = 1, data_out = 098d
Time = 86255000, rstn = 1, data_out = 0992
Time = 86265000, rstn = 1, data_out = 0997
Time = 86275000, rstn = 1, data_out = 099c
Time = 86285000, rstn = 1, data_out = 09a1
Time = 86295000, rstn = 1, data_out = 09a6
Time = 86305000, rstn = 1, data_out = 09ab
Time = 86315000, rstn = 1, data_out = 09b0
Time = 86325000, rstn = 1, data_out = 09b5
Time = 86335000, rstn = 1, data_out = 09ba
Time = 86345000, rstn = 1, data_out = 09bf
Time = 86355000, rstn = 1, data_out = 09c4
Time = 86365000, rstn = 1, data_out = 09c9
Time = 86375000, rstn = 1, data_out = 09ce
Time = 86385000, rstn = 1, data_out = 09d3
Time = 86395000, rstn = 1, data_out = 09d8
Time = 86405000, rstn = 1, data_out = 09dc
Time = 86415000, rstn = 1, data_out = 09e1
Time = 86425000, rstn = 1, data_out = 09e6
Time = 86435000, rstn = 1, data_out = 09eb
Time = 86445000, rstn = 1, data_out = 09f0
Time = 86455000, rstn = 1, data_out = 09f5
Time = 86465000, rstn = 1, data_out = 09fa
Time = 86475000, rstn = 1, data_out = 09ff
Time = 86485000, rstn = 1, data_out = 0a04
Time = 86495000, rstn = 1, data_out = 0a09
Time = 86505000, rstn = 1, data_out = 0a0e
Time = 86515000, rstn = 1, data_out = 0a12
Time = 86525000, rstn = 1, data_out = 0a17
Time = 86535000, rstn = 1, data_out = 0a1c
Time = 86545000, rstn = 1, data_out = 0a21
Time = 86555000, rstn = 1, data_out = 0a26
Time = 86565000, rstn = 1, data_out = 0a2b
Time = 86575000, rstn = 1, data_out = 0a30
Time = 86585000, rstn = 1, data_out = 0a34
Time = 86595000, rstn = 1, data_out = 0a39
Time = 86605000, rstn = 1, data_out = 0a3e
Time = 86615000, rstn = 1, data_out = 0a43
Time = 86625000, rstn = 1, data_out = 0a48
Time = 86635000, rstn = 1, data_out = 0a4c
Time = 86645000, rstn = 1, data_out = 0a51
Time = 86655000, rstn = 1, data_out = 0a56
Time = 86665000, rstn = 1, data_out = 0a5b
Time = 86675000, rstn = 1, data_out = 0a60
Time = 86685000, rstn = 1, data_out = 0a64
Time = 86695000, rstn = 1, data_out = 0a69
Time = 86705000, rstn = 1, data_out = 0a6e
Time = 86715000, rstn = 1, data_out = 0a73
Time = 86725000, rstn = 1, data_out = 0a78
Time = 86735000, rstn = 1, data_out = 0a7c
Time = 86745000, rstn = 1, data_out = 0a81
Time = 86755000, rstn = 1, data_out = 0a86
Time = 86765000, rstn = 1, data_out = 0a8a
Time = 86775000, rstn = 1, data_out = 0a8f
Time = 86785000, rstn = 1, data_out = 0a93
Time = 86795000, rstn = 1, data_out = 0a98
Time = 86805000, rstn = 1, data_out = 0a9d
Time = 86815000, rstn = 1, data_out = 0aa2
Time = 86825000, rstn = 1, data_out = 0aa7
Time = 86835000, rstn = 1, data_out = 0aac
Time = 86845000, rstn = 1, data_out = 0ab0
Time = 86855000, rstn = 1, data_out = 0ab5
Time = 86865000, rstn = 1, data_out = 0aba
Time = 86875000, rstn = 1, data_out = 0abd
Time = 86885000, rstn = 1, data_out = 0ac2
Time = 86895000, rstn = 1, data_out = 0ac7
Time = 86905000, rstn = 1, data_out = 0acc
Time = 86915000, rstn = 1, data_out = 0ad0
Time = 86925000, rstn = 1, data_out = 0ad5
Time = 86935000, rstn = 1, data_out = 0ada
Time = 86945000, rstn = 1, data_out = 0ade
Time = 86955000, rstn = 1, data_out = 0ae3
Time = 86965000, rstn = 1, data_out = 0ae7
Time = 86975000, rstn = 1, data_out = 0aec
Time = 86985000, rstn = 1, data_out = 0af1
Time = 86995000, rstn = 1, data_out = 0af6
Time = 87005000, rstn = 1, data_out = 0af9
Time = 87015000, rstn = 1, data_out = 0afe
Time = 87025000, rstn = 1, data_out = 0b03
Time = 87035000, rstn = 1, data_out = 0b08
Time = 87045000, rstn = 1, data_out = 0b0b
Time = 87055000, rstn = 1, data_out = 0b10
Time = 87065000, rstn = 1, data_out = 0b15
Time = 87075000, rstn = 1, data_out = 0b1a
Time = 87085000, rstn = 1, data_out = 0b1e
Time = 87095000, rstn = 1, data_out = 0b23
Time = 87105000, rstn = 1, data_out = 0b28
Time = 87115000, rstn = 1, data_out = 0b2c
Time = 87125000, rstn = 1, data_out = 0b2f
Time = 87135000, rstn = 1, data_out = 0b34
Time = 87145000, rstn = 1, data_out = 0b39
Time = 87155000, rstn = 1, data_out = 0b3e
Time = 87165000, rstn = 1, data_out = 0b41
Time = 87175000, rstn = 1, data_out = 0b46
Time = 87185000, rstn = 1, data_out = 0b4b
Time = 87195000, rstn = 1, data_out = 0b50
Time = 87205000, rstn = 1, data_out = 0b54
Time = 87215000, rstn = 1, data_out = 0b57
Time = 87225000, rstn = 1, data_out = 0b5c
Time = 87235000, rstn = 1, data_out = 0b61
Time = 87245000, rstn = 1, data_out = 0b66
Time = 87255000, rstn = 1, data_out = 0b6a
Time = 87265000, rstn = 1, data_out = 0b6d
Time = 87275000, rstn = 1, data_out = 0b72
Time = 87285000, rstn = 1, data_out = 0b77
Time = 87295000, rstn = 1, data_out = 0b7c
Time = 87305000, rstn = 1, data_out = 0b80
Time = 87315000, rstn = 1, data_out = 0b83
Time = 87325000, rstn = 1, data_out = 0b88
Time = 87335000, rstn = 1, data_out = 0b8d
Time = 87345000, rstn = 1, data_out = 0b92
Time = 87355000, rstn = 1, data_out = 0b95
Time = 87365000, rstn = 1, data_out = 0b9a
Time = 87375000, rstn = 1, data_out = 0b9d
Time = 87385000, rstn = 1, data_out = 0ba2
Time = 87395000, rstn = 1, data_out = 0ba7
Time = 87405000, rstn = 1, data_out = 0bac
Time = 87415000, rstn = 1, data_out = 0baf
Time = 87425000, rstn = 1, data_out = 0bb4
Time = 87435000, rstn = 1, data_out = 0bb7
Time = 87445000, rstn = 1, data_out = 0bbc
Time = 87455000, rstn = 1, data_out = 0bbf
Time = 87465000, rstn = 1, data_out = 0bc4
Time = 87475000, rstn = 1, data_out = 0bc9
Time = 87485000, rstn = 1, data_out = 0bce
Time = 87495000, rstn = 1, data_out = 0bd1
Time = 87505000, rstn = 1, data_out = 0bd6
Time = 87515000, rstn = 1, data_out = 0bda
Time = 87525000, rstn = 1, data_out = 0bdd
Time = 87535000, rstn = 1, data_out = 0be2
Time = 87545000, rstn = 1, data_out = 0be5
Time = 87555000, rstn = 1, data_out = 0bea
Time = 87565000, rstn = 1, data_out = 0bef
Time = 87575000, rstn = 1, data_out = 0bf4
Time = 87585000, rstn = 1, data_out = 0bf7
Time = 87595000, rstn = 1, data_out = 0bfc
Time = 87605000, rstn = 1, data_out = 0bff
Time = 87615000, rstn = 1, data_out = 0c04
Time = 87625000, rstn = 1, data_out = 0c08
Time = 87635000, rstn = 1, data_out = 0c0c
Time = 87645000, rstn = 1, data_out = 0c10
Time = 87655000, rstn = 1, data_out = 0c14
Time = 87665000, rstn = 1, data_out = 0c18
Time = 87675000, rstn = 1, data_out = 0c1c
Time = 87685000, rstn = 1, data_out = 0c20
Time = 87695000, rstn = 1, data_out = 0c24
Time = 87705000, rstn = 1, data_out = 0c27
Time = 87715000, rstn = 1, data_out = 0c2c
Time = 87725000, rstn = 1, data_out = 0c2f
Time = 87735000, rstn = 1, data_out = 0c34
Time = 87745000, rstn = 1, data_out = 0c39
Time = 87755000, rstn = 1, data_out = 0c3e
Time = 87765000, rstn = 1, data_out = 0c41
Time = 87775000, rstn = 1, data_out = 0c46
Time = 87785000, rstn = 1, data_out = 0c49
Time = 87795000, rstn = 1, data_out = 0c4e
Time = 87805000, rstn = 1, data_out = 0c52
Time = 87815000, rstn = 1, data_out = 0c56
Time = 87825000, rstn = 1, data_out = 0c5a
Time = 87835000, rstn = 1, data_out = 0c5d
Time = 87845000, rstn = 1, data_out = 0c62
Time = 87855000, rstn = 1, data_out = 0c65
Time = 87865000, rstn = 1, data_out = 0c6a
Time = 87875000, rstn = 1, data_out = 0c6d
Time = 87885000, rstn = 1, data_out = 0c70
Time = 87895000, rstn = 1, data_out = 0c73
Time = 87905000, rstn = 1, data_out = 0c78
Time = 87915000, rstn = 1, data_out = 0c7b
Time = 87925000, rstn = 1, data_out = 0c80
Time = 87935000, rstn = 1, data_out = 0c84
Time = 87945000, rstn = 1, data_out = 0c88
Time = 87955000, rstn = 1, data_out = 0c8c
Time = 87965000, rstn = 1, data_out = 0c90
Time = 87975000, rstn = 1, data_out = 0c94
Time = 87985000, rstn = 1, data_out = 0c98
Time = 87995000, rstn = 1, data_out = 0c9c
Time = 88005000, rstn = 1, data_out = 0c9f
Time = 88015000, rstn = 1, data_out = 0ca4
Time = 88025000, rstn = 1, data_out = 0ca7
Time = 88035000, rstn = 1, data_out = 0cac
Time = 88045000, rstn = 1, data_out = 0caf
Time = 88055000, rstn = 1, data_out = 0cb2
Time = 88065000, rstn = 1, data_out = 0cb5
Time = 88075000, rstn = 1, data_out = 0cba
Time = 88085000, rstn = 1, data_out = 0cbd
Time = 88095000, rstn = 1, data_out = 0cc2
Time = 88105000, rstn = 1, data_out = 0cc6
Time = 88115000, rstn = 1, data_out = 0cc9
Time = 88125000, rstn = 1, data_out = 0cce
Time = 88135000, rstn = 1, data_out = 0cd1
Time = 88145000, rstn = 1, data_out = 0cd4
Time = 88155000, rstn = 1, data_out = 0cd7
Time = 88165000, rstn = 1, data_out = 0cdc
Time = 88175000, rstn = 1, data_out = 0ce0
Time = 88185000, rstn = 1, data_out = 0ce3
Time = 88195000, rstn = 1, data_out = 0ce8
Time = 88205000, rstn = 1, data_out = 0ceb
Time = 88215000, rstn = 1, data_out = 0cee
Time = 88225000, rstn = 1, data_out = 0cf1
Time = 88235000, rstn = 1, data_out = 0cf6
Time = 88245000, rstn = 1, data_out = 0cf9
Time = 88255000, rstn = 1, data_out = 0cfe
Time = 88265000, rstn = 1, data_out = 0d01
Time = 88275000, rstn = 1, data_out = 0d04
Time = 88285000, rstn = 1, data_out = 0d07
Time = 88295000, rstn = 1, data_out = 0d0c
Time = 88305000, rstn = 1, data_out = 0d10
Time = 88315000, rstn = 1, data_out = 0d13
Time = 88325000, rstn = 1, data_out = 0d16
Time = 88335000, rstn = 1, data_out = 0d19
Time = 88345000, rstn = 1, data_out = 0d1e
Time = 88355000, rstn = 1, data_out = 0d22
Time = 88365000, rstn = 1, data_out = 0d25
Time = 88375000, rstn = 1, data_out = 0d28
Time = 88385000, rstn = 1, data_out = 0d2b
Time = 88395000, rstn = 1, data_out = 0d30
Time = 88405000, rstn = 1, data_out = 0d34
Time = 88415000, rstn = 1, data_out = 0d37
Time = 88425000, rstn = 1, data_out = 0d3a
Time = 88435000, rstn = 1, data_out = 0d3d
Time = 88445000, rstn = 1, data_out = 0d42
Time = 88455000, rstn = 1, data_out = 0d45
Time = 88465000, rstn = 1, data_out = 0d48
Time = 88475000, rstn = 1, data_out = 0d4b
Time = 88485000, rstn = 1, data_out = 0d50
Time = 88495000, rstn = 1, data_out = 0d53
Time = 88505000, rstn = 1, data_out = 0d56
Time = 88515000, rstn = 1, data_out = 0d5a
Time = 88525000, rstn = 1, data_out = 0d5d
Time = 88535000, rstn = 1, data_out = 0d60
Time = 88545000, rstn = 1, data_out = 0d63
Time = 88555000, rstn = 1, data_out = 0d68
Time = 88565000, rstn = 1, data_out = 0d6b
Time = 88575000, rstn = 1, data_out = 0d6e
Time = 88585000, rstn = 1, data_out = 0d71
Time = 88595000, rstn = 1, data_out = 0d75
Time = 88605000, rstn = 1, data_out = 0d78
Time = 88615000, rstn = 1, data_out = 0d7c
Time = 88625000, rstn = 1, data_out = 0d7f
Time = 88635000, rstn = 1, data_out = 0d82
Time = 88645000, rstn = 1, data_out = 0d86
Time = 88655000, rstn = 1, data_out = 0d89
Time = 88665000, rstn = 1, data_out = 0d8c
Time = 88675000, rstn = 1, data_out = 0d90
Time = 88685000, rstn = 1, data_out = 0d93
Time = 88695000, rstn = 1, data_out = 0d96
Time = 88705000, rstn = 1, data_out = 0d9a
Time = 88715000, rstn = 1, data_out = 0d9d
Time = 88725000, rstn = 1, data_out = 0da0
Time = 88735000, rstn = 1, data_out = 0da4
Time = 88745000, rstn = 1, data_out = 0da7
Time = 88755000, rstn = 1, data_out = 0daa
Time = 88765000, rstn = 1, data_out = 0dad
Time = 88775000, rstn = 1, data_out = 0db0
Time = 88785000, rstn = 1, data_out = 0db3
Time = 88795000, rstn = 1, data_out = 0db7
Time = 88805000, rstn = 1, data_out = 0dba
Time = 88815000, rstn = 1, data_out = 0dbe
Time = 88825000, rstn = 1, data_out = 0dc1
Time = 88835000, rstn = 1, data_out = 0dc4
Time = 88845000, rstn = 1, data_out = 0dc7
Time = 88855000, rstn = 1, data_out = 0dca
Time = 88865000, rstn = 1, data_out = 0dcd
Time = 88875000, rstn = 1, data_out = 0dd0
Time = 88885000, rstn = 1, data_out = 0dd4
Time = 88895000, rstn = 1, data_out = 0dd7
Time = 88905000, rstn = 1, data_out = 0dda
Time = 88915000, rstn = 1, data_out = 0ddd
Time = 88925000, rstn = 1, data_out = 0de0
Time = 88935000, rstn = 1, data_out = 0de3
Time = 88945000, rstn = 1, data_out = 0de6
Time = 88955000, rstn = 1, data_out = 0dea
Time = 88965000, rstn = 1, data_out = 0ded
Time = 88975000, rstn = 1, data_out = 0df0
Time = 88985000, rstn = 1, data_out = 0df3
Time = 88995000, rstn = 1, data_out = 0df6
Time = 89005000, rstn = 1, data_out = 0df9
Time = 89015000, rstn = 1, data_out = 0dfc
Time = 89025000, rstn = 1, data_out = 0dff
Time = 89035000, rstn = 1, data_out = 0e02
Time = 89045000, rstn = 1, data_out = 0e05
Time = 89055000, rstn = 1, data_out = 0e08
Time = 89065000, rstn = 1, data_out = 0e0b
Time = 89075000, rstn = 1, data_out = 0e0e
Time = 89085000, rstn = 1, data_out = 0e11
Time = 89095000, rstn = 1, data_out = 0e14
Time = 89105000, rstn = 1, data_out = 0e17
Time = 89115000, rstn = 1, data_out = 0e1a
Time = 89125000, rstn = 1, data_out = 0e1d
Time = 89135000, rstn = 1, data_out = 0e20
Time = 89145000, rstn = 1, data_out = 0e23
Time = 89155000, rstn = 1, data_out = 0e26
Time = 89165000, rstn = 1, data_out = 0e28
Time = 89175000, rstn = 1, data_out = 0e2b
Time = 89185000, rstn = 1, data_out = 0e2e
Time = 89195000, rstn = 1, data_out = 0e31
Time = 89205000, rstn = 1, data_out = 0e34
Time = 89215000, rstn = 1, data_out = 0e37
Time = 89225000, rstn = 1, data_out = 0e3a
Time = 89235000, rstn = 1, data_out = 0e3d
Time = 89245000, rstn = 1, data_out = 0e40
Time = 89255000, rstn = 1, data_out = 0e42
Time = 89265000, rstn = 1, data_out = 0e45
Time = 89275000, rstn = 1, data_out = 0e48
Time = 89285000, rstn = 1, data_out = 0e4b
Time = 89295000, rstn = 1, data_out = 0e4e
Time = 89305000, rstn = 1, data_out = 0e50
Time = 89315000, rstn = 1, data_out = 0e53
Time = 89325000, rstn = 1, data_out = 0e56
Time = 89335000, rstn = 1, data_out = 0e59
Time = 89345000, rstn = 1, data_out = 0e5c
Time = 89355000, rstn = 1, data_out = 0e5e
Time = 89365000, rstn = 1, data_out = 0e61
Time = 89375000, rstn = 1, data_out = 0e63
Time = 89385000, rstn = 1, data_out = 0e66
Time = 89395000, rstn = 1, data_out = 0e69
Time = 89405000, rstn = 1, data_out = 0e6c
Time = 89415000, rstn = 1, data_out = 0e6f
Time = 89425000, rstn = 1, data_out = 0e72
Time = 89435000, rstn = 1, data_out = 0e74
Time = 89445000, rstn = 1, data_out = 0e77
Time = 89455000, rstn = 1, data_out = 0e7a
Time = 89465000, rstn = 1, data_out = 0e7c
Time = 89475000, rstn = 1, data_out = 0e7f
Time = 89485000, rstn = 1, data_out = 0e81
Time = 89495000, rstn = 1, data_out = 0e84
Time = 89505000, rstn = 1, data_out = 0e87
Time = 89515000, rstn = 1, data_out = 0e8a
Time = 89525000, rstn = 1, data_out = 0e8b
Time = 89535000, rstn = 1, data_out = 0e8e
Time = 89545000, rstn = 1, data_out = 0e91
Time = 89555000, rstn = 1, data_out = 0e94
Time = 89565000, rstn = 1, data_out = 0e96
Time = 89575000, rstn = 1, data_out = 0e99
Time = 89585000, rstn = 1, data_out = 0e9c
Time = 89595000, rstn = 1, data_out = 0e9d
Time = 89605000, rstn = 1, data_out = 0ea0
Time = 89615000, rstn = 1, data_out = 0ea3
Time = 89625000, rstn = 1, data_out = 0ea6
Time = 89635000, rstn = 1, data_out = 0ea7
Time = 89645000, rstn = 1, data_out = 0eaa
Time = 89655000, rstn = 1, data_out = 0ead
Time = 89665000, rstn = 1, data_out = 0eb0
Time = 89675000, rstn = 1, data_out = 0eb1
Time = 89685000, rstn = 1, data_out = 0eb4
Time = 89695000, rstn = 1, data_out = 0eb7
Time = 89705000, rstn = 1, data_out = 0eba
Time = 89715000, rstn = 1, data_out = 0ebc
Time = 89725000, rstn = 1, data_out = 0ebd
Time = 89735000, rstn = 1, data_out = 0ec0
Time = 89745000, rstn = 1, data_out = 0ec3
Time = 89755000, rstn = 1, data_out = 0ec6
Time = 89765000, rstn = 1, data_out = 0ec8
Time = 89775000, rstn = 1, data_out = 0ec9
Time = 89785000, rstn = 1, data_out = 0ecc
Time = 89795000, rstn = 1, data_out = 0ecf
Time = 89805000, rstn = 1, data_out = 0ed2
Time = 89815000, rstn = 1, data_out = 0ed3
Time = 89825000, rstn = 1, data_out = 0ed6
Time = 89835000, rstn = 1, data_out = 0ed7
Time = 89845000, rstn = 1, data_out = 0eda
Time = 89855000, rstn = 1, data_out = 0edd
Time = 89865000, rstn = 1, data_out = 0ee0
Time = 89875000, rstn = 1, data_out = 0ee1
Time = 89885000, rstn = 1, data_out = 0ee4
Time = 89895000, rstn = 1, data_out = 0ee6
Time = 89905000, rstn = 1, data_out = 0ee7
Time = 89915000, rstn = 1, data_out = 0eea
Time = 89925000, rstn = 1, data_out = 0eed
Time = 89935000, rstn = 1, data_out = 0ef0
Time = 89945000, rstn = 1, data_out = 0ef1
Time = 89955000, rstn = 1, data_out = 0ef4
Time = 89965000, rstn = 1, data_out = 0ef6
Time = 89975000, rstn = 1, data_out = 0ef7
Time = 89985000, rstn = 1, data_out = 0efa
Time = 89995000, rstn = 1, data_out = 0efb
Time = 90005000, rstn = 1, data_out = 0efe
Time = 90015000, rstn = 1, data_out = 0f01
Time = 90025000, rstn = 1, data_out = 0f04
Time = 90035000, rstn = 1, data_out = 0f05
Time = 90045000, rstn = 1, data_out = 0f08
Time = 90055000, rstn = 1, data_out = 0f09
Time = 90065000, rstn = 1, data_out = 0f0c
Time = 90075000, rstn = 1, data_out = 0f0e
Time = 90085000, rstn = 1, data_out = 0f10
Time = 90095000, rstn = 1, data_out = 0f12
Time = 90105000, rstn = 1, data_out = 0f14
Time = 90115000, rstn = 1, data_out = 0f16
Time = 90125000, rstn = 1, data_out = 0f18
Time = 90135000, rstn = 1, data_out = 0f1a
Time = 90145000, rstn = 1, data_out = 0f1c
Time = 90155000, rstn = 1, data_out = 0f1e
Time = 90165000, rstn = 1, data_out = 0f20
Time = 90175000, rstn = 1, data_out = 0f22
Time = 90185000, rstn = 1, data_out = 0f24
Time = 90195000, rstn = 1, data_out = 0f26
Time = 90205000, rstn = 1, data_out = 0f28
Time = 90215000, rstn = 1, data_out = 0f2a
Time = 90225000, rstn = 1, data_out = 0f2c
Time = 90235000, rstn = 1, data_out = 0f2e
Time = 90245000, rstn = 1, data_out = 0f30
Time = 90255000, rstn = 1, data_out = 0f32
Time = 90265000, rstn = 1, data_out = 0f34
Time = 90275000, rstn = 1, data_out = 0f36
Time = 90285000, rstn = 1, data_out = 0f38
Time = 90295000, rstn = 1, data_out = 0f3a
Time = 90305000, rstn = 1, data_out = 0f3c
Time = 90315000, rstn = 1, data_out = 0f3e
Time = 90325000, rstn = 1, data_out = 0f40
Time = 90335000, rstn = 1, data_out = 0f41
Time = 90345000, rstn = 1, data_out = 0f44
Time = 90355000, rstn = 1, data_out = 0f45
Time = 90365000, rstn = 1, data_out = 0f48
Time = 90375000, rstn = 1, data_out = 0f49
Time = 90385000, rstn = 1, data_out = 0f4a
Time = 90395000, rstn = 1, data_out = 0f4b
Time = 90405000, rstn = 1, data_out = 0f4e
Time = 90415000, rstn = 1, data_out = 0f4f
Time = 90425000, rstn = 1, data_out = 0f52
Time = 90435000, rstn = 1, data_out = 0f54
Time = 90445000, rstn = 1, data_out = 0f55
Time = 90455000, rstn = 1, data_out = 0f58
Time = 90465000, rstn = 1, data_out = 0f59
Time = 90475000, rstn = 1, data_out = 0f5a
Time = 90485000, rstn = 1, data_out = 0f5b
Time = 90495000, rstn = 1, data_out = 0f5e
Time = 90505000, rstn = 1, data_out = 0f60
Time = 90515000, rstn = 1, data_out = 0f61
Time = 90525000, rstn = 1, data_out = 0f64
Time = 90535000, rstn = 1, data_out = 0f65
Time = 90545000, rstn = 1, data_out = 0f66
Time = 90555000, rstn = 1, data_out = 0f67
Time = 90565000, rstn = 1, data_out = 0f6a
Time = 90575000, rstn = 1, data_out = 0f6b
Time = 90585000, rstn = 1, data_out = 0f6e
Time = 90595000, rstn = 1, data_out = 0f6f
Time = 90605000, rstn = 1, data_out = 0f70
Time = 90615000, rstn = 1, data_out = 0f71
Time = 90625000, rstn = 1, data_out = 0f74
Time = 90635000, rstn = 1, data_out = 0f76
Time = 90645000, rstn = 1, data_out = 0f77
Time = 90655000, rstn = 1, data_out = 0f78
Time = 90665000, rstn = 1, data_out = 0f79
Time = 90675000, rstn = 1, data_out = 0f7c
Time = 90685000, rstn = 1, data_out = 0f7e
Time = 90695000, rstn = 1, data_out = 0f7f
Time = 90705000, rstn = 1, data_out = 0f80
Time = 90715000, rstn = 1, data_out = 0f81
Time = 90725000, rstn = 1, data_out = 0f84
Time = 90735000, rstn = 1, data_out = 0f85
Time = 90745000, rstn = 1, data_out = 0f86
Time = 90755000, rstn = 1, data_out = 0f87
Time = 90765000, rstn = 1, data_out = 0f8a
Time = 90775000, rstn = 1, data_out = 0f8b
Time = 90785000, rstn = 1, data_out = 0f8c
Time = 90795000, rstn = 1, data_out = 0f8e
Time = 90805000, rstn = 1, data_out = 0f8f
Time = 90815000, rstn = 1, data_out = 0f90
Time = 90825000, rstn = 1, data_out = 0f91
Time = 90835000, rstn = 1, data_out = 0f94
Time = 90845000, rstn = 1, data_out = 0f95
Time = 90855000, rstn = 1, data_out = 0f96
Time = 90865000, rstn = 1, data_out = 0f97
Time = 90875000, rstn = 1, data_out = 0f99
Time = 90885000, rstn = 1, data_out = 0f9a
Time = 90895000, rstn = 1, data_out = 0f9c
Time = 90905000, rstn = 1, data_out = 0f9d
Time = 90915000, rstn = 1, data_out = 0f9e
Time = 90925000, rstn = 1, data_out = 0fa0
Time = 90935000, rstn = 1, data_out = 0fa1
Time = 90945000, rstn = 1, data_out = 0fa2
Time = 90955000, rstn = 1, data_out = 0fa4
Time = 90965000, rstn = 1, data_out = 0fa5
Time = 90975000, rstn = 1, data_out = 0fa6
Time = 90985000, rstn = 1, data_out = 0fa8
Time = 90995000, rstn = 1, data_out = 0fa9
Time = 91005000, rstn = 1, data_out = 0faa
Time = 91015000, rstn = 1, data_out = 0fab
Time = 91025000, rstn = 1, data_out = 0fac
Time = 91035000, rstn = 1, data_out = 0fae
Time = 91045000, rstn = 1, data_out = 0faf
Time = 91055000, rstn = 1, data_out = 0fb0
Time = 91065000, rstn = 1, data_out = 0fb1
Time = 91075000, rstn = 1, data_out = 0fb2
Time = 91085000, rstn = 1, data_out = 0fb4
Time = 91095000, rstn = 1, data_out = 0fb5
Time = 91105000, rstn = 1, data_out = 0fb6
Time = 91115000, rstn = 1, data_out = 0fb7
Time = 91125000, rstn = 1, data_out = 0fb8
Time = 91135000, rstn = 1, data_out = 0fb9
Time = 91145000, rstn = 1, data_out = 0fba
Time = 91155000, rstn = 1, data_out = 0fbc
Time = 91165000, rstn = 1, data_out = 0fbd
Time = 91175000, rstn = 1, data_out = 0fbe
Time = 91185000, rstn = 1, data_out = 0fbf
Time = 91195000, rstn = 1, data_out = 0fc0
Time = 91205000, rstn = 1, data_out = 0fc1
Time = 91215000, rstn = 1, data_out = 0fc2
Time = 91225000, rstn = 1, data_out = 0fc3
Time = 91235000, rstn = 1, data_out = 0fc4
Time = 91245000, rstn = 1, data_out = 0fc5
Time = 91255000, rstn = 1, data_out = 0fc6
Time = 91265000, rstn = 1, data_out = 0fc7
Time = 91275000, rstn = 1, data_out = 0fc8
Time = 91285000, rstn = 1, data_out = 0fc9
Time = 91295000, rstn = 1, data_out = 0fca
Time = 91305000, rstn = 1, data_out = 0fcb
Time = 91315000, rstn = 1, data_out = 0fcc
Time = 91325000, rstn = 1, data_out = 0fcd
Time = 91335000, rstn = 1, data_out = 0fce
Time = 91345000, rstn = 1, data_out = 0fcf
Time = 91355000, rstn = 1, data_out = 0fd0
Time = 91365000, rstn = 1, data_out = 0fd1
Time = 91375000, rstn = 1, data_out = 0fd2
Time = 91395000, rstn = 1, data_out = 0fd3
Time = 91405000, rstn = 1, data_out = 0fd4
Time = 91415000, rstn = 1, data_out = 0fd5
Time = 91425000, rstn = 1, data_out = 0fd6
Time = 91435000, rstn = 1, data_out = 0fd7
Time = 91445000, rstn = 1, data_out = 0fd8
Time = 91465000, rstn = 1, data_out = 0fd9
Time = 91475000, rstn = 1, data_out = 0fda
Time = 91485000, rstn = 1, data_out = 0fdb
Time = 91495000, rstn = 1, data_out = 0fdc
Time = 91515000, rstn = 1, data_out = 0fdd
Time = 91525000, rstn = 1, data_out = 0fde
Time = 91535000, rstn = 1, data_out = 0fdf
Time = 91545000, rstn = 1, data_out = 0fe0
Time = 91565000, rstn = 1, data_out = 0fe1
Time = 91575000, rstn = 1, data_out = 0fe2
Time = 91595000, rstn = 1, data_out = 0fe3
Time = 91605000, rstn = 1, data_out = 0fe4
Time = 91625000, rstn = 1, data_out = 0fe5
Time = 91635000, rstn = 1, data_out = 0fe6
Time = 91655000, rstn = 1, data_out = 0fe7
Time = 91675000, rstn = 1, data_out = 0fe8
Time = 91685000, rstn = 1, data_out = 0fe9
Time = 91695000, rstn = 1, data_out = 0fea
Time = 91705000, rstn = 1, data_out = 0fe9
Time = 91715000, rstn = 1, data_out = 0fea
Time = 91725000, rstn = 1, data_out = 0feb
Time = 91735000, rstn = 1, data_out = 0fec
Time = 91755000, rstn = 1, data_out = 0fed
Time = 91765000, rstn = 1, data_out = 0fee
Time = 91775000, rstn = 1, data_out = 0fed
Time = 91785000, rstn = 1, data_out = 0fee
Time = 91795000, rstn = 1, data_out = 0fef
Time = 91805000, rstn = 1, data_out = 0ff0
Time = 91815000, rstn = 1, data_out = 0fef
Time = 91825000, rstn = 1, data_out = 0ff0
Time = 91835000, rstn = 1, data_out = 0ff1
Time = 91845000, rstn = 1, data_out = 0ff2
Time = 91865000, rstn = 1, data_out = 0ff1
Time = 91875000, rstn = 1, data_out = 0ff2
Time = 91885000, rstn = 1, data_out = 0ff3
Time = 91895000, rstn = 1, data_out = 0ff4
Time = 91915000, rstn = 1, data_out = 0ff3
Time = 91925000, rstn = 1, data_out = 0ff4
Time = 91935000, rstn = 1, data_out = 0ff5
Time = 91945000, rstn = 1, data_out = 0ff6
Time = 91955000, rstn = 1, data_out = 0ff5
Time = 91965000, rstn = 1, data_out = 0ff6
Time = 91975000, rstn = 1, data_out = 0ff5
Time = 91985000, rstn = 1, data_out = 0ff6
Time = 91995000, rstn = 1, data_out = 0ff7
Time = 92005000, rstn = 1, data_out = 0ff8
Time = 92015000, rstn = 1, data_out = 0ff7
Time = 92025000, rstn = 1, data_out = 0ff8
Time = 92045000, rstn = 1, data_out = 0ff7
Time = 92055000, rstn = 1, data_out = 0ff8
Time = 92065000, rstn = 1, data_out = 0ff9
Time = 92075000, rstn = 1, data_out = 0ffa
Time = 92085000, rstn = 1, data_out = 0ff9
Time = 92095000, rstn = 1, data_out = 0ffa
Time = 92105000, rstn = 1, data_out = 0ff9
Time = 92115000, rstn = 1, data_out = 0ffa
Time = 92135000, rstn = 1, data_out = 0ff9
Time = 92145000, rstn = 1, data_out = 0ffa
Time = 92155000, rstn = 1, data_out = 0ff9
Time = 92165000, rstn = 1, data_out = 0ffa
Time = 92175000, rstn = 1, data_out = 0ffb
Time = 92185000, rstn = 1, data_out = 0ffc
Time = 92195000, rstn = 1, data_out = 0ffb
Time = 92205000, rstn = 1, data_out = 0ffc
Time = 92215000, rstn = 1, data_out = 0ffb
Time = 92225000, rstn = 1, data_out = 0ffc
Time = 92405000, rstn = 1, data_out = 0ffb
Time = 92415000, rstn = 1, data_out = 0ffc
Time = 92425000, rstn = 1, data_out = 0ffb
Time = 92435000, rstn = 1, data_out = 0ffc
Time = 92445000, rstn = 1, data_out = 0ffb
Time = 92455000, rstn = 1, data_out = 0ffa
Time = 92465000, rstn = 1, data_out = 0ff9
Time = 92475000, rstn = 1, data_out = 0ffa
Time = 92485000, rstn = 1, data_out = 0ff9
Time = 92495000, rstn = 1, data_out = 0ffa
Time = 92515000, rstn = 1, data_out = 0ff9
Time = 92525000, rstn = 1, data_out = 0ffa
Time = 92535000, rstn = 1, data_out = 0ff9
Time = 92545000, rstn = 1, data_out = 0ffa
Time = 92555000, rstn = 1, data_out = 0ff9
Time = 92565000, rstn = 1, data_out = 0ff8
Time = 92575000, rstn = 1, data_out = 0ff7
Time = 92585000, rstn = 1, data_out = 0ff8
Time = 92605000, rstn = 1, data_out = 0ff7
Time = 92615000, rstn = 1, data_out = 0ff8
Time = 92625000, rstn = 1, data_out = 0ff7
Time = 92635000, rstn = 1, data_out = 0ff6
Time = 92645000, rstn = 1, data_out = 0ff5
Time = 92655000, rstn = 1, data_out = 0ff6
Time = 92665000, rstn = 1, data_out = 0ff5
Time = 92675000, rstn = 1, data_out = 0ff6
Time = 92685000, rstn = 1, data_out = 0ff5
Time = 92695000, rstn = 1, data_out = 0ff4
Time = 92705000, rstn = 1, data_out = 0ff3
Time = 92715000, rstn = 1, data_out = 0ff4
Time = 92735000, rstn = 1, data_out = 0ff3
Time = 92745000, rstn = 1, data_out = 0ff2
Time = 92755000, rstn = 1, data_out = 0ff1
Time = 92765000, rstn = 1, data_out = 0ff2
Time = 92785000, rstn = 1, data_out = 0ff1
Time = 92795000, rstn = 1, data_out = 0ff0
Time = 92805000, rstn = 1, data_out = 0fef
Time = 92815000, rstn = 1, data_out = 0ff0
Time = 92825000, rstn = 1, data_out = 0fef
Time = 92835000, rstn = 1, data_out = 0fee
Time = 92845000, rstn = 1, data_out = 0fed
Time = 92855000, rstn = 1, data_out = 0fee
Time = 92865000, rstn = 1, data_out = 0fed
Time = 92875000, rstn = 1, data_out = 0fec
Time = 92895000, rstn = 1, data_out = 0feb
Time = 92905000, rstn = 1, data_out = 0fea
Time = 92915000, rstn = 1, data_out = 0fe9
Time = 92925000, rstn = 1, data_out = 0fea
Time = 92935000, rstn = 1, data_out = 0fe9
Time = 92945000, rstn = 1, data_out = 0fe8
Time = 92955000, rstn = 1, data_out = 0fe7
Time = 92975000, rstn = 1, data_out = 0fe6
Time = 92995000, rstn = 1, data_out = 0fe5
Time = 93005000, rstn = 1, data_out = 0fe4
Time = 93025000, rstn = 1, data_out = 0fe3
Time = 93035000, rstn = 1, data_out = 0fe2
Time = 93055000, rstn = 1, data_out = 0fe1
Time = 93065000, rstn = 1, data_out = 0fe0
Time = 93085000, rstn = 1, data_out = 0fdf
Time = 93095000, rstn = 1, data_out = 0fde
Time = 93105000, rstn = 1, data_out = 0fdd
Time = 93115000, rstn = 1, data_out = 0fdc
Time = 93135000, rstn = 1, data_out = 0fdb
Time = 93145000, rstn = 1, data_out = 0fda
Time = 93155000, rstn = 1, data_out = 0fd9
Time = 93165000, rstn = 1, data_out = 0fd8
Time = 93185000, rstn = 1, data_out = 0fd7
Time = 93195000, rstn = 1, data_out = 0fd6
Time = 93205000, rstn = 1, data_out = 0fd5
Time = 93215000, rstn = 1, data_out = 0fd4
Time = 93225000, rstn = 1, data_out = 0fd3
Time = 93235000, rstn = 1, data_out = 0fd2
Time = 93255000, rstn = 1, data_out = 0fd1
Time = 93265000, rstn = 1, data_out = 0fd0
Time = 93275000, rstn = 1, data_out = 0fcf
Time = 93285000, rstn = 1, data_out = 0fce
Time = 93295000, rstn = 1, data_out = 0fcd
Time = 93305000, rstn = 1, data_out = 0fcc
Time = 93315000, rstn = 1, data_out = 0fcb
Time = 93325000, rstn = 1, data_out = 0fca
Time = 93335000, rstn = 1, data_out = 0fc9
Time = 93345000, rstn = 1, data_out = 0fc8
Time = 93355000, rstn = 1, data_out = 0fc7
Time = 93365000, rstn = 1, data_out = 0fc6
Time = 93375000, rstn = 1, data_out = 0fc5
Time = 93385000, rstn = 1, data_out = 0fc4
Time = 93395000, rstn = 1, data_out = 0fc3
Time = 93405000, rstn = 1, data_out = 0fc2
Time = 93415000, rstn = 1, data_out = 0fc1
Time = 93425000, rstn = 1, data_out = 0fc0
Time = 93435000, rstn = 1, data_out = 0fbf
Time = 93445000, rstn = 1, data_out = 0fbe
Time = 93455000, rstn = 1, data_out = 0fbd
Time = 93465000, rstn = 1, data_out = 0fbc
Time = 93475000, rstn = 1, data_out = 0fba
Time = 93485000, rstn = 1, data_out = 0fb9
Time = 93495000, rstn = 1, data_out = 0fb8
Time = 93505000, rstn = 1, data_out = 0fb7
Time = 93515000, rstn = 1, data_out = 0fb6
Time = 93525000, rstn = 1, data_out = 0fb5
Time = 93535000, rstn = 1, data_out = 0fb4
Time = 93545000, rstn = 1, data_out = 0fb2
Time = 93555000, rstn = 1, data_out = 0fb1
Time = 93565000, rstn = 1, data_out = 0fb0
Time = 93575000, rstn = 1, data_out = 0faf
Time = 93585000, rstn = 1, data_out = 0fae
Time = 93595000, rstn = 1, data_out = 0fac
Time = 93605000, rstn = 1, data_out = 0fab
Time = 93615000, rstn = 1, data_out = 0faa
Time = 93625000, rstn = 1, data_out = 0fa9
Time = 93635000, rstn = 1, data_out = 0fa8
Time = 93645000, rstn = 1, data_out = 0fa6
Time = 93655000, rstn = 1, data_out = 0fa5
Time = 93665000, rstn = 1, data_out = 0fa4
Time = 93675000, rstn = 1, data_out = 0fa2
Time = 93685000, rstn = 1, data_out = 0fa1
Time = 93695000, rstn = 1, data_out = 0fa0
Time = 93705000, rstn = 1, data_out = 0f9e
Time = 93715000, rstn = 1, data_out = 0f9d
Time = 93725000, rstn = 1, data_out = 0f9c
Time = 93735000, rstn = 1, data_out = 0f9a
Time = 93745000, rstn = 1, data_out = 0f99
Time = 93755000, rstn = 1, data_out = 0f97
Time = 93765000, rstn = 1, data_out = 0f96
Time = 93775000, rstn = 1, data_out = 0f95
Time = 93785000, rstn = 1, data_out = 0f94
Time = 93795000, rstn = 1, data_out = 0f91
Time = 93805000, rstn = 1, data_out = 0f90
Time = 93815000, rstn = 1, data_out = 0f8f
Time = 93825000, rstn = 1, data_out = 0f8e
Time = 93835000, rstn = 1, data_out = 0f8c
Time = 93845000, rstn = 1, data_out = 0f8b
Time = 93855000, rstn = 1, data_out = 0f8a
Time = 93865000, rstn = 1, data_out = 0f87
Time = 93875000, rstn = 1, data_out = 0f86
Time = 93885000, rstn = 1, data_out = 0f85
Time = 93895000, rstn = 1, data_out = 0f84
Time = 93905000, rstn = 1, data_out = 0f81
Time = 93915000, rstn = 1, data_out = 0f80
Time = 93925000, rstn = 1, data_out = 0f7f
Time = 93935000, rstn = 1, data_out = 0f7e
Time = 93945000, rstn = 1, data_out = 0f7c
Time = 93955000, rstn = 1, data_out = 0f79
Time = 93965000, rstn = 1, data_out = 0f78
Time = 93975000, rstn = 1, data_out = 0f77
Time = 93985000, rstn = 1, data_out = 0f76
Time = 93995000, rstn = 1, data_out = 0f74
Time = 94005000, rstn = 1, data_out = 0f71
Time = 94015000, rstn = 1, data_out = 0f70
Time = 94025000, rstn = 1, data_out = 0f6f
Time = 94035000, rstn = 1, data_out = 0f6e
Time = 94045000, rstn = 1, data_out = 0f6b
Time = 94055000, rstn = 1, data_out = 0f6a
Time = 94065000, rstn = 1, data_out = 0f67
Time = 94075000, rstn = 1, data_out = 0f66
Time = 94085000, rstn = 1, data_out = 0f65
Time = 94095000, rstn = 1, data_out = 0f64
Time = 94105000, rstn = 1, data_out = 0f61
Time = 94115000, rstn = 1, data_out = 0f60
Time = 94125000, rstn = 1, data_out = 0f5e
Time = 94135000, rstn = 1, data_out = 0f5b
Time = 94145000, rstn = 1, data_out = 0f5a
Time = 94155000, rstn = 1, data_out = 0f59
Time = 94165000, rstn = 1, data_out = 0f58
Time = 94175000, rstn = 1, data_out = 0f55
Time = 94185000, rstn = 1, data_out = 0f54
Time = 94195000, rstn = 1, data_out = 0f52
Time = 94205000, rstn = 1, data_out = 0f4f
Time = 94215000, rstn = 1, data_out = 0f4e
Time = 94225000, rstn = 1, data_out = 0f4b
Time = 94235000, rstn = 1, data_out = 0f4a
Time = 94245000, rstn = 1, data_out = 0f49
Time = 94255000, rstn = 1, data_out = 0f48
Time = 94265000, rstn = 1, data_out = 0f45
Time = 94275000, rstn = 1, data_out = 0f44
Time = 94285000, rstn = 1, data_out = 0f41
Time = 94295000, rstn = 1, data_out = 0f40
Time = 94305000, rstn = 1, data_out = 0f3e
Time = 94315000, rstn = 1, data_out = 0f3c
Time = 94325000, rstn = 1, data_out = 0f3a
Time = 94335000, rstn = 1, data_out = 0f38
Time = 94345000, rstn = 1, data_out = 0f36
Time = 94355000, rstn = 1, data_out = 0f34
Time = 94365000, rstn = 1, data_out = 0f32
Time = 94375000, rstn = 1, data_out = 0f30
Time = 94385000, rstn = 1, data_out = 0f2e
Time = 94395000, rstn = 1, data_out = 0f2c
Time = 94405000, rstn = 1, data_out = 0f2a
Time = 94415000, rstn = 1, data_out = 0f28
Time = 94425000, rstn = 1, data_out = 0f26
Time = 94435000, rstn = 1, data_out = 0f24
Time = 94445000, rstn = 1, data_out = 0f22
Time = 94455000, rstn = 1, data_out = 0f20
Time = 94465000, rstn = 1, data_out = 0f1e
Time = 94475000, rstn = 1, data_out = 0f1c
Time = 94485000, rstn = 1, data_out = 0f1a
Time = 94495000, rstn = 1, data_out = 0f18
Time = 94505000, rstn = 1, data_out = 0f16
Time = 94515000, rstn = 1, data_out = 0f14
Time = 94525000, rstn = 1, data_out = 0f12
Time = 94535000, rstn = 1, data_out = 0f10
Time = 94545000, rstn = 1, data_out = 0f0e
Time = 94555000, rstn = 1, data_out = 0f0c
Time = 94565000, rstn = 1, data_out = 0f09
Time = 94575000, rstn = 1, data_out = 0f08
Time = 94585000, rstn = 1, data_out = 0f05
Time = 94595000, rstn = 1, data_out = 0f04
Time = 94605000, rstn = 1, data_out = 0f01
Time = 94615000, rstn = 1, data_out = 0efe
Time = 94625000, rstn = 1, data_out = 0efb
Time = 94635000, rstn = 1, data_out = 0efa
Time = 94645000, rstn = 1, data_out = 0ef7
Time = 94655000, rstn = 1, data_out = 0ef6
Time = 94665000, rstn = 1, data_out = 0ef4
Time = 94675000, rstn = 1, data_out = 0ef1
Time = 94685000, rstn = 1, data_out = 0ef0
Time = 94695000, rstn = 1, data_out = 0eed
Time = 94705000, rstn = 1, data_out = 0eea
Time = 94715000, rstn = 1, data_out = 0ee7
Time = 94725000, rstn = 1, data_out = 0ee6
Time = 94735000, rstn = 1, data_out = 0ee4
Time = 94745000, rstn = 1, data_out = 0ee1
Time = 94755000, rstn = 1, data_out = 0ee0
Time = 94765000, rstn = 1, data_out = 0edd
Time = 94775000, rstn = 1, data_out = 0eda
Time = 94785000, rstn = 1, data_out = 0ed7
Time = 94795000, rstn = 1, data_out = 0ed6
Time = 94805000, rstn = 1, data_out = 0ed3
Time = 94815000, rstn = 1, data_out = 0ed2
Time = 94825000, rstn = 1, data_out = 0ecf
Time = 94835000, rstn = 1, data_out = 0ecc
Time = 94845000, rstn = 1, data_out = 0ec9
Time = 94855000, rstn = 1, data_out = 0ec8
Time = 94865000, rstn = 1, data_out = 0ec6
Time = 94875000, rstn = 1, data_out = 0ec3
Time = 94885000, rstn = 1, data_out = 0ec0
Time = 94895000, rstn = 1, data_out = 0ebd
Time = 94905000, rstn = 1, data_out = 0ebc
Time = 94915000, rstn = 1, data_out = 0eba
Time = 94925000, rstn = 1, data_out = 0eb7
Time = 94935000, rstn = 1, data_out = 0eb4
Time = 94945000, rstn = 1, data_out = 0eb1
Time = 94955000, rstn = 1, data_out = 0eb0
Time = 94965000, rstn = 1, data_out = 0ead
Time = 94975000, rstn = 1, data_out = 0eaa
Time = 94985000, rstn = 1, data_out = 0ea7
Time = 94995000, rstn = 1, data_out = 0ea6
Time = 95005000, rstn = 1, data_out = 0ea3
Time = 95015000, rstn = 1, data_out = 0ea0
Time = 95025000, rstn = 1, data_out = 0e9d
Time = 95035000, rstn = 1, data_out = 0e9c
Time = 95045000, rstn = 1, data_out = 0e99
Time = 95055000, rstn = 1, data_out = 0e96
Time = 95065000, rstn = 1, data_out = 0e94
Time = 95075000, rstn = 1, data_out = 0e91
Time = 95085000, rstn = 1, data_out = 0e8e
Time = 95095000, rstn = 1, data_out = 0e8b
Time = 95105000, rstn = 1, data_out = 0e8a
Time = 95115000, rstn = 1, data_out = 0e87
Time = 95125000, rstn = 1, data_out = 0e84
Time = 95135000, rstn = 1, data_out = 0e81
Time = 95145000, rstn = 1, data_out = 0e7f
Time = 95155000, rstn = 1, data_out = 0e7c
Time = 95165000, rstn = 1, data_out = 0e7a
Time = 95175000, rstn = 1, data_out = 0e77
Time = 95185000, rstn = 1, data_out = 0e74
Time = 95195000, rstn = 1, data_out = 0e72
Time = 95205000, rstn = 1, data_out = 0e6f
Time = 95215000, rstn = 1, data_out = 0e6c
Time = 95225000, rstn = 1, data_out = 0e69
Time = 95235000, rstn = 1, data_out = 0e66
Time = 95245000, rstn = 1, data_out = 0e63
Time = 95255000, rstn = 1, data_out = 0e61
Time = 95265000, rstn = 1, data_out = 0e5e
Time = 95275000, rstn = 1, data_out = 0e5c
Time = 95285000, rstn = 1, data_out = 0e59
Time = 95295000, rstn = 1, data_out = 0e56
Time = 95305000, rstn = 1, data_out = 0e53
Time = 95315000, rstn = 1, data_out = 0e50
Time = 95325000, rstn = 1, data_out = 0e4e
Time = 95335000, rstn = 1, data_out = 0e4b
Time = 95345000, rstn = 1, data_out = 0e48
Time = 95355000, rstn = 1, data_out = 0e45
Time = 95365000, rstn = 1, data_out = 0e42
Time = 95375000, rstn = 1, data_out = 0e40
Time = 95385000, rstn = 1, data_out = 0e3d
Time = 95395000, rstn = 1, data_out = 0e3a
Time = 95405000, rstn = 1, data_out = 0e37
Time = 95415000, rstn = 1, data_out = 0e34
Time = 95425000, rstn = 1, data_out = 0e31
Time = 95435000, rstn = 1, data_out = 0e2e
Time = 95445000, rstn = 1, data_out = 0e2b
Time = 95455000, rstn = 1, data_out = 0e28
Time = 95465000, rstn = 1, data_out = 0e26
Time = 95475000, rstn = 1, data_out = 0e23
Time = 95485000, rstn = 1, data_out = 0e20
Time = 95495000, rstn = 1, data_out = 0e1d
Time = 95505000, rstn = 1, data_out = 0e1a
Time = 95515000, rstn = 1, data_out = 0e17
Time = 95525000, rstn = 1, data_out = 0e14
Time = 95535000, rstn = 1, data_out = 0e11
Time = 95545000, rstn = 1, data_out = 0e0e
Time = 95555000, rstn = 1, data_out = 0e0b
Time = 95565000, rstn = 1, data_out = 0e08
Time = 95575000, rstn = 1, data_out = 0e05
Time = 95585000, rstn = 1, data_out = 0e02
Time = 95595000, rstn = 1, data_out = 0dff
Time = 95605000, rstn = 1, data_out = 0dfc
Time = 95615000, rstn = 1, data_out = 0df9
Time = 95625000, rstn = 1, data_out = 0df6
Time = 95635000, rstn = 1, data_out = 0df3
Time = 95645000, rstn = 1, data_out = 0df0
Time = 95655000, rstn = 1, data_out = 0ded
Time = 95665000, rstn = 1, data_out = 0dea
Time = 95675000, rstn = 1, data_out = 0de6
Time = 95685000, rstn = 1, data_out = 0de3
Time = 95695000, rstn = 1, data_out = 0de0
Time = 95705000, rstn = 1, data_out = 0ddd
Time = 95715000, rstn = 1, data_out = 0dda
Time = 95725000, rstn = 1, data_out = 0dd7
Time = 95735000, rstn = 1, data_out = 0dd4
Time = 95745000, rstn = 1, data_out = 0dd0
Time = 95755000, rstn = 1, data_out = 0dcd
Time = 95765000, rstn = 1, data_out = 0dca
Time = 95775000, rstn = 1, data_out = 0dc7
Time = 95785000, rstn = 1, data_out = 0dc4
Time = 95795000, rstn = 1, data_out = 0dc1
Time = 95805000, rstn = 1, data_out = 0dbe
Time = 95815000, rstn = 1, data_out = 0dba
Time = 95825000, rstn = 1, data_out = 0db7
Time = 95835000, rstn = 1, data_out = 0db3
Time = 95845000, rstn = 1, data_out = 0db0
Time = 95855000, rstn = 1, data_out = 0dad
Time = 95865000, rstn = 1, data_out = 0daa
Time = 95875000, rstn = 1, data_out = 0da7
Time = 95885000, rstn = 1, data_out = 0da4
Time = 95895000, rstn = 1, data_out = 0da0
Time = 95905000, rstn = 1, data_out = 0d9d
Time = 95915000, rstn = 1, data_out = 0d9a
Time = 95925000, rstn = 1, data_out = 0d96
Time = 95935000, rstn = 1, data_out = 0d93
Time = 95945000, rstn = 1, data_out = 0d90
Time = 95955000, rstn = 1, data_out = 0d8c
Time = 95965000, rstn = 1, data_out = 0d89
Time = 95975000, rstn = 1, data_out = 0d86
Time = 95985000, rstn = 1, data_out = 0d82
Time = 95995000, rstn = 1, data_out = 0d7f
Time = 96005000, rstn = 1, data_out = 0d7c
Time = 96015000, rstn = 1, data_out = 0d78
Time = 96025000, rstn = 1, data_out = 0d75
Time = 96035000, rstn = 1, data_out = 0d71
Time = 96045000, rstn = 1, data_out = 0d6e
Time = 96055000, rstn = 1, data_out = 0d6b
Time = 96065000, rstn = 1, data_out = 0d68
Time = 96075000, rstn = 1, data_out = 0d63
Time = 96085000, rstn = 1, data_out = 0d60
Time = 96095000, rstn = 1, data_out = 0d5d
Time = 96105000, rstn = 1, data_out = 0d5a
Time = 96115000, rstn = 1, data_out = 0d56
Time = 96125000, rstn = 1, data_out = 0d53
Time = 96135000, rstn = 1, data_out = 0d50
Time = 96145000, rstn = 1, data_out = 0d4b
Time = 96155000, rstn = 1, data_out = 0d48
Time = 96165000, rstn = 1, data_out = 0d45
Time = 96175000, rstn = 1, data_out = 0d42
Time = 96185000, rstn = 1, data_out = 0d3d
Time = 96195000, rstn = 1, data_out = 0d3a
Time = 96205000, rstn = 1, data_out = 0d37
Time = 96215000, rstn = 1, data_out = 0d34
Time = 96225000, rstn = 1, data_out = 0d30
Time = 96235000, rstn = 1, data_out = 0d2b
Time = 96245000, rstn = 1, data_out = 0d28
Time = 96255000, rstn = 1, data_out = 0d25
Time = 96265000, rstn = 1, data_out = 0d22
Time = 96275000, rstn = 1, data_out = 0d1e
Time = 96285000, rstn = 1, data_out = 0d19
Time = 96295000, rstn = 1, data_out = 0d16
Time = 96305000, rstn = 1, data_out = 0d13
Time = 96315000, rstn = 1, data_out = 0d10
Time = 96325000, rstn = 1, data_out = 0d0c
Time = 96335000, rstn = 1, data_out = 0d07
Time = 96345000, rstn = 1, data_out = 0d04
Time = 96355000, rstn = 1, data_out = 0d01
Time = 96365000, rstn = 1, data_out = 0cfe
Time = 96375000, rstn = 1, data_out = 0cf9
Time = 96385000, rstn = 1, data_out = 0cf6
Time = 96395000, rstn = 1, data_out = 0cf1
Time = 96405000, rstn = 1, data_out = 0cee
Time = 96415000, rstn = 1, data_out = 0ceb
Time = 96425000, rstn = 1, data_out = 0ce8
Time = 96435000, rstn = 1, data_out = 0ce3
Time = 96445000, rstn = 1, data_out = 0ce0
Time = 96455000, rstn = 1, data_out = 0cdc
Time = 96465000, rstn = 1, data_out = 0cd7
Time = 96475000, rstn = 1, data_out = 0cd4
Time = 96485000, rstn = 1, data_out = 0cd1
Time = 96495000, rstn = 1, data_out = 0cce
Time = 96505000, rstn = 1, data_out = 0cc9
Time = 96515000, rstn = 1, data_out = 0cc6
Time = 96525000, rstn = 1, data_out = 0cc2
Time = 96535000, rstn = 1, data_out = 0cbd
Time = 96545000, rstn = 1, data_out = 0cba
Time = 96555000, rstn = 1, data_out = 0cb5
Time = 96565000, rstn = 1, data_out = 0cb2
Time = 96575000, rstn = 1, data_out = 0caf
Time = 96585000, rstn = 1, data_out = 0cac
Time = 96595000, rstn = 1, data_out = 0ca7
Time = 96605000, rstn = 1, data_out = 0ca4
Time = 96615000, rstn = 1, data_out = 0c9f
Time = 96625000, rstn = 1, data_out = 0c9c
Time = 96635000, rstn = 1, data_out = 0c98
Time = 96645000, rstn = 1, data_out = 0c94
Time = 96655000, rstn = 1, data_out = 0c90
Time = 96665000, rstn = 1, data_out = 0c8c
Time = 96675000, rstn = 1, data_out = 0c88
Time = 96685000, rstn = 1, data_out = 0c84
Time = 96695000, rstn = 1, data_out = 0c80
Time = 96705000, rstn = 1, data_out = 0c7b
Time = 96715000, rstn = 1, data_out = 0c78
Time = 96725000, rstn = 1, data_out = 0c73
Time = 96735000, rstn = 1, data_out = 0c70
Time = 96745000, rstn = 1, data_out = 0c6d
Time = 96755000, rstn = 1, data_out = 0c6a
Time = 96765000, rstn = 1, data_out = 0c65
Time = 96775000, rstn = 1, data_out = 0c62
Time = 96785000, rstn = 1, data_out = 0c5d
Time = 96795000, rstn = 1, data_out = 0c5a
Time = 96805000, rstn = 1, data_out = 0c56
Time = 96815000, rstn = 1, data_out = 0c52
Time = 96825000, rstn = 1, data_out = 0c4e
Time = 96835000, rstn = 1, data_out = 0c49
Time = 96845000, rstn = 1, data_out = 0c46
Time = 96855000, rstn = 1, data_out = 0c41
Time = 96865000, rstn = 1, data_out = 0c3e
Time = 96875000, rstn = 1, data_out = 0c39
Time = 96885000, rstn = 1, data_out = 0c34
Time = 96895000, rstn = 1, data_out = 0c2f
Time = 96905000, rstn = 1, data_out = 0c2c
Time = 96915000, rstn = 1, data_out = 0c27
Time = 96925000, rstn = 1, data_out = 0c24
Time = 96935000, rstn = 1, data_out = 0c20
Time = 96945000, rstn = 1, data_out = 0c1c
Time = 96955000, rstn = 1, data_out = 0c18
Time = 96965000, rstn = 1, data_out = 0c14
Time = 96975000, rstn = 1, data_out = 0c10
Time = 96985000, rstn = 1, data_out = 0c0c
Time = 96995000, rstn = 1, data_out = 0c08
Time = 97005000, rstn = 1, data_out = 0c04
Time = 97015000, rstn = 1, data_out = 0bff
Time = 97025000, rstn = 1, data_out = 0bfc
Time = 97035000, rstn = 1, data_out = 0bf7
Time = 97045000, rstn = 1, data_out = 0bf4
Time = 97055000, rstn = 1, data_out = 0bef
Time = 97065000, rstn = 1, data_out = 0bea
Time = 97075000, rstn = 1, data_out = 0be5
Time = 97085000, rstn = 1, data_out = 0be2
Time = 97095000, rstn = 1, data_out = 0bdd
Time = 97105000, rstn = 1, data_out = 0bda
Time = 97115000, rstn = 1, data_out = 0bd6
Time = 97125000, rstn = 1, data_out = 0bd1
Time = 97135000, rstn = 1, data_out = 0bce
Time = 97145000, rstn = 1, data_out = 0bc9
Time = 97155000, rstn = 1, data_out = 0bc4
Time = 97165000, rstn = 1, data_out = 0bbf
Time = 97175000, rstn = 1, data_out = 0bbc
Time = 97185000, rstn = 1, data_out = 0bb7
Time = 97195000, rstn = 1, data_out = 0bb4
Time = 97205000, rstn = 1, data_out = 0baf
Time = 97215000, rstn = 1, data_out = 0bac
Time = 97225000, rstn = 1, data_out = 0ba7
Time = 97235000, rstn = 1, data_out = 0ba2
Time = 97245000, rstn = 1, data_out = 0b9d
Time = 97255000, rstn = 1, data_out = 0b9a
Time = 97265000, rstn = 1, data_out = 0b95
Time = 97275000, rstn = 1, data_out = 0b92
Time = 97285000, rstn = 1, data_out = 0b8d
Time = 97295000, rstn = 1, data_out = 0b88
Time = 97305000, rstn = 1, data_out = 0b83
Time = 97315000, rstn = 1, data_out = 0b80
Time = 97325000, rstn = 1, data_out = 0b7c
Time = 97335000, rstn = 1, data_out = 0b77
Time = 97345000, rstn = 1, data_out = 0b72
Time = 97355000, rstn = 1, data_out = 0b6d
Time = 97365000, rstn = 1, data_out = 0b6a
Time = 97375000, rstn = 1, data_out = 0b66
Time = 97385000, rstn = 1, data_out = 0b61
Time = 97395000, rstn = 1, data_out = 0b5c
Time = 97405000, rstn = 1, data_out = 0b57
Time = 97415000, rstn = 1, data_out = 0b54
Time = 97425000, rstn = 1, data_out = 0b50
Time = 97435000, rstn = 1, data_out = 0b4b
Time = 97445000, rstn = 1, data_out = 0b46
Time = 97455000, rstn = 1, data_out = 0b41
Time = 97465000, rstn = 1, data_out = 0b3e
Time = 97475000, rstn = 1, data_out = 0b39
Time = 97485000, rstn = 1, data_out = 0b34
Time = 97495000, rstn = 1, data_out = 0b2f
Time = 97505000, rstn = 1, data_out = 0b2c
Time = 97515000, rstn = 1, data_out = 0b28
Time = 97525000, rstn = 1, data_out = 0b23
Time = 97535000, rstn = 1, data_out = 0b1e
Time = 97545000, rstn = 1, data_out = 0b1a
Time = 97555000, rstn = 1, data_out = 0b15
Time = 97565000, rstn = 1, data_out = 0b10
Time = 97575000, rstn = 1, data_out = 0b0b
Time = 97585000, rstn = 1, data_out = 0b08
Time = 97595000, rstn = 1, data_out = 0b03
Time = 97605000, rstn = 1, data_out = 0afe
Time = 97615000, rstn = 1, data_out = 0af9
Time = 97625000, rstn = 1, data_out = 0af6
Time = 97635000, rstn = 1, data_out = 0af1
Time = 97645000, rstn = 1, data_out = 0aec
Time = 97655000, rstn = 1, data_out = 0ae7
Time = 97665000, rstn = 1, data_out = 0ae3
Time = 97675000, rstn = 1, data_out = 0ade
Time = 97685000, rstn = 1, data_out = 0ada
Time = 97695000, rstn = 1, data_out = 0ad5
Time = 97705000, rstn = 1, data_out = 0ad0
Time = 97715000, rstn = 1, data_out = 0acc
Time = 97725000, rstn = 1, data_out = 0ac7
Time = 97735000, rstn = 1, data_out = 0ac2
Time = 97745000, rstn = 1, data_out = 0abd
Time = 97755000, rstn = 1, data_out = 0aba
Time = 97765000, rstn = 1, data_out = 0ab5
Time = 97775000, rstn = 1, data_out = 0ab0
Time = 97785000, rstn = 1, data_out = 0aac
Time = 97795000, rstn = 1, data_out = 0aa7
Time = 97805000, rstn = 1, data_out = 0aa2
Time = 97815000, rstn = 1, data_out = 0a9d
Time = 97825000, rstn = 1, data_out = 0a98
Time = 97835000, rstn = 1, data_out = 0a93
Time = 97845000, rstn = 1, data_out = 0a8f
Time = 97855000, rstn = 1, data_out = 0a8a
Time = 97865000, rstn = 1, data_out = 0a86
Time = 97875000, rstn = 1, data_out = 0a81
Time = 97885000, rstn = 1, data_out = 0a7c
Time = 97895000, rstn = 1, data_out = 0a78
Time = 97905000, rstn = 1, data_out = 0a73
Time = 97915000, rstn = 1, data_out = 0a6e
Time = 97925000, rstn = 1, data_out = 0a69
Time = 97935000, rstn = 1, data_out = 0a64
Time = 97945000, rstn = 1, data_out = 0a60
Time = 97955000, rstn = 1, data_out = 0a5b
Time = 97965000, rstn = 1, data_out = 0a56
Time = 97975000, rstn = 1, data_out = 0a51
Time = 97985000, rstn = 1, data_out = 0a4c
Time = 97995000, rstn = 1, data_out = 0a48
Time = 98005000, rstn = 1, data_out = 0a43
Time = 98015000, rstn = 1, data_out = 0a3e
Time = 98025000, rstn = 1, data_out = 0a39
Time = 98035000, rstn = 1, data_out = 0a34
Time = 98045000, rstn = 1, data_out = 0a30
Time = 98055000, rstn = 1, data_out = 0a2b
Time = 98065000, rstn = 1, data_out = 0a26
Time = 98075000, rstn = 1, data_out = 0a21
Time = 98085000, rstn = 1, data_out = 0a1c
Time = 98095000, rstn = 1, data_out = 0a17
Time = 98105000, rstn = 1, data_out = 0a12
Time = 98115000, rstn = 1, data_out = 0a0e
Time = 98125000, rstn = 1, data_out = 0a09
Time = 98135000, rstn = 1, data_out = 0a04
Time = 98145000, rstn = 1, data_out = 09ff
Time = 98155000, rstn = 1, data_out = 09fa
Time = 98165000, rstn = 1, data_out = 09f5
Time = 98175000, rstn = 1, data_out = 09f0
Time = 98185000, rstn = 1, data_out = 09eb
Time = 98195000, rstn = 1, data_out = 09e6
Time = 98205000, rstn = 1, data_out = 09e1
Time = 98215000, rstn = 1, data_out = 09dc
Time = 98225000, rstn = 1, data_out = 09d8
Time = 98235000, rstn = 1, data_out = 09d3
Time = 98245000, rstn = 1, data_out = 09ce
Time = 98255000, rstn = 1, data_out = 09c9
Time = 98265000, rstn = 1, data_out = 09c4
Time = 98275000, rstn = 1, data_out = 09bf
Time = 98285000, rstn = 1, data_out = 09ba
Time = 98295000, rstn = 1, data_out = 09b5
Time = 98305000, rstn = 1, data_out = 09b0
Time = 98315000, rstn = 1, data_out = 09ab
Time = 98325000, rstn = 1, data_out = 09a6
Time = 98335000, rstn = 1, data_out = 09a1
Time = 98345000, rstn = 1, data_out = 099c
Time = 98355000, rstn = 1, data_out = 0997
Time = 98365000, rstn = 1, data_out = 0992
Time = 98375000, rstn = 1, data_out = 098d
Time = 98385000, rstn = 1, data_out = 0988
Time = 98395000, rstn = 1, data_out = 0983
Time = 98405000, rstn = 1, data_out = 097e
Time = 98415000, rstn = 1, data_out = 0978
Time = 98425000, rstn = 1, data_out = 0973
Time = 98435000, rstn = 1, data_out = 096e
Time = 98445000, rstn = 1, data_out = 0969
Time = 98455000, rstn = 1, data_out = 0964
Time = 98465000, rstn = 1, data_out = 095f
Time = 98475000, rstn = 1, data_out = 095a
Time = 98485000, rstn = 1, data_out = 0955
Time = 98495000, rstn = 1, data_out = 0950
Time = 98505000, rstn = 1, data_out = 094b
Time = 98515000, rstn = 1, data_out = 0946
Time = 98525000, rstn = 1, data_out = 0941
Time = 98535000, rstn = 1, data_out = 093c
Time = 98545000, rstn = 1, data_out = 0936
Time = 98555000, rstn = 1, data_out = 0931
Time = 98565000, rstn = 1, data_out = 092c
Time = 98575000, rstn = 1, data_out = 0927
Time = 98585000, rstn = 1, data_out = 0922
Time = 98595000, rstn = 1, data_out = 091d
Time = 98605000, rstn = 1, data_out = 0918
Time = 98615000, rstn = 1, data_out = 0912
Time = 98625000, rstn = 1, data_out = 090d
Time = 98635000, rstn = 1, data_out = 0908
Time = 98645000, rstn = 1, data_out = 0903
Time = 98655000, rstn = 1, data_out = 08fe
Time = 98665000, rstn = 1, data_out = 08f8
Time = 98675000, rstn = 1, data_out = 08f3
Time = 98685000, rstn = 1, data_out = 08ee
Time = 98695000, rstn = 1, data_out = 08e9
Time = 98705000, rstn = 1, data_out = 08e4
Time = 98715000, rstn = 1, data_out = 08de
Time = 98725000, rstn = 1, data_out = 08d9
Time = 98735000, rstn = 1, data_out = 08d4
Time = 98745000, rstn = 1, data_out = 08cf
Time = 98755000, rstn = 1, data_out = 08ca
Time = 98765000, rstn = 1, data_out = 08c4
Time = 98775000, rstn = 1, data_out = 08bf
Time = 98785000, rstn = 1, data_out = 08b9
Time = 98795000, rstn = 1, data_out = 08b4
Time = 98805000, rstn = 1, data_out = 08af
Time = 98815000, rstn = 1, data_out = 08aa
Time = 98825000, rstn = 1, data_out = 08a5
Time = 98835000, rstn = 1, data_out = 08a0
Time = 98845000, rstn = 1, data_out = 089a
Time = 98855000, rstn = 1, data_out = 0895
Time = 98865000, rstn = 1, data_out = 0890
Time = 98875000, rstn = 1, data_out = 088a
Time = 98885000, rstn = 1, data_out = 0885
Time = 98895000, rstn = 1, data_out = 0880
Time = 98905000, rstn = 1, data_out = 087a
Time = 98915000, rstn = 1, data_out = 0875
Time = 98925000, rstn = 1, data_out = 0870
Time = 98935000, rstn = 1, data_out = 086a
Time = 98945000, rstn = 1, data_out = 0865
Time = 98955000, rstn = 1, data_out = 0860
Time = 98965000, rstn = 1, data_out = 085a
Time = 98975000, rstn = 1, data_out = 0855
Time = 98985000, rstn = 1, data_out = 0850
Time = 98995000, rstn = 1, data_out = 084a
Time = 99005000, rstn = 1, data_out = 0845
Time = 99015000, rstn = 1, data_out = 083f
Time = 99025000, rstn = 1, data_out = 083a
Time = 99035000, rstn = 1, data_out = 0835
Time = 99045000, rstn = 1, data_out = 0830
Time = 99055000, rstn = 1, data_out = 0829
Time = 99065000, rstn = 1, data_out = 0824
Time = 99075000, rstn = 1, data_out = 081f
Time = 99085000, rstn = 1, data_out = 081a
Time = 99095000, rstn = 1, data_out = 0814
Time = 99105000, rstn = 1, data_out = 080f
Time = 99115000, rstn = 1, data_out = 080a
Time = 99125000, rstn = 1, data_out = 0803
Time = 99135000, rstn = 1, data_out = 07fe
Time = 99145000, rstn = 1, data_out = 07f9
Time = 99155000, rstn = 1, data_out = 07f4
Time = 99165000, rstn = 1, data_out = 07ee
Time = 99175000, rstn = 1, data_out = 07e9
Time = 99185000, rstn = 1, data_out = 07e4
Time = 99195000, rstn = 1, data_out = 07dd
Time = 99205000, rstn = 1, data_out = 07d8
Time = 99215000, rstn = 1, data_out = 07d3
Time = 99225000, rstn = 1, data_out = 07ce
Time = 99235000, rstn = 1, data_out = 07c7
Time = 99245000, rstn = 1, data_out = 07c2
Time = 99255000, rstn = 1, data_out = 07bd
Time = 99265000, rstn = 1, data_out = 07b8
Time = 99275000, rstn = 1, data_out = 07b1
Time = 99285000, rstn = 1, data_out = 07ac
Time = 99295000, rstn = 1, data_out = 07a7
Time = 99305000, rstn = 1, data_out = 07a2
Time = 99315000, rstn = 1, data_out = 079b
Time = 99325000, rstn = 1, data_out = 0796
Time = 99335000, rstn = 1, data_out = 0791
Time = 99345000, rstn = 1, data_out = 078c
Time = 99355000, rstn = 1, data_out = 0785
Time = 99365000, rstn = 1, data_out = 0780
Time = 99375000, rstn = 1, data_out = 077b
Time = 99385000, rstn = 1, data_out = 0776
Time = 99395000, rstn = 1, data_out = 0770
Time = 99405000, rstn = 1, data_out = 0769
Time = 99415000, rstn = 1, data_out = 0764
Time = 99425000, rstn = 1, data_out = 075f
Time = 99435000, rstn = 1, data_out = 075a
Time = 99445000, rstn = 1, data_out = 0754
Time = 99455000, rstn = 1, data_out = 074d
Time = 99465000, rstn = 1, data_out = 0748
Time = 99475000, rstn = 1, data_out = 0743
Time = 99485000, rstn = 1, data_out = 073e
Time = 99495000, rstn = 1, data_out = 0737
Time = 99505000, rstn = 1, data_out = 0732
Time = 99515000, rstn = 1, data_out = 072d
Time = 99525000, rstn = 1, data_out = 0728
Time = 99535000, rstn = 1, data_out = 0721
Time = 99545000, rstn = 1, data_out = 071c
Time = 99555000, rstn = 1, data_out = 0715
Time = 99565000, rstn = 1, data_out = 0710
Time = 99575000, rstn = 1, data_out = 070b
Time = 99585000, rstn = 1, data_out = 0706
Time = 99595000, rstn = 1, data_out = 0700
Time = 99605000, rstn = 1, data_out = 06f9
Time = 99615000, rstn = 1, data_out = 06f4
Time = 99625000, rstn = 1, data_out = 06ef
Time = 99635000, rstn = 1, data_out = 06ea
Time = 99645000, rstn = 1, data_out = 06e3
Time = 99655000, rstn = 1, data_out = 06de
Time = 99665000, rstn = 1, data_out = 06d7
Time = 99675000, rstn = 1, data_out = 06d2
Time = 99685000, rstn = 1, data_out = 06cd
Time = 99695000, rstn = 1, data_out = 06c8
Time = 99705000, rstn = 1, data_out = 06c1
Time = 99715000, rstn = 1, data_out = 06bc
Time = 99725000, rstn = 1, data_out = 06b6
Time = 99735000, rstn = 1, data_out = 06af
Time = 99745000, rstn = 1, data_out = 06aa
Time = 99755000, rstn = 1, data_out = 06a5
Time = 99765000, rstn = 1, data_out = 06a0
Time = 99775000, rstn = 1, data_out = 0699
Time = 99785000, rstn = 1, data_out = 0694
Time = 99795000, rstn = 1, data_out = 068e
Time = 99805000, rstn = 1, data_out = 0687
Time = 99815000, rstn = 1, data_out = 0682
Time = 99825000, rstn = 1, data_out = 067d
Time = 99835000, rstn = 1, data_out = 0678
Time = 99845000, rstn = 1, data_out = 0671
Time = 99855000, rstn = 1, data_out = 066c
Time = 99865000, rstn = 1, data_out = 0665
Time = 99875000, rstn = 1, data_out = 0660
Time = 99885000, rstn = 1, data_out = 0659
Time = 99895000, rstn = 1, data_out = 0654
Time = 99905000, rstn = 1, data_out = 064f
Time = 99915000, rstn = 1, data_out = 064a
Time = 99925000, rstn = 1, data_out = 0643
Time = 99935000, rstn = 1, data_out = 063e
Time = 99945000, rstn = 1, data_out = 0638
Time = 99955000, rstn = 1, data_out = 0631
Time = 99965000, rstn = 1, data_out = 062c
Time = 99975000, rstn = 1, data_out = 0625
Time = 99985000, rstn = 1, data_out = 0620
Time = 99995000, rstn = 1, data_out = 061b
Time = 100005000, rstn = 1, data_out = 0616
Time = 100015000, rstn = 1, data_out = 060f
Time = 100025000, rstn = 1, data_out = 060a
Time = 100035000, rstn = 1, data_out = 0603
Time = 100045000, rstn = 1, data_out = 05fe
Time = 100055000, rstn = 1, data_out = 05f8
Time = 100065000, rstn = 1, data_out = 05f1
Time = 100075000, rstn = 1, data_out = 05ec
Time = 100085000, rstn = 1, data_out = 05e5
Time = 100095000, rstn = 1, data_out = 05e0
Time = 100105000, rstn = 1, data_out = 05db
Time = 100115000, rstn = 1, data_out = 05d6
Time = 100125000, rstn = 1, data_out = 05cf
Time = 100135000, rstn = 1, data_out = 05ca
Time = 100145000, rstn = 1, data_out = 05c3
Time = 100155000, rstn = 1, data_out = 05be
Time = 100165000, rstn = 1, data_out = 05b8
Time = 100175000, rstn = 1, data_out = 05b2
Time = 100185000, rstn = 1, data_out = 05ac
Time = 100195000, rstn = 1, data_out = 05a6
Time = 100205000, rstn = 1, data_out = 05a0
Time = 100215000, rstn = 1, data_out = 0599
Time = 100225000, rstn = 1, data_out = 0594
Time = 100235000, rstn = 1, data_out = 058d
Time = 100245000, rstn = 1, data_out = 0588
Time = 100255000, rstn = 1, data_out = 0583
Time = 100265000, rstn = 1, data_out = 057e
Time = 100275000, rstn = 1, data_out = 0577
Time = 100285000, rstn = 1, data_out = 0572
Time = 100295000, rstn = 1, data_out = 056b
Time = 100305000, rstn = 1, data_out = 0566
Time = 100315000, rstn = 1, data_out = 0560
Time = 100325000, rstn = 1, data_out = 055a
Time = 100335000, rstn = 1, data_out = 0554
Time = 100345000, rstn = 1, data_out = 054e
Time = 100355000, rstn = 1, data_out = 0548
Time = 100365000, rstn = 1, data_out = 0542
Time = 100375000, rstn = 1, data_out = 053c
Time = 100385000, rstn = 1, data_out = 0536
Time = 100395000, rstn = 1, data_out = 0530
Time = 100405000, rstn = 1, data_out = 052a
Time = 100415000, rstn = 1, data_out = 0524
Time = 100425000, rstn = 1, data_out = 051e
Time = 100435000, rstn = 1, data_out = 0518
Time = 100445000, rstn = 1, data_out = 0512
Time = 100455000, rstn = 1, data_out = 050c
Time = 100465000, rstn = 1, data_out = 0506
Time = 100475000, rstn = 1, data_out = 0500
Time = 100485000, rstn = 1, data_out = 04fa
Time = 100495000, rstn = 1, data_out = 04f4
Time = 100505000, rstn = 1, data_out = 04ee
Time = 100515000, rstn = 1, data_out = 04e8
Time = 100525000, rstn = 1, data_out = 04e2
Time = 100535000, rstn = 1, data_out = 04dc
Time = 100545000, rstn = 1, data_out = 04d6
Time = 100555000, rstn = 1, data_out = 04d0
Time = 100565000, rstn = 1, data_out = 04ca
Time = 100575000, rstn = 1, data_out = 04c4
Time = 100585000, rstn = 1, data_out = 04be
Time = 100595000, rstn = 1, data_out = 04b8
Time = 100605000, rstn = 1, data_out = 04b2
Time = 100615000, rstn = 1, data_out = 04ac
Time = 100625000, rstn = 1, data_out = 04a6
Time = 100635000, rstn = 1, data_out = 04a0
Time = 100645000, rstn = 1, data_out = 049a
Time = 100655000, rstn = 1, data_out = 0494
Time = 100665000, rstn = 1, data_out = 048e
Time = 100675000, rstn = 1, data_out = 0488
Time = 100685000, rstn = 1, data_out = 0482
Time = 100695000, rstn = 1, data_out = 047c
Time = 100705000, rstn = 1, data_out = 0476
Time = 100715000, rstn = 1, data_out = 0470
Time = 100725000, rstn = 1, data_out = 046a
Time = 100735000, rstn = 1, data_out = 0464
Time = 100745000, rstn = 1, data_out = 045e
Time = 100755000, rstn = 1, data_out = 0458
Time = 100765000, rstn = 1, data_out = 0452
Time = 100775000, rstn = 1, data_out = 044c
Time = 100785000, rstn = 1, data_out = 0446
Time = 100795000, rstn = 1, data_out = 0440
Time = 100805000, rstn = 1, data_out = 043a
Time = 100815000, rstn = 1, data_out = 0434
Time = 100825000, rstn = 1, data_out = 042e
Time = 100835000, rstn = 1, data_out = 0428
Time = 100845000, rstn = 1, data_out = 0422
Time = 100855000, rstn = 1, data_out = 041c
Time = 100865000, rstn = 1, data_out = 0416
Time = 100875000, rstn = 1, data_out = 0410
Time = 100885000, rstn = 1, data_out = 040a
Time = 100895000, rstn = 1, data_out = 0404
Time = 100905000, rstn = 1, data_out = 03fe
Time = 100915000, rstn = 1, data_out = 03f8
Time = 100925000, rstn = 1, data_out = 03f2
Time = 100935000, rstn = 1, data_out = 03eb
Time = 100945000, rstn = 1, data_out = 03e6
Time = 100955000, rstn = 1, data_out = 03df
Time = 100965000, rstn = 1, data_out = 03da
Time = 100975000, rstn = 1, data_out = 03d3
Time = 100985000, rstn = 1, data_out = 03cc
Time = 100995000, rstn = 1, data_out = 03c5
Time = 101005000, rstn = 1, data_out = 03c0
Time = 101015000, rstn = 1, data_out = 03b9
Time = 101025000, rstn = 1, data_out = 03b4
Time = 101035000, rstn = 1, data_out = 03ae
Time = 101045000, rstn = 1, data_out = 03a8
Time = 101055000, rstn = 1, data_out = 03a2
Time = 101065000, rstn = 1, data_out = 039c
Time = 101075000, rstn = 1, data_out = 0396
Time = 101085000, rstn = 1, data_out = 0390
Time = 101095000, rstn = 1, data_out = 038a
Time = 101105000, rstn = 1, data_out = 0383
Time = 101115000, rstn = 1, data_out = 037e
Time = 101125000, rstn = 1, data_out = 0377
Time = 101135000, rstn = 1, data_out = 0372
Time = 101145000, rstn = 1, data_out = 036b
Time = 101155000, rstn = 1, data_out = 0364
Time = 101165000, rstn = 1, data_out = 035d
Time = 101175000, rstn = 1, data_out = 0358
Time = 101185000, rstn = 1, data_out = 0351
Time = 101195000, rstn = 1, data_out = 034c
Time = 101205000, rstn = 1, data_out = 0346
Time = 101215000, rstn = 1, data_out = 0340
Time = 101225000, rstn = 1, data_out = 033a
Time = 101235000, rstn = 1, data_out = 0334
Time = 101245000, rstn = 1, data_out = 032d
Time = 101255000, rstn = 1, data_out = 0328
Time = 101265000, rstn = 1, data_out = 0321
Time = 101275000, rstn = 1, data_out = 031c
Time = 101285000, rstn = 1, data_out = 0315
Time = 101295000, rstn = 1, data_out = 030e
Time = 101305000, rstn = 1, data_out = 0307
Time = 101315000, rstn = 1, data_out = 0302
Time = 101325000, rstn = 1, data_out = 02fb
Time = 101335000, rstn = 1, data_out = 02f6
Time = 101345000, rstn = 1, data_out = 02f0
Time = 101355000, rstn = 1, data_out = 02ea
Time = 101365000, rstn = 1, data_out = 02e3
Time = 101375000, rstn = 1, data_out = 02de
Time = 101385000, rstn = 1, data_out = 02d7
Time = 101395000, rstn = 1, data_out = 02d2
Time = 101405000, rstn = 1, data_out = 02cb
Time = 101415000, rstn = 1, data_out = 02c4
Time = 101425000, rstn = 1, data_out = 02bd
Time = 101435000, rstn = 1, data_out = 02b8
Time = 101445000, rstn = 1, data_out = 02b1
Time = 101455000, rstn = 1, data_out = 02ac
Time = 101465000, rstn = 1, data_out = 02a5
Time = 101475000, rstn = 1, data_out = 02a0
Time = 101485000, rstn = 1, data_out = 0299
Time = 101495000, rstn = 1, data_out = 0294
Time = 101505000, rstn = 1, data_out = 028d
Time = 101515000, rstn = 1, data_out = 0286
Time = 101525000, rstn = 1, data_out = 027f
Time = 101535000, rstn = 1, data_out = 027a
Time = 101545000, rstn = 1, data_out = 0273
Time = 101555000, rstn = 1, data_out = 026e
Time = 101565000, rstn = 1, data_out = 0267
Time = 101575000, rstn = 1, data_out = 0262
Time = 101585000, rstn = 1, data_out = 025b
Time = 101595000, rstn = 1, data_out = 0256
Time = 101605000, rstn = 1, data_out = 024f
Time = 101615000, rstn = 1, data_out = 0248
Time = 101625000, rstn = 1, data_out = 0241
Time = 101635000, rstn = 1, data_out = 023c
Time = 101645000, rstn = 1, data_out = 0235
Time = 101655000, rstn = 1, data_out = 0230
Time = 101665000, rstn = 1, data_out = 022a
Time = 101675000, rstn = 1, data_out = 0223
Time = 101685000, rstn = 1, data_out = 021e
Time = 101695000, rstn = 1, data_out = 0217
Time = 101705000, rstn = 1, data_out = 0210
Time = 101715000, rstn = 1, data_out = 0209
Time = 101725000, rstn = 1, data_out = 0204
Time = 101735000, rstn = 1, data_out = 01fd
Time = 101745000, rstn = 1, data_out = 01f8
Time = 101755000, rstn = 1, data_out = 01f2
Time = 101765000, rstn = 1, data_out = 01eb
Time = 101775000, rstn = 1, data_out = 01e6
Time = 101785000, rstn = 1, data_out = 01df
Time = 101795000, rstn = 1, data_out = 01d8
Time = 101805000, rstn = 1, data_out = 01d1
Time = 101815000, rstn = 1, data_out = 01cc
Time = 101825000, rstn = 1, data_out = 01c5
Time = 101835000, rstn = 1, data_out = 01c0
Time = 101845000, rstn = 1, data_out = 01b9
Time = 101855000, rstn = 1, data_out = 01b4
Time = 101865000, rstn = 1, data_out = 01ad
Time = 101875000, rstn = 1, data_out = 01a6
Time = 101885000, rstn = 1, data_out = 019f
Time = 101895000, rstn = 1, data_out = 019a
Time = 101905000, rstn = 1, data_out = 0193
Time = 101915000, rstn = 1, data_out = 018e
Time = 101925000, rstn = 1, data_out = 0187
Time = 101935000, rstn = 1, data_out = 0182
Time = 101945000, rstn = 1, data_out = 017b
Time = 101955000, rstn = 1, data_out = 0174
Time = 101965000, rstn = 1, data_out = 016d
Time = 101975000, rstn = 1, data_out = 0168
Time = 101985000, rstn = 1, data_out = 0161
Time = 101995000, rstn = 1, data_out = 015c
Time = 102005000, rstn = 1, data_out = 0155
Time = 102015000, rstn = 1, data_out = 0150
Time = 102025000, rstn = 1, data_out = 0149
Time = 102035000, rstn = 1, data_out = 0142
Time = 102045000, rstn = 1, data_out = 013b
Time = 102055000, rstn = 1, data_out = 0136
Time = 102065000, rstn = 1, data_out = 012f
Time = 102075000, rstn = 1, data_out = 012a
Time = 102085000, rstn = 1, data_out = 0123
Time = 102095000, rstn = 1, data_out = 011e
Time = 102105000, rstn = 1, data_out = 0117
Time = 102115000, rstn = 1, data_out = 0110
Time = 102125000, rstn = 1, data_out = 0109
Time = 102135000, rstn = 1, data_out = 0104
Time = 102145000, rstn = 1, data_out = 00fe
Time = 102155000, rstn = 1, data_out = 00f7
Time = 102165000, rstn = 1, data_out = 00f2
Time = 102175000, rstn = 1, data_out = 00eb
Time = 102185000, rstn = 1, data_out = 00e4
Time = 102195000, rstn = 1, data_out = 00dd
Time = 102205000, rstn = 1, data_out = 00d8
Time = 102215000, rstn = 1, data_out = 00d1
Time = 102225000, rstn = 1, data_out = 00cc
Time = 102235000, rstn = 1, data_out = 00c5
Time = 102245000, rstn = 1, data_out = 00c0
Time = 102255000, rstn = 1, data_out = 00b9
Time = 102265000, rstn = 1, data_out = 00b2
Time = 102275000, rstn = 1, data_out = 00ab
Time = 102285000, rstn = 1, data_out = 00a6
Time = 102295000, rstn = 1, data_out = 00a0
Time = 102305000, rstn = 1, data_out = 0099
Time = 102315000, rstn = 1, data_out = 0094
Time = 102325000, rstn = 1, data_out = 008d
Time = 102335000, rstn = 1, data_out = 0086
Time = 102345000, rstn = 1, data_out = 007f
Time = 102355000, rstn = 1, data_out = 007a
Time = 102365000, rstn = 1, data_out = 0073
Time = 102375000, rstn = 1, data_out = 006e
Time = 102385000, rstn = 1, data_out = 0067
Time = 102395000, rstn = 1, data_out = 0062
Time = 102405000, rstn = 1, data_out = 005b
Time = 102415000, rstn = 1, data_out = 0054
Time = 102425000, rstn = 1, data_out = 004d
Time = 102435000, rstn = 1, data_out = 0048
Time = 102445000, rstn = 1, data_out = 0042
Time = 102455000, rstn = 1, data_out = 003b
Time = 102465000, rstn = 1, data_out = 0036
Time = 102475000, rstn = 1, data_out = 002f
Time = 102485000, rstn = 1, data_out = 0028
Time = 102495000, rstn = 1, data_out = 0021
Time = 102505000, rstn = 1, data_out = 001c
Time = 102515000, rstn = 1, data_out = 0016
Time = 102525000, rstn = 1, data_out = 000f
Time = 102535000, rstn = 1, data_out = 000a
Time = 102545000, rstn = 1, data_out = 0003
Time = 102555000, rstn = 1, data_out = fffc
Time = 102565000, rstn = 1, data_out = fff5
Time = 102575000, rstn = 1, data_out = fff0
Time = 102585000, rstn = 1, data_out = ffea
Time = 102595000, rstn = 1, data_out = ffe3
Time = 102605000, rstn = 1, data_out = ffde
Time = 102615000, rstn = 1, data_out = ffd7
Time = 102625000, rstn = 1, data_out = ffd0
Time = 102635000, rstn = 1, data_out = ffc9
Time = 102645000, rstn = 1, data_out = ffc4
Time = 102655000, rstn = 1, data_out = ffbe
Time = 102665000, rstn = 1, data_out = ffb7
Time = 102675000, rstn = 1, data_out = ffb2
Time = 102685000, rstn = 1, data_out = ffab
Time = 102695000, rstn = 1, data_out = ffa4
Time = 102705000, rstn = 1, data_out = ff9d
Time = 102715000, rstn = 1, data_out = ff98
Time = 102725000, rstn = 1, data_out = ff91
Time = 102735000, rstn = 1, data_out = ff8c
Time = 102745000, rstn = 1, data_out = ff85
Time = 102755000, rstn = 1, data_out = ff80
Time = 102765000, rstn = 1, data_out = ff79
Time = 102775000, rstn = 1, data_out = ff72
Time = 102785000, rstn = 1, data_out = ff6b
Time = 102795000, rstn = 1, data_out = ff66
Time = 102805000, rstn = 1, data_out = ff60
Time = 102815000, rstn = 1, data_out = ff59
Time = 102825000, rstn = 1, data_out = ff54
Time = 102835000, rstn = 1, data_out = ff4d
Time = 102845000, rstn = 1, data_out = ff46
Time = 102855000, rstn = 1, data_out = ff3f
Time = 102865000, rstn = 1, data_out = ff3a
Time = 102875000, rstn = 1, data_out = ff33
Time = 102885000, rstn = 1, data_out = ff2e
Time = 102895000, rstn = 1, data_out = ff27
Time = 102905000, rstn = 1, data_out = ff22
Time = 102915000, rstn = 1, data_out = ff1b
Time = 102925000, rstn = 1, data_out = ff14
Time = 102935000, rstn = 1, data_out = ff0d
Time = 102945000, rstn = 1, data_out = ff08
Time = 102955000, rstn = 1, data_out = ff02
Time = 102965000, rstn = 1, data_out = fefb
Time = 102975000, rstn = 1, data_out = fef6
Time = 102985000, rstn = 1, data_out = feef
Time = 102995000, rstn = 1, data_out = fee8
Time = 103005000, rstn = 1, data_out = fee1
Time = 103015000, rstn = 1, data_out = fedc
Time = 103025000, rstn = 1, data_out = fed5
Time = 103035000, rstn = 1, data_out = fed0
Time = 103045000, rstn = 1, data_out = fec9
Time = 103055000, rstn = 1, data_out = fec4
Time = 103065000, rstn = 1, data_out = febd
Time = 103075000, rstn = 1, data_out = feb6
Time = 103085000, rstn = 1, data_out = feaf
Time = 103095000, rstn = 1, data_out = feaa
Time = 103105000, rstn = 1, data_out = fea3
Time = 103115000, rstn = 1, data_out = fe9e
Time = 103125000, rstn = 1, data_out = fe97
Time = 103135000, rstn = 1, data_out = fe92
Time = 103145000, rstn = 1, data_out = fe8b
Time = 103155000, rstn = 1, data_out = fe84
Time = 103165000, rstn = 1, data_out = fe7d
Time = 103175000, rstn = 1, data_out = fe78
Time = 103185000, rstn = 1, data_out = fe71
Time = 103195000, rstn = 1, data_out = fe6c
Time = 103205000, rstn = 1, data_out = fe65
Time = 103215000, rstn = 1, data_out = fe60
Time = 103225000, rstn = 1, data_out = fe59
Time = 103235000, rstn = 1, data_out = fe52
Time = 103245000, rstn = 1, data_out = fe4b
Time = 103255000, rstn = 1, data_out = fe46
Time = 103265000, rstn = 1, data_out = fe3f
Time = 103275000, rstn = 1, data_out = fe3a
Time = 103285000, rstn = 1, data_out = fe33
Time = 103295000, rstn = 1, data_out = fe2e
Time = 103305000, rstn = 1, data_out = fe27
Time = 103315000, rstn = 1, data_out = fe20
Time = 103325000, rstn = 1, data_out = fe19
Time = 103335000, rstn = 1, data_out = fe14
Time = 103345000, rstn = 1, data_out = fe0d
Time = 103355000, rstn = 1, data_out = fe08
Time = 103365000, rstn = 1, data_out = fe02
Time = 103375000, rstn = 1, data_out = fdfb
Time = 103385000, rstn = 1, data_out = fdf6
Time = 103395000, rstn = 1, data_out = fdef
Time = 103405000, rstn = 1, data_out = fde8
Time = 103415000, rstn = 1, data_out = fde1
Time = 103425000, rstn = 1, data_out = fddc
Time = 103435000, rstn = 1, data_out = fdd5
Time = 103445000, rstn = 1, data_out = fdd0
Time = 103455000, rstn = 1, data_out = fdca
Time = 103465000, rstn = 1, data_out = fdc3
Time = 103475000, rstn = 1, data_out = fdbe
Time = 103485000, rstn = 1, data_out = fdb7
Time = 103495000, rstn = 1, data_out = fdb0
Time = 103505000, rstn = 1, data_out = fda9
Time = 103515000, rstn = 1, data_out = fda4
Time = 103525000, rstn = 1, data_out = fd9d
Time = 103535000, rstn = 1, data_out = fd98
Time = 103545000, rstn = 1, data_out = fd91
Time = 103555000, rstn = 1, data_out = fd8c
Time = 103565000, rstn = 1, data_out = fd85
Time = 103575000, rstn = 1, data_out = fd80
Time = 103585000, rstn = 1, data_out = fd79
Time = 103595000, rstn = 1, data_out = fd72
Time = 103605000, rstn = 1, data_out = fd6b
Time = 103615000, rstn = 1, data_out = fd66
Time = 103625000, rstn = 1, data_out = fd5f
Time = 103635000, rstn = 1, data_out = fd5a
Time = 103645000, rstn = 1, data_out = fd53
Time = 103655000, rstn = 1, data_out = fd4e
Time = 103665000, rstn = 1, data_out = fd47
Time = 103675000, rstn = 1, data_out = fd42
Time = 103685000, rstn = 1, data_out = fd3b
Time = 103695000, rstn = 1, data_out = fd34
Time = 103705000, rstn = 1, data_out = fd2d
Time = 103715000, rstn = 1, data_out = fd28
Time = 103725000, rstn = 1, data_out = fd21
Time = 103735000, rstn = 1, data_out = fd1c
Time = 103745000, rstn = 1, data_out = fd16
Time = 103755000, rstn = 1, data_out = fd10
Time = 103765000, rstn = 1, data_out = fd09
Time = 103775000, rstn = 1, data_out = fd04
Time = 103785000, rstn = 1, data_out = fcfd
Time = 103795000, rstn = 1, data_out = fcf8
Time = 103805000, rstn = 1, data_out = fcf1
Time = 103815000, rstn = 1, data_out = fcea
Time = 103825000, rstn = 1, data_out = fce3
Time = 103835000, rstn = 1, data_out = fcde
Time = 103845000, rstn = 1, data_out = fcd7
Time = 103855000, rstn = 1, data_out = fcd2
Time = 103865000, rstn = 1, data_out = fccc
Time = 103875000, rstn = 1, data_out = fcc6
Time = 103885000, rstn = 1, data_out = fcc0
Time = 103895000, rstn = 1, data_out = fcba
Time = 103905000, rstn = 1, data_out = fcb3
Time = 103915000, rstn = 1, data_out = fcae
Time = 103925000, rstn = 1, data_out = fca7
Time = 103935000, rstn = 1, data_out = fca2
Time = 103945000, rstn = 1, data_out = fc9b
Time = 103955000, rstn = 1, data_out = fc94
Time = 103965000, rstn = 1, data_out = fc8d
Time = 103975000, rstn = 1, data_out = fc88
Time = 103985000, rstn = 1, data_out = fc81
Time = 103995000, rstn = 1, data_out = fc7c
Time = 104005000, rstn = 1, data_out = fc76
Time = 104015000, rstn = 1, data_out = fc70
Time = 104025000, rstn = 1, data_out = fc6a
Time = 104035000, rstn = 1, data_out = fc64
Time = 104045000, rstn = 1, data_out = fc5e
Time = 104055000, rstn = 1, data_out = fc58
Time = 104065000, rstn = 1, data_out = fc52
Time = 104075000, rstn = 1, data_out = fc4b
Time = 104085000, rstn = 1, data_out = fc46
Time = 104095000, rstn = 1, data_out = fc3f
Time = 104105000, rstn = 1, data_out = fc3a
Time = 104115000, rstn = 1, data_out = fc33
Time = 104125000, rstn = 1, data_out = fc2c
Time = 104135000, rstn = 1, data_out = fc25
Time = 104145000, rstn = 1, data_out = fc20
Time = 104155000, rstn = 1, data_out = fc19
Time = 104165000, rstn = 1, data_out = fc14
Time = 104175000, rstn = 1, data_out = fc0e
Time = 104185000, rstn = 1, data_out = fc08
Time = 104195000, rstn = 1, data_out = fc02
Time = 104205000, rstn = 1, data_out = fbfc
Time = 104215000, rstn = 1, data_out = fbf6
Time = 104225000, rstn = 1, data_out = fbf0
Time = 104235000, rstn = 1, data_out = fbea
Time = 104245000, rstn = 1, data_out = fbe4
Time = 104255000, rstn = 1, data_out = fbde
Time = 104265000, rstn = 1, data_out = fbd8
Time = 104275000, rstn = 1, data_out = fbd2
Time = 104285000, rstn = 1, data_out = fbcc
Time = 104295000, rstn = 1, data_out = fbc6
Time = 104305000, rstn = 1, data_out = fbc0
Time = 104315000, rstn = 1, data_out = fbba
Time = 104325000, rstn = 1, data_out = fbb4
Time = 104335000, rstn = 1, data_out = fbae
Time = 104345000, rstn = 1, data_out = fba8
Time = 104355000, rstn = 1, data_out = fba2
Time = 104365000, rstn = 1, data_out = fb9c
Time = 104375000, rstn = 1, data_out = fb96
Time = 104385000, rstn = 1, data_out = fb90
Time = 104395000, rstn = 1, data_out = fb8a
Time = 104405000, rstn = 1, data_out = fb84
Time = 104415000, rstn = 1, data_out = fb7e
Time = 104425000, rstn = 1, data_out = fb78
Time = 104435000, rstn = 1, data_out = fb72
Time = 104445000, rstn = 1, data_out = fb6c
Time = 104455000, rstn = 1, data_out = fb66
Time = 104465000, rstn = 1, data_out = fb60
Time = 104475000, rstn = 1, data_out = fb5a
Time = 104485000, rstn = 1, data_out = fb54
Time = 104495000, rstn = 1, data_out = fb4e
Time = 104505000, rstn = 1, data_out = fb48
Time = 104515000, rstn = 1, data_out = fb42
Time = 104525000, rstn = 1, data_out = fb3c
Time = 104535000, rstn = 1, data_out = fb36
Time = 104545000, rstn = 1, data_out = fb30
Time = 104555000, rstn = 1, data_out = fb2a
Time = 104565000, rstn = 1, data_out = fb24
Time = 104575000, rstn = 1, data_out = fb1e
Time = 104585000, rstn = 1, data_out = fb18
Time = 104595000, rstn = 1, data_out = fb12
Time = 104605000, rstn = 1, data_out = fb0c
Time = 104615000, rstn = 1, data_out = fb06
Time = 104625000, rstn = 1, data_out = fb00
Time = 104635000, rstn = 1, data_out = fafa
Time = 104645000, rstn = 1, data_out = faf4
Time = 104655000, rstn = 1, data_out = faee
Time = 104665000, rstn = 1, data_out = fae8
Time = 104675000, rstn = 1, data_out = fae2
Time = 104685000, rstn = 1, data_out = fadc
Time = 104695000, rstn = 1, data_out = fad6
Time = 104705000, rstn = 1, data_out = fad0
Time = 104715000, rstn = 1, data_out = faca
Time = 104725000, rstn = 1, data_out = fac4
Time = 104735000, rstn = 1, data_out = fabe
Time = 104745000, rstn = 1, data_out = fab8
Time = 104755000, rstn = 1, data_out = fab2
Time = 104765000, rstn = 1, data_out = faac
Time = 104775000, rstn = 1, data_out = faa6
Time = 104785000, rstn = 1, data_out = faa0
Time = 104795000, rstn = 1, data_out = fa9a
Time = 104805000, rstn = 1, data_out = fa94
Time = 104815000, rstn = 1, data_out = fa8d
Time = 104825000, rstn = 1, data_out = fa88
Time = 104835000, rstn = 1, data_out = fa81
Time = 104845000, rstn = 1, data_out = fa7c
Time = 104855000, rstn = 1, data_out = fa77
Time = 104865000, rstn = 1, data_out = fa72
Time = 104875000, rstn = 1, data_out = fa6b
Time = 104885000, rstn = 1, data_out = fa66
Time = 104895000, rstn = 1, data_out = fa5f
Time = 104905000, rstn = 1, data_out = fa5a
Time = 104915000, rstn = 1, data_out = fa54
Time = 104925000, rstn = 1, data_out = fa4e
Time = 104935000, rstn = 1, data_out = fa48
Time = 104945000, rstn = 1, data_out = fa42
Time = 104955000, rstn = 1, data_out = fa3c
Time = 104965000, rstn = 1, data_out = fa35
Time = 104975000, rstn = 1, data_out = fa30
Time = 104985000, rstn = 1, data_out = fa29
Time = 104995000, rstn = 1, data_out = fa24
Time = 105005000, rstn = 1, data_out = fa1f
Time = 105015000, rstn = 1, data_out = fa1a
Time = 105025000, rstn = 1, data_out = fa13
Time = 105035000, rstn = 1, data_out = fa0e
Time = 105045000, rstn = 1, data_out = fa07
Time = 105055000, rstn = 1, data_out = fa02
Time = 105065000, rstn = 1, data_out = f9fc
Time = 105075000, rstn = 1, data_out = f9f5
Time = 105085000, rstn = 1, data_out = f9f0
Time = 105095000, rstn = 1, data_out = f9e9
Time = 105105000, rstn = 1, data_out = f9e4
Time = 105115000, rstn = 1, data_out = f9df
Time = 105125000, rstn = 1, data_out = f9da
Time = 105135000, rstn = 1, data_out = f9d3
Time = 105145000, rstn = 1, data_out = f9ce
Time = 105155000, rstn = 1, data_out = f9c8
Time = 105165000, rstn = 1, data_out = f9c1
Time = 105175000, rstn = 1, data_out = f9bc
Time = 105185000, rstn = 1, data_out = f9b5
Time = 105195000, rstn = 1, data_out = f9b0
Time = 105205000, rstn = 1, data_out = f9ab
Time = 105215000, rstn = 1, data_out = f9a6
Time = 105225000, rstn = 1, data_out = f99f
Time = 105235000, rstn = 1, data_out = f99a
Time = 105245000, rstn = 1, data_out = f993
Time = 105255000, rstn = 1, data_out = f98e
Time = 105265000, rstn = 1, data_out = f987
Time = 105275000, rstn = 1, data_out = f982
Time = 105285000, rstn = 1, data_out = f97d
Time = 105295000, rstn = 1, data_out = f978
Time = 105305000, rstn = 1, data_out = f971
Time = 105315000, rstn = 1, data_out = f96c
Time = 105325000, rstn = 1, data_out = f966
Time = 105335000, rstn = 1, data_out = f95f
Time = 105345000, rstn = 1, data_out = f95a
Time = 105355000, rstn = 1, data_out = f955
Time = 105365000, rstn = 1, data_out = f950
Time = 105375000, rstn = 1, data_out = f949
Time = 105385000, rstn = 1, data_out = f944
Time = 105395000, rstn = 1, data_out = f93e
Time = 105405000, rstn = 1, data_out = f937
Time = 105415000, rstn = 1, data_out = f932
Time = 105425000, rstn = 1, data_out = f92d
Time = 105435000, rstn = 1, data_out = f928
Time = 105445000, rstn = 1, data_out = f921
Time = 105455000, rstn = 1, data_out = f91c
Time = 105465000, rstn = 1, data_out = f915
Time = 105475000, rstn = 1, data_out = f910
Time = 105485000, rstn = 1, data_out = f90b
Time = 105495000, rstn = 1, data_out = f906
Time = 105505000, rstn = 1, data_out = f900
Time = 105515000, rstn = 1, data_out = f8f9
Time = 105525000, rstn = 1, data_out = f8f4
Time = 105535000, rstn = 1, data_out = f8ef
Time = 105545000, rstn = 1, data_out = f8ea
Time = 105555000, rstn = 1, data_out = f8e3
Time = 105565000, rstn = 1, data_out = f8de
Time = 105575000, rstn = 1, data_out = f8d7
Time = 105585000, rstn = 1, data_out = f8d2
Time = 105595000, rstn = 1, data_out = f8cd
Time = 105605000, rstn = 1, data_out = f8c8
Time = 105615000, rstn = 1, data_out = f8c1
Time = 105625000, rstn = 1, data_out = f8bc
Time = 105635000, rstn = 1, data_out = f8b7
Time = 105645000, rstn = 1, data_out = f8b2
Time = 105655000, rstn = 1, data_out = f8ac
Time = 105665000, rstn = 1, data_out = f8a5
Time = 105675000, rstn = 1, data_out = f8a0
Time = 105685000, rstn = 1, data_out = f89b
Time = 105695000, rstn = 1, data_out = f896
Time = 105705000, rstn = 1, data_out = f890
Time = 105715000, rstn = 1, data_out = f889
Time = 105725000, rstn = 1, data_out = f884
Time = 105735000, rstn = 1, data_out = f87f
Time = 105745000, rstn = 1, data_out = f87a
Time = 105755000, rstn = 1, data_out = f873
Time = 105765000, rstn = 1, data_out = f86e
Time = 105775000, rstn = 1, data_out = f869
Time = 105785000, rstn = 1, data_out = f864
Time = 105795000, rstn = 1, data_out = f85d
Time = 105805000, rstn = 1, data_out = f858
Time = 105815000, rstn = 1, data_out = f853
Time = 105825000, rstn = 1, data_out = f84e
Time = 105835000, rstn = 1, data_out = f847
Time = 105845000, rstn = 1, data_out = f842
Time = 105855000, rstn = 1, data_out = f83d
Time = 105865000, rstn = 1, data_out = f838
Time = 105875000, rstn = 1, data_out = f831
Time = 105885000, rstn = 1, data_out = f82c
Time = 105895000, rstn = 1, data_out = f827
Time = 105905000, rstn = 1, data_out = f822
Time = 105915000, rstn = 1, data_out = f81b
Time = 105925000, rstn = 1, data_out = f816
Time = 105935000, rstn = 1, data_out = f811
Time = 105945000, rstn = 1, data_out = f80c
Time = 105955000, rstn = 1, data_out = f806
Time = 105965000, rstn = 1, data_out = f801
Time = 105975000, rstn = 1, data_out = f7fc
Time = 105985000, rstn = 1, data_out = f7f5
Time = 105995000, rstn = 1, data_out = f7f0
Time = 106005000, rstn = 1, data_out = f7eb
Time = 106015000, rstn = 1, data_out = f7e6
Time = 106025000, rstn = 1, data_out = f7e0
Time = 106035000, rstn = 1, data_out = f7db
Time = 106045000, rstn = 1, data_out = f7d6
Time = 106055000, rstn = 1, data_out = f7cf
Time = 106065000, rstn = 1, data_out = f7ca
Time = 106075000, rstn = 1, data_out = f7c5
Time = 106085000, rstn = 1, data_out = f7c0
Time = 106095000, rstn = 1, data_out = f7ba
Time = 106105000, rstn = 1, data_out = f7b5
Time = 106115000, rstn = 1, data_out = f7b0
Time = 106125000, rstn = 1, data_out = f7aa
Time = 106135000, rstn = 1, data_out = f7a5
Time = 106145000, rstn = 1, data_out = f7a0
Time = 106155000, rstn = 1, data_out = f79a
Time = 106165000, rstn = 1, data_out = f795
Time = 106175000, rstn = 1, data_out = f790
Time = 106185000, rstn = 1, data_out = f78a
Time = 106195000, rstn = 1, data_out = f785
Time = 106205000, rstn = 1, data_out = f780
Time = 106215000, rstn = 1, data_out = f77a
Time = 106225000, rstn = 1, data_out = f775
Time = 106235000, rstn = 1, data_out = f770
Time = 106245000, rstn = 1, data_out = f76a
Time = 106255000, rstn = 1, data_out = f765
Time = 106265000, rstn = 1, data_out = f75f
Time = 106275000, rstn = 1, data_out = f75a
Time = 106285000, rstn = 1, data_out = f755
Time = 106295000, rstn = 1, data_out = f750
Time = 106305000, rstn = 1, data_out = f74b
Time = 106315000, rstn = 1, data_out = f746
Time = 106325000, rstn = 1, data_out = f740
Time = 106335000, rstn = 1, data_out = f73b
Time = 106345000, rstn = 1, data_out = f735
Time = 106355000, rstn = 1, data_out = f730
Time = 106365000, rstn = 1, data_out = f72b
Time = 106375000, rstn = 1, data_out = f726
Time = 106385000, rstn = 1, data_out = f721
Time = 106395000, rstn = 1, data_out = f71c
Time = 106405000, rstn = 1, data_out = f716
Time = 106415000, rstn = 1, data_out = f711
Time = 106425000, rstn = 1, data_out = f70c
Time = 106435000, rstn = 1, data_out = f707
Time = 106445000, rstn = 1, data_out = f702
Time = 106455000, rstn = 1, data_out = f6fc
Time = 106465000, rstn = 1, data_out = f6f7
Time = 106475000, rstn = 1, data_out = f6f2
Time = 106485000, rstn = 1, data_out = f6ed
Time = 106495000, rstn = 1, data_out = f6e8
Time = 106505000, rstn = 1, data_out = f6e2
Time = 106515000, rstn = 1, data_out = f6dd
Time = 106525000, rstn = 1, data_out = f6d8
Time = 106535000, rstn = 1, data_out = f6d3
Time = 106545000, rstn = 1, data_out = f6ce
Time = 106555000, rstn = 1, data_out = f6c9
Time = 106565000, rstn = 1, data_out = f6c4
Time = 106575000, rstn = 1, data_out = f6be
Time = 106585000, rstn = 1, data_out = f6b9
Time = 106595000, rstn = 1, data_out = f6b4
Time = 106605000, rstn = 1, data_out = f6af
Time = 106615000, rstn = 1, data_out = f6aa
Time = 106625000, rstn = 1, data_out = f6a5
Time = 106635000, rstn = 1, data_out = f6a0
Time = 106645000, rstn = 1, data_out = f69b
Time = 106655000, rstn = 1, data_out = f696
Time = 106665000, rstn = 1, data_out = f691
Time = 106675000, rstn = 1, data_out = f68c
Time = 106685000, rstn = 1, data_out = f687
Time = 106695000, rstn = 1, data_out = f682
Time = 106705000, rstn = 1, data_out = f67c
Time = 106715000, rstn = 1, data_out = f677
Time = 106725000, rstn = 1, data_out = f672
Time = 106735000, rstn = 1, data_out = f66d
Time = 106745000, rstn = 1, data_out = f668
Time = 106755000, rstn = 1, data_out = f663
Time = 106765000, rstn = 1, data_out = f65e
Time = 106775000, rstn = 1, data_out = f659
Time = 106785000, rstn = 1, data_out = f654
Time = 106795000, rstn = 1, data_out = f64f
Time = 106805000, rstn = 1, data_out = f64a
Time = 106815000, rstn = 1, data_out = f645
Time = 106825000, rstn = 1, data_out = f640
Time = 106835000, rstn = 1, data_out = f63b
Time = 106845000, rstn = 1, data_out = f636
Time = 106855000, rstn = 1, data_out = f631
Time = 106865000, rstn = 1, data_out = f62c
Time = 106875000, rstn = 1, data_out = f628
Time = 106885000, rstn = 1, data_out = f623
Time = 106895000, rstn = 1, data_out = f61e
Time = 106905000, rstn = 1, data_out = f619
Time = 106915000, rstn = 1, data_out = f614
Time = 106925000, rstn = 1, data_out = f60f
Time = 106935000, rstn = 1, data_out = f60a
Time = 106945000, rstn = 1, data_out = f605
Time = 106955000, rstn = 1, data_out = f600
Time = 106965000, rstn = 1, data_out = f5fb
Time = 106975000, rstn = 1, data_out = f5f6
Time = 106985000, rstn = 1, data_out = f5f2
Time = 106995000, rstn = 1, data_out = f5ed
Time = 107005000, rstn = 1, data_out = f5e8
Time = 107015000, rstn = 1, data_out = f5e3
Time = 107025000, rstn = 1, data_out = f5de
Time = 107035000, rstn = 1, data_out = f5d9
Time = 107045000, rstn = 1, data_out = f5d4
Time = 107055000, rstn = 1, data_out = f5d0
Time = 107065000, rstn = 1, data_out = f5cb
Time = 107075000, rstn = 1, data_out = f5c6
Time = 107085000, rstn = 1, data_out = f5c1
Time = 107095000, rstn = 1, data_out = f5bc
Time = 107105000, rstn = 1, data_out = f5b8
Time = 107115000, rstn = 1, data_out = f5b3
Time = 107125000, rstn = 1, data_out = f5ae
Time = 107135000, rstn = 1, data_out = f5a9
Time = 107145000, rstn = 1, data_out = f5a4
Time = 107155000, rstn = 1, data_out = f5a0
Time = 107165000, rstn = 1, data_out = f59b
Time = 107175000, rstn = 1, data_out = f596
Time = 107185000, rstn = 1, data_out = f591
Time = 107195000, rstn = 1, data_out = f58c
Time = 107205000, rstn = 1, data_out = f587
Time = 107215000, rstn = 1, data_out = f583
Time = 107225000, rstn = 1, data_out = f57e
Time = 107235000, rstn = 1, data_out = f57a
Time = 107245000, rstn = 1, data_out = f575
Time = 107255000, rstn = 1, data_out = f570
Time = 107265000, rstn = 1, data_out = f56c
Time = 107275000, rstn = 1, data_out = f567
Time = 107285000, rstn = 1, data_out = f562
Time = 107295000, rstn = 1, data_out = f55d
Time = 107305000, rstn = 1, data_out = f558
Time = 107315000, rstn = 1, data_out = f553
Time = 107325000, rstn = 1, data_out = f54f
Time = 107335000, rstn = 1, data_out = f54a
Time = 107345000, rstn = 1, data_out = f545
Time = 107355000, rstn = 1, data_out = f542
Time = 107365000, rstn = 1, data_out = f53d
Time = 107375000, rstn = 1, data_out = f538
Time = 107385000, rstn = 1, data_out = f533
Time = 107395000, rstn = 1, data_out = f52f
Time = 107405000, rstn = 1, data_out = f52a
Time = 107415000, rstn = 1, data_out = f526
Time = 107425000, rstn = 1, data_out = f521
Time = 107435000, rstn = 1, data_out = f51c
Time = 107445000, rstn = 1, data_out = f518
Time = 107455000, rstn = 1, data_out = f513
Time = 107465000, rstn = 1, data_out = f50e
Time = 107475000, rstn = 1, data_out = f509
Time = 107485000, rstn = 1, data_out = f506
Time = 107495000, rstn = 1, data_out = f501
Time = 107505000, rstn = 1, data_out = f4fc
Time = 107515000, rstn = 1, data_out = f4f7
Time = 107525000, rstn = 1, data_out = f4f4
Time = 107535000, rstn = 1, data_out = f4ef
Time = 107545000, rstn = 1, data_out = f4ea
Time = 107555000, rstn = 1, data_out = f4e6
Time = 107565000, rstn = 1, data_out = f4e1
Time = 107575000, rstn = 1, data_out = f4dc
Time = 107585000, rstn = 1, data_out = f4d7
Time = 107595000, rstn = 1, data_out = f4d4
Time = 107605000, rstn = 1, data_out = f4d0
Time = 107615000, rstn = 1, data_out = f4cb
Time = 107625000, rstn = 1, data_out = f4c6
Time = 107635000, rstn = 1, data_out = f4c1
Time = 107645000, rstn = 1, data_out = f4be
Time = 107655000, rstn = 1, data_out = f4b9
Time = 107665000, rstn = 1, data_out = f4b4
Time = 107675000, rstn = 1, data_out = f4af
Time = 107685000, rstn = 1, data_out = f4ac
Time = 107695000, rstn = 1, data_out = f4a8
Time = 107705000, rstn = 1, data_out = f4a3
Time = 107715000, rstn = 1, data_out = f49e
Time = 107725000, rstn = 1, data_out = f499
Time = 107735000, rstn = 1, data_out = f496
Time = 107745000, rstn = 1, data_out = f492
Time = 107755000, rstn = 1, data_out = f48d
Time = 107765000, rstn = 1, data_out = f488
Time = 107775000, rstn = 1, data_out = f483
Time = 107785000, rstn = 1, data_out = f480
Time = 107795000, rstn = 1, data_out = f47c
Time = 107805000, rstn = 1, data_out = f477
Time = 107815000, rstn = 1, data_out = f472
Time = 107825000, rstn = 1, data_out = f46d
Time = 107835000, rstn = 1, data_out = f46a
Time = 107845000, rstn = 1, data_out = f465
Time = 107855000, rstn = 1, data_out = f462
Time = 107865000, rstn = 1, data_out = f45d
Time = 107875000, rstn = 1, data_out = f458
Time = 107885000, rstn = 1, data_out = f453
Time = 107895000, rstn = 1, data_out = f450
Time = 107905000, rstn = 1, data_out = f44b
Time = 107915000, rstn = 1, data_out = f448
Time = 107925000, rstn = 1, data_out = f443
Time = 107935000, rstn = 1, data_out = f440
Time = 107945000, rstn = 1, data_out = f43b
Time = 107955000, rstn = 1, data_out = f436
Time = 107965000, rstn = 1, data_out = f431
Time = 107975000, rstn = 1, data_out = f42e
Time = 107985000, rstn = 1, data_out = f429
Time = 107995000, rstn = 1, data_out = f426
Time = 108005000, rstn = 1, data_out = f422
Time = 108015000, rstn = 1, data_out = f41d
Time = 108025000, rstn = 1, data_out = f41a
Time = 108035000, rstn = 1, data_out = f415
Time = 108045000, rstn = 1, data_out = f410
Time = 108055000, rstn = 1, data_out = f40b
Time = 108065000, rstn = 1, data_out = f408
Time = 108075000, rstn = 1, data_out = f403
Time = 108085000, rstn = 1, data_out = f400
Time = 108095000, rstn = 1, data_out = f3fc
Time = 108105000, rstn = 1, data_out = f3f8
Time = 108115000, rstn = 1, data_out = f3f4
Time = 108125000, rstn = 1, data_out = f3f0
Time = 108135000, rstn = 1, data_out = f3ec
Time = 108145000, rstn = 1, data_out = f3e8
Time = 108155000, rstn = 1, data_out = f3e4
Time = 108165000, rstn = 1, data_out = f3e0
Time = 108175000, rstn = 1, data_out = f3db
Time = 108185000, rstn = 1, data_out = f3d8
Time = 108195000, rstn = 1, data_out = f3d3
Time = 108205000, rstn = 1, data_out = f3d0
Time = 108215000, rstn = 1, data_out = f3cb
Time = 108225000, rstn = 1, data_out = f3c6
Time = 108235000, rstn = 1, data_out = f3c1
Time = 108245000, rstn = 1, data_out = f3be
Time = 108255000, rstn = 1, data_out = f3b9
Time = 108265000, rstn = 1, data_out = f3b6
Time = 108275000, rstn = 1, data_out = f3b2
Time = 108285000, rstn = 1, data_out = f3ae
Time = 108295000, rstn = 1, data_out = f3aa
Time = 108305000, rstn = 1, data_out = f3a6
Time = 108315000, rstn = 1, data_out = f3a2
Time = 108325000, rstn = 1, data_out = f39d
Time = 108335000, rstn = 1, data_out = f39a
Time = 108345000, rstn = 1, data_out = f395
Time = 108355000, rstn = 1, data_out = f392
Time = 108365000, rstn = 1, data_out = f38f
Time = 108375000, rstn = 1, data_out = f38c
Time = 108385000, rstn = 1, data_out = f387
Time = 108395000, rstn = 1, data_out = f384
Time = 108405000, rstn = 1, data_out = f37f
Time = 108415000, rstn = 1, data_out = f37c
Time = 108425000, rstn = 1, data_out = f378
Time = 108435000, rstn = 1, data_out = f374
Time = 108445000, rstn = 1, data_out = f370
Time = 108455000, rstn = 1, data_out = f36c
Time = 108465000, rstn = 1, data_out = f368
Time = 108475000, rstn = 1, data_out = f364
Time = 108485000, rstn = 1, data_out = f360
Time = 108495000, rstn = 1, data_out = f35b
Time = 108505000, rstn = 1, data_out = f358
Time = 108515000, rstn = 1, data_out = f353
Time = 108525000, rstn = 1, data_out = f350
Time = 108535000, rstn = 1, data_out = f34d
Time = 108545000, rstn = 1, data_out = f34a
Time = 108555000, rstn = 1, data_out = f345
Time = 108565000, rstn = 1, data_out = f342
Time = 108575000, rstn = 1, data_out = f33e
Time = 108585000, rstn = 1, data_out = f339
Time = 108595000, rstn = 1, data_out = f336
Time = 108605000, rstn = 1, data_out = f331
Time = 108615000, rstn = 1, data_out = f32e
Time = 108625000, rstn = 1, data_out = f32b
Time = 108635000, rstn = 1, data_out = f328
Time = 108645000, rstn = 1, data_out = f323
Time = 108655000, rstn = 1, data_out = f320
Time = 108665000, rstn = 1, data_out = f31c
Time = 108675000, rstn = 1, data_out = f317
Time = 108685000, rstn = 1, data_out = f314
Time = 108695000, rstn = 1, data_out = f311
Time = 108705000, rstn = 1, data_out = f30e
Time = 108715000, rstn = 1, data_out = f309
Time = 108725000, rstn = 1, data_out = f306
Time = 108735000, rstn = 1, data_out = f301
Time = 108745000, rstn = 1, data_out = f2fe
Time = 108755000, rstn = 1, data_out = f2fb
Time = 108765000, rstn = 1, data_out = f2f8
Time = 108775000, rstn = 1, data_out = f2f4
Time = 108785000, rstn = 1, data_out = f2ef
Time = 108795000, rstn = 1, data_out = f2ec
Time = 108805000, rstn = 1, data_out = f2e9
Time = 108815000, rstn = 1, data_out = f2e6
Time = 108825000, rstn = 1, data_out = f2e2
Time = 108835000, rstn = 1, data_out = f2dd
Time = 108845000, rstn = 1, data_out = f2da
Time = 108855000, rstn = 1, data_out = f2d7
Time = 108865000, rstn = 1, data_out = f2d4
Time = 108875000, rstn = 1, data_out = f2d0
Time = 108885000, rstn = 1, data_out = f2cb
Time = 108895000, rstn = 1, data_out = f2c8
Time = 108905000, rstn = 1, data_out = f2c5
Time = 108915000, rstn = 1, data_out = f2c2
Time = 108925000, rstn = 1, data_out = f2bd
Time = 108935000, rstn = 1, data_out = f2ba
Time = 108945000, rstn = 1, data_out = f2b7
Time = 108955000, rstn = 1, data_out = f2b4
Time = 108965000, rstn = 1, data_out = f2af
Time = 108975000, rstn = 1, data_out = f2ac
Time = 108985000, rstn = 1, data_out = f2a9
Time = 108995000, rstn = 1, data_out = f2a6
Time = 109005000, rstn = 1, data_out = f2a2
Time = 109015000, rstn = 1, data_out = f29f
Time = 109025000, rstn = 1, data_out = f29c
Time = 109035000, rstn = 1, data_out = f297
Time = 109045000, rstn = 1, data_out = f294
Time = 109055000, rstn = 1, data_out = f291
Time = 109065000, rstn = 1, data_out = f28e
Time = 109075000, rstn = 1, data_out = f28a
Time = 109085000, rstn = 1, data_out = f287
Time = 109095000, rstn = 1, data_out = f284
Time = 109105000, rstn = 1, data_out = f280
Time = 109115000, rstn = 1, data_out = f27d
Time = 109125000, rstn = 1, data_out = f27a
Time = 109135000, rstn = 1, data_out = f276
Time = 109145000, rstn = 1, data_out = f273
Time = 109155000, rstn = 1, data_out = f270
Time = 109165000, rstn = 1, data_out = f26c
Time = 109175000, rstn = 1, data_out = f269
Time = 109185000, rstn = 1, data_out = f266
Time = 109195000, rstn = 1, data_out = f262
Time = 109205000, rstn = 1, data_out = f25f
Time = 109215000, rstn = 1, data_out = f25b
Time = 109225000, rstn = 1, data_out = f258
Time = 109235000, rstn = 1, data_out = f255
Time = 109245000, rstn = 1, data_out = f252
Time = 109255000, rstn = 1, data_out = f24f
Time = 109265000, rstn = 1, data_out = f24c
Time = 109275000, rstn = 1, data_out = f248
Time = 109285000, rstn = 1, data_out = f245
Time = 109295000, rstn = 1, data_out = f241
Time = 109305000, rstn = 1, data_out = f23e
Time = 109315000, rstn = 1, data_out = f23b
Time = 109325000, rstn = 1, data_out = f238
Time = 109335000, rstn = 1, data_out = f235
Time = 109345000, rstn = 1, data_out = f232
Time = 109355000, rstn = 1, data_out = f22f
Time = 109365000, rstn = 1, data_out = f22c
Time = 109375000, rstn = 1, data_out = f228
Time = 109385000, rstn = 1, data_out = f225
Time = 109395000, rstn = 1, data_out = f222
Time = 109405000, rstn = 1, data_out = f21f
Time = 109415000, rstn = 1, data_out = f21c
Time = 109425000, rstn = 1, data_out = f219
Time = 109435000, rstn = 1, data_out = f216
Time = 109445000, rstn = 1, data_out = f212
Time = 109455000, rstn = 1, data_out = f20f
Time = 109465000, rstn = 1, data_out = f20c
Time = 109475000, rstn = 1, data_out = f209
Time = 109485000, rstn = 1, data_out = f206
Time = 109495000, rstn = 1, data_out = f203
Time = 109505000, rstn = 1, data_out = f200
Time = 109515000, rstn = 1, data_out = f1fd
Time = 109525000, rstn = 1, data_out = f1fa
Time = 109535000, rstn = 1, data_out = f1f7
Time = 109545000, rstn = 1, data_out = f1f4
Time = 109555000, rstn = 1, data_out = f1f1
Time = 109565000, rstn = 1, data_out = f1ee
Time = 109575000, rstn = 1, data_out = f1eb
Time = 109585000, rstn = 1, data_out = f1e8
Time = 109595000, rstn = 1, data_out = f1e5
Time = 109605000, rstn = 1, data_out = f1e2
Time = 109615000, rstn = 1, data_out = f1df
Time = 109625000, rstn = 1, data_out = f1dc
Time = 109635000, rstn = 1, data_out = f1da
Time = 109645000, rstn = 1, data_out = f1d7
Time = 109655000, rstn = 1, data_out = f1d4
Time = 109665000, rstn = 1, data_out = f1d1
Time = 109675000, rstn = 1, data_out = f1ce
Time = 109685000, rstn = 1, data_out = f1cb
Time = 109695000, rstn = 1, data_out = f1c8
Time = 109705000, rstn = 1, data_out = f1c5
Time = 109715000, rstn = 1, data_out = f1c2
Time = 109725000, rstn = 1, data_out = f1c0
Time = 109735000, rstn = 1, data_out = f1bd
Time = 109745000, rstn = 1, data_out = f1ba
Time = 109755000, rstn = 1, data_out = f1b7
Time = 109765000, rstn = 1, data_out = f1b4
Time = 109775000, rstn = 1, data_out = f1b2
Time = 109785000, rstn = 1, data_out = f1af
Time = 109795000, rstn = 1, data_out = f1ac
Time = 109805000, rstn = 1, data_out = f1a9
Time = 109815000, rstn = 1, data_out = f1a6
Time = 109825000, rstn = 1, data_out = f1a3
Time = 109835000, rstn = 1, data_out = f1a1
Time = 109845000, rstn = 1, data_out = f19e
Time = 109855000, rstn = 1, data_out = f19c
Time = 109865000, rstn = 1, data_out = f199
Time = 109875000, rstn = 1, data_out = f196
Time = 109885000, rstn = 1, data_out = f193
Time = 109895000, rstn = 1, data_out = f190
Time = 109905000, rstn = 1, data_out = f18d
Time = 109915000, rstn = 1, data_out = f18b
Time = 109925000, rstn = 1, data_out = f188
Time = 109935000, rstn = 1, data_out = f186
Time = 109945000, rstn = 1, data_out = f183
Time = 109955000, rstn = 1, data_out = f180
Time = 109965000, rstn = 1, data_out = f17e
Time = 109975000, rstn = 1, data_out = f17b
Time = 109985000, rstn = 1, data_out = f178
Time = 109995000, rstn = 1, data_out = f175
Time = 110005000, rstn = 1, data_out = f174
Time = 110015000, rstn = 1, data_out = f171
Time = 110025000, rstn = 1, data_out = f16e
Time = 110035000, rstn = 1, data_out = f16c
Time = 110045000, rstn = 1, data_out = f169
Time = 110055000, rstn = 1, data_out = f166
Time = 110065000, rstn = 1, data_out = f163
Time = 110075000, rstn = 1, data_out = f162
Time = 110085000, rstn = 1, data_out = f15f
Time = 110095000, rstn = 1, data_out = f15c
Time = 110105000, rstn = 1, data_out = f159
Time = 110115000, rstn = 1, data_out = f158
Time = 110125000, rstn = 1, data_out = f155
Time = 110135000, rstn = 1, data_out = f152
Time = 110145000, rstn = 1, data_out = f14f
Time = 110155000, rstn = 1, data_out = f14e
Time = 110165000, rstn = 1, data_out = f14b
Time = 110175000, rstn = 1, data_out = f148
Time = 110185000, rstn = 1, data_out = f145
Time = 110195000, rstn = 1, data_out = f144
Time = 110205000, rstn = 1, data_out = f142
Time = 110215000, rstn = 1, data_out = f13f
Time = 110225000, rstn = 1, data_out = f13c
Time = 110235000, rstn = 1, data_out = f139
Time = 110245000, rstn = 1, data_out = f138
Time = 110255000, rstn = 1, data_out = f136
Time = 110265000, rstn = 1, data_out = f133
Time = 110275000, rstn = 1, data_out = f130
Time = 110285000, rstn = 1, data_out = f12d
Time = 110295000, rstn = 1, data_out = f12c
Time = 110305000, rstn = 1, data_out = f129
Time = 110315000, rstn = 1, data_out = f128
Time = 110325000, rstn = 1, data_out = f125
Time = 110335000, rstn = 1, data_out = f122
Time = 110345000, rstn = 1, data_out = f11f
Time = 110355000, rstn = 1, data_out = f11e
Time = 110365000, rstn = 1, data_out = f11c
Time = 110375000, rstn = 1, data_out = f119
Time = 110385000, rstn = 1, data_out = f118
Time = 110395000, rstn = 1, data_out = f115
Time = 110405000, rstn = 1, data_out = f112
Time = 110415000, rstn = 1, data_out = f10f
Time = 110425000, rstn = 1, data_out = f10e
Time = 110435000, rstn = 1, data_out = f10b
Time = 110445000, rstn = 1, data_out = f10a
Time = 110455000, rstn = 1, data_out = f108
Time = 110465000, rstn = 1, data_out = f105
Time = 110475000, rstn = 1, data_out = f104
Time = 110485000, rstn = 1, data_out = f101
Time = 110495000, rstn = 1, data_out = f0fe
Time = 110505000, rstn = 1, data_out = f0fb
Time = 110515000, rstn = 1, data_out = f0fa
Time = 110525000, rstn = 1, data_out = f0f7
Time = 110535000, rstn = 1, data_out = f0f6
Time = 110545000, rstn = 1, data_out = f0f4
Time = 110555000, rstn = 1, data_out = f0f2
Time = 110565000, rstn = 1, data_out = f0f0
Time = 110575000, rstn = 1, data_out = f0ee
Time = 110585000, rstn = 1, data_out = f0ec
Time = 110595000, rstn = 1, data_out = f0ea
Time = 110605000, rstn = 1, data_out = f0e8
Time = 110615000, rstn = 1, data_out = f0e6
Time = 110625000, rstn = 1, data_out = f0e4
Time = 110635000, rstn = 1, data_out = f0e2
Time = 110645000, rstn = 1, data_out = f0e0
Time = 110655000, rstn = 1, data_out = f0de
Time = 110665000, rstn = 1, data_out = f0dc
Time = 110675000, rstn = 1, data_out = f0da
Time = 110685000, rstn = 1, data_out = f0d8
Time = 110695000, rstn = 1, data_out = f0d6
Time = 110705000, rstn = 1, data_out = f0d4
Time = 110715000, rstn = 1, data_out = f0d2
Time = 110725000, rstn = 1, data_out = f0d0
Time = 110735000, rstn = 1, data_out = f0ce
Time = 110745000, rstn = 1, data_out = f0cc
Time = 110755000, rstn = 1, data_out = f0ca
Time = 110765000, rstn = 1, data_out = f0c8
Time = 110775000, rstn = 1, data_out = f0c6
Time = 110785000, rstn = 1, data_out = f0c4
Time = 110795000, rstn = 1, data_out = f0c2
Time = 110805000, rstn = 1, data_out = f0c0
Time = 110815000, rstn = 1, data_out = f0be
Time = 110825000, rstn = 1, data_out = f0bb
Time = 110835000, rstn = 1, data_out = f0ba
Time = 110845000, rstn = 1, data_out = f0b7
Time = 110855000, rstn = 1, data_out = f0b6
Time = 110865000, rstn = 1, data_out = f0b5
Time = 110875000, rstn = 1, data_out = f0b4
Time = 110885000, rstn = 1, data_out = f0b1
Time = 110895000, rstn = 1, data_out = f0b0
Time = 110905000, rstn = 1, data_out = f0ae
Time = 110915000, rstn = 1, data_out = f0ab
Time = 110925000, rstn = 1, data_out = f0aa
Time = 110935000, rstn = 1, data_out = f0a7
Time = 110945000, rstn = 1, data_out = f0a6
Time = 110955000, rstn = 1, data_out = f0a5
Time = 110965000, rstn = 1, data_out = f0a4
Time = 110975000, rstn = 1, data_out = f0a1
Time = 110985000, rstn = 1, data_out = f0a0
Time = 110995000, rstn = 1, data_out = f09e
Time = 111005000, rstn = 1, data_out = f09b
Time = 111015000, rstn = 1, data_out = f09a
Time = 111025000, rstn = 1, data_out = f099
Time = 111035000, rstn = 1, data_out = f098
Time = 111045000, rstn = 1, data_out = f095
Time = 111055000, rstn = 1, data_out = f094
Time = 111065000, rstn = 1, data_out = f091
Time = 111075000, rstn = 1, data_out = f090
Time = 111085000, rstn = 1, data_out = f08f
Time = 111095000, rstn = 1, data_out = f08e
Time = 111105000, rstn = 1, data_out = f08c
Time = 111115000, rstn = 1, data_out = f089
Time = 111125000, rstn = 1, data_out = f088
Time = 111135000, rstn = 1, data_out = f087
Time = 111145000, rstn = 1, data_out = f086
Time = 111155000, rstn = 1, data_out = f084
Time = 111165000, rstn = 1, data_out = f081
Time = 111175000, rstn = 1, data_out = f080
Time = 111185000, rstn = 1, data_out = f07f
Time = 111195000, rstn = 1, data_out = f07e
Time = 111205000, rstn = 1, data_out = f07b
Time = 111215000, rstn = 1, data_out = f07a
Time = 111225000, rstn = 1, data_out = f079
Time = 111235000, rstn = 1, data_out = f078
Time = 111245000, rstn = 1, data_out = f075
Time = 111255000, rstn = 1, data_out = f074
Time = 111265000, rstn = 1, data_out = f073
Time = 111275000, rstn = 1, data_out = f072
Time = 111285000, rstn = 1, data_out = f070
Time = 111295000, rstn = 1, data_out = f06f
Time = 111305000, rstn = 1, data_out = f06e
Time = 111315000, rstn = 1, data_out = f06b
Time = 111325000, rstn = 1, data_out = f06a
Time = 111335000, rstn = 1, data_out = f069
Time = 111345000, rstn = 1, data_out = f068
Time = 111355000, rstn = 1, data_out = f066
Time = 111365000, rstn = 1, data_out = f065
Time = 111375000, rstn = 1, data_out = f064
Time = 111385000, rstn = 1, data_out = f062
Time = 111395000, rstn = 1, data_out = f061
Time = 111405000, rstn = 1, data_out = f060
Time = 111415000, rstn = 1, data_out = f05e
Time = 111425000, rstn = 1, data_out = f05d
Time = 111435000, rstn = 1, data_out = f05c
Time = 111445000, rstn = 1, data_out = f05a
Time = 111455000, rstn = 1, data_out = f059
Time = 111465000, rstn = 1, data_out = f057
Time = 111475000, rstn = 1, data_out = f056
Time = 111485000, rstn = 1, data_out = f055
Time = 111495000, rstn = 1, data_out = f054
Time = 111505000, rstn = 1, data_out = f053
Time = 111515000, rstn = 1, data_out = f052
Time = 111525000, rstn = 1, data_out = f050
Time = 111535000, rstn = 1, data_out = f04f
Time = 111545000, rstn = 1, data_out = f04e
Time = 111555000, rstn = 1, data_out = f04d
Time = 111565000, rstn = 1, data_out = f04c
Time = 111575000, rstn = 1, data_out = f04a
Time = 111585000, rstn = 1, data_out = f049
Time = 111595000, rstn = 1, data_out = f048
Time = 111605000, rstn = 1, data_out = f047
Time = 111615000, rstn = 1, data_out = f046
Time = 111625000, rstn = 1, data_out = f045
Time = 111635000, rstn = 1, data_out = f044
Time = 111645000, rstn = 1, data_out = f042
Time = 111655000, rstn = 1, data_out = f041
Time = 111665000, rstn = 1, data_out = f040
Time = 111675000, rstn = 1, data_out = f03f
Time = 111685000, rstn = 1, data_out = f03e
Time = 111695000, rstn = 1, data_out = f03d
Time = 111705000, rstn = 1, data_out = f03c
Time = 111715000, rstn = 1, data_out = f03b
Time = 111725000, rstn = 1, data_out = f03a
Time = 111735000, rstn = 1, data_out = f039
Time = 111745000, rstn = 1, data_out = f038
Time = 111755000, rstn = 1, data_out = f037
Time = 111765000, rstn = 1, data_out = f036
Time = 111775000, rstn = 1, data_out = f035
Time = 111785000, rstn = 1, data_out = f034
Time = 111795000, rstn = 1, data_out = f033
Time = 111805000, rstn = 1, data_out = f032
Time = 111815000, rstn = 1, data_out = f031
Time = 111825000, rstn = 1, data_out = f030
Time = 111835000, rstn = 1, data_out = f02f
Time = 111845000, rstn = 1, data_out = f02e
Time = 111865000, rstn = 1, data_out = f02d
Time = 111875000, rstn = 1, data_out = f02c
Time = 111885000, rstn = 1, data_out = f02b
Time = 111895000, rstn = 1, data_out = f02a
Time = 111905000, rstn = 1, data_out = f029
Time = 111915000, rstn = 1, data_out = f028
Time = 111935000, rstn = 1, data_out = f027
Time = 111945000, rstn = 1, data_out = f026
Time = 111955000, rstn = 1, data_out = f025
Time = 111965000, rstn = 1, data_out = f024
Time = 111985000, rstn = 1, data_out = f023
Time = 111995000, rstn = 1, data_out = f022
Time = 112005000, rstn = 1, data_out = f021
Time = 112015000, rstn = 1, data_out = f020
Time = 112025000, rstn = 1, data_out = f01f
Time = 112045000, rstn = 1, data_out = f01e
Time = 112065000, rstn = 1, data_out = f01d
Time = 112075000, rstn = 1, data_out = f01c
Time = 112095000, rstn = 1, data_out = f01b
Time = 112105000, rstn = 1, data_out = f01a
Time = 112125000, rstn = 1, data_out = f019
Time = 112135000, rstn = 1, data_out = f018
Time = 112155000, rstn = 1, data_out = f017
Time = 112165000, rstn = 1, data_out = f016
Time = 112175000, rstn = 1, data_out = f015
Time = 112185000, rstn = 1, data_out = f016
Time = 112195000, rstn = 1, data_out = f015
Time = 112205000, rstn = 1, data_out = f014
Time = 112225000, rstn = 1, data_out = f013
Time = 112235000, rstn = 1, data_out = f012
Time = 112245000, rstn = 1, data_out = f011
Time = 112255000, rstn = 1, data_out = f012
Time = 112265000, rstn = 1, data_out = f011
Time = 112275000, rstn = 1, data_out = f010
Time = 112285000, rstn = 1, data_out = f00f
Time = 112295000, rstn = 1, data_out = f010
Time = 112305000, rstn = 1, data_out = f00f
Time = 112315000, rstn = 1, data_out = f00e
Time = 112325000, rstn = 1, data_out = f00d
Time = 112335000, rstn = 1, data_out = f00e
Time = 112355000, rstn = 1, data_out = f00d
Time = 112365000, rstn = 1, data_out = f00c
Time = 112375000, rstn = 1, data_out = f00b
Time = 112385000, rstn = 1, data_out = f00c
Time = 112405000, rstn = 1, data_out = f00b
Time = 112415000, rstn = 1, data_out = f00a
Time = 112425000, rstn = 1, data_out = f009
Time = 112435000, rstn = 1, data_out = f00a
Time = 112445000, rstn = 1, data_out = f009
Time = 112455000, rstn = 1, data_out = f00a
Time = 112465000, rstn = 1, data_out = f009
Time = 112475000, rstn = 1, data_out = f008
Time = 112485000, rstn = 1, data_out = f007
Time = 112495000, rstn = 1, data_out = f008
Time = 112515000, rstn = 1, data_out = f007
Time = 112525000, rstn = 1, data_out = f008
Time = 112535000, rstn = 1, data_out = f007
Time = 112545000, rstn = 1, data_out = f006
Time = 112555000, rstn = 1, data_out = f005
Time = 112565000, rstn = 1, data_out = f006
Time = 112575000, rstn = 1, data_out = f005
Time = 112585000, rstn = 1, data_out = f006
Time = 112605000, rstn = 1, data_out = f005
Time = 112615000, rstn = 1, data_out = f006
Time = 112625000, rstn = 1, data_out = f005
Time = 112635000, rstn = 1, data_out = f006
Time = 112645000, rstn = 1, data_out = f005
Time = 112655000, rstn = 1, data_out = f004
Time = 112665000, rstn = 1, data_out = f003
Time = 112675000, rstn = 1, data_out = f004
Time = 112685000, rstn = 1, data_out = f003
Time = 112695000, rstn = 1, data_out = f004
Time = 112895000, rstn = 1, data_out = f003
Time = 112905000, rstn = 1, data_out = f004
Time = 112915000, rstn = 1, data_out = f003
Time = 112925000, rstn = 1, data_out = f004
Time = 112935000, rstn = 1, data_out = f005
Time = 112945000, rstn = 1, data_out = f006
Time = 112955000, rstn = 1, data_out = f005
Time = 112965000, rstn = 1, data_out = f006
Time = 112975000, rstn = 1, data_out = f005
Time = 112985000, rstn = 1, data_out = f006
Time = 113005000, rstn = 1, data_out = f005
Time = 113015000, rstn = 1, data_out = f006
Time = 113025000, rstn = 1, data_out = f005
Time = 113035000, rstn = 1, data_out = f006
Time = 113045000, rstn = 1, data_out = f007
Time = 113055000, rstn = 1, data_out = f008
Time = 113065000, rstn = 1, data_out = f007
Time = 113075000, rstn = 1, data_out = f008
Time = 113095000, rstn = 1, data_out = f007
Time = 113105000, rstn = 1, data_out = f008
Time = 113115000, rstn = 1, data_out = f009
Time = 113125000, rstn = 1, data_out = f00a
Time = 113135000, rstn = 1, data_out = f009
Time = 113145000, rstn = 1, data_out = f00a
Time = 113155000, rstn = 1, data_out = f009
Time = 113165000, rstn = 1, data_out = f00a
Time = 113175000, rstn = 1, data_out = f00b
Time = 113185000, rstn = 1, data_out = f00c
Time = 113205000, rstn = 1, data_out = f00b
Time = 113215000, rstn = 1, data_out = f00c
Time = 113225000, rstn = 1, data_out = f00d
Time = 113235000, rstn = 1, data_out = f00e
Time = 113255000, rstn = 1, data_out = f00d
Time = 113265000, rstn = 1, data_out = f00e
Time = 113275000, rstn = 1, data_out = f00f
Time = 113285000, rstn = 1, data_out = f010
Time = 113295000, rstn = 1, data_out = f00f
Time = 113305000, rstn = 1, data_out = f010
Time = 113315000, rstn = 1, data_out = f011
Time = 113325000, rstn = 1, data_out = f012
Time = 113335000, rstn = 1, data_out = f011
Time = 113345000, rstn = 1, data_out = f012
Time = 113355000, rstn = 1, data_out = f013
Time = 113365000, rstn = 1, data_out = f014
Time = 113385000, rstn = 1, data_out = f015
Time = 113395000, rstn = 1, data_out = f016
Time = 113405000, rstn = 1, data_out = f015
Time = 113415000, rstn = 1, data_out = f016
Time = 113425000, rstn = 1, data_out = f017
Time = 113435000, rstn = 1, data_out = f018
Time = 113455000, rstn = 1, data_out = f019
Time = 113465000, rstn = 1, data_out = f01a
Time = 113485000, rstn = 1, data_out = f01b
Time = 113495000, rstn = 1, data_out = f01c
Time = 113515000, rstn = 1, data_out = f01d
Time = 113525000, rstn = 1, data_out = f01e
Time = 113545000, rstn = 1, data_out = f01f
Time = 113565000, rstn = 1, data_out = f020
Time = 113575000, rstn = 1, data_out = f021
Time = 113585000, rstn = 1, data_out = f022
Time = 113595000, rstn = 1, data_out = f023
Time = 113605000, rstn = 1, data_out = f024
Time = 113625000, rstn = 1, data_out = f025
Time = 113635000, rstn = 1, data_out = f026
Time = 113645000, rstn = 1, data_out = f027
Time = 113655000, rstn = 1, data_out = f028
Time = 113675000, rstn = 1, data_out = f029
Time = 113685000, rstn = 1, data_out = f02a
Time = 113695000, rstn = 1, data_out = f02b
Time = 113705000, rstn = 1, data_out = f02c
Time = 113715000, rstn = 1, data_out = f02d
Time = 113725000, rstn = 1, data_out = f02e
Time = 113745000, rstn = 1, data_out = f02f
Time = 113755000, rstn = 1, data_out = f030
Time = 113765000, rstn = 1, data_out = f031
Time = 113775000, rstn = 1, data_out = f032
Time = 113785000, rstn = 1, data_out = f033
Time = 113795000, rstn = 1, data_out = f034
Time = 113805000, rstn = 1, data_out = f035
Time = 113815000, rstn = 1, data_out = f036
Time = 113825000, rstn = 1, data_out = f037
Time = 113835000, rstn = 1, data_out = f038
Time = 113845000, rstn = 1, data_out = f039
Time = 113855000, rstn = 1, data_out = f03a
Time = 113865000, rstn = 1, data_out = f03b
Time = 113875000, rstn = 1, data_out = f03c
Time = 113885000, rstn = 1, data_out = f03d
Time = 113895000, rstn = 1, data_out = f03e
Time = 113905000, rstn = 1, data_out = f03f
Time = 113915000, rstn = 1, data_out = f040
Time = 113925000, rstn = 1, data_out = f041
Time = 113935000, rstn = 1, data_out = f042
Time = 113945000, rstn = 1, data_out = f044
Time = 113955000, rstn = 1, data_out = f045
Time = 113965000, rstn = 1, data_out = f046
Time = 113975000, rstn = 1, data_out = f047
Time = 113985000, rstn = 1, data_out = f048
Time = 113995000, rstn = 1, data_out = f049
Time = 114005000, rstn = 1, data_out = f04a
Time = 114015000, rstn = 1, data_out = f04c
Time = 114025000, rstn = 1, data_out = f04d
Time = 114035000, rstn = 1, data_out = f04e
Time = 114045000, rstn = 1, data_out = f04f
Time = 114055000, rstn = 1, data_out = f050
Time = 114065000, rstn = 1, data_out = f052
Time = 114075000, rstn = 1, data_out = f053
Time = 114085000, rstn = 1, data_out = f054
Time = 114095000, rstn = 1, data_out = f055
Time = 114105000, rstn = 1, data_out = f056
Time = 114115000, rstn = 1, data_out = f057
Time = 114125000, rstn = 1, data_out = f059
Time = 114135000, rstn = 1, data_out = f05a
Time = 114145000, rstn = 1, data_out = f05c
Time = 114155000, rstn = 1, data_out = f05d
Time = 114165000, rstn = 1, data_out = f05e
Time = 114175000, rstn = 1, data_out = f060
Time = 114185000, rstn = 1, data_out = f061
Time = 114195000, rstn = 1, data_out = f062
Time = 114205000, rstn = 1, data_out = f064
Time = 114215000, rstn = 1, data_out = f065
Time = 114225000, rstn = 1, data_out = f066
Time = 114235000, rstn = 1, data_out = f068
Time = 114245000, rstn = 1, data_out = f069
Time = 114255000, rstn = 1, data_out = f06a
Time = 114265000, rstn = 1, data_out = f06b
Time = 114275000, rstn = 1, data_out = f06e
Time = 114285000, rstn = 1, data_out = f06f
Time = 114295000, rstn = 1, data_out = f070
Time = 114305000, rstn = 1, data_out = f072
Time = 114315000, rstn = 1, data_out = f073
Time = 114325000, rstn = 1, data_out = f074
Time = 114335000, rstn = 1, data_out = f075
Time = 114345000, rstn = 1, data_out = f078
Time = 114355000, rstn = 1, data_out = f079
Time = 114365000, rstn = 1, data_out = f07a
Time = 114375000, rstn = 1, data_out = f07b
Time = 114385000, rstn = 1, data_out = f07e
Time = 114395000, rstn = 1, data_out = f07f
Time = 114405000, rstn = 1, data_out = f080
Time = 114415000, rstn = 1, data_out = f081
Time = 114425000, rstn = 1, data_out = f084
Time = 114435000, rstn = 1, data_out = f086
Time = 114445000, rstn = 1, data_out = f087
Time = 114455000, rstn = 1, data_out = f088
Time = 114465000, rstn = 1, data_out = f089
Time = 114475000, rstn = 1, data_out = f08c
Time = 114485000, rstn = 1, data_out = f08e
Time = 114495000, rstn = 1, data_out = f08f
Time = 114505000, rstn = 1, data_out = f090
Time = 114515000, rstn = 1, data_out = f091
Time = 114525000, rstn = 1, data_out = f094
Time = 114535000, rstn = 1, data_out = f095
Time = 114545000, rstn = 1, data_out = f098
Time = 114555000, rstn = 1, data_out = f099
Time = 114565000, rstn = 1, data_out = f09a
Time = 114575000, rstn = 1, data_out = f09b
Time = 114585000, rstn = 1, data_out = f09e
Time = 114595000, rstn = 1, data_out = f0a0
Time = 114605000, rstn = 1, data_out = f0a1
Time = 114615000, rstn = 1, data_out = f0a4
Time = 114625000, rstn = 1, data_out = f0a5
Time = 114635000, rstn = 1, data_out = f0a6
Time = 114645000, rstn = 1, data_out = f0a7
Time = 114655000, rstn = 1, data_out = f0aa
Time = 114665000, rstn = 1, data_out = f0ab
Time = 114675000, rstn = 1, data_out = f0ae
Time = 114685000, rstn = 1, data_out = f0b0
Time = 114695000, rstn = 1, data_out = f0b1
Time = 114705000, rstn = 1, data_out = f0b4
Time = 114715000, rstn = 1, data_out = f0b5
Time = 114725000, rstn = 1, data_out = f0b6
Time = 114735000, rstn = 1, data_out = f0b7
Time = 114745000, rstn = 1, data_out = f0ba
Time = 114755000, rstn = 1, data_out = f0bb
Time = 114765000, rstn = 1, data_out = f0be
Time = 114775000, rstn = 1, data_out = f0c0
Time = 114785000, rstn = 1, data_out = f0c2
Time = 114795000, rstn = 1, data_out = f0c4
Time = 114805000, rstn = 1, data_out = f0c6
Time = 114815000, rstn = 1, data_out = f0c8
Time = 114825000, rstn = 1, data_out = f0ca
Time = 114835000, rstn = 1, data_out = f0cc
Time = 114845000, rstn = 1, data_out = f0ce
Time = 114855000, rstn = 1, data_out = f0d0
Time = 114865000, rstn = 1, data_out = f0d2
Time = 114875000, rstn = 1, data_out = f0d4
Time = 114885000, rstn = 1, data_out = f0d6
Time = 114895000, rstn = 1, data_out = f0d8
Time = 114905000, rstn = 1, data_out = f0da
Time = 114915000, rstn = 1, data_out = f0dc
Time = 114925000, rstn = 1, data_out = f0de
Time = 114935000, rstn = 1, data_out = f0e0
Time = 114945000, rstn = 1, data_out = f0e2
Time = 114955000, rstn = 1, data_out = f0e4
Time = 114965000, rstn = 1, data_out = f0e6
Time = 114975000, rstn = 1, data_out = f0e8
Time = 114985000, rstn = 1, data_out = f0ea
Time = 114995000, rstn = 1, data_out = f0ec
Time = 115005000, rstn = 1, data_out = f0ee
Time = 115015000, rstn = 1, data_out = f0f0
Time = 115025000, rstn = 1, data_out = f0f2
Time = 115035000, rstn = 1, data_out = f0f4
Time = 115045000, rstn = 1, data_out = f0f6
Time = 115055000, rstn = 1, data_out = f0f7
Time = 115065000, rstn = 1, data_out = f0fa
Time = 115075000, rstn = 1, data_out = f0fb
Time = 115085000, rstn = 1, data_out = f0fe
Time = 115095000, rstn = 1, data_out = f101
Time = 115105000, rstn = 1, data_out = f104
Time = 115115000, rstn = 1, data_out = f105
Time = 115125000, rstn = 1, data_out = f108
Time = 115135000, rstn = 1, data_out = f10a
Time = 115145000, rstn = 1, data_out = f10b
Time = 115155000, rstn = 1, data_out = f10e
Time = 115165000, rstn = 1, data_out = f10f
Time = 115175000, rstn = 1, data_out = f112
Time = 115185000, rstn = 1, data_out = f115
Time = 115195000, rstn = 1, data_out = f118
Time = 115205000, rstn = 1, data_out = f119
Time = 115215000, rstn = 1, data_out = f11c
Time = 115225000, rstn = 1, data_out = f11e
Time = 115235000, rstn = 1, data_out = f11f
Time = 115245000, rstn = 1, data_out = f122
Time = 115255000, rstn = 1, data_out = f125
Time = 115265000, rstn = 1, data_out = f128
Time = 115275000, rstn = 1, data_out = f129
Time = 115285000, rstn = 1, data_out = f12c
Time = 115295000, rstn = 1, data_out = f12d
Time = 115305000, rstn = 1, data_out = f130
Time = 115315000, rstn = 1, data_out = f133
Time = 115325000, rstn = 1, data_out = f136
Time = 115335000, rstn = 1, data_out = f138
Time = 115345000, rstn = 1, data_out = f139
Time = 115355000, rstn = 1, data_out = f13c
Time = 115365000, rstn = 1, data_out = f13f
Time = 115375000, rstn = 1, data_out = f142
Time = 115385000, rstn = 1, data_out = f144
Time = 115395000, rstn = 1, data_out = f145
Time = 115405000, rstn = 1, data_out = f148
Time = 115415000, rstn = 1, data_out = f14b
Time = 115425000, rstn = 1, data_out = f14e
Time = 115435000, rstn = 1, data_out = f14f
Time = 115445000, rstn = 1, data_out = f152
Time = 115455000, rstn = 1, data_out = f155
Time = 115465000, rstn = 1, data_out = f158
Time = 115475000, rstn = 1, data_out = f159
Time = 115485000, rstn = 1, data_out = f15c
Time = 115495000, rstn = 1, data_out = f15f
Time = 115505000, rstn = 1, data_out = f162
Time = 115515000, rstn = 1, data_out = f163
Time = 115525000, rstn = 1, data_out = f166
Time = 115535000, rstn = 1, data_out = f169
Time = 115545000, rstn = 1, data_out = f16c
Time = 115555000, rstn = 1, data_out = f16e
Time = 115565000, rstn = 1, data_out = f171
Time = 115575000, rstn = 1, data_out = f174
Time = 115585000, rstn = 1, data_out = f175
Time = 115595000, rstn = 1, data_out = f178
Time = 115605000, rstn = 1, data_out = f17b
Time = 115615000, rstn = 1, data_out = f17e
Time = 115625000, rstn = 1, data_out = f180
Time = 115635000, rstn = 1, data_out = f183
Time = 115645000, rstn = 1, data_out = f186
Time = 115655000, rstn = 1, data_out = f188
Time = 115665000, rstn = 1, data_out = f18b
Time = 115675000, rstn = 1, data_out = f18d
Time = 115685000, rstn = 1, data_out = f190
Time = 115695000, rstn = 1, data_out = f193
Time = 115705000, rstn = 1, data_out = f196
Time = 115715000, rstn = 1, data_out = f199
Time = 115725000, rstn = 1, data_out = f19c
Time = 115735000, rstn = 1, data_out = f19e
Time = 115745000, rstn = 1, data_out = f1a1
Time = 115755000, rstn = 1, data_out = f1a3
Time = 115765000, rstn = 1, data_out = f1a6
Time = 115775000, rstn = 1, data_out = f1a9
Time = 115785000, rstn = 1, data_out = f1ac
Time = 115795000, rstn = 1, data_out = f1af
Time = 115805000, rstn = 1, data_out = f1b2
Time = 115815000, rstn = 1, data_out = f1b4
Time = 115825000, rstn = 1, data_out = f1b7
Time = 115835000, rstn = 1, data_out = f1ba
Time = 115845000, rstn = 1, data_out = f1bd
Time = 115855000, rstn = 1, data_out = f1c0
Time = 115865000, rstn = 1, data_out = f1c2
Time = 115875000, rstn = 1, data_out = f1c5
Time = 115885000, rstn = 1, data_out = f1c8
Time = 115895000, rstn = 1, data_out = f1cb
Time = 115905000, rstn = 1, data_out = f1ce
Time = 115915000, rstn = 1, data_out = f1d1
Time = 115925000, rstn = 1, data_out = f1d4
Time = 115935000, rstn = 1, data_out = f1d7
Time = 115945000, rstn = 1, data_out = f1da
Time = 115955000, rstn = 1, data_out = f1dc
Time = 115965000, rstn = 1, data_out = f1df
Time = 115975000, rstn = 1, data_out = f1e2
Time = 115985000, rstn = 1, data_out = f1e5
Time = 115995000, rstn = 1, data_out = f1e8
Time = 116005000, rstn = 1, data_out = f1eb
Time = 116015000, rstn = 1, data_out = f1ee
Time = 116025000, rstn = 1, data_out = f1f1
Time = 116035000, rstn = 1, data_out = f1f4
Time = 116045000, rstn = 1, data_out = f1f7
Time = 116055000, rstn = 1, data_out = f1fa
Time = 116065000, rstn = 1, data_out = f1fd
Time = 116075000, rstn = 1, data_out = f200
Time = 116085000, rstn = 1, data_out = f203
Time = 116095000, rstn = 1, data_out = f206
Time = 116105000, rstn = 1, data_out = f209
Time = 116115000, rstn = 1, data_out = f20c
Time = 116125000, rstn = 1, data_out = f20f
Time = 116135000, rstn = 1, data_out = f212
Time = 116145000, rstn = 1, data_out = f216
Time = 116155000, rstn = 1, data_out = f219
Time = 116165000, rstn = 1, data_out = f21c
Time = 116175000, rstn = 1, data_out = f21f
Time = 116185000, rstn = 1, data_out = f222
Time = 116195000, rstn = 1, data_out = f225
Time = 116205000, rstn = 1, data_out = f228
Time = 116215000, rstn = 1, data_out = f22c
Time = 116225000, rstn = 1, data_out = f22f
Time = 116235000, rstn = 1, data_out = f232
Time = 116245000, rstn = 1, data_out = f235
Time = 116255000, rstn = 1, data_out = f238
Time = 116265000, rstn = 1, data_out = f23b
Time = 116275000, rstn = 1, data_out = f23e
Time = 116285000, rstn = 1, data_out = f241
Time = 116295000, rstn = 1, data_out = f245
Time = 116305000, rstn = 1, data_out = f248
Time = 116315000, rstn = 1, data_out = f24c
Time = 116325000, rstn = 1, data_out = f24f
Time = 116335000, rstn = 1, data_out = f252
Time = 116345000, rstn = 1, data_out = f255
Time = 116355000, rstn = 1, data_out = f258
Time = 116365000, rstn = 1, data_out = f25b
Time = 116375000, rstn = 1, data_out = f25f
Time = 116385000, rstn = 1, data_out = f262
Time = 116395000, rstn = 1, data_out = f266
Time = 116405000, rstn = 1, data_out = f269
Time = 116415000, rstn = 1, data_out = f26c
Time = 116425000, rstn = 1, data_out = f270
Time = 116435000, rstn = 1, data_out = f273
Time = 116445000, rstn = 1, data_out = f276
Time = 116455000, rstn = 1, data_out = f27a
Time = 116465000, rstn = 1, data_out = f27d
Time = 116475000, rstn = 1, data_out = f280
Time = 116485000, rstn = 1, data_out = f284
Time = 116495000, rstn = 1, data_out = f287
Time = 116505000, rstn = 1, data_out = f28a
Time = 116515000, rstn = 1, data_out = f28e
Time = 116525000, rstn = 1, data_out = f291
Time = 116535000, rstn = 1, data_out = f294
Time = 116545000, rstn = 1, data_out = f297
Time = 116555000, rstn = 1, data_out = f29c
Time = 116565000, rstn = 1, data_out = f29f
Time = 116575000, rstn = 1, data_out = f2a2
Time = 116585000, rstn = 1, data_out = f2a6
Time = 116595000, rstn = 1, data_out = f2a9
Time = 116605000, rstn = 1, data_out = f2ac
Time = 116615000, rstn = 1, data_out = f2af
Time = 116625000, rstn = 1, data_out = f2b4
Time = 116635000, rstn = 1, data_out = f2b7
Time = 116645000, rstn = 1, data_out = f2ba
Time = 116655000, rstn = 1, data_out = f2bd
Time = 116665000, rstn = 1, data_out = f2c2
Time = 116675000, rstn = 1, data_out = f2c5
Time = 116685000, rstn = 1, data_out = f2c8
Time = 116695000, rstn = 1, data_out = f2cb
Time = 116705000, rstn = 1, data_out = f2d0
Time = 116715000, rstn = 1, data_out = f2d4
Time = 116725000, rstn = 1, data_out = f2d7
Time = 116735000, rstn = 1, data_out = f2da
Time = 116745000, rstn = 1, data_out = f2dd
Time = 116755000, rstn = 1, data_out = f2e2
Time = 116765000, rstn = 1, data_out = f2e6
Time = 116775000, rstn = 1, data_out = f2e9
Time = 116785000, rstn = 1, data_out = f2ec
Time = 116795000, rstn = 1, data_out = f2ef
Time = 116805000, rstn = 1, data_out = f2f4
Time = 116815000, rstn = 1, data_out = f2f8
Time = 116825000, rstn = 1, data_out = f2fb
Time = 116835000, rstn = 1, data_out = f2fe
Time = 116845000, rstn = 1, data_out = f301
Time = 116855000, rstn = 1, data_out = f306
Time = 116865000, rstn = 1, data_out = f309
Time = 116875000, rstn = 1, data_out = f30e
Time = 116885000, rstn = 1, data_out = f311
Time = 116895000, rstn = 1, data_out = f314
Time = 116905000, rstn = 1, data_out = f317
Time = 116915000, rstn = 1, data_out = f31c
Time = 116925000, rstn = 1, data_out = f320
Time = 116935000, rstn = 1, data_out = f323
Time = 116945000, rstn = 1, data_out = f328
Time = 116955000, rstn = 1, data_out = f32b
Time = 116965000, rstn = 1, data_out = f32e
Time = 116975000, rstn = 1, data_out = f331
Time = 116985000, rstn = 1, data_out = f336
Time = 116995000, rstn = 1, data_out = f339
Time = 117005000, rstn = 1, data_out = f33e
Time = 117015000, rstn = 1, data_out = f342
Time = 117025000, rstn = 1, data_out = f345
Time = 117035000, rstn = 1, data_out = f34a
Time = 117045000, rstn = 1, data_out = f34d
Time = 117055000, rstn = 1, data_out = f350
Time = 117065000, rstn = 1, data_out = f353
Time = 117075000, rstn = 1, data_out = f358
Time = 117085000, rstn = 1, data_out = f35b
Time = 117095000, rstn = 1, data_out = f360
Time = 117105000, rstn = 1, data_out = f364
Time = 117115000, rstn = 1, data_out = f368
Time = 117125000, rstn = 1, data_out = f36c
Time = 117135000, rstn = 1, data_out = f370
Time = 117145000, rstn = 1, data_out = f374
Time = 117155000, rstn = 1, data_out = f378
Time = 117165000, rstn = 1, data_out = f37c
Time = 117175000, rstn = 1, data_out = f37f
Time = 117185000, rstn = 1, data_out = f384
Time = 117195000, rstn = 1, data_out = f387
Time = 117205000, rstn = 1, data_out = f38c
Time = 117215000, rstn = 1, data_out = f38f
Time = 117225000, rstn = 1, data_out = f392
Time = 117235000, rstn = 1, data_out = f395
Time = 117245000, rstn = 1, data_out = f39a
Time = 117255000, rstn = 1, data_out = f39d
Time = 117265000, rstn = 1, data_out = f3a2
Time = 117275000, rstn = 1, data_out = f3a6
Time = 117285000, rstn = 1, data_out = f3aa
Time = 117295000, rstn = 1, data_out = f3ae
Time = 117305000, rstn = 1, data_out = f3b2
Time = 117315000, rstn = 1, data_out = f3b6
Time = 117325000, rstn = 1, data_out = f3b9
Time = 117335000, rstn = 1, data_out = f3be
Time = 117345000, rstn = 1, data_out = f3c1
Time = 117355000, rstn = 1, data_out = f3c6
Time = 117365000, rstn = 1, data_out = f3cb
Time = 117375000, rstn = 1, data_out = f3d0
Time = 117385000, rstn = 1, data_out = f3d3
Time = 117395000, rstn = 1, data_out = f3d8
Time = 117405000, rstn = 1, data_out = f3db
Time = 117415000, rstn = 1, data_out = f3e0
Time = 117425000, rstn = 1, data_out = f3e4
Time = 117435000, rstn = 1, data_out = f3e8
Time = 117445000, rstn = 1, data_out = f3ec
Time = 117455000, rstn = 1, data_out = f3f0
Time = 117465000, rstn = 1, data_out = f3f4
Time = 117475000, rstn = 1, data_out = f3f8
Time = 117485000, rstn = 1, data_out = f3fc
Time = 117495000, rstn = 1, data_out = f400
Time = 117505000, rstn = 1, data_out = f403
Time = 117515000, rstn = 1, data_out = f408
Time = 117525000, rstn = 1, data_out = f40b
Time = 117535000, rstn = 1, data_out = f410
Time = 117545000, rstn = 1, data_out = f415
Time = 117555000, rstn = 1, data_out = f41a
Time = 117565000, rstn = 1, data_out = f41d
Time = 117575000, rstn = 1, data_out = f422
Time = 117585000, rstn = 1, data_out = f426
Time = 117595000, rstn = 1, data_out = f429
Time = 117605000, rstn = 1, data_out = f42e
Time = 117615000, rstn = 1, data_out = f431
Time = 117625000, rstn = 1, data_out = f436
Time = 117635000, rstn = 1, data_out = f43b
Time = 117645000, rstn = 1, data_out = f440
Time = 117655000, rstn = 1, data_out = f443
Time = 117665000, rstn = 1, data_out = f448
Time = 117675000, rstn = 1, data_out = f44b
Time = 117685000, rstn = 1, data_out = f450
Time = 117695000, rstn = 1, data_out = f453
Time = 117705000, rstn = 1, data_out = f458
Time = 117715000, rstn = 1, data_out = f45d
Time = 117725000, rstn = 1, data_out = f462
Time = 117735000, rstn = 1, data_out = f465
Time = 117745000, rstn = 1, data_out = f46a
Time = 117755000, rstn = 1, data_out = f46d
Time = 117765000, rstn = 1, data_out = f472
Time = 117775000, rstn = 1, data_out = f477
Time = 117785000, rstn = 1, data_out = f47c
Time = 117795000, rstn = 1, data_out = f480
Time = 117805000, rstn = 1, data_out = f483
Time = 117815000, rstn = 1, data_out = f488
Time = 117825000, rstn = 1, data_out = f48d
Time = 117835000, rstn = 1, data_out = f492
Time = 117845000, rstn = 1, data_out = f496
Time = 117855000, rstn = 1, data_out = f499
Time = 117865000, rstn = 1, data_out = f49e
Time = 117875000, rstn = 1, data_out = f4a3
Time = 117885000, rstn = 1, data_out = f4a8
Time = 117895000, rstn = 1, data_out = f4ac
Time = 117905000, rstn = 1, data_out = f4af
Time = 117915000, rstn = 1, data_out = f4b4
Time = 117925000, rstn = 1, data_out = f4b9
Time = 117935000, rstn = 1, data_out = f4be
Time = 117945000, rstn = 1, data_out = f4c1
Time = 117955000, rstn = 1, data_out = f4c6
Time = 117965000, rstn = 1, data_out = f4cb
Time = 117975000, rstn = 1, data_out = f4d0
Time = 117985000, rstn = 1, data_out = f4d4
Time = 117995000, rstn = 1, data_out = f4d7
Time = 118005000, rstn = 1, data_out = f4dc
Time = 118015000, rstn = 1, data_out = f4e1
Time = 118025000, rstn = 1, data_out = f4e6
Time = 118035000, rstn = 1, data_out = f4ea
Time = 118045000, rstn = 1, data_out = f4ef
Time = 118055000, rstn = 1, data_out = f4f4
Time = 118065000, rstn = 1, data_out = f4f7
Time = 118075000, rstn = 1, data_out = f4fc
Time = 118085000, rstn = 1, data_out = f501
Time = 118095000, rstn = 1, data_out = f506
Time = 118105000, rstn = 1, data_out = f509
Time = 118115000, rstn = 1, data_out = f50e
Time = 118125000, rstn = 1, data_out = f513
Time = 118135000, rstn = 1, data_out = f518
Time = 118145000, rstn = 1, data_out = f51c
Time = 118155000, rstn = 1, data_out = f521
Time = 118165000, rstn = 1, data_out = f526
Time = 118175000, rstn = 1, data_out = f52a
Time = 118185000, rstn = 1, data_out = f52f
Time = 118195000, rstn = 1, data_out = f533
Time = 118205000, rstn = 1, data_out = f538
Time = 118215000, rstn = 1, data_out = f53d
Time = 118225000, rstn = 1, data_out = f542
Time = 118235000, rstn = 1, data_out = f545
Time = 118245000, rstn = 1, data_out = f54a
Time = 118255000, rstn = 1, data_out = f54f
Time = 118265000, rstn = 1, data_out = f553
Time = 118275000, rstn = 1, data_out = f558
Time = 118285000, rstn = 1, data_out = f55d
Time = 118295000, rstn = 1, data_out = f562
Time = 118305000, rstn = 1, data_out = f567
Time = 118315000, rstn = 1, data_out = f56c
Time = 118325000, rstn = 1, data_out = f570
Time = 118335000, rstn = 1, data_out = f575
Time = 118345000, rstn = 1, data_out = f57a
Time = 118355000, rstn = 1, data_out = f57e
Time = 118365000, rstn = 1, data_out = f583
Time = 118375000, rstn = 1, data_out = f587
Time = 118385000, rstn = 1, data_out = f58c
Time = 118395000, rstn = 1, data_out = f591
Time = 118405000, rstn = 1, data_out = f596
Time = 118415000, rstn = 1, data_out = f59b
Time = 118425000, rstn = 1, data_out = f5a0
Time = 118435000, rstn = 1, data_out = f5a4
Time = 118445000, rstn = 1, data_out = f5a9
Time = 118455000, rstn = 1, data_out = f5ae
Time = 118465000, rstn = 1, data_out = f5b3
Time = 118475000, rstn = 1, data_out = f5b8
Time = 118485000, rstn = 1, data_out = f5bc
Time = 118495000, rstn = 1, data_out = f5c1
Time = 118505000, rstn = 1, data_out = f5c6
Time = 118515000, rstn = 1, data_out = f5cb
Time = 118525000, rstn = 1, data_out = f5d0
Time = 118535000, rstn = 1, data_out = f5d4
Time = 118545000, rstn = 1, data_out = f5d9
Time = 118555000, rstn = 1, data_out = f5de
Time = 118565000, rstn = 1, data_out = f5e3
Time = 118575000, rstn = 1, data_out = f5e8
Time = 118585000, rstn = 1, data_out = f5ed
Time = 118595000, rstn = 1, data_out = f5f2
Time = 118605000, rstn = 1, data_out = f5f6
Time = 118615000, rstn = 1, data_out = f5fb
Time = 118625000, rstn = 1, data_out = f600
Time = 118635000, rstn = 1, data_out = f605
Time = 118645000, rstn = 1, data_out = f60a
Time = 118655000, rstn = 1, data_out = f60f
Time = 118665000, rstn = 1, data_out = f614
Time = 118675000, rstn = 1, data_out = f619
Time = 118685000, rstn = 1, data_out = f61e
Time = 118695000, rstn = 1, data_out = f623
Time = 118705000, rstn = 1, data_out = f628
Time = 118715000, rstn = 1, data_out = f62c
Time = 118725000, rstn = 1, data_out = f631
Time = 118735000, rstn = 1, data_out = f636
Time = 118745000, rstn = 1, data_out = f63b
Time = 118755000, rstn = 1, data_out = f640
Time = 118765000, rstn = 1, data_out = f645
Time = 118775000, rstn = 1, data_out = f64a
Time = 118785000, rstn = 1, data_out = f64f
Time = 118795000, rstn = 1, data_out = f654
Time = 118805000, rstn = 1, data_out = f659
Time = 118815000, rstn = 1, data_out = f65e
Time = 118825000, rstn = 1, data_out = f663
Time = 118835000, rstn = 1, data_out = f668
Time = 118845000, rstn = 1, data_out = f66d
Time = 118855000, rstn = 1, data_out = f672
Time = 118865000, rstn = 1, data_out = f677
Time = 118875000, rstn = 1, data_out = f67c
Time = 118885000, rstn = 1, data_out = f682
Time = 118895000, rstn = 1, data_out = f687
Time = 118905000, rstn = 1, data_out = f68c
Time = 118915000, rstn = 1, data_out = f691
Time = 118925000, rstn = 1, data_out = f696
Time = 118935000, rstn = 1, data_out = f69b
Time = 118945000, rstn = 1, data_out = f6a0
Time = 118955000, rstn = 1, data_out = f6a5
Time = 118965000, rstn = 1, data_out = f6aa
Time = 118975000, rstn = 1, data_out = f6af
Time = 118985000, rstn = 1, data_out = f6b4
Time = 118995000, rstn = 1, data_out = f6b9
Time = 119005000, rstn = 1, data_out = f6be
Time = 119015000, rstn = 1, data_out = f6c4
Time = 119025000, rstn = 1, data_out = f6c9
Time = 119035000, rstn = 1, data_out = f6ce
Time = 119045000, rstn = 1, data_out = f6d3
Time = 119055000, rstn = 1, data_out = f6d8
Time = 119065000, rstn = 1, data_out = f6dd
Time = 119075000, rstn = 1, data_out = f6e2
Time = 119085000, rstn = 1, data_out = f6e8
Time = 119095000, rstn = 1, data_out = f6ed
Time = 119105000, rstn = 1, data_out = f6f2
Time = 119115000, rstn = 1, data_out = f6f7
Time = 119125000, rstn = 1, data_out = f6fc
Time = 119135000, rstn = 1, data_out = f702
Time = 119145000, rstn = 1, data_out = f707
Time = 119155000, rstn = 1, data_out = f70c
Time = 119165000, rstn = 1, data_out = f711
Time = 119175000, rstn = 1, data_out = f716
Time = 119185000, rstn = 1, data_out = f71c
Time = 119195000, rstn = 1, data_out = f721
Time = 119205000, rstn = 1, data_out = f726
Time = 119215000, rstn = 1, data_out = f72b
Time = 119225000, rstn = 1, data_out = f730
Time = 119235000, rstn = 1, data_out = f735
Time = 119245000, rstn = 1, data_out = f73b
Time = 119255000, rstn = 1, data_out = f740
Time = 119265000, rstn = 1, data_out = f746
Time = 119275000, rstn = 1, data_out = f74b
Time = 119285000, rstn = 1, data_out = f750
Time = 119295000, rstn = 1, data_out = f755
Time = 119305000, rstn = 1, data_out = f75a
Time = 119315000, rstn = 1, data_out = f75f
Time = 119325000, rstn = 1, data_out = f765
Time = 119335000, rstn = 1, data_out = f76a
Time = 119345000, rstn = 1, data_out = f770
Time = 119355000, rstn = 1, data_out = f775
Time = 119365000, rstn = 1, data_out = f77a
Time = 119375000, rstn = 1, data_out = f780
Time = 119385000, rstn = 1, data_out = f785
Time = 119395000, rstn = 1, data_out = f78a
Time = 119405000, rstn = 1, data_out = f790
Time = 119415000, rstn = 1, data_out = f795
Time = 119425000, rstn = 1, data_out = f79a
Time = 119435000, rstn = 1, data_out = f7a0
Time = 119445000, rstn = 1, data_out = f7a5
Time = 119455000, rstn = 1, data_out = f7aa
Time = 119465000, rstn = 1, data_out = f7b0
Time = 119475000, rstn = 1, data_out = f7b5
Time = 119485000, rstn = 1, data_out = f7ba
Time = 119495000, rstn = 1, data_out = f7c0
Time = 119505000, rstn = 1, data_out = f7c5
Time = 119515000, rstn = 1, data_out = f7ca
Time = 119525000, rstn = 1, data_out = f7cf
Time = 119535000, rstn = 1, data_out = f7d6
Time = 119545000, rstn = 1, data_out = f7db
Time = 119555000, rstn = 1, data_out = f7e0
Time = 119565000, rstn = 1, data_out = f7e6
Time = 119575000, rstn = 1, data_out = f7eb
Time = 119585000, rstn = 1, data_out = f7f0
Time = 119595000, rstn = 1, data_out = f7f5
Time = 119605000, rstn = 1, data_out = f7fc
Time = 119615000, rstn = 1, data_out = f801
Time = 119625000, rstn = 1, data_out = f806
Time = 119635000, rstn = 1, data_out = f80c
Time = 119645000, rstn = 1, data_out = f811
Time = 119655000, rstn = 1, data_out = f816
Time = 119665000, rstn = 1, data_out = f81b
Time = 119675000, rstn = 1, data_out = f822
Time = 119685000, rstn = 1, data_out = f827
Time = 119695000, rstn = 1, data_out = f82c
Time = 119705000, rstn = 1, data_out = f831
Time = 119715000, rstn = 1, data_out = f838
Time = 119725000, rstn = 1, data_out = f83d
Time = 119735000, rstn = 1, data_out = f842
Time = 119745000, rstn = 1, data_out = f847
Time = 119755000, rstn = 1, data_out = f84e
Time = 119765000, rstn = 1, data_out = f853
Time = 119775000, rstn = 1, data_out = f858
Time = 119785000, rstn = 1, data_out = f85d
Time = 119795000, rstn = 1, data_out = f864
Time = 119805000, rstn = 1, data_out = f869
Time = 119815000, rstn = 1, data_out = f86e
Time = 119825000, rstn = 1, data_out = f873
Time = 119835000, rstn = 1, data_out = f87a
Time = 119845000, rstn = 1, data_out = f87f
Time = 119855000, rstn = 1, data_out = f884
Time = 119865000, rstn = 1, data_out = f889
Time = 119875000, rstn = 1, data_out = f890
Time = 119885000, rstn = 1, data_out = f896
Time = 119895000, rstn = 1, data_out = f89b
Time = 119905000, rstn = 1, data_out = f8a0
Time = 119915000, rstn = 1, data_out = f8a5
Time = 119925000, rstn = 1, data_out = f8ac
Time = 119935000, rstn = 1, data_out = f8b2
Time = 119945000, rstn = 1, data_out = f8b7
Time = 119955000, rstn = 1, data_out = f8bc
Time = 119965000, rstn = 1, data_out = f8c1
Time = 119975000, rstn = 1, data_out = f8c8
Time = 119985000, rstn = 1, data_out = f8cd
Time = 119995000, rstn = 1, data_out = f8d2
Time = 120005000, rstn = 1, data_out = f8d7
Time = 120015000, rstn = 1, data_out = f8de
Time = 120025000, rstn = 1, data_out = f8e3
Time = 120035000, rstn = 1, data_out = f8ea
Time = 120045000, rstn = 1, data_out = f8ef
Time = 120055000, rstn = 1, data_out = f8f4
Time = 120065000, rstn = 1, data_out = f8f9
Time = 120075000, rstn = 1, data_out = f900
Time = 120085000, rstn = 1, data_out = f906
Time = 120095000, rstn = 1, data_out = f90b
Time = 120105000, rstn = 1, data_out = f910
Time = 120115000, rstn = 1, data_out = f915
Time = 120125000, rstn = 1, data_out = f91c
Time = 120135000, rstn = 1, data_out = f921
Time = 120145000, rstn = 1, data_out = f928
Time = 120155000, rstn = 1, data_out = f92d
Time = 120165000, rstn = 1, data_out = f932
Time = 120175000, rstn = 1, data_out = f937
Time = 120185000, rstn = 1, data_out = f93e
Time = 120195000, rstn = 1, data_out = f944
Time = 120205000, rstn = 1, data_out = f949
Time = 120215000, rstn = 1, data_out = f950
Time = 120225000, rstn = 1, data_out = f955
Time = 120235000, rstn = 1, data_out = f95a
Time = 120245000, rstn = 1, data_out = f95f
Time = 120255000, rstn = 1, data_out = f966
Time = 120265000, rstn = 1, data_out = f96c
Time = 120275000, rstn = 1, data_out = f971
Time = 120285000, rstn = 1, data_out = f978
Time = 120295000, rstn = 1, data_out = f97d
Time = 120305000, rstn = 1, data_out = f982
Time = 120315000, rstn = 1, data_out = f987
Time = 120325000, rstn = 1, data_out = f98e
Time = 120335000, rstn = 1, data_out = f993
Time = 120345000, rstn = 1, data_out = f99a
Time = 120355000, rstn = 1, data_out = f99f
Time = 120365000, rstn = 1, data_out = f9a6
Time = 120375000, rstn = 1, data_out = f9ab
Time = 120385000, rstn = 1, data_out = f9b0
Time = 120395000, rstn = 1, data_out = f9b5
Time = 120405000, rstn = 1, data_out = f9bc
Time = 120415000, rstn = 1, data_out = f9c1
Time = 120425000, rstn = 1, data_out = f9c8
Time = 120435000, rstn = 1, data_out = f9ce
Time = 120445000, rstn = 1, data_out = f9d3
Time = 120455000, rstn = 1, data_out = f9da
Time = 120465000, rstn = 1, data_out = f9df
Time = 120475000, rstn = 1, data_out = f9e4
Time = 120485000, rstn = 1, data_out = f9e9
Time = 120495000, rstn = 1, data_out = f9f0
Time = 120505000, rstn = 1, data_out = f9f5
Time = 120515000, rstn = 1, data_out = f9fc
Time = 120525000, rstn = 1, data_out = fa02
Time = 120535000, rstn = 1, data_out = fa07
Time = 120545000, rstn = 1, data_out = fa0e
Time = 120555000, rstn = 1, data_out = fa13
Time = 120565000, rstn = 1, data_out = fa1a
Time = 120575000, rstn = 1, data_out = fa1f
Time = 120585000, rstn = 1, data_out = fa24
Time = 120595000, rstn = 1, data_out = fa29
Time = 120605000, rstn = 1, data_out = fa30
Time = 120615000, rstn = 1, data_out = fa35
Time = 120625000, rstn = 1, data_out = fa3c
Time = 120635000, rstn = 1, data_out = fa42
Time = 120645000, rstn = 1, data_out = fa48
Time = 120655000, rstn = 1, data_out = fa4e
Time = 120665000, rstn = 1, data_out = fa54
Time = 120675000, rstn = 1, data_out = fa5a
Time = 120685000, rstn = 1, data_out = fa5f
Time = 120695000, rstn = 1, data_out = fa66
Time = 120705000, rstn = 1, data_out = fa6b
Time = 120715000, rstn = 1, data_out = fa72
Time = 120725000, rstn = 1, data_out = fa77
Time = 120735000, rstn = 1, data_out = fa7c
Time = 120745000, rstn = 1, data_out = fa81
Time = 120755000, rstn = 1, data_out = fa88
Time = 120765000, rstn = 1, data_out = fa8d
Time = 120775000, rstn = 1, data_out = fa94
Time = 120785000, rstn = 1, data_out = fa9a
Time = 120795000, rstn = 1, data_out = faa0
Time = 120805000, rstn = 1, data_out = faa6
Time = 120815000, rstn = 1, data_out = faac
Time = 120825000, rstn = 1, data_out = fab2
Time = 120835000, rstn = 1, data_out = fab8
Time = 120845000, rstn = 1, data_out = fabe
Time = 120855000, rstn = 1, data_out = fac4
Time = 120865000, rstn = 1, data_out = faca
Time = 120875000, rstn = 1, data_out = fad0
Time = 120885000, rstn = 1, data_out = fad6
Time = 120895000, rstn = 1, data_out = fadc
Time = 120905000, rstn = 1, data_out = fae2
Time = 120915000, rstn = 1, data_out = fae8
Time = 120925000, rstn = 1, data_out = faee
Time = 120935000, rstn = 1, data_out = faf4
Time = 120945000, rstn = 1, data_out = fafa
Time = 120955000, rstn = 1, data_out = fb00
Time = 120965000, rstn = 1, data_out = fb06
Time = 120975000, rstn = 1, data_out = fb0c
Time = 120985000, rstn = 1, data_out = fb12
Time = 120995000, rstn = 1, data_out = fb18
Time = 121005000, rstn = 1, data_out = fb1e
Time = 121015000, rstn = 1, data_out = fb24
Time = 121025000, rstn = 1, data_out = fb2a
Time = 121035000, rstn = 1, data_out = fb30
Time = 121045000, rstn = 1, data_out = fb36
Time = 121055000, rstn = 1, data_out = fb3c
Time = 121065000, rstn = 1, data_out = fb42
Time = 121075000, rstn = 1, data_out = fb48
Time = 121085000, rstn = 1, data_out = fb4e
Time = 121095000, rstn = 1, data_out = fb54
Time = 121105000, rstn = 1, data_out = fb5a
Time = 121115000, rstn = 1, data_out = fb60
Time = 121125000, rstn = 1, data_out = fb66
Time = 121135000, rstn = 1, data_out = fb6c
Time = 121145000, rstn = 1, data_out = fb72
Time = 121155000, rstn = 1, data_out = fb78
Time = 121165000, rstn = 1, data_out = fb7e
Time = 121175000, rstn = 1, data_out = fb84
Time = 121185000, rstn = 1, data_out = fb8a
Time = 121195000, rstn = 1, data_out = fb90
Time = 121205000, rstn = 1, data_out = fb96
Time = 121215000, rstn = 1, data_out = fb9c
Time = 121225000, rstn = 1, data_out = fba2
Time = 121235000, rstn = 1, data_out = fba8
Time = 121245000, rstn = 1, data_out = fbae
Time = 121255000, rstn = 1, data_out = fbb4
Time = 121265000, rstn = 1, data_out = fbba
Time = 121275000, rstn = 1, data_out = fbc0
Time = 121285000, rstn = 1, data_out = fbc6
Time = 121295000, rstn = 1, data_out = fbcc
Time = 121305000, rstn = 1, data_out = fbd2
Time = 121315000, rstn = 1, data_out = fbd8
Time = 121325000, rstn = 1, data_out = fbde
Time = 121335000, rstn = 1, data_out = fbe4
Time = 121345000, rstn = 1, data_out = fbea
Time = 121355000, rstn = 1, data_out = fbf0
Time = 121365000, rstn = 1, data_out = fbf6
Time = 121375000, rstn = 1, data_out = fbfc
Time = 121385000, rstn = 1, data_out = fc02
Time = 121395000, rstn = 1, data_out = fc08
Time = 121405000, rstn = 1, data_out = fc0e
Time = 121415000, rstn = 1, data_out = fc14
Time = 121425000, rstn = 1, data_out = fc19
Time = 121435000, rstn = 1, data_out = fc20
Time = 121445000, rstn = 1, data_out = fc25
Time = 121455000, rstn = 1, data_out = fc2c
Time = 121465000, rstn = 1, data_out = fc33
Time = 121475000, rstn = 1, data_out = fc3a
Time = 121485000, rstn = 1, data_out = fc3f
Time = 121495000, rstn = 1, data_out = fc46
Time = 121505000, rstn = 1, data_out = fc4b
Time = 121515000, rstn = 1, data_out = fc52
Time = 121525000, rstn = 1, data_out = fc58
Time = 121535000, rstn = 1, data_out = fc5e
Time = 121545000, rstn = 1, data_out = fc64
Time = 121555000, rstn = 1, data_out = fc6a
Time = 121565000, rstn = 1, data_out = fc70
Time = 121575000, rstn = 1, data_out = fc76
Time = 121585000, rstn = 1, data_out = fc7c
Time = 121595000, rstn = 1, data_out = fc81
Time = 121605000, rstn = 1, data_out = fc88
Time = 121615000, rstn = 1, data_out = fc8d
Time = 121625000, rstn = 1, data_out = fc94
Time = 121635000, rstn = 1, data_out = fc9b
Time = 121645000, rstn = 1, data_out = fca2
Time = 121655000, rstn = 1, data_out = fca7
Time = 121665000, rstn = 1, data_out = fcae
Time = 121675000, rstn = 1, data_out = fcb3
Time = 121685000, rstn = 1, data_out = fcba
Time = 121695000, rstn = 1, data_out = fcc0
Time = 121705000, rstn = 1, data_out = fcc6
Time = 121715000, rstn = 1, data_out = fccc
Time = 121725000, rstn = 1, data_out = fcd2
Time = 121735000, rstn = 1, data_out = fcd7
Time = 121745000, rstn = 1, data_out = fcde
Time = 121755000, rstn = 1, data_out = fce3
Time = 121765000, rstn = 1, data_out = fcea
Time = 121775000, rstn = 1, data_out = fcf1
Time = 121785000, rstn = 1, data_out = fcf8
Time = 121795000, rstn = 1, data_out = fcfd
Time = 121805000, rstn = 1, data_out = fd04
Time = 121815000, rstn = 1, data_out = fd09
Time = 121825000, rstn = 1, data_out = fd10
Time = 121835000, rstn = 1, data_out = fd16
Time = 121845000, rstn = 1, data_out = fd1c
Time = 121855000, rstn = 1, data_out = fd21
Time = 121865000, rstn = 1, data_out = fd28
Time = 121875000, rstn = 1, data_out = fd2d
Time = 121885000, rstn = 1, data_out = fd34
Time = 121895000, rstn = 1, data_out = fd3b
Time = 121905000, rstn = 1, data_out = fd42
Time = 121915000, rstn = 1, data_out = fd47
Time = 121925000, rstn = 1, data_out = fd4e
Time = 121935000, rstn = 1, data_out = fd53
Time = 121945000, rstn = 1, data_out = fd5a
Time = 121955000, rstn = 1, data_out = fd5f
Time = 121965000, rstn = 1, data_out = fd66
Time = 121975000, rstn = 1, data_out = fd6b
Time = 121985000, rstn = 1, data_out = fd72
Time = 121995000, rstn = 1, data_out = fd79
Time = 122005000, rstn = 1, data_out = fd80
Time = 122015000, rstn = 1, data_out = fd85
Time = 122025000, rstn = 1, data_out = fd8c
Time = 122035000, rstn = 1, data_out = fd91
Time = 122045000, rstn = 1, data_out = fd98
Time = 122055000, rstn = 1, data_out = fd9d
Time = 122065000, rstn = 1, data_out = fda4
Time = 122075000, rstn = 1, data_out = fda9
Time = 122085000, rstn = 1, data_out = fdb0
Time = 122095000, rstn = 1, data_out = fdb7
Time = 122105000, rstn = 1, data_out = fdbe
Time = 122115000, rstn = 1, data_out = fdc3
Time = 122125000, rstn = 1, data_out = fdca
Time = 122135000, rstn = 1, data_out = fdd0
Time = 122145000, rstn = 1, data_out = fdd5
Time = 122155000, rstn = 1, data_out = fddc
Time = 122165000, rstn = 1, data_out = fde1
Time = 122175000, rstn = 1, data_out = fde8
Time = 122185000, rstn = 1, data_out = fdef
Time = 122195000, rstn = 1, data_out = fdf6
Time = 122205000, rstn = 1, data_out = fdfb
Time = 122215000, rstn = 1, data_out = fe02
Time = 122225000, rstn = 1, data_out = fe08
Time = 122235000, rstn = 1, data_out = fe0d
Time = 122245000, rstn = 1, data_out = fe14
Time = 122255000, rstn = 1, data_out = fe19
Time = 122265000, rstn = 1, data_out = fe20
Time = 122275000, rstn = 1, data_out = fe27
Time = 122285000, rstn = 1, data_out = fe2e
Time = 122295000, rstn = 1, data_out = fe33
Time = 122305000, rstn = 1, data_out = fe3a
Time = 122315000, rstn = 1, data_out = fe3f
Time = 122325000, rstn = 1, data_out = fe46
Time = 122335000, rstn = 1, data_out = fe4b
Time = 122345000, rstn = 1, data_out = fe52
Time = 122355000, rstn = 1, data_out = fe59
Time = 122365000, rstn = 1, data_out = fe60
Time = 122375000, rstn = 1, data_out = fe65
Time = 122385000, rstn = 1, data_out = fe6c
Time = 122395000, rstn = 1, data_out = fe71
Time = 122405000, rstn = 1, data_out = fe78
Time = 122415000, rstn = 1, data_out = fe7d
Time = 122425000, rstn = 1, data_out = fe84
Time = 122435000, rstn = 1, data_out = fe8b
Time = 122445000, rstn = 1, data_out = fe92
Time = 122455000, rstn = 1, data_out = fe97
Time = 122465000, rstn = 1, data_out = fe9e
Time = 122475000, rstn = 1, data_out = fea3
Time = 122485000, rstn = 1, data_out = feaa
Time = 122495000, rstn = 1, data_out = feaf
Time = 122505000, rstn = 1, data_out = feb6
Time = 122515000, rstn = 1, data_out = febd
Time = 122525000, rstn = 1, data_out = fec4
Time = 122535000, rstn = 1, data_out = fec9
Time = 122545000, rstn = 1, data_out = fed0
Time = 122555000, rstn = 1, data_out = fed5
Time = 122565000, rstn = 1, data_out = fedc
Time = 122575000, rstn = 1, data_out = fee1
Time = 122585000, rstn = 1, data_out = fee8
Time = 122595000, rstn = 1, data_out = feef
Time = 122605000, rstn = 1, data_out = fef6
Time = 122615000, rstn = 1, data_out = fefb
Time = 122625000, rstn = 1, data_out = ff02
Time = 122635000, rstn = 1, data_out = ff08
Time = 122645000, rstn = 1, data_out = ff0d
Time = 122655000, rstn = 1, data_out = ff14
Time = 122665000, rstn = 1, data_out = ff1b
Time = 122675000, rstn = 1, data_out = ff22
Time = 122685000, rstn = 1, data_out = ff27
Time = 122695000, rstn = 1, data_out = ff2e
Time = 122705000, rstn = 1, data_out = ff33
Time = 122715000, rstn = 1, data_out = ff3a
Time = 122725000, rstn = 1, data_out = ff3f
Time = 122735000, rstn = 1, data_out = ff46
Time = 122745000, rstn = 1, data_out = ff4d
Time = 122755000, rstn = 1, data_out = ff54
Time = 122765000, rstn = 1, data_out = ff59
Time = 122775000, rstn = 1, data_out = ff60
Time = 122785000, rstn = 1, data_out = ff66
Time = 122795000, rstn = 1, data_out = ff6b
Time = 122805000, rstn = 1, data_out = ff72
Time = 122815000, rstn = 1, data_out = ff79
Time = 122825000, rstn = 1, data_out = ff80
Time = 122835000, rstn = 1, data_out = ff85
Time = 122845000, rstn = 1, data_out = ff8c
Time = 122855000, rstn = 1, data_out = ff91
Time = 122865000, rstn = 1, data_out = ff98
Time = 122875000, rstn = 1, data_out = ff9d
Time = 122885000, rstn = 1, data_out = ffa4
Time = 122895000, rstn = 1, data_out = ffab
Time = 122905000, rstn = 1, data_out = ffb2
Time = 122915000, rstn = 1, data_out = ffb7
Time = 122925000, rstn = 1, data_out = ffbe
Time = 122935000, rstn = 1, data_out = ffc4
Time = 122945000, rstn = 1, data_out = ffc9
Time = 122955000, rstn = 1, data_out = ffd0
Time = 122965000, rstn = 1, data_out = ffd7
Time = 122975000, rstn = 1, data_out = ffde
Time = 122985000, rstn = 1, data_out = ffe3
Time = 122995000, rstn = 1, data_out = ffea
Time = 123005000, rstn = 1, data_out = fff0
Time = 123015000, rstn = 1, data_out = fff5
Time = 123025000, rstn = 1, data_out = fffc
Time = 123035000, rstn = 1, data_out = 0003
Time = 123045000, rstn = 1, data_out = 000a
Time = 123055000, rstn = 1, data_out = 000f
Time = 123065000, rstn = 1, data_out = 0016
Time = 123075000, rstn = 1, data_out = 001c
Time = 123085000, rstn = 1, data_out = 0021
Time = 123095000, rstn = 1, data_out = 0028
Time = 123105000, rstn = 1, data_out = 002f
Time = 123115000, rstn = 1, data_out = 0036
Time = 123125000, rstn = 1, data_out = 003b
Time = 123135000, rstn = 1, data_out = 0042
Time = 123145000, rstn = 1, data_out = 0048
Time = 123155000, rstn = 1, data_out = 004d
Time = 123165000, rstn = 1, data_out = 0054
Time = 123175000, rstn = 1, data_out = 005b
Time = 123185000, rstn = 1, data_out = 0062
Time = 123195000, rstn = 1, data_out = 0067
Time = 123205000, rstn = 1, data_out = 006e
Time = 123215000, rstn = 1, data_out = 0073
Time = 123225000, rstn = 1, data_out = 007a
Time = 123235000, rstn = 1, data_out = 007f
Time = 123245000, rstn = 1, data_out = 0086
Time = 123255000, rstn = 1, data_out = 008d
Time = 123265000, rstn = 1, data_out = 0094
Time = 123275000, rstn = 1, data_out = 0099
Time = 123285000, rstn = 1, data_out = 00a0
Time = 123295000, rstn = 1, data_out = 00a6
Time = 123305000, rstn = 1, data_out = 00ab
Time = 123315000, rstn = 1, data_out = 00b2
Time = 123325000, rstn = 1, data_out = 00b9
Time = 123335000, rstn = 1, data_out = 00c0
Time = 123345000, rstn = 1, data_out = 00c5
Time = 123355000, rstn = 1, data_out = 00cc
Time = 123365000, rstn = 1, data_out = 00d1
Time = 123375000, rstn = 1, data_out = 00d8
Time = 123385000, rstn = 1, data_out = 00dd
Time = 123395000, rstn = 1, data_out = 00e4
Time = 123405000, rstn = 1, data_out = 00eb
Time = 123415000, rstn = 1, data_out = 00f2
Time = 123425000, rstn = 1, data_out = 00f7
Time = 123435000, rstn = 1, data_out = 00fe
Time = 123445000, rstn = 1, data_out = 0104
Time = 123455000, rstn = 1, data_out = 0109
Time = 123465000, rstn = 1, data_out = 0110
Time = 123475000, rstn = 1, data_out = 0117
Time = 123485000, rstn = 1, data_out = 011e
Time = 123495000, rstn = 1, data_out = 0123
Time = 123505000, rstn = 1, data_out = 012a
Time = 123515000, rstn = 1, data_out = 012f
Time = 123525000, rstn = 1, data_out = 0136
Time = 123535000, rstn = 1, data_out = 013b
Time = 123545000, rstn = 1, data_out = 0142
Time = 123555000, rstn = 1, data_out = 0149
Time = 123565000, rstn = 1, data_out = 0150
Time = 123575000, rstn = 1, data_out = 0155
Time = 123585000, rstn = 1, data_out = 015c
Time = 123595000, rstn = 1, data_out = 0161
Time = 123605000, rstn = 1, data_out = 0168
Time = 123615000, rstn = 1, data_out = 016d
Time = 123625000, rstn = 1, data_out = 0174
Time = 123635000, rstn = 1, data_out = 017b
Time = 123645000, rstn = 1, data_out = 0182
Time = 123655000, rstn = 1, data_out = 0187
Time = 123665000, rstn = 1, data_out = 018e
Time = 123675000, rstn = 1, data_out = 0193
Time = 123685000, rstn = 1, data_out = 019a
Time = 123695000, rstn = 1, data_out = 019f
Time = 123705000, rstn = 1, data_out = 01a6
Time = 123715000, rstn = 1, data_out = 01ad
Time = 123725000, rstn = 1, data_out = 01b4
Time = 123735000, rstn = 1, data_out = 01b9
Time = 123745000, rstn = 1, data_out = 01c0
Time = 123755000, rstn = 1, data_out = 01c5
Time = 123765000, rstn = 1, data_out = 01cc
Time = 123775000, rstn = 1, data_out = 01d1
Time = 123785000, rstn = 1, data_out = 01d8
Time = 123795000, rstn = 1, data_out = 01df
Time = 123805000, rstn = 1, data_out = 01e6
Time = 123815000, rstn = 1, data_out = 01eb
Time = 123825000, rstn = 1, data_out = 01f2
Time = 123835000, rstn = 1, data_out = 01f8
Time = 123845000, rstn = 1, data_out = 01fd
Time = 123855000, rstn = 1, data_out = 0204
Time = 123865000, rstn = 1, data_out = 0209
Time = 123875000, rstn = 1, data_out = 0210
Time = 123885000, rstn = 1, data_out = 0217
Time = 123895000, rstn = 1, data_out = 021e
Time = 123905000, rstn = 1, data_out = 0223
Time = 123915000, rstn = 1, data_out = 022a
Time = 123925000, rstn = 1, data_out = 0230
Time = 123935000, rstn = 1, data_out = 0235
Time = 123945000, rstn = 1, data_out = 023c
Time = 123955000, rstn = 1, data_out = 0241
Time = 123965000, rstn = 1, data_out = 0248
Time = 123975000, rstn = 1, data_out = 024f
Time = 123985000, rstn = 1, data_out = 0256
Time = 123995000, rstn = 1, data_out = 025b
Time = 124005000, rstn = 1, data_out = 0262
Time = 124015000, rstn = 1, data_out = 0267
Time = 124025000, rstn = 1, data_out = 026e
Time = 124035000, rstn = 1, data_out = 0273
Time = 124045000, rstn = 1, data_out = 027a
Time = 124055000, rstn = 1, data_out = 027f
Time = 124065000, rstn = 1, data_out = 0286
Time = 124075000, rstn = 1, data_out = 028d
Time = 124085000, rstn = 1, data_out = 0294
Time = 124095000, rstn = 1, data_out = 0299
Time = 124105000, rstn = 1, data_out = 02a0
Time = 124115000, rstn = 1, data_out = 02a5
Time = 124125000, rstn = 1, data_out = 02ac
Time = 124135000, rstn = 1, data_out = 02b1
Time = 124145000, rstn = 1, data_out = 02b8
Time = 124155000, rstn = 1, data_out = 02bd
Time = 124165000, rstn = 1, data_out = 02c4
Time = 124175000, rstn = 1, data_out = 02cb
Time = 124185000, rstn = 1, data_out = 02d2
Time = 124195000, rstn = 1, data_out = 02d7
Time = 124205000, rstn = 1, data_out = 02de
Time = 124215000, rstn = 1, data_out = 02e3
Time = 124225000, rstn = 1, data_out = 02ea
Time = 124235000, rstn = 1, data_out = 02f0
Time = 124245000, rstn = 1, data_out = 02f6
Time = 124255000, rstn = 1, data_out = 02fb
Time = 124265000, rstn = 1, data_out = 0302
Time = 124275000, rstn = 1, data_out = 0307
Time = 124285000, rstn = 1, data_out = 030e
Time = 124295000, rstn = 1, data_out = 0315
Time = 124305000, rstn = 1, data_out = 031c
Time = 124315000, rstn = 1, data_out = 0321
Time = 124325000, rstn = 1, data_out = 0328
Time = 124335000, rstn = 1, data_out = 032d
Time = 124345000, rstn = 1, data_out = 0334
Time = 124355000, rstn = 1, data_out = 033a
Time = 124365000, rstn = 1, data_out = 0340
Time = 124375000, rstn = 1, data_out = 0346
Time = 124385000, rstn = 1, data_out = 034c
Time = 124395000, rstn = 1, data_out = 0351
Time = 124405000, rstn = 1, data_out = 0358
Time = 124415000, rstn = 1, data_out = 035d
Time = 124425000, rstn = 1, data_out = 0364
Time = 124435000, rstn = 1, data_out = 036b
Time = 124445000, rstn = 1, data_out = 0372
Time = 124455000, rstn = 1, data_out = 0377
Time = 124465000, rstn = 1, data_out = 037e
Time = 124475000, rstn = 1, data_out = 0383
Time = 124485000, rstn = 1, data_out = 038a
Time = 124495000, rstn = 1, data_out = 0390
Time = 124505000, rstn = 1, data_out = 0396
Time = 124515000, rstn = 1, data_out = 039c
Time = 124525000, rstn = 1, data_out = 03a2
Time = 124535000, rstn = 1, data_out = 03a8
Time = 124545000, rstn = 1, data_out = 03ae
Time = 124555000, rstn = 1, data_out = 03b4
Time = 124565000, rstn = 1, data_out = 03b9
Time = 124575000, rstn = 1, data_out = 03c0
Time = 124585000, rstn = 1, data_out = 03c5
Time = 124595000, rstn = 1, data_out = 03cc
Time = 124605000, rstn = 1, data_out = 03d3
Time = 124615000, rstn = 1, data_out = 03da
Time = 124625000, rstn = 1, data_out = 03df
Time = 124635000, rstn = 1, data_out = 03e6
Time = 124645000, rstn = 1, data_out = 03eb
Time = 124655000, rstn = 1, data_out = 03f2
Time = 124665000, rstn = 1, data_out = 03f8
Time = 124675000, rstn = 1, data_out = 03fe
Time = 124685000, rstn = 1, data_out = 0404
Time = 124695000, rstn = 1, data_out = 040a
Time = 124705000, rstn = 1, data_out = 0410
Time = 124715000, rstn = 1, data_out = 0416
Time = 124725000, rstn = 1, data_out = 041c
Time = 124735000, rstn = 1, data_out = 0422
Time = 124745000, rstn = 1, data_out = 0428
Time = 124755000, rstn = 1, data_out = 042e
Time = 124765000, rstn = 1, data_out = 0434
Time = 124775000, rstn = 1, data_out = 043a
Time = 124785000, rstn = 1, data_out = 0440
Time = 124795000, rstn = 1, data_out = 0446
Time = 124805000, rstn = 1, data_out = 044c
Time = 124815000, rstn = 1, data_out = 0452
Time = 124825000, rstn = 1, data_out = 0458
Time = 124835000, rstn = 1, data_out = 045e
Time = 124845000, rstn = 1, data_out = 0464
Time = 124855000, rstn = 1, data_out = 046a
Time = 124865000, rstn = 1, data_out = 0470
Time = 124875000, rstn = 1, data_out = 0476
Time = 124885000, rstn = 1, data_out = 047c
Time = 124895000, rstn = 1, data_out = 0482
Time = 124905000, rstn = 1, data_out = 0488
Time = 124915000, rstn = 1, data_out = 048e
Time = 124925000, rstn = 1, data_out = 0494
Time = 124935000, rstn = 1, data_out = 049a
Time = 124945000, rstn = 1, data_out = 04a0
Time = 124955000, rstn = 1, data_out = 04a6
Time = 124965000, rstn = 1, data_out = 04ac
Time = 124975000, rstn = 1, data_out = 04b2
Time = 124985000, rstn = 1, data_out = 04b8
Time = 124995000, rstn = 1, data_out = 04be
Time = 125005000, rstn = 1, data_out = 04c4
Time = 125015000, rstn = 1, data_out = 04ca
Time = 125025000, rstn = 1, data_out = 04d0
Time = 125035000, rstn = 1, data_out = 04d6
Time = 125045000, rstn = 1, data_out = 04dc
Time = 125055000, rstn = 1, data_out = 04e2
Time = 125065000, rstn = 1, data_out = 04e8
Time = 125075000, rstn = 1, data_out = 04ee
Time = 125085000, rstn = 1, data_out = 04f4
Time = 125095000, rstn = 1, data_out = 04fa
Time = 125105000, rstn = 1, data_out = 0500
Time = 125115000, rstn = 1, data_out = 0506
Time = 125125000, rstn = 1, data_out = 050c
Time = 125135000, rstn = 1, data_out = 0512
Time = 125145000, rstn = 1, data_out = 0518
Time = 125155000, rstn = 1, data_out = 051e
Time = 125165000, rstn = 1, data_out = 0524
Time = 125175000, rstn = 1, data_out = 052a
Time = 125185000, rstn = 1, data_out = 0530
Time = 125195000, rstn = 1, data_out = 0536
Time = 125205000, rstn = 1, data_out = 053c
Time = 125215000, rstn = 1, data_out = 0542
Time = 125225000, rstn = 1, data_out = 0548
Time = 125235000, rstn = 1, data_out = 054e
Time = 125245000, rstn = 1, data_out = 0554
Time = 125255000, rstn = 1, data_out = 055a
Time = 125265000, rstn = 1, data_out = 0560
Time = 125275000, rstn = 1, data_out = 0566
Time = 125285000, rstn = 1, data_out = 056b
Time = 125295000, rstn = 1, data_out = 0572
Time = 125305000, rstn = 1, data_out = 0577
Time = 125315000, rstn = 1, data_out = 057e
Time = 125325000, rstn = 1, data_out = 0583
Time = 125335000, rstn = 1, data_out = 0588
Time = 125345000, rstn = 1, data_out = 058d
Time = 125355000, rstn = 1, data_out = 0594
Time = 125365000, rstn = 1, data_out = 0599
Time = 125375000, rstn = 1, data_out = 05a0
Time = 125385000, rstn = 1, data_out = 05a6
Time = 125395000, rstn = 1, data_out = 05ac
Time = 125405000, rstn = 1, data_out = 05b2
Time = 125415000, rstn = 1, data_out = 05b8
Time = 125425000, rstn = 1, data_out = 05be
Time = 125435000, rstn = 1, data_out = 05c3
Time = 125445000, rstn = 1, data_out = 05ca
Time = 125455000, rstn = 1, data_out = 05cf
Time = 125465000, rstn = 1, data_out = 05d6
Time = 125475000, rstn = 1, data_out = 05db
Time = 125485000, rstn = 1, data_out = 05e0
Time = 125495000, rstn = 1, data_out = 05e5
Time = 125505000, rstn = 1, data_out = 05ec
Time = 125515000, rstn = 1, data_out = 05f1
Time = 125525000, rstn = 1, data_out = 05f8
Time = 125535000, rstn = 1, data_out = 05fe
Time = 125545000, rstn = 1, data_out = 0603
Time = 125555000, rstn = 1, data_out = 060a
Time = 125565000, rstn = 1, data_out = 060f
Time = 125575000, rstn = 1, data_out = 0616
Time = 125585000, rstn = 1, data_out = 061b
Time = 125595000, rstn = 1, data_out = 0620
Time = 125605000, rstn = 1, data_out = 0625
Time = 125615000, rstn = 1, data_out = 062c
Time = 125625000, rstn = 1, data_out = 0631
Time = 125635000, rstn = 1, data_out = 0638
Time = 125645000, rstn = 1, data_out = 063e
Time = 125655000, rstn = 1, data_out = 0643
Time = 125665000, rstn = 1, data_out = 064a
Time = 125675000, rstn = 1, data_out = 064f
Time = 125685000, rstn = 1, data_out = 0654
Time = 125695000, rstn = 1, data_out = 0659
Time = 125705000, rstn = 1, data_out = 0660
Time = 125715000, rstn = 1, data_out = 0665
Time = 125725000, rstn = 1, data_out = 066c
Time = 125735000, rstn = 1, data_out = 0671
Time = 125745000, rstn = 1, data_out = 0678
Time = 125755000, rstn = 1, data_out = 067d
Time = 125765000, rstn = 1, data_out = 0682
Time = 125775000, rstn = 1, data_out = 0687
Time = 125785000, rstn = 1, data_out = 068e
Time = 125795000, rstn = 1, data_out = 0694
Time = 125805000, rstn = 1, data_out = 0699
Time = 125815000, rstn = 1, data_out = 06a0
Time = 125825000, rstn = 1, data_out = 06a5
Time = 125835000, rstn = 1, data_out = 06aa
Time = 125845000, rstn = 1, data_out = 06af
Time = 125855000, rstn = 1, data_out = 06b6
Time = 125865000, rstn = 1, data_out = 06bc
Time = 125875000, rstn = 1, data_out = 06c1
Time = 125885000, rstn = 1, data_out = 06c8
Time = 125895000, rstn = 1, data_out = 06cd
Time = 125905000, rstn = 1, data_out = 06d2
Time = 125915000, rstn = 1, data_out = 06d7
Time = 125925000, rstn = 1, data_out = 06de
Time = 125935000, rstn = 1, data_out = 06e3
Time = 125945000, rstn = 1, data_out = 06ea
Time = 125955000, rstn = 1, data_out = 06ef
Time = 125965000, rstn = 1, data_out = 06f4
Time = 125975000, rstn = 1, data_out = 06f9
Time = 125985000, rstn = 1, data_out = 0700
Time = 125995000, rstn = 1, data_out = 0706
Time = 126005000, rstn = 1, data_out = 070b
Time = 126015000, rstn = 1, data_out = 0710
Time = 126025000, rstn = 1, data_out = 0715
Time = 126035000, rstn = 1, data_out = 071c
Time = 126045000, rstn = 1, data_out = 0721
Time = 126055000, rstn = 1, data_out = 0728
Time = 126065000, rstn = 1, data_out = 072d
Time = 126075000, rstn = 1, data_out = 0732
Time = 126085000, rstn = 1, data_out = 0737
Time = 126095000, rstn = 1, data_out = 073e
Time = 126105000, rstn = 1, data_out = 0743
Time = 126115000, rstn = 1, data_out = 0748
Time = 126125000, rstn = 1, data_out = 074d
Time = 126135000, rstn = 1, data_out = 0754
Time = 126145000, rstn = 1, data_out = 075a
Time = 126155000, rstn = 1, data_out = 075f
Time = 126165000, rstn = 1, data_out = 0764
Time = 126175000, rstn = 1, data_out = 0769
Time = 126185000, rstn = 1, data_out = 0770
Time = 126195000, rstn = 1, data_out = 0776
Time = 126205000, rstn = 1, data_out = 077b
Time = 126215000, rstn = 1, data_out = 0780
Time = 126225000, rstn = 1, data_out = 0785
Time = 126235000, rstn = 1, data_out = 078c
Time = 126245000, rstn = 1, data_out = 0791
Time = 126255000, rstn = 1, data_out = 0796
Time = 126265000, rstn = 1, data_out = 079b
Time = 126275000, rstn = 1, data_out = 07a2
Time = 126285000, rstn = 1, data_out = 07a7
Time = 126295000, rstn = 1, data_out = 07ac
Time = 126305000, rstn = 1, data_out = 07b1
Time = 126315000, rstn = 1, data_out = 07b8
Time = 126325000, rstn = 1, data_out = 07bd
Time = 126335000, rstn = 1, data_out = 07c2
Time = 126345000, rstn = 1, data_out = 07c7
Time = 126355000, rstn = 1, data_out = 07ce
Time = 126365000, rstn = 1, data_out = 07d3
Time = 126375000, rstn = 1, data_out = 07d8
Time = 126385000, rstn = 1, data_out = 07dd
Time = 126395000, rstn = 1, data_out = 07e4
Time = 126405000, rstn = 1, data_out = 07e9
Time = 126415000, rstn = 1, data_out = 07ee
Time = 126425000, rstn = 1, data_out = 07f4
Time = 126435000, rstn = 1, data_out = 07f9
Time = 126445000, rstn = 1, data_out = 07fe
Time = 126455000, rstn = 1, data_out = 0803
Time = 126465000, rstn = 1, data_out = 080a
Time = 126475000, rstn = 1, data_out = 080f
Time = 126485000, rstn = 1, data_out = 0814
Time = 126495000, rstn = 1, data_out = 081a
Time = 126505000, rstn = 1, data_out = 081f
Time = 126515000, rstn = 1, data_out = 0824
Time = 126525000, rstn = 1, data_out = 0829
Time = 126535000, rstn = 1, data_out = 0830
Time = 126545000, rstn = 1, data_out = 0835
Time = 126555000, rstn = 1, data_out = 083a
Time = 126565000, rstn = 1, data_out = 083f
Time = 126575000, rstn = 1, data_out = 0845
Time = 126585000, rstn = 1, data_out = 084a
Time = 126595000, rstn = 1, data_out = 0850
Time = 126605000, rstn = 1, data_out = 0855
Time = 126615000, rstn = 1, data_out = 085a
Time = 126625000, rstn = 1, data_out = 0860
Time = 126635000, rstn = 1, data_out = 0865
Time = 126645000, rstn = 1, data_out = 086a
Time = 126655000, rstn = 1, data_out = 0870
Time = 126665000, rstn = 1, data_out = 0875
Time = 126675000, rstn = 1, data_out = 087a
Time = 126685000, rstn = 1, data_out = 0880
Time = 126695000, rstn = 1, data_out = 0885
Time = 126705000, rstn = 1, data_out = 088a
Time = 126715000, rstn = 1, data_out = 0890
Time = 126725000, rstn = 1, data_out = 0895
Time = 126735000, rstn = 1, data_out = 089a
Time = 126745000, rstn = 1, data_out = 08a0
Time = 126755000, rstn = 1, data_out = 08a5
Time = 126765000, rstn = 1, data_out = 08aa
Time = 126775000, rstn = 1, data_out = 08af
Time = 126785000, rstn = 1, data_out = 08b4
Time = 126795000, rstn = 1, data_out = 08b9
Time = 126805000, rstn = 1, data_out = 08bf
Time = 126815000, rstn = 1, data_out = 08c4
Time = 126825000, rstn = 1, data_out = 08ca
Time = 126835000, rstn = 1, data_out = 08cf
Time = 126845000, rstn = 1, data_out = 08d4
Time = 126855000, rstn = 1, data_out = 08d9
Time = 126865000, rstn = 1, data_out = 08de
Time = 126875000, rstn = 1, data_out = 08e4
Time = 126885000, rstn = 1, data_out = 08e9
Time = 126895000, rstn = 1, data_out = 08ee
Time = 126905000, rstn = 1, data_out = 08f3
Time = 126915000, rstn = 1, data_out = 08f8
Time = 126925000, rstn = 1, data_out = 08fe
Time = 126935000, rstn = 1, data_out = 0903
Time = 126945000, rstn = 1, data_out = 0908
Time = 126955000, rstn = 1, data_out = 090d
Time = 126965000, rstn = 1, data_out = 0912
Time = 126975000, rstn = 1, data_out = 0918
Time = 126985000, rstn = 1, data_out = 091d
Time = 126995000, rstn = 1, data_out = 0922
Time = 127005000, rstn = 1, data_out = 0927
Time = 127015000, rstn = 1, data_out = 092c
Time = 127025000, rstn = 1, data_out = 0931
Time = 127035000, rstn = 1, data_out = 0936
Time = 127045000, rstn = 1, data_out = 093c
Time = 127055000, rstn = 1, data_out = 0941
Time = 127065000, rstn = 1, data_out = 0946
Time = 127075000, rstn = 1, data_out = 094b
Time = 127085000, rstn = 1, data_out = 0950
Time = 127095000, rstn = 1, data_out = 0955
Time = 127105000, rstn = 1, data_out = 095a
Time = 127115000, rstn = 1, data_out = 095f
Time = 127125000, rstn = 1, data_out = 0964
Time = 127135000, rstn = 1, data_out = 0969
Time = 127145000, rstn = 1, data_out = 096e
Time = 127155000, rstn = 1, data_out = 0973
Time = 127165000, rstn = 1, data_out = 0978
Time = 127175000, rstn = 1, data_out = 097e
Time = 127185000, rstn = 1, data_out = 0983
Time = 127195000, rstn = 1, data_out = 0988
Time = 127205000, rstn = 1, data_out = 098d
Time = 127215000, rstn = 1, data_out = 0992
Time = 127225000, rstn = 1, data_out = 0997
Time = 127235000, rstn = 1, data_out = 099c
Time = 127245000, rstn = 1, data_out = 09a1
Time = 127255000, rstn = 1, data_out = 09a6
Time = 127265000, rstn = 1, data_out = 09ab
Time = 127275000, rstn = 1, data_out = 09b0
Time = 127285000, rstn = 1, data_out = 09b5
Time = 127295000, rstn = 1, data_out = 09ba
Time = 127305000, rstn = 1, data_out = 09bf
Time = 127315000, rstn = 1, data_out = 09c4
Time = 127325000, rstn = 1, data_out = 09c9
Time = 127335000, rstn = 1, data_out = 09ce
Time = 127345000, rstn = 1, data_out = 09d3
Time = 127355000, rstn = 1, data_out = 09d8
Time = 127365000, rstn = 1, data_out = 09dc
Time = 127375000, rstn = 1, data_out = 09e1
Time = 127385000, rstn = 1, data_out = 09e6
Time = 127395000, rstn = 1, data_out = 09eb
Time = 127405000, rstn = 1, data_out = 09f0
Time = 127415000, rstn = 1, data_out = 09f5
Time = 127425000, rstn = 1, data_out = 09fa
Time = 127435000, rstn = 1, data_out = 09ff
Time = 127445000, rstn = 1, data_out = 0a04
Time = 127455000, rstn = 1, data_out = 0a09
Time = 127465000, rstn = 1, data_out = 0a0e
Time = 127475000, rstn = 1, data_out = 0a12
Time = 127485000, rstn = 1, data_out = 0a17
Time = 127495000, rstn = 1, data_out = 0a1c
Time = 127505000, rstn = 1, data_out = 0a21
Time = 127515000, rstn = 1, data_out = 0a26
Time = 127525000, rstn = 1, data_out = 0a2b
Time = 127535000, rstn = 1, data_out = 0a30
Time = 127545000, rstn = 1, data_out = 0a34
Time = 127555000, rstn = 1, data_out = 0a39
Time = 127565000, rstn = 1, data_out = 0a3e
Time = 127575000, rstn = 1, data_out = 0a43
Time = 127585000, rstn = 1, data_out = 0a48
Time = 127595000, rstn = 1, data_out = 0a4c
Time = 127605000, rstn = 1, data_out = 0a51
Time = 127615000, rstn = 1, data_out = 0a56
Time = 127625000, rstn = 1, data_out = 0a5b
Time = 127635000, rstn = 1, data_out = 0a60
Time = 127645000, rstn = 1, data_out = 0a64
Time = 127655000, rstn = 1, data_out = 0a69
Time = 127665000, rstn = 1, data_out = 0a6e
Time = 127675000, rstn = 1, data_out = 0a73
Time = 127685000, rstn = 1, data_out = 0a78
Time = 127695000, rstn = 1, data_out = 0a7c
Time = 127705000, rstn = 1, data_out = 0a81
Time = 127715000, rstn = 1, data_out = 0a86
Time = 127725000, rstn = 1, data_out = 0a8a
Time = 127735000, rstn = 1, data_out = 0a8f
Time = 127745000, rstn = 1, data_out = 0a93
Time = 127755000, rstn = 1, data_out = 0a98
Time = 127765000, rstn = 1, data_out = 0a9d
Time = 127775000, rstn = 1, data_out = 0aa2
Time = 127785000, rstn = 1, data_out = 0aa7
Time = 127795000, rstn = 1, data_out = 0aac
Time = 127805000, rstn = 1, data_out = 0ab0
Time = 127815000, rstn = 1, data_out = 0ab5
Time = 127825000, rstn = 1, data_out = 0aba
Time = 127835000, rstn = 1, data_out = 0abd
Time = 127845000, rstn = 1, data_out = 0ac2
Time = 127855000, rstn = 1, data_out = 0ac7
Time = 127865000, rstn = 1, data_out = 0acc
Time = 127875000, rstn = 1, data_out = 0ad0
Time = 127885000, rstn = 1, data_out = 0ad5
Time = 127895000, rstn = 1, data_out = 0ada
Time = 127905000, rstn = 1, data_out = 0ade
Time = 127915000, rstn = 1, data_out = 0ae3
Time = 127925000, rstn = 1, data_out = 0ae7
Time = 127935000, rstn = 1, data_out = 0aec
Time = 127945000, rstn = 1, data_out = 0af1
Time = 127955000, rstn = 1, data_out = 0af6
Time = 127965000, rstn = 1, data_out = 0af9
Time = 127975000, rstn = 1, data_out = 0afe
Time = 127985000, rstn = 1, data_out = 0b03
Time = 127995000, rstn = 1, data_out = 0b08
Time = 128005000, rstn = 1, data_out = 0b0b
Time = 128015000, rstn = 1, data_out = 0b10
Time = 128025000, rstn = 1, data_out = 0b15
Time = 128035000, rstn = 1, data_out = 0b1a
Time = 128045000, rstn = 1, data_out = 0b1e
Time = 128055000, rstn = 1, data_out = 0b23
Time = 128065000, rstn = 1, data_out = 0b28
Time = 128075000, rstn = 1, data_out = 0b2c
Time = 128085000, rstn = 1, data_out = 0b2f
Time = 128095000, rstn = 1, data_out = 0b34
Time = 128105000, rstn = 1, data_out = 0b39
Time = 128115000, rstn = 1, data_out = 0b3e
Time = 128125000, rstn = 1, data_out = 0b41
Time = 128135000, rstn = 1, data_out = 0b46
Time = 128145000, rstn = 1, data_out = 0b4b
Time = 128155000, rstn = 1, data_out = 0b50
Time = 128165000, rstn = 1, data_out = 0b54
Time = 128175000, rstn = 1, data_out = 0b57
Time = 128185000, rstn = 1, data_out = 0b5c
Time = 128195000, rstn = 1, data_out = 0b61
Time = 128205000, rstn = 1, data_out = 0b66
Time = 128215000, rstn = 1, data_out = 0b6a
Time = 128225000, rstn = 1, data_out = 0b6d
Time = 128235000, rstn = 1, data_out = 0b72
Time = 128245000, rstn = 1, data_out = 0b77
Time = 128255000, rstn = 1, data_out = 0b7c
Time = 128265000, rstn = 1, data_out = 0b80
Time = 128275000, rstn = 1, data_out = 0b83
Time = 128285000, rstn = 1, data_out = 0b88
Time = 128295000, rstn = 1, data_out = 0b8d
Time = 128305000, rstn = 1, data_out = 0b92
Time = 128315000, rstn = 1, data_out = 0b95
Time = 128325000, rstn = 1, data_out = 0b9a
Time = 128335000, rstn = 1, data_out = 0b9d
Time = 128345000, rstn = 1, data_out = 0ba2
Time = 128355000, rstn = 1, data_out = 0ba7
Time = 128365000, rstn = 1, data_out = 0bac
Time = 128375000, rstn = 1, data_out = 0baf
Time = 128385000, rstn = 1, data_out = 0bb4
Time = 128395000, rstn = 1, data_out = 0bb7
Time = 128405000, rstn = 1, data_out = 0bbc
Time = 128415000, rstn = 1, data_out = 0bbf
Time = 128425000, rstn = 1, data_out = 0bc4
Time = 128435000, rstn = 1, data_out = 0bc9
Time = 128445000, rstn = 1, data_out = 0bce
Time = 128455000, rstn = 1, data_out = 0bd1
Time = 128465000, rstn = 1, data_out = 0bd6
Time = 128475000, rstn = 1, data_out = 0bda
Time = 128485000, rstn = 1, data_out = 0bdd
Time = 128495000, rstn = 1, data_out = 0be2
Time = 128505000, rstn = 1, data_out = 0be5
Time = 128515000, rstn = 1, data_out = 0bea
Time = 128525000, rstn = 1, data_out = 0bef
Time = 128535000, rstn = 1, data_out = 0bf4
Time = 128545000, rstn = 1, data_out = 0bf7
Time = 128555000, rstn = 1, data_out = 0bfc
Time = 128565000, rstn = 1, data_out = 0bff
Time = 128575000, rstn = 1, data_out = 0c04
Time = 128585000, rstn = 1, data_out = 0c08
Time = 128595000, rstn = 1, data_out = 0c0c
Time = 128605000, rstn = 1, data_out = 0c10
Time = 128615000, rstn = 1, data_out = 0c14
Time = 128625000, rstn = 1, data_out = 0c18
Time = 128635000, rstn = 1, data_out = 0c1c
Time = 128645000, rstn = 1, data_out = 0c20
Time = 128655000, rstn = 1, data_out = 0c24
Time = 128665000, rstn = 1, data_out = 0c27
Time = 128675000, rstn = 1, data_out = 0c2c
Time = 128685000, rstn = 1, data_out = 0c2f
Time = 128695000, rstn = 1, data_out = 0c34
Time = 128705000, rstn = 1, data_out = 0c39
Time = 128715000, rstn = 1, data_out = 0c3e
Time = 128725000, rstn = 1, data_out = 0c41
Time = 128735000, rstn = 1, data_out = 0c46
Time = 128745000, rstn = 1, data_out = 0c49
Time = 128755000, rstn = 1, data_out = 0c4e
Time = 128765000, rstn = 1, data_out = 0c52
Time = 128775000, rstn = 1, data_out = 0c56
Time = 128785000, rstn = 1, data_out = 0c5a
Time = 128795000, rstn = 1, data_out = 0c5d
Time = 128805000, rstn = 1, data_out = 0c62
Time = 128815000, rstn = 1, data_out = 0c65
Time = 128825000, rstn = 1, data_out = 0c6a
Time = 128835000, rstn = 1, data_out = 0c6d
Time = 128845000, rstn = 1, data_out = 0c70
Time = 128855000, rstn = 1, data_out = 0c73
Time = 128865000, rstn = 1, data_out = 0c78
Time = 128875000, rstn = 1, data_out = 0c7b
Time = 128885000, rstn = 1, data_out = 0c80
Time = 128895000, rstn = 1, data_out = 0c84
Time = 128905000, rstn = 1, data_out = 0c88
Time = 128915000, rstn = 1, data_out = 0c8c
Time = 128925000, rstn = 1, data_out = 0c90
Time = 128935000, rstn = 1, data_out = 0c94
Time = 128945000, rstn = 1, data_out = 0c98
Time = 128955000, rstn = 1, data_out = 0c9c
Time = 128965000, rstn = 1, data_out = 0c9f
Time = 128975000, rstn = 1, data_out = 0ca4
Time = 128985000, rstn = 1, data_out = 0ca7
Time = 128995000, rstn = 1, data_out = 0cac
Time = 129005000, rstn = 1, data_out = 0caf
Time = 129015000, rstn = 1, data_out = 0cb2
Time = 129025000, rstn = 1, data_out = 0cb5
Time = 129035000, rstn = 1, data_out = 0cba
Time = 129045000, rstn = 1, data_out = 0cbd
Time = 129055000, rstn = 1, data_out = 0cc2
Time = 129065000, rstn = 1, data_out = 0cc6
Time = 129075000, rstn = 1, data_out = 0cc9
Time = 129085000, rstn = 1, data_out = 0cce
Time = 129095000, rstn = 1, data_out = 0cd1
Time = 129105000, rstn = 1, data_out = 0cd4
Time = 129115000, rstn = 1, data_out = 0cd7
Time = 129125000, rstn = 1, data_out = 0cdc
Time = 129135000, rstn = 1, data_out = 0ce0
Time = 129145000, rstn = 1, data_out = 0ce3
Time = 129155000, rstn = 1, data_out = 0ce8
Time = 129165000, rstn = 1, data_out = 0ceb
Time = 129175000, rstn = 1, data_out = 0cee
Time = 129185000, rstn = 1, data_out = 0cf1
Time = 129195000, rstn = 1, data_out = 0cf6
Time = 129205000, rstn = 1, data_out = 0cf9
Time = 129215000, rstn = 1, data_out = 0cfe
Time = 129225000, rstn = 1, data_out = 0d01
Time = 129235000, rstn = 1, data_out = 0d04
Time = 129245000, rstn = 1, data_out = 0d07
Time = 129255000, rstn = 1, data_out = 0d0c
Time = 129265000, rstn = 1, data_out = 0d10
Time = 129275000, rstn = 1, data_out = 0d13
Time = 129285000, rstn = 1, data_out = 0d16
Time = 129295000, rstn = 1, data_out = 0d19
Time = 129305000, rstn = 1, data_out = 0d1e
Time = 129315000, rstn = 1, data_out = 0d22
Time = 129325000, rstn = 1, data_out = 0d25
Time = 129335000, rstn = 1, data_out = 0d28
Time = 129345000, rstn = 1, data_out = 0d2b
Time = 129355000, rstn = 1, data_out = 0d30
Time = 129365000, rstn = 1, data_out = 0d34
Time = 129375000, rstn = 1, data_out = 0d37
Time = 129385000, rstn = 1, data_out = 0d3a
Time = 129395000, rstn = 1, data_out = 0d3d
Time = 129405000, rstn = 1, data_out = 0d42
Time = 129415000, rstn = 1, data_out = 0d45
Time = 129425000, rstn = 1, data_out = 0d48
Time = 129435000, rstn = 1, data_out = 0d4b
Time = 129445000, rstn = 1, data_out = 0d50
Time = 129455000, rstn = 1, data_out = 0d53
Time = 129465000, rstn = 1, data_out = 0d56
Time = 129475000, rstn = 1, data_out = 0d5a
Time = 129485000, rstn = 1, data_out = 0d5d
Time = 129495000, rstn = 1, data_out = 0d60
Time = 129505000, rstn = 1, data_out = 0d63
Time = 129515000, rstn = 1, data_out = 0d68
Time = 129525000, rstn = 1, data_out = 0d6b
Time = 129535000, rstn = 1, data_out = 0d6e
Time = 129545000, rstn = 1, data_out = 0d71
Time = 129555000, rstn = 1, data_out = 0d75
Time = 129565000, rstn = 1, data_out = 0d78
Time = 129575000, rstn = 1, data_out = 0d7c
Time = 129585000, rstn = 1, data_out = 0d7f
Time = 129595000, rstn = 1, data_out = 0d82
Time = 129605000, rstn = 1, data_out = 0d86
Time = 129615000, rstn = 1, data_out = 0d89
Time = 129625000, rstn = 1, data_out = 0d8c
Time = 129635000, rstn = 1, data_out = 0d90
Time = 129645000, rstn = 1, data_out = 0d93
Time = 129655000, rstn = 1, data_out = 0d96
Time = 129665000, rstn = 1, data_out = 0d9a
Time = 129675000, rstn = 1, data_out = 0d9d
Time = 129685000, rstn = 1, data_out = 0da0
Time = 129695000, rstn = 1, data_out = 0da4
Time = 129705000, rstn = 1, data_out = 0da7
Time = 129715000, rstn = 1, data_out = 0daa
Time = 129725000, rstn = 1, data_out = 0dad
Time = 129735000, rstn = 1, data_out = 0db0
Time = 129745000, rstn = 1, data_out = 0db3
Time = 129755000, rstn = 1, data_out = 0db7
Time = 129765000, rstn = 1, data_out = 0dba
Time = 129775000, rstn = 1, data_out = 0dbe
Time = 129785000, rstn = 1, data_out = 0dc1
Time = 129795000, rstn = 1, data_out = 0dc4
Time = 129805000, rstn = 1, data_out = 0dc7
Time = 129815000, rstn = 1, data_out = 0dca
Time = 129825000, rstn = 1, data_out = 0dcd
Time = 129835000, rstn = 1, data_out = 0dd0
Time = 129845000, rstn = 1, data_out = 0dd4
Time = 129855000, rstn = 1, data_out = 0dd7
Time = 129865000, rstn = 1, data_out = 0dda
Time = 129875000, rstn = 1, data_out = 0ddd
Time = 129885000, rstn = 1, data_out = 0de0
Time = 129895000, rstn = 1, data_out = 0de3
Time = 129905000, rstn = 1, data_out = 0de6
Time = 129915000, rstn = 1, data_out = 0dea
Time = 129925000, rstn = 1, data_out = 0ded
Time = 129935000, rstn = 1, data_out = 0df0
Time = 129945000, rstn = 1, data_out = 0df3
Time = 129955000, rstn = 1, data_out = 0df6
Time = 129965000, rstn = 1, data_out = 0df9
Time = 129975000, rstn = 1, data_out = 0dfc
Time = 129985000, rstn = 1, data_out = 0dff
Time = 129995000, rstn = 1, data_out = 0e02
Time = 130005000, rstn = 1, data_out = 0e05
Time = 130015000, rstn = 1, data_out = 0e08
Time = 130025000, rstn = 1, data_out = 0e0b
Time = 130035000, rstn = 1, data_out = 0e0e
Time = 130045000, rstn = 1, data_out = 0e11
Time = 130055000, rstn = 1, data_out = 0e14
Time = 130065000, rstn = 1, data_out = 0e17
Time = 130075000, rstn = 1, data_out = 0e1a
Time = 130085000, rstn = 1, data_out = 0e1d
Time = 130095000, rstn = 1, data_out = 0e20
Time = 130105000, rstn = 1, data_out = 0e23
Time = 130115000, rstn = 1, data_out = 0e26
Time = 130125000, rstn = 1, data_out = 0e28
Time = 130135000, rstn = 1, data_out = 0e2b
Time = 130145000, rstn = 1, data_out = 0e2e
Time = 130155000, rstn = 1, data_out = 0e31
Time = 130165000, rstn = 1, data_out = 0e34
Time = 130175000, rstn = 1, data_out = 0e37
Time = 130185000, rstn = 1, data_out = 0e3a
Time = 130195000, rstn = 1, data_out = 0e3d
Time = 130205000, rstn = 1, data_out = 0e40
Time = 130215000, rstn = 1, data_out = 0e42
Time = 130225000, rstn = 1, data_out = 0e45
Time = 130235000, rstn = 1, data_out = 0e48
Time = 130245000, rstn = 1, data_out = 0e4b
Time = 130255000, rstn = 1, data_out = 0e4e
Time = 130265000, rstn = 1, data_out = 0e50
Time = 130275000, rstn = 1, data_out = 0e53
Time = 130285000, rstn = 1, data_out = 0e56
Time = 130295000, rstn = 1, data_out = 0e59
Time = 130305000, rstn = 1, data_out = 0e5c
Time = 130315000, rstn = 1, data_out = 0e5e
Time = 130325000, rstn = 1, data_out = 0e61
Time = 130335000, rstn = 1, data_out = 0e63
Time = 130345000, rstn = 1, data_out = 0e66
Time = 130355000, rstn = 1, data_out = 0e69
Time = 130365000, rstn = 1, data_out = 0e6c
Time = 130375000, rstn = 1, data_out = 0e6f
Time = 130385000, rstn = 1, data_out = 0e72
Time = 130395000, rstn = 1, data_out = 0e74
Time = 130405000, rstn = 1, data_out = 0e77
Time = 130415000, rstn = 1, data_out = 0e7a
Time = 130425000, rstn = 1, data_out = 0e7c
Time = 130435000, rstn = 1, data_out = 0e7f
Time = 130445000, rstn = 1, data_out = 0e81
Time = 130455000, rstn = 1, data_out = 0e84
Time = 130465000, rstn = 1, data_out = 0e87
Time = 130475000, rstn = 1, data_out = 0e8a
Time = 130485000, rstn = 1, data_out = 0e8b
Time = 130495000, rstn = 1, data_out = 0e8e
Time = 130505000, rstn = 1, data_out = 0e91
Time = 130515000, rstn = 1, data_out = 0e94
Time = 130525000, rstn = 1, data_out = 0e96
Time = 130535000, rstn = 1, data_out = 0e99
Time = 130545000, rstn = 1, data_out = 0e9c
Time = 130555000, rstn = 1, data_out = 0e9d
Time = 130565000, rstn = 1, data_out = 0ea0
Time = 130575000, rstn = 1, data_out = 0ea3
Time = 130585000, rstn = 1, data_out = 0ea6
Time = 130595000, rstn = 1, data_out = 0ea7
Time = 130605000, rstn = 1, data_out = 0eaa
Time = 130615000, rstn = 1, data_out = 0ead
Time = 130625000, rstn = 1, data_out = 0eb0
Time = 130635000, rstn = 1, data_out = 0eb1
Time = 130645000, rstn = 1, data_out = 0eb4
Time = 130655000, rstn = 1, data_out = 0eb7
Time = 130665000, rstn = 1, data_out = 0eba
Time = 130675000, rstn = 1, data_out = 0ebc
Time = 130685000, rstn = 1, data_out = 0ebd
Time = 130695000, rstn = 1, data_out = 0ec0
Time = 130705000, rstn = 1, data_out = 0ec3
Time = 130715000, rstn = 1, data_out = 0ec6
Time = 130725000, rstn = 1, data_out = 0ec8
Time = 130735000, rstn = 1, data_out = 0ec9
Time = 130745000, rstn = 1, data_out = 0ecc
Time = 130755000, rstn = 1, data_out = 0ecf
Time = 130765000, rstn = 1, data_out = 0ed2
Time = 130775000, rstn = 1, data_out = 0ed3
Time = 130785000, rstn = 1, data_out = 0ed6
Time = 130795000, rstn = 1, data_out = 0ed7
Time = 130805000, rstn = 1, data_out = 0eda
Time = 130815000, rstn = 1, data_out = 0edd
Time = 130825000, rstn = 1, data_out = 0ee0
Time = 130835000, rstn = 1, data_out = 0ee1
Time = 130845000, rstn = 1, data_out = 0ee4
Time = 130855000, rstn = 1, data_out = 0ee6
Time = 130865000, rstn = 1, data_out = 0ee7
Time = 130875000, rstn = 1, data_out = 0eea
Time = 130885000, rstn = 1, data_out = 0eed
Time = 130895000, rstn = 1, data_out = 0ef0
Time = 130905000, rstn = 1, data_out = 0ef1
Time = 130915000, rstn = 1, data_out = 0ef4
Time = 130925000, rstn = 1, data_out = 0ef6
Time = 130935000, rstn = 1, data_out = 0ef7
Time = 130945000, rstn = 1, data_out = 0efa
Time = 130955000, rstn = 1, data_out = 0efb
Time = 130965000, rstn = 1, data_out = 0efe
Time = 130975000, rstn = 1, data_out = 0f01
Time = 130985000, rstn = 1, data_out = 0f04
Time = 130995000, rstn = 1, data_out = 0f05
Time = 131005000, rstn = 1, data_out = 0f08
Time = 131015000, rstn = 1, data_out = 0f09
Time = 131025000, rstn = 1, data_out = 0f0c
Time = 131035000, rstn = 1, data_out = 0f0e
Time = 131045000, rstn = 1, data_out = 0f10
Time = 131055000, rstn = 1, data_out = 0f12
Time = 131065000, rstn = 1, data_out = 0f14
Time = 131075000, rstn = 1, data_out = 0f16
Time = 131085000, rstn = 1, data_out = 0f18
Time = 131095000, rstn = 1, data_out = 0f1a
Time = 131105000, rstn = 1, data_out = 0f1c
Time = 131115000, rstn = 1, data_out = 0f1e
Time = 131125000, rstn = 1, data_out = 0f20
Time = 131135000, rstn = 1, data_out = 0f22
Time = 131145000, rstn = 1, data_out = 0f24
Time = 131155000, rstn = 1, data_out = 0f26
Time = 131165000, rstn = 1, data_out = 0f28
Time = 131175000, rstn = 1, data_out = 0f2a
Time = 131185000, rstn = 1, data_out = 0f2c
Time = 131195000, rstn = 1, data_out = 0f2e
Time = 131205000, rstn = 1, data_out = 0f30
Time = 131215000, rstn = 1, data_out = 0f32
Time = 131225000, rstn = 1, data_out = 0f34
Time = 131235000, rstn = 1, data_out = 0f36
Time = 131245000, rstn = 1, data_out = 0f38
Time = 131255000, rstn = 1, data_out = 0f3a
Time = 131265000, rstn = 1, data_out = 0f3c
Time = 131275000, rstn = 1, data_out = 0f3e
Time = 131285000, rstn = 1, data_out = 0f40
Time = 131295000, rstn = 1, data_out = 0f41
Time = 131305000, rstn = 1, data_out = 0f44
Time = 131315000, rstn = 1, data_out = 0f45
Time = 131325000, rstn = 1, data_out = 0f48
Time = 131335000, rstn = 1, data_out = 0f49
Time = 131345000, rstn = 1, data_out = 0f4a
Time = 131355000, rstn = 1, data_out = 0f4b
Time = 131365000, rstn = 1, data_out = 0f4e
Time = 131375000, rstn = 1, data_out = 0f4f
Time = 131385000, rstn = 1, data_out = 0f52
Time = 131395000, rstn = 1, data_out = 0f54
Time = 131405000, rstn = 1, data_out = 0f55
Time = 131415000, rstn = 1, data_out = 0f58
Time = 131425000, rstn = 1, data_out = 0f59
Time = 131435000, rstn = 1, data_out = 0f5a
Time = 131445000, rstn = 1, data_out = 0f5b
Time = 131455000, rstn = 1, data_out = 0f5e
Time = 131465000, rstn = 1, data_out = 0f60
Time = 131475000, rstn = 1, data_out = 0f61
Time = 131485000, rstn = 1, data_out = 0f64
Time = 131495000, rstn = 1, data_out = 0f65
Time = 131505000, rstn = 1, data_out = 0f66
Time = 131515000, rstn = 1, data_out = 0f67
Time = 131525000, rstn = 1, data_out = 0f6a
Time = 131535000, rstn = 1, data_out = 0f6b
Time = 131545000, rstn = 1, data_out = 0f6e
Time = 131555000, rstn = 1, data_out = 0f6f
Time = 131565000, rstn = 1, data_out = 0f70
Time = 131575000, rstn = 1, data_out = 0f71
Time = 131585000, rstn = 1, data_out = 0f74
Time = 131595000, rstn = 1, data_out = 0f76
Time = 131605000, rstn = 1, data_out = 0f77
Time = 131615000, rstn = 1, data_out = 0f78
Time = 131625000, rstn = 1, data_out = 0f79
Time = 131635000, rstn = 1, data_out = 0f7c
Time = 131645000, rstn = 1, data_out = 0f7e
Time = 131655000, rstn = 1, data_out = 0f7f
Time = 131665000, rstn = 1, data_out = 0f80
Time = 131675000, rstn = 1, data_out = 0f81
Time = 131685000, rstn = 1, data_out = 0f84
Time = 131695000, rstn = 1, data_out = 0f85
Time = 131705000, rstn = 1, data_out = 0f86
Time = 131715000, rstn = 1, data_out = 0f87
Time = 131725000, rstn = 1, data_out = 0f8a
Time = 131735000, rstn = 1, data_out = 0f8b
Time = 131745000, rstn = 1, data_out = 0f8c
Time = 131755000, rstn = 1, data_out = 0f8e
Time = 131765000, rstn = 1, data_out = 0f8f
Time = 131775000, rstn = 1, data_out = 0f90
Time = 131785000, rstn = 1, data_out = 0f91
Time = 131795000, rstn = 1, data_out = 0f94
Time = 131805000, rstn = 1, data_out = 0f95
Time = 131815000, rstn = 1, data_out = 0f96
Time = 131825000, rstn = 1, data_out = 0f97
Time = 131835000, rstn = 1, data_out = 0f99
Time = 131845000, rstn = 1, data_out = 0f9a
Time = 131855000, rstn = 1, data_out = 0f9c
Time = 131865000, rstn = 1, data_out = 0f9d
Time = 131875000, rstn = 1, data_out = 0f9e
Time = 131885000, rstn = 1, data_out = 0fa0
Time = 131895000, rstn = 1, data_out = 0fa1
Time = 131905000, rstn = 1, data_out = 0fa2
Time = 131915000, rstn = 1, data_out = 0fa4
Time = 131925000, rstn = 1, data_out = 0fa5
Time = 131935000, rstn = 1, data_out = 0fa6
Time = 131945000, rstn = 1, data_out = 0fa8
Time = 131955000, rstn = 1, data_out = 0fa9
Time = 131965000, rstn = 1, data_out = 0faa
Time = 131975000, rstn = 1, data_out = 0fab
Time = 131985000, rstn = 1, data_out = 0fac
Time = 131995000, rstn = 1, data_out = 0fae
Time = 132005000, rstn = 1, data_out = 0faf
Time = 132015000, rstn = 1, data_out = 0fb0
Time = 132025000, rstn = 1, data_out = 0fb1
Time = 132035000, rstn = 1, data_out = 0fb2
Time = 132045000, rstn = 1, data_out = 0fb4
Time = 132055000, rstn = 1, data_out = 0fb5
Time = 132065000, rstn = 1, data_out = 0fb6
Time = 132075000, rstn = 1, data_out = 0fb7
Time = 132085000, rstn = 1, data_out = 0fb8
Time = 132095000, rstn = 1, data_out = 0fb9
Time = 132105000, rstn = 1, data_out = 0fba
Time = 132115000, rstn = 1, data_out = 0fbc
Time = 132125000, rstn = 1, data_out = 0fbd
Time = 132135000, rstn = 1, data_out = 0fbe
Time = 132145000, rstn = 1, data_out = 0fbf
Time = 132155000, rstn = 1, data_out = 0fc0
Time = 132165000, rstn = 1, data_out = 0fc1
Time = 132175000, rstn = 1, data_out = 0fc2
Time = 132185000, rstn = 1, data_out = 0fc3
Time = 132195000, rstn = 1, data_out = 0fc4
Time = 132205000, rstn = 1, data_out = 0fc5
Time = 132215000, rstn = 1, data_out = 0fc6
Time = 132225000, rstn = 1, data_out = 0fc7
Time = 132235000, rstn = 1, data_out = 0fc8
Time = 132245000, rstn = 1, data_out = 0fc9
Time = 132255000, rstn = 1, data_out = 0fca
Time = 132265000, rstn = 1, data_out = 0fcb
Time = 132275000, rstn = 1, data_out = 0fcc
Time = 132285000, rstn = 1, data_out = 0fcd
Time = 132295000, rstn = 1, data_out = 0fce
Time = 132305000, rstn = 1, data_out = 0fcf
Time = 132315000, rstn = 1, data_out = 0fd0
Time = 132325000, rstn = 1, data_out = 0fd1
Time = 132335000, rstn = 1, data_out = 0fd2
Time = 132355000, rstn = 1, data_out = 0fd3
Time = 132365000, rstn = 1, data_out = 0fd4
Time = 132375000, rstn = 1, data_out = 0fd5
Time = 132385000, rstn = 1, data_out = 0fd6
Time = 132395000, rstn = 1, data_out = 0fd7
Time = 132405000, rstn = 1, data_out = 0fd8
Time = 132425000, rstn = 1, data_out = 0fd9
Time = 132435000, rstn = 1, data_out = 0fda
Time = 132445000, rstn = 1, data_out = 0fdb
Time = 132455000, rstn = 1, data_out = 0fdc
Time = 132475000, rstn = 1, data_out = 0fdd
Time = 132485000, rstn = 1, data_out = 0fde
Time = 132495000, rstn = 1, data_out = 0fdf
Time = 132505000, rstn = 1, data_out = 0fe0
Time = 132525000, rstn = 1, data_out = 0fe1
Time = 132535000, rstn = 1, data_out = 0fe2
Time = 132555000, rstn = 1, data_out = 0fe3
Time = 132565000, rstn = 1, data_out = 0fe4
Time = 132585000, rstn = 1, data_out = 0fe5
Time = 132595000, rstn = 1, data_out = 0fe6
Time = 132615000, rstn = 1, data_out = 0fe7
Time = 132635000, rstn = 1, data_out = 0fe8
Time = 132645000, rstn = 1, data_out = 0fe9
Time = 132655000, rstn = 1, data_out = 0fea
Time = 132665000, rstn = 1, data_out = 0fe9
Time = 132675000, rstn = 1, data_out = 0fea
Time = 132685000, rstn = 1, data_out = 0feb
Time = 132695000, rstn = 1, data_out = 0fec
Time = 132715000, rstn = 1, data_out = 0fed
Time = 132725000, rstn = 1, data_out = 0fee
Time = 132735000, rstn = 1, data_out = 0fed
Time = 132745000, rstn = 1, data_out = 0fee
Time = 132755000, rstn = 1, data_out = 0fef
Time = 132765000, rstn = 1, data_out = 0ff0
Time = 132775000, rstn = 1, data_out = 0fef
Time = 132785000, rstn = 1, data_out = 0ff0
Time = 132795000, rstn = 1, data_out = 0ff1
Time = 132805000, rstn = 1, data_out = 0ff2
Time = 132825000, rstn = 1, data_out = 0ff1
Time = 132835000, rstn = 1, data_out = 0ff2
Time = 132845000, rstn = 1, data_out = 0ff3
Time = 132855000, rstn = 1, data_out = 0ff4
Time = 132875000, rstn = 1, data_out = 0ff3
Time = 132885000, rstn = 1, data_out = 0ff4
Time = 132895000, rstn = 1, data_out = 0ff5
Time = 132905000, rstn = 1, data_out = 0ff6
Time = 132915000, rstn = 1, data_out = 0ff5
Time = 132925000, rstn = 1, data_out = 0ff6
Time = 132935000, rstn = 1, data_out = 0ff5
Time = 132945000, rstn = 1, data_out = 0ff6
Time = 132955000, rstn = 1, data_out = 0ff7
Time = 132965000, rstn = 1, data_out = 0ff8
Time = 132975000, rstn = 1, data_out = 0ff7
Time = 132985000, rstn = 1, data_out = 0ff8
Time = 133005000, rstn = 1, data_out = 0ff7
Time = 133015000, rstn = 1, data_out = 0ff8
Time = 133025000, rstn = 1, data_out = 0ff9
Time = 133035000, rstn = 1, data_out = 0ffa
Time = 133045000, rstn = 1, data_out = 0ff9
Time = 133055000, rstn = 1, data_out = 0ffa
Time = 133065000, rstn = 1, data_out = 0ff9
Time = 133075000, rstn = 1, data_out = 0ffa
Time = 133095000, rstn = 1, data_out = 0ff9
Time = 133105000, rstn = 1, data_out = 0ffa
Time = 133115000, rstn = 1, data_out = 0ff9
Time = 133125000, rstn = 1, data_out = 0ffa
Time = 133135000, rstn = 1, data_out = 0ffb
Time = 133145000, rstn = 1, data_out = 0ffc
Time = 133155000, rstn = 1, data_out = 0ffb
Time = 133165000, rstn = 1, data_out = 0ffc
Time = 133175000, rstn = 1, data_out = 0ffb
Time = 133185000, rstn = 1, data_out = 0ffc
Time = 133365000, rstn = 1, data_out = 0ffb
Time = 133375000, rstn = 1, data_out = 0ffc
Time = 133385000, rstn = 1, data_out = 0ffb
Time = 133395000, rstn = 1, data_out = 0ffc
Time = 133405000, rstn = 1, data_out = 0ffb
Time = 133415000, rstn = 1, data_out = 0ffa
Time = 133425000, rstn = 1, data_out = 0ff9
Time = 133435000, rstn = 1, data_out = 0ffa
Time = 133445000, rstn = 1, data_out = 0ff9
Time = 133455000, rstn = 1, data_out = 0ffa
Time = 133475000, rstn = 1, data_out = 0ff9
Time = 133485000, rstn = 1, data_out = 0ffa
Time = 133495000, rstn = 1, data_out = 0ff9
Time = 133505000, rstn = 1, data_out = 0ffa
Time = 133515000, rstn = 1, data_out = 0ff9
Time = 133525000, rstn = 1, data_out = 0ff8
Time = 133535000, rstn = 1, data_out = 0ff7
Time = 133545000, rstn = 1, data_out = 0ff8
Time = 133565000, rstn = 1, data_out = 0ff7
Time = 133575000, rstn = 1, data_out = 0ff8
Time = 133585000, rstn = 1, data_out = 0ff7
Time = 133595000, rstn = 1, data_out = 0ff6
Time = 133605000, rstn = 1, data_out = 0ff5
Time = 133615000, rstn = 1, data_out = 0ff6
Time = 133625000, rstn = 1, data_out = 0ff5
Time = 133635000, rstn = 1, data_out = 0ff6
Time = 133645000, rstn = 1, data_out = 0ff5
Time = 133655000, rstn = 1, data_out = 0ff4
Time = 133665000, rstn = 1, data_out = 0ff3
Time = 133675000, rstn = 1, data_out = 0ff4
Time = 133695000, rstn = 1, data_out = 0ff3
Time = 133705000, rstn = 1, data_out = 0ff2
Time = 133715000, rstn = 1, data_out = 0ff1
Time = 133725000, rstn = 1, data_out = 0ff2
Time = 133745000, rstn = 1, data_out = 0ff1
Time = 133755000, rstn = 1, data_out = 0ff0
Time = 133765000, rstn = 1, data_out = 0fef
Time = 133775000, rstn = 1, data_out = 0ff0
Time = 133785000, rstn = 1, data_out = 0fef
Time = 133795000, rstn = 1, data_out = 0fee
Time = 133805000, rstn = 1, data_out = 0fed
Time = 133815000, rstn = 1, data_out = 0fee
Time = 133825000, rstn = 1, data_out = 0fed
Time = 133835000, rstn = 1, data_out = 0fec
Time = 133855000, rstn = 1, data_out = 0feb
Time = 133865000, rstn = 1, data_out = 0fea
Time = 133875000, rstn = 1, data_out = 0fe9
Time = 133885000, rstn = 1, data_out = 0fea
Time = 133895000, rstn = 1, data_out = 0fe9
Time = 133905000, rstn = 1, data_out = 0fe8
Time = 133915000, rstn = 1, data_out = 0fe7
Time = 133935000, rstn = 1, data_out = 0fe6
Time = 133955000, rstn = 1, data_out = 0fe5
Time = 133965000, rstn = 1, data_out = 0fe4
Time = 133985000, rstn = 1, data_out = 0fe3
Time = 133995000, rstn = 1, data_out = 0fe2
Time = 134015000, rstn = 1, data_out = 0fe1
Time = 134025000, rstn = 1, data_out = 0fe0
Time = 134045000, rstn = 1, data_out = 0fdf
Time = 134055000, rstn = 1, data_out = 0fde
Time = 134065000, rstn = 1, data_out = 0fdd
Time = 134075000, rstn = 1, data_out = 0fdc
Time = 134095000, rstn = 1, data_out = 0fdb
Time = 134105000, rstn = 1, data_out = 0fda
Time = 134115000, rstn = 1, data_out = 0fd9
Time = 134125000, rstn = 1, data_out = 0fd8
Time = 134145000, rstn = 1, data_out = 0fd7
Time = 134155000, rstn = 1, data_out = 0fd6
Time = 134165000, rstn = 1, data_out = 0fd5
Time = 134175000, rstn = 1, data_out = 0fd4
Time = 134185000, rstn = 1, data_out = 0fd3
Time = 134195000, rstn = 1, data_out = 0fd2
Time = 134215000, rstn = 1, data_out = 0fd1
Time = 134225000, rstn = 1, data_out = 0fd0
Time = 134235000, rstn = 1, data_out = 0fcf
Time = 134245000, rstn = 1, data_out = 0fce
Time = 134255000, rstn = 1, data_out = 0fcd
Time = 134265000, rstn = 1, data_out = 0fcc
Time = 134275000, rstn = 1, data_out = 0fcb
Time = 134285000, rstn = 1, data_out = 0fca
Time = 134295000, rstn = 1, data_out = 0fc9
Time = 134305000, rstn = 1, data_out = 0fc8
Time = 134315000, rstn = 1, data_out = 0fc7
Time = 134325000, rstn = 1, data_out = 0fc6
Time = 134335000, rstn = 1, data_out = 0fc5
Time = 134345000, rstn = 1, data_out = 0fc4
Time = 134355000, rstn = 1, data_out = 0fc3
Time = 134365000, rstn = 1, data_out = 0fc2
Time = 134375000, rstn = 1, data_out = 0fc1
Time = 134385000, rstn = 1, data_out = 0fc0
Time = 134395000, rstn = 1, data_out = 0fbf
Time = 134405000, rstn = 1, data_out = 0fbe
Time = 134415000, rstn = 1, data_out = 0fbd
Time = 134425000, rstn = 1, data_out = 0fbc
Time = 134435000, rstn = 1, data_out = 0fba
Time = 134445000, rstn = 1, data_out = 0fb9
Time = 134455000, rstn = 1, data_out = 0fb8
Time = 134465000, rstn = 1, data_out = 0fb7
Time = 134475000, rstn = 1, data_out = 0fb6
Time = 134485000, rstn = 1, data_out = 0fb5
Time = 134495000, rstn = 1, data_out = 0fb4
Time = 134505000, rstn = 1, data_out = 0fb2
Time = 134515000, rstn = 1, data_out = 0fb1
Time = 134525000, rstn = 1, data_out = 0fb0
Time = 134535000, rstn = 1, data_out = 0faf
Time = 134545000, rstn = 1, data_out = 0fae
Time = 134555000, rstn = 1, data_out = 0fac
Time = 134565000, rstn = 1, data_out = 0fab
Time = 134575000, rstn = 1, data_out = 0faa
Time = 134585000, rstn = 1, data_out = 0fa9
Time = 134595000, rstn = 1, data_out = 0fa8
Time = 134605000, rstn = 1, data_out = 0fa6
Time = 134615000, rstn = 1, data_out = 0fa5
Time = 134625000, rstn = 1, data_out = 0fa4
Time = 134635000, rstn = 1, data_out = 0fa2
Time = 134645000, rstn = 1, data_out = 0fa1
Time = 134655000, rstn = 1, data_out = 0fa0
Time = 134665000, rstn = 1, data_out = 0f9e
Time = 134675000, rstn = 1, data_out = 0f9d
Time = 134685000, rstn = 1, data_out = 0f9c
Time = 134695000, rstn = 1, data_out = 0f9a
Time = 134705000, rstn = 1, data_out = 0f99
Time = 134715000, rstn = 1, data_out = 0f97
Time = 134725000, rstn = 1, data_out = 0f96
Time = 134735000, rstn = 1, data_out = 0f95
Time = 134745000, rstn = 1, data_out = 0f94
Time = 134755000, rstn = 1, data_out = 0f91
Time = 134765000, rstn = 1, data_out = 0f90
Time = 134775000, rstn = 1, data_out = 0f8f
Time = 134785000, rstn = 1, data_out = 0f8e
Time = 134795000, rstn = 1, data_out = 0f8c
Time = 134805000, rstn = 1, data_out = 0f8b
Time = 134815000, rstn = 1, data_out = 0f8a
Time = 134825000, rstn = 1, data_out = 0f87
Time = 134835000, rstn = 1, data_out = 0f86
Time = 134845000, rstn = 1, data_out = 0f85
Time = 134855000, rstn = 1, data_out = 0f84
Time = 134865000, rstn = 1, data_out = 0f81
Time = 134875000, rstn = 1, data_out = 0f80
Time = 134885000, rstn = 1, data_out = 0f7f
Time = 134895000, rstn = 1, data_out = 0f7e
Time = 134905000, rstn = 1, data_out = 0f7c
Time = 134915000, rstn = 1, data_out = 0f79
Time = 134925000, rstn = 1, data_out = 0f78
Time = 134935000, rstn = 1, data_out = 0f77
Time = 134945000, rstn = 1, data_out = 0f76
Time = 134955000, rstn = 1, data_out = 0f74
Time = 134965000, rstn = 1, data_out = 0f71
Time = 134975000, rstn = 1, data_out = 0f70
Time = 134985000, rstn = 1, data_out = 0f6f
Time = 134995000, rstn = 1, data_out = 0f6e
Time = 135005000, rstn = 1, data_out = 0f6b
Time = 135015000, rstn = 1, data_out = 0f6a
Time = 135025000, rstn = 1, data_out = 0f67
Time = 135035000, rstn = 1, data_out = 0f66
Time = 135045000, rstn = 1, data_out = 0f65
Time = 135055000, rstn = 1, data_out = 0f64
Time = 135065000, rstn = 1, data_out = 0f61
Time = 135075000, rstn = 1, data_out = 0f60
Time = 135085000, rstn = 1, data_out = 0f5e
Time = 135095000, rstn = 1, data_out = 0f5b
Time = 135105000, rstn = 1, data_out = 0f5a
Time = 135115000, rstn = 1, data_out = 0f59
Time = 135125000, rstn = 1, data_out = 0f58
Time = 135135000, rstn = 1, data_out = 0f55
Time = 135145000, rstn = 1, data_out = 0f54
Time = 135155000, rstn = 1, data_out = 0f52
Time = 135165000, rstn = 1, data_out = 0f4f
Time = 135175000, rstn = 1, data_out = 0f4e
Time = 135185000, rstn = 1, data_out = 0f4b
Time = 135195000, rstn = 1, data_out = 0f4a
Time = 135205000, rstn = 1, data_out = 0f49
Time = 135215000, rstn = 1, data_out = 0f48
Time = 135225000, rstn = 1, data_out = 0f45
Time = 135235000, rstn = 1, data_out = 0f44
Time = 135245000, rstn = 1, data_out = 0f41
Time = 135255000, rstn = 1, data_out = 0f40
Time = 135265000, rstn = 1, data_out = 0f3e
Time = 135275000, rstn = 1, data_out = 0f3c
Time = 135285000, rstn = 1, data_out = 0f3a
Time = 135295000, rstn = 1, data_out = 0f38
Time = 135305000, rstn = 1, data_out = 0f36
Time = 135315000, rstn = 1, data_out = 0f34
Time = 135325000, rstn = 1, data_out = 0f32
Time = 135335000, rstn = 1, data_out = 0f30
Time = 135345000, rstn = 1, data_out = 0f2e
Time = 135355000, rstn = 1, data_out = 0f2c
Time = 135365000, rstn = 1, data_out = 0f2a
Time = 135375000, rstn = 1, data_out = 0f28
Time = 135385000, rstn = 1, data_out = 0f26
Time = 135395000, rstn = 1, data_out = 0f24
Time = 135405000, rstn = 1, data_out = 0f22
Time = 135415000, rstn = 1, data_out = 0f20
Time = 135425000, rstn = 1, data_out = 0f1e
Time = 135435000, rstn = 1, data_out = 0f1c
Time = 135445000, rstn = 1, data_out = 0f1a
Time = 135455000, rstn = 1, data_out = 0f18
Time = 135465000, rstn = 1, data_out = 0f16
Time = 135475000, rstn = 1, data_out = 0f14
Time = 135485000, rstn = 1, data_out = 0f12
Time = 135495000, rstn = 1, data_out = 0f10
Time = 135505000, rstn = 1, data_out = 0f0e
Time = 135515000, rstn = 1, data_out = 0f0c
Time = 135525000, rstn = 1, data_out = 0f09
Time = 135535000, rstn = 1, data_out = 0f08
Time = 135545000, rstn = 1, data_out = 0f05
Time = 135555000, rstn = 1, data_out = 0f04
Time = 135565000, rstn = 1, data_out = 0f01
Time = 135575000, rstn = 1, data_out = 0efe
Time = 135585000, rstn = 1, data_out = 0efb
Time = 135595000, rstn = 1, data_out = 0efa
Time = 135605000, rstn = 1, data_out = 0ef7
Time = 135615000, rstn = 1, data_out = 0ef6
Time = 135625000, rstn = 1, data_out = 0ef4
Time = 135635000, rstn = 1, data_out = 0ef1
Time = 135645000, rstn = 1, data_out = 0ef0
Time = 135655000, rstn = 1, data_out = 0eed
Time = 135665000, rstn = 1, data_out = 0eea
Time = 135675000, rstn = 1, data_out = 0ee7
Time = 135685000, rstn = 1, data_out = 0ee6
Time = 135695000, rstn = 1, data_out = 0ee4
Time = 135705000, rstn = 1, data_out = 0ee1
Time = 135715000, rstn = 1, data_out = 0ee0
Time = 135725000, rstn = 1, data_out = 0edd
Time = 135735000, rstn = 1, data_out = 0eda
Time = 135745000, rstn = 1, data_out = 0ed7
Time = 135755000, rstn = 1, data_out = 0ed6
Time = 135765000, rstn = 1, data_out = 0ed3
Time = 135775000, rstn = 1, data_out = 0ed2
Time = 135785000, rstn = 1, data_out = 0ecf
Time = 135795000, rstn = 1, data_out = 0ecc
Time = 135805000, rstn = 1, data_out = 0ec9
Time = 135815000, rstn = 1, data_out = 0ec8
Time = 135825000, rstn = 1, data_out = 0ec6
Time = 135835000, rstn = 1, data_out = 0ec3
Time = 135845000, rstn = 1, data_out = 0ec0
Time = 135855000, rstn = 1, data_out = 0ebd
Time = 135865000, rstn = 1, data_out = 0ebc
Time = 135875000, rstn = 1, data_out = 0eba
Time = 135885000, rstn = 1, data_out = 0eb7
Time = 135895000, rstn = 1, data_out = 0eb4
Time = 135905000, rstn = 1, data_out = 0eb1
Time = 135915000, rstn = 1, data_out = 0eb0
Time = 135925000, rstn = 1, data_out = 0ead
Time = 135935000, rstn = 1, data_out = 0eaa
Time = 135945000, rstn = 1, data_out = 0ea7
Time = 135955000, rstn = 1, data_out = 0ea6
Time = 135965000, rstn = 1, data_out = 0ea3
Time = 135975000, rstn = 1, data_out = 0ea0
Time = 135985000, rstn = 1, data_out = 0e9d
Time = 135995000, rstn = 1, data_out = 0e9c
Time = 136005000, rstn = 1, data_out = 0e99
Time = 136015000, rstn = 1, data_out = 0e96
Time = 136025000, rstn = 1, data_out = 0e94
Time = 136035000, rstn = 1, data_out = 0e91
Time = 136045000, rstn = 1, data_out = 0e8e
Time = 136055000, rstn = 1, data_out = 0e8b
Time = 136065000, rstn = 1, data_out = 0e8a
Time = 136075000, rstn = 1, data_out = 0e87
Time = 136085000, rstn = 1, data_out = 0e84
Time = 136095000, rstn = 1, data_out = 0e81
Time = 136105000, rstn = 1, data_out = 0e7f
Time = 136115000, rstn = 1, data_out = 0e7c
Time = 136125000, rstn = 1, data_out = 0e7a
Time = 136135000, rstn = 1, data_out = 0e77
Time = 136145000, rstn = 1, data_out = 0e74
Time = 136155000, rstn = 1, data_out = 0e72
Time = 136165000, rstn = 1, data_out = 0e6f
Time = 136175000, rstn = 1, data_out = 0e6c
Time = 136185000, rstn = 1, data_out = 0e69
Time = 136195000, rstn = 1, data_out = 0e66
Time = 136205000, rstn = 1, data_out = 0e63
Time = 136215000, rstn = 1, data_out = 0e61
Time = 136225000, rstn = 1, data_out = 0e5e
Time = 136235000, rstn = 1, data_out = 0e5c
Time = 136245000, rstn = 1, data_out = 0e59
Time = 136255000, rstn = 1, data_out = 0e56
Time = 136265000, rstn = 1, data_out = 0e53
Time = 136275000, rstn = 1, data_out = 0e50
Time = 136285000, rstn = 1, data_out = 0e4e
Time = 136295000, rstn = 1, data_out = 0e4b
Time = 136305000, rstn = 1, data_out = 0e48
Time = 136315000, rstn = 1, data_out = 0e45
Time = 136325000, rstn = 1, data_out = 0e42
Time = 136335000, rstn = 1, data_out = 0e40
Time = 136345000, rstn = 1, data_out = 0e3d
Time = 136355000, rstn = 1, data_out = 0e3a
Time = 136365000, rstn = 1, data_out = 0e37
Time = 136375000, rstn = 1, data_out = 0e34
Time = 136385000, rstn = 1, data_out = 0e31
Time = 136395000, rstn = 1, data_out = 0e2e
Time = 136405000, rstn = 1, data_out = 0e2b
Time = 136415000, rstn = 1, data_out = 0e28
Time = 136425000, rstn = 1, data_out = 0e26
Time = 136435000, rstn = 1, data_out = 0e23
Time = 136445000, rstn = 1, data_out = 0e20
Time = 136455000, rstn = 1, data_out = 0e1d
Time = 136465000, rstn = 1, data_out = 0e1a
Time = 136475000, rstn = 1, data_out = 0e17
Time = 136485000, rstn = 1, data_out = 0e14
Time = 136495000, rstn = 1, data_out = 0e11
Time = 136505000, rstn = 1, data_out = 0e0e
Time = 136515000, rstn = 1, data_out = 0e0b
Time = 136525000, rstn = 1, data_out = 0e08
Time = 136535000, rstn = 1, data_out = 0e05
Time = 136545000, rstn = 1, data_out = 0e02
Time = 136555000, rstn = 1, data_out = 0dff
Time = 136565000, rstn = 1, data_out = 0dfc
Time = 136575000, rstn = 1, data_out = 0df9
Time = 136585000, rstn = 1, data_out = 0df6
Time = 136595000, rstn = 1, data_out = 0df3
Time = 136605000, rstn = 1, data_out = 0df0
Time = 136615000, rstn = 1, data_out = 0ded
Time = 136625000, rstn = 1, data_out = 0dea
Time = 136635000, rstn = 1, data_out = 0de6
Time = 136645000, rstn = 1, data_out = 0de3
Time = 136655000, rstn = 1, data_out = 0de0
Time = 136665000, rstn = 1, data_out = 0ddd
Time = 136675000, rstn = 1, data_out = 0dda
Time = 136685000, rstn = 1, data_out = 0dd7
Time = 136695000, rstn = 1, data_out = 0dd4
Time = 136705000, rstn = 1, data_out = 0dd0
Time = 136715000, rstn = 1, data_out = 0dcd
Time = 136725000, rstn = 1, data_out = 0dca
Time = 136735000, rstn = 1, data_out = 0dc7
Time = 136745000, rstn = 1, data_out = 0dc4
Time = 136755000, rstn = 1, data_out = 0dc1
Time = 136765000, rstn = 1, data_out = 0dbe
Time = 136775000, rstn = 1, data_out = 0dba
Time = 136785000, rstn = 1, data_out = 0db7
Time = 136795000, rstn = 1, data_out = 0db3
Time = 136805000, rstn = 1, data_out = 0db0
Time = 136815000, rstn = 1, data_out = 0dad
Time = 136825000, rstn = 1, data_out = 0daa
Time = 136835000, rstn = 1, data_out = 0da7
Time = 136845000, rstn = 1, data_out = 0da4
Time = 136855000, rstn = 1, data_out = 0da0
Time = 136865000, rstn = 1, data_out = 0d9d
Time = 136875000, rstn = 1, data_out = 0d9a
Time = 136885000, rstn = 1, data_out = 0d96
Time = 136895000, rstn = 1, data_out = 0d93
Time = 136905000, rstn = 1, data_out = 0d90
Time = 136915000, rstn = 1, data_out = 0d8c
Time = 136925000, rstn = 1, data_out = 0d89
Time = 136935000, rstn = 1, data_out = 0d86
Time = 136945000, rstn = 1, data_out = 0d82
Time = 136955000, rstn = 1, data_out = 0d7f
Time = 136965000, rstn = 1, data_out = 0d7c
Time = 136975000, rstn = 1, data_out = 0d78
Time = 136985000, rstn = 1, data_out = 0d75
Time = 136995000, rstn = 1, data_out = 0d71
Time = 137005000, rstn = 1, data_out = 0d6e
Time = 137015000, rstn = 1, data_out = 0d6b
Time = 137025000, rstn = 1, data_out = 0d68
Time = 137035000, rstn = 1, data_out = 0d63
Time = 137045000, rstn = 1, data_out = 0d60
Time = 137055000, rstn = 1, data_out = 0d5d
Time = 137065000, rstn = 1, data_out = 0d5a
Time = 137075000, rstn = 1, data_out = 0d56
Time = 137085000, rstn = 1, data_out = 0d53
Time = 137095000, rstn = 1, data_out = 0d50
Time = 137105000, rstn = 1, data_out = 0d4b
Time = 137115000, rstn = 1, data_out = 0d48
Time = 137125000, rstn = 1, data_out = 0d45
Time = 137135000, rstn = 1, data_out = 0d42
Time = 137145000, rstn = 1, data_out = 0d3d
Time = 137155000, rstn = 1, data_out = 0d3a
Time = 137165000, rstn = 1, data_out = 0d37
Time = 137175000, rstn = 1, data_out = 0d34
Time = 137185000, rstn = 1, data_out = 0d30
Time = 137195000, rstn = 1, data_out = 0d2b
Time = 137205000, rstn = 1, data_out = 0d28
Time = 137215000, rstn = 1, data_out = 0d25
Time = 137225000, rstn = 1, data_out = 0d22
Time = 137235000, rstn = 1, data_out = 0d1e
Time = 137245000, rstn = 1, data_out = 0d19
Time = 137255000, rstn = 1, data_out = 0d16
Time = 137265000, rstn = 1, data_out = 0d13
Time = 137275000, rstn = 1, data_out = 0d10
Time = 137285000, rstn = 1, data_out = 0d0c
Time = 137295000, rstn = 1, data_out = 0d07
Time = 137305000, rstn = 1, data_out = 0d04
Time = 137315000, rstn = 1, data_out = 0d01
Time = 137325000, rstn = 1, data_out = 0cfe
Time = 137335000, rstn = 1, data_out = 0cf9
Time = 137345000, rstn = 1, data_out = 0cf6
Time = 137355000, rstn = 1, data_out = 0cf1
Time = 137365000, rstn = 1, data_out = 0cee
Time = 137375000, rstn = 1, data_out = 0ceb
Time = 137385000, rstn = 1, data_out = 0ce8
Time = 137395000, rstn = 1, data_out = 0ce3
Time = 137405000, rstn = 1, data_out = 0ce0
Time = 137415000, rstn = 1, data_out = 0cdc
Time = 137425000, rstn = 1, data_out = 0cd7
Time = 137435000, rstn = 1, data_out = 0cd4
Time = 137445000, rstn = 1, data_out = 0cd1
Time = 137455000, rstn = 1, data_out = 0cce
Time = 137465000, rstn = 1, data_out = 0cc9
Time = 137475000, rstn = 1, data_out = 0cc6
Time = 137485000, rstn = 1, data_out = 0cc2
Time = 137495000, rstn = 1, data_out = 0cbd
Time = 137505000, rstn = 1, data_out = 0cba
Time = 137515000, rstn = 1, data_out = 0cb5
Time = 137525000, rstn = 1, data_out = 0cb2
Time = 137535000, rstn = 1, data_out = 0caf
Time = 137545000, rstn = 1, data_out = 0cac
Time = 137555000, rstn = 1, data_out = 0ca7
Time = 137565000, rstn = 1, data_out = 0ca4
Time = 137575000, rstn = 1, data_out = 0c9f
Time = 137585000, rstn = 1, data_out = 0c9c
Time = 137595000, rstn = 1, data_out = 0c98
Time = 137605000, rstn = 1, data_out = 0c94
Time = 137615000, rstn = 1, data_out = 0c90
Time = 137625000, rstn = 1, data_out = 0c8c
Time = 137635000, rstn = 1, data_out = 0c88
Time = 137645000, rstn = 1, data_out = 0c84
Time = 137655000, rstn = 1, data_out = 0c80
Time = 137665000, rstn = 1, data_out = 0c7b
Time = 137675000, rstn = 1, data_out = 0c78
Time = 137685000, rstn = 1, data_out = 0c73
Time = 137695000, rstn = 1, data_out = 0c70
Time = 137705000, rstn = 1, data_out = 0c6d
Time = 137715000, rstn = 1, data_out = 0c6a
Time = 137725000, rstn = 1, data_out = 0c65
Time = 137735000, rstn = 1, data_out = 0c62
Time = 137745000, rstn = 1, data_out = 0c5d
Time = 137755000, rstn = 1, data_out = 0c5a
Time = 137765000, rstn = 1, data_out = 0c56
Time = 137775000, rstn = 1, data_out = 0c52
Time = 137785000, rstn = 1, data_out = 0c4e
Time = 137795000, rstn = 1, data_out = 0c49
Time = 137805000, rstn = 1, data_out = 0c46
Time = 137815000, rstn = 1, data_out = 0c41
Time = 137825000, rstn = 1, data_out = 0c3e
Time = 137835000, rstn = 1, data_out = 0c39
Time = 137845000, rstn = 1, data_out = 0c34
Time = 137855000, rstn = 1, data_out = 0c2f
Time = 137865000, rstn = 1, data_out = 0c2c
Time = 137875000, rstn = 1, data_out = 0c27
Time = 137885000, rstn = 1, data_out = 0c24
Time = 137895000, rstn = 1, data_out = 0c20
Time = 137905000, rstn = 1, data_out = 0c1c
Time = 137915000, rstn = 1, data_out = 0c18
Time = 137925000, rstn = 1, data_out = 0c14
Time = 137935000, rstn = 1, data_out = 0c10
Time = 137945000, rstn = 1, data_out = 0c0c
Time = 137955000, rstn = 1, data_out = 0c08
Time = 137965000, rstn = 1, data_out = 0c04
Time = 137975000, rstn = 1, data_out = 0bff
Time = 137985000, rstn = 1, data_out = 0bfc
Time = 137995000, rstn = 1, data_out = 0bf7
Time = 138005000, rstn = 1, data_out = 0bf4
Time = 138015000, rstn = 1, data_out = 0bef
Time = 138025000, rstn = 1, data_out = 0bea
Time = 138035000, rstn = 1, data_out = 0be5
Time = 138045000, rstn = 1, data_out = 0be2
Time = 138055000, rstn = 1, data_out = 0bdd
Time = 138065000, rstn = 1, data_out = 0bda
Time = 138075000, rstn = 1, data_out = 0bd6
Time = 138085000, rstn = 1, data_out = 0bd1
Time = 138095000, rstn = 1, data_out = 0bce
Time = 138105000, rstn = 1, data_out = 0bc9
Time = 138115000, rstn = 1, data_out = 0bc4
Time = 138125000, rstn = 1, data_out = 0bbf
Time = 138135000, rstn = 1, data_out = 0bbc
Time = 138145000, rstn = 1, data_out = 0bb7
Time = 138155000, rstn = 1, data_out = 0bb4
Time = 138165000, rstn = 1, data_out = 0baf
Time = 138175000, rstn = 1, data_out = 0bac
Time = 138185000, rstn = 1, data_out = 0ba7
Time = 138195000, rstn = 1, data_out = 0ba2
Time = 138205000, rstn = 1, data_out = 0b9d
Time = 138215000, rstn = 1, data_out = 0b9a
Time = 138225000, rstn = 1, data_out = 0b95
Time = 138235000, rstn = 1, data_out = 0b92
Time = 138245000, rstn = 1, data_out = 0b8d
Time = 138255000, rstn = 1, data_out = 0b88
Time = 138265000, rstn = 1, data_out = 0b83
Time = 138275000, rstn = 1, data_out = 0b80
Time = 138285000, rstn = 1, data_out = 0b7c
Time = 138295000, rstn = 1, data_out = 0b77
Time = 138305000, rstn = 1, data_out = 0b72
Time = 138315000, rstn = 1, data_out = 0b6d
Time = 138325000, rstn = 1, data_out = 0b6a
Time = 138335000, rstn = 1, data_out = 0b66
Time = 138345000, rstn = 1, data_out = 0b61
Time = 138355000, rstn = 1, data_out = 0b5c
Time = 138365000, rstn = 1, data_out = 0b57
Time = 138375000, rstn = 1, data_out = 0b54
Time = 138385000, rstn = 1, data_out = 0b50
Time = 138395000, rstn = 1, data_out = 0b4b
Time = 138405000, rstn = 1, data_out = 0b46
Time = 138415000, rstn = 1, data_out = 0b41
Time = 138425000, rstn = 1, data_out = 0b3e
Time = 138435000, rstn = 1, data_out = 0b39
Time = 138445000, rstn = 1, data_out = 0b34
Time = 138455000, rstn = 1, data_out = 0b2f
Time = 138465000, rstn = 1, data_out = 0b2c
Time = 138475000, rstn = 1, data_out = 0b28
Time = 138485000, rstn = 1, data_out = 0b23
Time = 138495000, rstn = 1, data_out = 0b1e
Time = 138505000, rstn = 1, data_out = 0b1a
Time = 138515000, rstn = 1, data_out = 0b15
Time = 138525000, rstn = 1, data_out = 0b10
Time = 138535000, rstn = 1, data_out = 0b0b
Time = 138545000, rstn = 1, data_out = 0b08
Time = 138555000, rstn = 1, data_out = 0b03
Time = 138565000, rstn = 1, data_out = 0afe
Time = 138575000, rstn = 1, data_out = 0af9
Time = 138585000, rstn = 1, data_out = 0af6
Time = 138595000, rstn = 1, data_out = 0af1
Time = 138605000, rstn = 1, data_out = 0aec
Time = 138615000, rstn = 1, data_out = 0ae7
Time = 138625000, rstn = 1, data_out = 0ae3
Time = 138635000, rstn = 1, data_out = 0ade
Time = 138645000, rstn = 1, data_out = 0ada
Time = 138655000, rstn = 1, data_out = 0ad5
Time = 138665000, rstn = 1, data_out = 0ad0
Time = 138675000, rstn = 1, data_out = 0acc
Time = 138685000, rstn = 1, data_out = 0ac7
Time = 138695000, rstn = 1, data_out = 0ac2
Time = 138705000, rstn = 1, data_out = 0abd
Time = 138715000, rstn = 1, data_out = 0aba
Time = 138725000, rstn = 1, data_out = 0ab5
Time = 138735000, rstn = 1, data_out = 0ab0
Time = 138745000, rstn = 1, data_out = 0aac
Time = 138755000, rstn = 1, data_out = 0aa7
Time = 138765000, rstn = 1, data_out = 0aa2
Time = 138775000, rstn = 1, data_out = 0a9d
Time = 138785000, rstn = 1, data_out = 0a98
Time = 138795000, rstn = 1, data_out = 0a93
Time = 138805000, rstn = 1, data_out = 0a8f
Time = 138815000, rstn = 1, data_out = 0a8a
Time = 138825000, rstn = 1, data_out = 0a86
Time = 138835000, rstn = 1, data_out = 0a81
Time = 138845000, rstn = 1, data_out = 0a7c
Time = 138855000, rstn = 1, data_out = 0a78
Time = 138865000, rstn = 1, data_out = 0a73
Time = 138875000, rstn = 1, data_out = 0a6e
Time = 138885000, rstn = 1, data_out = 0a69
Time = 138895000, rstn = 1, data_out = 0a64
Time = 138905000, rstn = 1, data_out = 0a60
Time = 138915000, rstn = 1, data_out = 0a5b
Time = 138925000, rstn = 1, data_out = 0a56
Time = 138935000, rstn = 1, data_out = 0a51
Time = 138945000, rstn = 1, data_out = 0a4c
Time = 138955000, rstn = 1, data_out = 0a48
Time = 138965000, rstn = 1, data_out = 0a43
Time = 138975000, rstn = 1, data_out = 0a3e
Time = 138985000, rstn = 1, data_out = 0a39
Time = 138995000, rstn = 1, data_out = 0a34
Time = 139005000, rstn = 1, data_out = 0a30
Time = 139015000, rstn = 1, data_out = 0a2b
Time = 139025000, rstn = 1, data_out = 0a26
Time = 139035000, rstn = 1, data_out = 0a21
Time = 139045000, rstn = 1, data_out = 0a1c
Time = 139055000, rstn = 1, data_out = 0a17
Time = 139065000, rstn = 1, data_out = 0a12
Time = 139075000, rstn = 1, data_out = 0a0e
Time = 139085000, rstn = 1, data_out = 0a09
Time = 139095000, rstn = 1, data_out = 0a04
Time = 139105000, rstn = 1, data_out = 09ff
Time = 139115000, rstn = 1, data_out = 09fa
Time = 139125000, rstn = 1, data_out = 09f5
Time = 139135000, rstn = 1, data_out = 09f0
Time = 139145000, rstn = 1, data_out = 09eb
Time = 139155000, rstn = 1, data_out = 09e6
Time = 139165000, rstn = 1, data_out = 09e1
Time = 139175000, rstn = 1, data_out = 09dc
Time = 139185000, rstn = 1, data_out = 09d8
Time = 139195000, rstn = 1, data_out = 09d3
Time = 139205000, rstn = 1, data_out = 09ce
Time = 139215000, rstn = 1, data_out = 09c9
Time = 139225000, rstn = 1, data_out = 09c4
Time = 139235000, rstn = 1, data_out = 09bf
Time = 139245000, rstn = 1, data_out = 09ba
Time = 139255000, rstn = 1, data_out = 09b5
Time = 139265000, rstn = 1, data_out = 09b0
Time = 139275000, rstn = 1, data_out = 09ab
Time = 139285000, rstn = 1, data_out = 09a6
Time = 139295000, rstn = 1, data_out = 09a1
Time = 139305000, rstn = 1, data_out = 099c
Time = 139315000, rstn = 1, data_out = 0997
Time = 139325000, rstn = 1, data_out = 0992
Time = 139335000, rstn = 1, data_out = 098d
Time = 139345000, rstn = 1, data_out = 0988
Time = 139355000, rstn = 1, data_out = 0983
Time = 139365000, rstn = 1, data_out = 097e
Time = 139375000, rstn = 1, data_out = 0978
Time = 139385000, rstn = 1, data_out = 0973
Time = 139395000, rstn = 1, data_out = 096e
Time = 139405000, rstn = 1, data_out = 0969
Time = 139415000, rstn = 1, data_out = 0964
Time = 139425000, rstn = 1, data_out = 095f
Time = 139435000, rstn = 1, data_out = 095a
Time = 139445000, rstn = 1, data_out = 0955
Time = 139455000, rstn = 1, data_out = 0950
Time = 139465000, rstn = 1, data_out = 094b
Time = 139475000, rstn = 1, data_out = 0946
Time = 139485000, rstn = 1, data_out = 0941
Time = 139495000, rstn = 1, data_out = 093c
Time = 139505000, rstn = 1, data_out = 0936
Time = 139515000, rstn = 1, data_out = 0931
Time = 139525000, rstn = 1, data_out = 092c
Time = 139535000, rstn = 1, data_out = 0927
Time = 139545000, rstn = 1, data_out = 0922
Time = 139555000, rstn = 1, data_out = 091d
Time = 139565000, rstn = 1, data_out = 0918
Time = 139575000, rstn = 1, data_out = 0912
Time = 139585000, rstn = 1, data_out = 090d
Time = 139595000, rstn = 1, data_out = 0908
Time = 139605000, rstn = 1, data_out = 0903
Time = 139615000, rstn = 1, data_out = 08fe
Time = 139625000, rstn = 1, data_out = 08f8
Time = 139635000, rstn = 1, data_out = 08f3
Time = 139645000, rstn = 1, data_out = 08ee
Time = 139655000, rstn = 1, data_out = 08e9
Time = 139665000, rstn = 1, data_out = 08e4
Time = 139675000, rstn = 1, data_out = 08de
Time = 139685000, rstn = 1, data_out = 08d9
Time = 139695000, rstn = 1, data_out = 08d4
Time = 139705000, rstn = 1, data_out = 08cf
Time = 139715000, rstn = 1, data_out = 08ca
Time = 139725000, rstn = 1, data_out = 08c4
Time = 139735000, rstn = 1, data_out = 08bf
Time = 139745000, rstn = 1, data_out = 08b9
Time = 139755000, rstn = 1, data_out = 08b4
Time = 139765000, rstn = 1, data_out = 08af
Time = 139775000, rstn = 1, data_out = 08aa
Time = 139785000, rstn = 1, data_out = 08a5
Time = 139795000, rstn = 1, data_out = 08a0
Time = 139805000, rstn = 1, data_out = 089a
Time = 139815000, rstn = 1, data_out = 0895
Time = 139825000, rstn = 1, data_out = 0890
Time = 139835000, rstn = 1, data_out = 088a
Time = 139845000, rstn = 1, data_out = 0885
Time = 139855000, rstn = 1, data_out = 0880
Time = 139865000, rstn = 1, data_out = 087a
Time = 139875000, rstn = 1, data_out = 0875
Time = 139885000, rstn = 1, data_out = 0870
Time = 139895000, rstn = 1, data_out = 086a
Time = 139905000, rstn = 1, data_out = 0865
Time = 139915000, rstn = 1, data_out = 0860
Time = 139925000, rstn = 1, data_out = 085a
Time = 139935000, rstn = 1, data_out = 0855
Time = 139945000, rstn = 1, data_out = 0850
Time = 139955000, rstn = 1, data_out = 084a
Time = 139965000, rstn = 1, data_out = 0845
Time = 139975000, rstn = 1, data_out = 083f
Time = 139985000, rstn = 1, data_out = 083a
Time = 139995000, rstn = 1, data_out = 0835
Time = 140005000, rstn = 1, data_out = 0830
Time = 140015000, rstn = 1, data_out = 0829
Time = 140025000, rstn = 1, data_out = 0824
Time = 140035000, rstn = 1, data_out = 081f
Time = 140045000, rstn = 1, data_out = 081a
Time = 140055000, rstn = 1, data_out = 0814
Time = 140065000, rstn = 1, data_out = 080f
Time = 140075000, rstn = 1, data_out = 080a
Time = 140085000, rstn = 1, data_out = 0803
Time = 140095000, rstn = 1, data_out = 07fe
Time = 140105000, rstn = 1, data_out = 07f9
Time = 140115000, rstn = 1, data_out = 07f4
Time = 140125000, rstn = 1, data_out = 07ee
Time = 140135000, rstn = 1, data_out = 07e9
Time = 140145000, rstn = 1, data_out = 07e4
Time = 140155000, rstn = 1, data_out = 07dd
Time = 140165000, rstn = 1, data_out = 07d8
Time = 140175000, rstn = 1, data_out = 07d3
Time = 140185000, rstn = 1, data_out = 07ce
Time = 140195000, rstn = 1, data_out = 07c7
Time = 140205000, rstn = 1, data_out = 07c2
Time = 140215000, rstn = 1, data_out = 07bd
Time = 140225000, rstn = 1, data_out = 07b8
Time = 140235000, rstn = 1, data_out = 07b1
Time = 140245000, rstn = 1, data_out = 07ac
Time = 140255000, rstn = 1, data_out = 07a7
Time = 140265000, rstn = 1, data_out = 07a2
Time = 140275000, rstn = 1, data_out = 079b
Time = 140285000, rstn = 1, data_out = 0796
Time = 140295000, rstn = 1, data_out = 0791
Time = 140305000, rstn = 1, data_out = 078c
Time = 140315000, rstn = 1, data_out = 0785
Time = 140325000, rstn = 1, data_out = 0780
Time = 140335000, rstn = 1, data_out = 077b
Time = 140345000, rstn = 1, data_out = 0776
Time = 140355000, rstn = 1, data_out = 0770
Time = 140365000, rstn = 1, data_out = 0769
Time = 140375000, rstn = 1, data_out = 0764
Time = 140385000, rstn = 1, data_out = 075f
Time = 140395000, rstn = 1, data_out = 075a
Time = 140405000, rstn = 1, data_out = 0754
Time = 140415000, rstn = 1, data_out = 074d
Time = 140425000, rstn = 1, data_out = 0748
Time = 140435000, rstn = 1, data_out = 0743
Time = 140445000, rstn = 1, data_out = 073e
Time = 140455000, rstn = 1, data_out = 0737
Time = 140465000, rstn = 1, data_out = 0732
Time = 140475000, rstn = 1, data_out = 072d
Time = 140485000, rstn = 1, data_out = 0728
Time = 140495000, rstn = 1, data_out = 0721
Time = 140505000, rstn = 1, data_out = 071c
Time = 140515000, rstn = 1, data_out = 0715
Time = 140525000, rstn = 1, data_out = 0710
Time = 140535000, rstn = 1, data_out = 070b
Time = 140545000, rstn = 1, data_out = 0706
Time = 140555000, rstn = 1, data_out = 0700
Time = 140565000, rstn = 1, data_out = 06f9
Time = 140575000, rstn = 1, data_out = 06f4
Time = 140585000, rstn = 1, data_out = 06ef
Time = 140595000, rstn = 1, data_out = 06ea
Time = 140605000, rstn = 1, data_out = 06e3
Time = 140615000, rstn = 1, data_out = 06de
Time = 140625000, rstn = 1, data_out = 06d7
Time = 140635000, rstn = 1, data_out = 06d2
Time = 140645000, rstn = 1, data_out = 06cd
Time = 140655000, rstn = 1, data_out = 06c8
Time = 140665000, rstn = 1, data_out = 06c1
Time = 140675000, rstn = 1, data_out = 06bc
Time = 140685000, rstn = 1, data_out = 06b6
Time = 140695000, rstn = 1, data_out = 06af
Time = 140705000, rstn = 1, data_out = 06aa
Time = 140715000, rstn = 1, data_out = 06a5
Time = 140725000, rstn = 1, data_out = 06a0
Time = 140735000, rstn = 1, data_out = 0699
Time = 140745000, rstn = 1, data_out = 0694
Time = 140755000, rstn = 1, data_out = 068e
Time = 140765000, rstn = 1, data_out = 0687
Time = 140775000, rstn = 1, data_out = 0682
Time = 140785000, rstn = 1, data_out = 067d
Time = 140795000, rstn = 1, data_out = 0678
Time = 140805000, rstn = 1, data_out = 0671
Time = 140815000, rstn = 1, data_out = 066c
Time = 140825000, rstn = 1, data_out = 0665
Time = 140835000, rstn = 1, data_out = 0660
Time = 140845000, rstn = 1, data_out = 0659
Time = 140855000, rstn = 1, data_out = 0654
Time = 140865000, rstn = 1, data_out = 064f
Time = 140875000, rstn = 1, data_out = 064a
Time = 140885000, rstn = 1, data_out = 0643
Time = 140895000, rstn = 1, data_out = 063e
Time = 140905000, rstn = 1, data_out = 0638
Time = 140915000, rstn = 1, data_out = 0631
Time = 140925000, rstn = 1, data_out = 062c
Time = 140935000, rstn = 1, data_out = 0625
Time = 140945000, rstn = 1, data_out = 0620
Time = 140955000, rstn = 1, data_out = 061b
Time = 140965000, rstn = 1, data_out = 0616
Time = 140975000, rstn = 1, data_out = 060f
Time = 140985000, rstn = 1, data_out = 060a
Time = 140995000, rstn = 1, data_out = 0603
Time = 141005000, rstn = 1, data_out = 05fe
Time = 141015000, rstn = 1, data_out = 05f8
Time = 141025000, rstn = 1, data_out = 05f1
Time = 141035000, rstn = 1, data_out = 05ec
Time = 141045000, rstn = 1, data_out = 05e5
Time = 141055000, rstn = 1, data_out = 05e0
Time = 141065000, rstn = 1, data_out = 05db
Time = 141075000, rstn = 1, data_out = 05d6
Time = 141085000, rstn = 1, data_out = 05cf
Time = 141095000, rstn = 1, data_out = 05ca
Time = 141105000, rstn = 1, data_out = 05c3
Time = 141115000, rstn = 1, data_out = 05be
Time = 141125000, rstn = 1, data_out = 05b8
Time = 141135000, rstn = 1, data_out = 05b2
Time = 141145000, rstn = 1, data_out = 05ac
Time = 141155000, rstn = 1, data_out = 05a6
Time = 141165000, rstn = 1, data_out = 05a0
Time = 141175000, rstn = 1, data_out = 0599
Time = 141185000, rstn = 1, data_out = 0594
Time = 141195000, rstn = 1, data_out = 058d
Time = 141205000, rstn = 1, data_out = 0588
Time = 141215000, rstn = 1, data_out = 0583
Time = 141225000, rstn = 1, data_out = 057e
Time = 141235000, rstn = 1, data_out = 0577
Time = 141245000, rstn = 1, data_out = 0572
Time = 141255000, rstn = 1, data_out = 056b
Time = 141265000, rstn = 1, data_out = 0566
Time = 141275000, rstn = 1, data_out = 0560
Time = 141285000, rstn = 1, data_out = 055a
Time = 141295000, rstn = 1, data_out = 0554
Time = 141305000, rstn = 1, data_out = 054e
Time = 141315000, rstn = 1, data_out = 0548
Time = 141325000, rstn = 1, data_out = 0542
Time = 141335000, rstn = 1, data_out = 053c
Time = 141345000, rstn = 1, data_out = 0536
Time = 141355000, rstn = 1, data_out = 0530
Time = 141365000, rstn = 1, data_out = 052a
Time = 141375000, rstn = 1, data_out = 0524
Time = 141385000, rstn = 1, data_out = 051e
Time = 141395000, rstn = 1, data_out = 0518
Time = 141405000, rstn = 1, data_out = 0512
Time = 141415000, rstn = 1, data_out = 050c
Time = 141425000, rstn = 1, data_out = 0506
Time = 141435000, rstn = 1, data_out = 0500
Time = 141445000, rstn = 1, data_out = 04fa
Time = 141455000, rstn = 1, data_out = 04f4
Time = 141465000, rstn = 1, data_out = 04ee
Time = 141475000, rstn = 1, data_out = 04e8
Time = 141485000, rstn = 1, data_out = 04e2
Time = 141495000, rstn = 1, data_out = 04dc
Time = 141505000, rstn = 1, data_out = 04d6
Time = 141515000, rstn = 1, data_out = 04d0
Time = 141525000, rstn = 1, data_out = 04ca
Time = 141535000, rstn = 1, data_out = 04c4
Time = 141545000, rstn = 1, data_out = 04be
Time = 141555000, rstn = 1, data_out = 04b8
Time = 141565000, rstn = 1, data_out = 04b2
Time = 141575000, rstn = 1, data_out = 04ac
Time = 141585000, rstn = 1, data_out = 04a6
Time = 141595000, rstn = 1, data_out = 04a0
Time = 141605000, rstn = 1, data_out = 049a
Time = 141615000, rstn = 1, data_out = 0494
Time = 141625000, rstn = 1, data_out = 048e
Time = 141635000, rstn = 1, data_out = 0488
Time = 141645000, rstn = 1, data_out = 0482
Time = 141655000, rstn = 1, data_out = 047c
Time = 141665000, rstn = 1, data_out = 0476
Time = 141675000, rstn = 1, data_out = 0470
Time = 141685000, rstn = 1, data_out = 046a
Time = 141695000, rstn = 1, data_out = 0464
Time = 141705000, rstn = 1, data_out = 045e
Time = 141715000, rstn = 1, data_out = 0458
Time = 141725000, rstn = 1, data_out = 0452
Time = 141735000, rstn = 1, data_out = 044c
Time = 141745000, rstn = 1, data_out = 0446
Time = 141755000, rstn = 1, data_out = 0440
Time = 141765000, rstn = 1, data_out = 043a
Time = 141775000, rstn = 1, data_out = 0434
Time = 141785000, rstn = 1, data_out = 042e
Time = 141795000, rstn = 1, data_out = 0428
Time = 141805000, rstn = 1, data_out = 0422
Time = 141815000, rstn = 1, data_out = 041c
Time = 141825000, rstn = 1, data_out = 0416
Time = 141835000, rstn = 1, data_out = 0410
Time = 141845000, rstn = 1, data_out = 040a
Time = 141855000, rstn = 1, data_out = 0404
Time = 141865000, rstn = 1, data_out = 03fe
Time = 141875000, rstn = 1, data_out = 03f8
Time = 141885000, rstn = 1, data_out = 03f2
Time = 141895000, rstn = 1, data_out = 03eb
Time = 141905000, rstn = 1, data_out = 03e6
Time = 141915000, rstn = 1, data_out = 03df
Time = 141925000, rstn = 1, data_out = 03da
Time = 141935000, rstn = 1, data_out = 03d3
Time = 141945000, rstn = 1, data_out = 03cc
Time = 141955000, rstn = 1, data_out = 03c5
Time = 141965000, rstn = 1, data_out = 03c0
Time = 141975000, rstn = 1, data_out = 03b9
Time = 141985000, rstn = 1, data_out = 03b4
Time = 141995000, rstn = 1, data_out = 03ae
Time = 142005000, rstn = 1, data_out = 03a8
Time = 142015000, rstn = 1, data_out = 03a2
Time = 142025000, rstn = 1, data_out = 039c
Time = 142035000, rstn = 1, data_out = 0396
Time = 142045000, rstn = 1, data_out = 0390
Time = 142055000, rstn = 1, data_out = 038a
Time = 142065000, rstn = 1, data_out = 0383
Time = 142075000, rstn = 1, data_out = 037e
Time = 142085000, rstn = 1, data_out = 0377
Time = 142095000, rstn = 1, data_out = 0372
Time = 142105000, rstn = 1, data_out = 036b
Time = 142115000, rstn = 1, data_out = 0364
Time = 142125000, rstn = 1, data_out = 035d
Time = 142135000, rstn = 1, data_out = 0358
Time = 142145000, rstn = 1, data_out = 0351
Time = 142155000, rstn = 1, data_out = 034c
Time = 142165000, rstn = 1, data_out = 0346
Time = 142175000, rstn = 1, data_out = 0340
Time = 142185000, rstn = 1, data_out = 033a
Time = 142195000, rstn = 1, data_out = 0334
Time = 142205000, rstn = 1, data_out = 032d
Time = 142215000, rstn = 1, data_out = 0328
Time = 142225000, rstn = 1, data_out = 0321
Time = 142235000, rstn = 1, data_out = 031c
Time = 142245000, rstn = 1, data_out = 0315
Time = 142255000, rstn = 1, data_out = 030e
Time = 142265000, rstn = 1, data_out = 0307
Time = 142275000, rstn = 1, data_out = 0302
Time = 142285000, rstn = 1, data_out = 02fb
Time = 142295000, rstn = 1, data_out = 02f6
Time = 142305000, rstn = 1, data_out = 02f0
Time = 142315000, rstn = 1, data_out = 02ea
Time = 142325000, rstn = 1, data_out = 02e3
Time = 142335000, rstn = 1, data_out = 02de
Time = 142345000, rstn = 1, data_out = 02d7
Time = 142355000, rstn = 1, data_out = 02d2
Time = 142365000, rstn = 1, data_out = 02cb
Time = 142375000, rstn = 1, data_out = 02c4
Time = 142385000, rstn = 1, data_out = 02bd
Time = 142395000, rstn = 1, data_out = 02b8
Time = 142405000, rstn = 1, data_out = 02b1
Time = 142415000, rstn = 1, data_out = 02ac
Time = 142425000, rstn = 1, data_out = 02a5
Time = 142435000, rstn = 1, data_out = 02a0
Time = 142445000, rstn = 1, data_out = 0299
Time = 142455000, rstn = 1, data_out = 0294
Time = 142465000, rstn = 1, data_out = 028d
Time = 142475000, rstn = 1, data_out = 0286
Time = 142485000, rstn = 1, data_out = 027f
Time = 142495000, rstn = 1, data_out = 027a
Time = 142505000, rstn = 1, data_out = 0273
Time = 142515000, rstn = 1, data_out = 026e
Time = 142525000, rstn = 1, data_out = 0267
Time = 142535000, rstn = 1, data_out = 0262
Time = 142545000, rstn = 1, data_out = 025b
Time = 142555000, rstn = 1, data_out = 0256
Time = 142565000, rstn = 1, data_out = 024f
Time = 142575000, rstn = 1, data_out = 0248
Time = 142585000, rstn = 1, data_out = 0241
Time = 142595000, rstn = 1, data_out = 023c
Time = 142605000, rstn = 1, data_out = 0235
Time = 142615000, rstn = 1, data_out = 0230
Time = 142625000, rstn = 1, data_out = 022a
Time = 142635000, rstn = 1, data_out = 0223
Time = 142645000, rstn = 1, data_out = 021e
Time = 142655000, rstn = 1, data_out = 0217
Time = 142665000, rstn = 1, data_out = 0210
Time = 142675000, rstn = 1, data_out = 0209
Time = 142685000, rstn = 1, data_out = 0204
Time = 142695000, rstn = 1, data_out = 01fd
Time = 142705000, rstn = 1, data_out = 01f8
Time = 142715000, rstn = 1, data_out = 01f2
Time = 142725000, rstn = 1, data_out = 01eb
Time = 142735000, rstn = 1, data_out = 01e6
Time = 142745000, rstn = 1, data_out = 01df
Time = 142755000, rstn = 1, data_out = 01d8
Time = 142765000, rstn = 1, data_out = 01d1
Time = 142775000, rstn = 1, data_out = 01cc
Time = 142785000, rstn = 1, data_out = 01c5
Time = 142795000, rstn = 1, data_out = 01c0
Time = 142805000, rstn = 1, data_out = 01b9
Time = 142815000, rstn = 1, data_out = 01b4
Time = 142825000, rstn = 1, data_out = 01ad
Time = 142835000, rstn = 1, data_out = 01a6
Time = 142845000, rstn = 1, data_out = 019f
Time = 142855000, rstn = 1, data_out = 019a
Time = 142865000, rstn = 1, data_out = 0193
Time = 142875000, rstn = 1, data_out = 018e
Time = 142885000, rstn = 1, data_out = 0187
Time = 142895000, rstn = 1, data_out = 0182
Time = 142905000, rstn = 1, data_out = 017b
Time = 142915000, rstn = 1, data_out = 0174
Time = 142925000, rstn = 1, data_out = 016d
Time = 142935000, rstn = 1, data_out = 0168
Time = 142945000, rstn = 1, data_out = 0161
Time = 142955000, rstn = 1, data_out = 015c
Time = 142965000, rstn = 1, data_out = 0155
Time = 142975000, rstn = 1, data_out = 0150
Time = 142985000, rstn = 1, data_out = 0149
Time = 142995000, rstn = 1, data_out = 0142
Time = 143005000, rstn = 1, data_out = 013b
Time = 143015000, rstn = 1, data_out = 0136
Time = 143025000, rstn = 1, data_out = 012f
Time = 143035000, rstn = 1, data_out = 012a
Time = 143045000, rstn = 1, data_out = 0123
Time = 143055000, rstn = 1, data_out = 011e
Time = 143065000, rstn = 1, data_out = 0117
Time = 143075000, rstn = 1, data_out = 0110
Time = 143085000, rstn = 1, data_out = 0109
Time = 143095000, rstn = 1, data_out = 0104
Time = 143105000, rstn = 1, data_out = 00fe
Time = 143115000, rstn = 1, data_out = 00f7
Time = 143125000, rstn = 1, data_out = 00f2
Time = 143135000, rstn = 1, data_out = 00eb
Time = 143145000, rstn = 1, data_out = 00e4
Time = 143155000, rstn = 1, data_out = 00dd
Time = 143165000, rstn = 1, data_out = 00d8
Time = 143175000, rstn = 1, data_out = 00d1
Time = 143185000, rstn = 1, data_out = 00cc
Time = 143195000, rstn = 1, data_out = 00c5
Time = 143205000, rstn = 1, data_out = 00c0
Time = 143215000, rstn = 1, data_out = 00b9
Time = 143225000, rstn = 1, data_out = 00b2
Time = 143235000, rstn = 1, data_out = 00ab
Time = 143245000, rstn = 1, data_out = 00a6
Time = 143255000, rstn = 1, data_out = 00a0
Time = 143265000, rstn = 1, data_out = 0099
Time = 143275000, rstn = 1, data_out = 0094
Time = 143285000, rstn = 1, data_out = 008d
Time = 143295000, rstn = 1, data_out = 0086
Time = 143305000, rstn = 1, data_out = 007f
Time = 143315000, rstn = 1, data_out = 007a
Time = 143325000, rstn = 1, data_out = 0073
Time = 143335000, rstn = 1, data_out = 006e
Time = 143345000, rstn = 1, data_out = 0067
Time = 143355000, rstn = 1, data_out = 0062
Time = 143365000, rstn = 1, data_out = 005b
Time = 143375000, rstn = 1, data_out = 0054
Time = 143385000, rstn = 1, data_out = 004d
Time = 143395000, rstn = 1, data_out = 0048
Time = 143405000, rstn = 1, data_out = 0042
Time = 143415000, rstn = 1, data_out = 003b
Time = 143425000, rstn = 1, data_out = 0036
Time = 143435000, rstn = 1, data_out = 002f
Time = 143445000, rstn = 1, data_out = 0028
Time = 143455000, rstn = 1, data_out = 0021
Time = 143465000, rstn = 1, data_out = 001c
Time = 143475000, rstn = 1, data_out = 0016
Time = 143485000, rstn = 1, data_out = 000f
Time = 143495000, rstn = 1, data_out = 000a
Time = 143505000, rstn = 1, data_out = 0003
Time = 143515000, rstn = 1, data_out = fffc
Time = 143525000, rstn = 1, data_out = fff5
Time = 143535000, rstn = 1, data_out = fff0
Time = 143545000, rstn = 1, data_out = ffea
Time = 143555000, rstn = 1, data_out = ffe3
Time = 143565000, rstn = 1, data_out = ffde
Time = 143575000, rstn = 1, data_out = ffd7
Time = 143585000, rstn = 1, data_out = ffd0
Time = 143595000, rstn = 1, data_out = ffc9
Time = 143605000, rstn = 1, data_out = ffc4
Time = 143615000, rstn = 1, data_out = ffbe
Time = 143625000, rstn = 1, data_out = ffb7
Time = 143635000, rstn = 1, data_out = ffb2
Time = 143645000, rstn = 1, data_out = ffab
Time = 143655000, rstn = 1, data_out = ffa4
Time = 143665000, rstn = 1, data_out = ff9d
Time = 143675000, rstn = 1, data_out = ff98
Time = 143685000, rstn = 1, data_out = ff91
Time = 143695000, rstn = 1, data_out = ff8c
Time = 143705000, rstn = 1, data_out = ff85
Time = 143715000, rstn = 1, data_out = ff80
Time = 143725000, rstn = 1, data_out = ff79
Time = 143735000, rstn = 1, data_out = ff72
Time = 143745000, rstn = 1, data_out = ff6b
Time = 143755000, rstn = 1, data_out = ff66
Time = 143765000, rstn = 1, data_out = ff60
Time = 143775000, rstn = 1, data_out = ff59
Time = 143785000, rstn = 1, data_out = ff54
Time = 143795000, rstn = 1, data_out = ff4d
Time = 143805000, rstn = 1, data_out = ff46
Time = 143815000, rstn = 1, data_out = ff3f
Time = 143825000, rstn = 1, data_out = ff3a
Time = 143835000, rstn = 1, data_out = ff33
Time = 143845000, rstn = 1, data_out = ff2e
Time = 143855000, rstn = 1, data_out = ff27
Time = 143865000, rstn = 1, data_out = ff22
Time = 143875000, rstn = 1, data_out = ff1b
Time = 143885000, rstn = 1, data_out = ff14
Time = 143895000, rstn = 1, data_out = ff0d
Time = 143905000, rstn = 1, data_out = ff08
Time = 143915000, rstn = 1, data_out = ff02
Time = 143925000, rstn = 1, data_out = fefb
Time = 143935000, rstn = 1, data_out = fef6
Time = 143945000, rstn = 1, data_out = feef
Time = 143955000, rstn = 1, data_out = fee8
Time = 143965000, rstn = 1, data_out = fee1
Time = 143975000, rstn = 1, data_out = fedc
Time = 143985000, rstn = 1, data_out = fed5
Time = 143995000, rstn = 1, data_out = fed0
Time = 144005000, rstn = 1, data_out = fec9
Time = 144015000, rstn = 1, data_out = fec4
Time = 144025000, rstn = 1, data_out = febd
Time = 144035000, rstn = 1, data_out = feb6
Time = 144045000, rstn = 1, data_out = feaf
Time = 144055000, rstn = 1, data_out = feaa
Time = 144065000, rstn = 1, data_out = fea3
Time = 144075000, rstn = 1, data_out = fe9e
Time = 144085000, rstn = 1, data_out = fe97
Time = 144095000, rstn = 1, data_out = fe92
Time = 144105000, rstn = 1, data_out = fe8b
Time = 144115000, rstn = 1, data_out = fe84
Time = 144125000, rstn = 1, data_out = fe7d
Time = 144135000, rstn = 1, data_out = fe78
Time = 144145000, rstn = 1, data_out = fe71
Time = 144155000, rstn = 1, data_out = fe6c
Time = 144165000, rstn = 1, data_out = fe65
Time = 144175000, rstn = 1, data_out = fe60
Time = 144185000, rstn = 1, data_out = fe59
Time = 144195000, rstn = 1, data_out = fe52
Time = 144205000, rstn = 1, data_out = fe4b
Time = 144215000, rstn = 1, data_out = fe46
Time = 144225000, rstn = 1, data_out = fe3f
Time = 144235000, rstn = 1, data_out = fe3a
Time = 144245000, rstn = 1, data_out = fe33
Time = 144255000, rstn = 1, data_out = fe2e
Time = 144265000, rstn = 1, data_out = fe27
Time = 144275000, rstn = 1, data_out = fe20
Time = 144285000, rstn = 1, data_out = fe19
Time = 144295000, rstn = 1, data_out = fe14
Time = 144305000, rstn = 1, data_out = fe0d
Time = 144315000, rstn = 1, data_out = fe08
Time = 144325000, rstn = 1, data_out = fe02
Time = 144335000, rstn = 1, data_out = fdfb
Time = 144345000, rstn = 1, data_out = fdf6
Time = 144355000, rstn = 1, data_out = fdef
Time = 144365000, rstn = 1, data_out = fde8
Time = 144375000, rstn = 1, data_out = fde1
Time = 144385000, rstn = 1, data_out = fddc
Time = 144395000, rstn = 1, data_out = fdd5
Time = 144405000, rstn = 1, data_out = fdd0
Time = 144415000, rstn = 1, data_out = fdca
Time = 144425000, rstn = 1, data_out = fdc3
Time = 144435000, rstn = 1, data_out = fdbe
Time = 144445000, rstn = 1, data_out = fdb7
Time = 144455000, rstn = 1, data_out = fdb0
Time = 144465000, rstn = 1, data_out = fda9
Time = 144475000, rstn = 1, data_out = fda4
Time = 144485000, rstn = 1, data_out = fd9d
Time = 144495000, rstn = 1, data_out = fd98
Time = 144505000, rstn = 1, data_out = fd91
Time = 144515000, rstn = 1, data_out = fd8c
Time = 144525000, rstn = 1, data_out = fd85
Time = 144535000, rstn = 1, data_out = fd80
Time = 144545000, rstn = 1, data_out = fd79
Time = 144555000, rstn = 1, data_out = fd72
Time = 144565000, rstn = 1, data_out = fd6b
Time = 144575000, rstn = 1, data_out = fd66
Time = 144585000, rstn = 1, data_out = fd5f
Time = 144595000, rstn = 1, data_out = fd5a
Time = 144605000, rstn = 1, data_out = fd53
Time = 144615000, rstn = 1, data_out = fd4e
Time = 144625000, rstn = 1, data_out = fd47
Time = 144635000, rstn = 1, data_out = fd42
Time = 144645000, rstn = 1, data_out = fd3b
Time = 144655000, rstn = 1, data_out = fd34
Time = 144665000, rstn = 1, data_out = fd2d
Time = 144675000, rstn = 1, data_out = fd28
Time = 144685000, rstn = 1, data_out = fd21
Time = 144695000, rstn = 1, data_out = fd1c
Time = 144705000, rstn = 1, data_out = fd16
Time = 144715000, rstn = 1, data_out = fd10
Time = 144725000, rstn = 1, data_out = fd09
Time = 144735000, rstn = 1, data_out = fd04
Time = 144745000, rstn = 1, data_out = fcfd
Time = 144755000, rstn = 1, data_out = fcf8
Time = 144765000, rstn = 1, data_out = fcf1
Time = 144775000, rstn = 1, data_out = fcea
Time = 144785000, rstn = 1, data_out = fce3
Time = 144795000, rstn = 1, data_out = fcde
Time = 144805000, rstn = 1, data_out = fcd7
Time = 144815000, rstn = 1, data_out = fcd2
Time = 144825000, rstn = 1, data_out = fccc
Time = 144835000, rstn = 1, data_out = fcc6
Time = 144845000, rstn = 1, data_out = fcc0
Time = 144855000, rstn = 1, data_out = fcba
Time = 144865000, rstn = 1, data_out = fcb3
Time = 144875000, rstn = 1, data_out = fcae
Time = 144885000, rstn = 1, data_out = fca7
Time = 144895000, rstn = 1, data_out = fca2
Time = 144905000, rstn = 1, data_out = fc9b
Time = 144915000, rstn = 1, data_out = fc94
Time = 144925000, rstn = 1, data_out = fc8d
Time = 144935000, rstn = 1, data_out = fc88
Time = 144945000, rstn = 1, data_out = fc81
Time = 144955000, rstn = 1, data_out = fc7c
Time = 144965000, rstn = 1, data_out = fc76
Time = 144975000, rstn = 1, data_out = fc70
Time = 144985000, rstn = 1, data_out = fc6a
Time = 144995000, rstn = 1, data_out = fc64
Time = 145005000, rstn = 1, data_out = fc5e
Time = 145015000, rstn = 1, data_out = fc58
Time = 145025000, rstn = 1, data_out = fc52
Time = 145035000, rstn = 1, data_out = fc4b
Time = 145045000, rstn = 1, data_out = fc46
Time = 145055000, rstn = 1, data_out = fc3f
Time = 145065000, rstn = 1, data_out = fc3a
Time = 145075000, rstn = 1, data_out = fc33
Time = 145085000, rstn = 1, data_out = fc2c
Time = 145095000, rstn = 1, data_out = fc25
Time = 145105000, rstn = 1, data_out = fc20
Time = 145115000, rstn = 1, data_out = fc19
Time = 145125000, rstn = 1, data_out = fc14
Time = 145135000, rstn = 1, data_out = fc0e
Time = 145145000, rstn = 1, data_out = fc08
Time = 145155000, rstn = 1, data_out = fc02
Time = 145165000, rstn = 1, data_out = fbfc
Time = 145175000, rstn = 1, data_out = fbf6
Time = 145185000, rstn = 1, data_out = fbf0
Time = 145195000, rstn = 1, data_out = fbea
Time = 145205000, rstn = 1, data_out = fbe4
Time = 145215000, rstn = 1, data_out = fbde
Time = 145225000, rstn = 1, data_out = fbd8
Time = 145235000, rstn = 1, data_out = fbd2
Time = 145245000, rstn = 1, data_out = fbcc
Time = 145255000, rstn = 1, data_out = fbc6
Time = 145265000, rstn = 1, data_out = fbc0
Time = 145275000, rstn = 1, data_out = fbba
Time = 145285000, rstn = 1, data_out = fbb4
Time = 145295000, rstn = 1, data_out = fbae
Time = 145305000, rstn = 1, data_out = fba8
Time = 145315000, rstn = 1, data_out = fba2
Time = 145325000, rstn = 1, data_out = fb9c
Time = 145335000, rstn = 1, data_out = fb96
Time = 145345000, rstn = 1, data_out = fb90
Time = 145355000, rstn = 1, data_out = fb8a
Time = 145365000, rstn = 1, data_out = fb84
Time = 145375000, rstn = 1, data_out = fb7e
Time = 145385000, rstn = 1, data_out = fb78
Time = 145395000, rstn = 1, data_out = fb72
Time = 145405000, rstn = 1, data_out = fb6c
Time = 145415000, rstn = 1, data_out = fb66
Time = 145425000, rstn = 1, data_out = fb60
Time = 145435000, rstn = 1, data_out = fb5a
Time = 145445000, rstn = 1, data_out = fb54
Time = 145455000, rstn = 1, data_out = fb4e
Time = 145465000, rstn = 1, data_out = fb48
Time = 145475000, rstn = 1, data_out = fb42
Time = 145485000, rstn = 1, data_out = fb3c
Time = 145495000, rstn = 1, data_out = fb36
Time = 145505000, rstn = 1, data_out = fb30
Time = 145515000, rstn = 1, data_out = fb2a
Time = 145525000, rstn = 1, data_out = fb24
Time = 145535000, rstn = 1, data_out = fb1e
Time = 145545000, rstn = 1, data_out = fb18
Time = 145555000, rstn = 1, data_out = fb12
Time = 145565000, rstn = 1, data_out = fb0c
Time = 145575000, rstn = 1, data_out = fb06
Time = 145585000, rstn = 1, data_out = fb00
Time = 145595000, rstn = 1, data_out = fafa
Time = 145605000, rstn = 1, data_out = faf4
Time = 145615000, rstn = 1, data_out = faee
Time = 145625000, rstn = 1, data_out = fae8
Time = 145635000, rstn = 1, data_out = fae2
Time = 145645000, rstn = 1, data_out = fadc
Time = 145655000, rstn = 1, data_out = fad6
Time = 145665000, rstn = 1, data_out = fad0
Time = 145675000, rstn = 1, data_out = faca
Time = 145685000, rstn = 1, data_out = fac4
Time = 145695000, rstn = 1, data_out = fabe
Time = 145705000, rstn = 1, data_out = fab8
Time = 145715000, rstn = 1, data_out = fab2
Time = 145725000, rstn = 1, data_out = faac
Time = 145735000, rstn = 1, data_out = faa6
Time = 145745000, rstn = 1, data_out = faa0
Time = 145755000, rstn = 1, data_out = fa9a
Time = 145765000, rstn = 1, data_out = fa94
Time = 145775000, rstn = 1, data_out = fa8d
Time = 145785000, rstn = 1, data_out = fa88
Time = 145795000, rstn = 1, data_out = fa81
Time = 145805000, rstn = 1, data_out = fa7c
Time = 145815000, rstn = 1, data_out = fa77
Time = 145825000, rstn = 1, data_out = fa72
Time = 145835000, rstn = 1, data_out = fa6b
Time = 145845000, rstn = 1, data_out = fa66
Time = 145855000, rstn = 1, data_out = fa5f
Time = 145865000, rstn = 1, data_out = fa5a
Time = 145875000, rstn = 1, data_out = fa54
Time = 145885000, rstn = 1, data_out = fa4e
Time = 145895000, rstn = 1, data_out = fa48
Time = 145905000, rstn = 1, data_out = fa42
Time = 145915000, rstn = 1, data_out = fa3c
Time = 145925000, rstn = 1, data_out = fa35
Time = 145935000, rstn = 1, data_out = fa30
Time = 145945000, rstn = 1, data_out = fa29
Time = 145955000, rstn = 1, data_out = fa24
Time = 145965000, rstn = 1, data_out = fa1f
Time = 145975000, rstn = 1, data_out = fa1a
Time = 145985000, rstn = 1, data_out = fa13
Time = 145995000, rstn = 1, data_out = fa0e
Time = 146005000, rstn = 1, data_out = fa07
Time = 146015000, rstn = 1, data_out = fa02
Time = 146025000, rstn = 1, data_out = f9fc
Time = 146035000, rstn = 1, data_out = f9f5
Time = 146045000, rstn = 1, data_out = f9f0
Time = 146055000, rstn = 1, data_out = f9e9
Time = 146065000, rstn = 1, data_out = f9e4
Time = 146075000, rstn = 1, data_out = f9df
Time = 146085000, rstn = 1, data_out = f9da
Time = 146095000, rstn = 1, data_out = f9d3
Time = 146105000, rstn = 1, data_out = f9ce
Time = 146115000, rstn = 1, data_out = f9c8
Time = 146125000, rstn = 1, data_out = f9c1
Time = 146135000, rstn = 1, data_out = f9bc
Time = 146145000, rstn = 1, data_out = f9b5
Time = 146155000, rstn = 1, data_out = f9b0
Time = 146165000, rstn = 1, data_out = f9ab
Time = 146175000, rstn = 1, data_out = f9a6
Time = 146185000, rstn = 1, data_out = f99f
Time = 146195000, rstn = 1, data_out = f99a
Time = 146205000, rstn = 1, data_out = f993
Time = 146215000, rstn = 1, data_out = f98e
Time = 146225000, rstn = 1, data_out = f987
Time = 146235000, rstn = 1, data_out = f982
Time = 146245000, rstn = 1, data_out = f97d
Time = 146255000, rstn = 1, data_out = f978
Time = 146265000, rstn = 1, data_out = f971
Time = 146275000, rstn = 1, data_out = f96c
Time = 146285000, rstn = 1, data_out = f966
Time = 146295000, rstn = 1, data_out = f95f
Time = 146305000, rstn = 1, data_out = f95a
Time = 146315000, rstn = 1, data_out = f955
Time = 146325000, rstn = 1, data_out = f950
Time = 146335000, rstn = 1, data_out = f949
Time = 146345000, rstn = 1, data_out = f944
Time = 146355000, rstn = 1, data_out = f93e
Time = 146365000, rstn = 1, data_out = f937
Time = 146375000, rstn = 1, data_out = f932
Time = 146385000, rstn = 1, data_out = f92d
Time = 146395000, rstn = 1, data_out = f928
Time = 146405000, rstn = 1, data_out = f921
Time = 146415000, rstn = 1, data_out = f91c
Time = 146425000, rstn = 1, data_out = f915
Time = 146435000, rstn = 1, data_out = f910
Time = 146445000, rstn = 1, data_out = f90b
Time = 146455000, rstn = 1, data_out = f906
Time = 146465000, rstn = 1, data_out = f900
Time = 146475000, rstn = 1, data_out = f8f9
Time = 146485000, rstn = 1, data_out = f8f4
Time = 146495000, rstn = 1, data_out = f8ef
Time = 146505000, rstn = 1, data_out = f8ea
Time = 146515000, rstn = 1, data_out = f8e3
Time = 146525000, rstn = 1, data_out = f8de
Time = 146535000, rstn = 1, data_out = f8d7
Time = 146545000, rstn = 1, data_out = f8d2
Time = 146555000, rstn = 1, data_out = f8cd
Time = 146565000, rstn = 1, data_out = f8c8
Time = 146575000, rstn = 1, data_out = f8c1
Time = 146585000, rstn = 1, data_out = f8bc
Time = 146595000, rstn = 1, data_out = f8b7
Time = 146605000, rstn = 1, data_out = f8b2
Time = 146615000, rstn = 1, data_out = f8ac
Time = 146625000, rstn = 1, data_out = f8a5
Time = 146635000, rstn = 1, data_out = f8a0
Time = 146645000, rstn = 1, data_out = f89b
Time = 146655000, rstn = 1, data_out = f896
Time = 146665000, rstn = 1, data_out = f890
Time = 146675000, rstn = 1, data_out = f889
Time = 146685000, rstn = 1, data_out = f884
Time = 146695000, rstn = 1, data_out = f87f
Time = 146705000, rstn = 1, data_out = f87a
Time = 146715000, rstn = 1, data_out = f873
Time = 146725000, rstn = 1, data_out = f86e
Time = 146735000, rstn = 1, data_out = f869
Time = 146745000, rstn = 1, data_out = f864
Time = 146755000, rstn = 1, data_out = f85d
Time = 146765000, rstn = 1, data_out = f858
Time = 146775000, rstn = 1, data_out = f853
Time = 146785000, rstn = 1, data_out = f84e
Time = 146795000, rstn = 1, data_out = f847
Time = 146805000, rstn = 1, data_out = f842
Time = 146815000, rstn = 1, data_out = f83d
Time = 146825000, rstn = 1, data_out = f838
Time = 146835000, rstn = 1, data_out = f831
Time = 146845000, rstn = 1, data_out = f82c
Time = 146855000, rstn = 1, data_out = f827
Time = 146865000, rstn = 1, data_out = f822
Time = 146875000, rstn = 1, data_out = f81b
Time = 146885000, rstn = 1, data_out = f816
Time = 146895000, rstn = 1, data_out = f811
Time = 146905000, rstn = 1, data_out = f80c
Time = 146915000, rstn = 1, data_out = f806
Time = 146925000, rstn = 1, data_out = f801
Time = 146935000, rstn = 1, data_out = f7fc
Time = 146945000, rstn = 1, data_out = f7f5
Time = 146955000, rstn = 1, data_out = f7f0
Time = 146965000, rstn = 1, data_out = f7eb
Time = 146975000, rstn = 1, data_out = f7e6
Time = 146985000, rstn = 1, data_out = f7e0
Time = 146995000, rstn = 1, data_out = f7db
Time = 147005000, rstn = 1, data_out = f7d6
Time = 147015000, rstn = 1, data_out = f7cf
Time = 147025000, rstn = 1, data_out = f7ca
Time = 147035000, rstn = 1, data_out = f7c5
Time = 147045000, rstn = 1, data_out = f7c0
Time = 147055000, rstn = 1, data_out = f7ba
Time = 147065000, rstn = 1, data_out = f7b5
Time = 147075000, rstn = 1, data_out = f7b0
Time = 147085000, rstn = 1, data_out = f7aa
Time = 147095000, rstn = 1, data_out = f7a5
Time = 147105000, rstn = 1, data_out = f7a0
Time = 147115000, rstn = 1, data_out = f79a
Time = 147125000, rstn = 1, data_out = f795
Time = 147135000, rstn = 1, data_out = f790
Time = 147145000, rstn = 1, data_out = f78a
Time = 147155000, rstn = 1, data_out = f785
Time = 147165000, rstn = 1, data_out = f780
Time = 147175000, rstn = 1, data_out = f77a
Time = 147185000, rstn = 1, data_out = f775
Time = 147195000, rstn = 1, data_out = f770
Time = 147205000, rstn = 1, data_out = f76a
Time = 147215000, rstn = 1, data_out = f765
Time = 147225000, rstn = 1, data_out = f75f
Time = 147235000, rstn = 1, data_out = f75a
Time = 147245000, rstn = 1, data_out = f755
Time = 147255000, rstn = 1, data_out = f750
Time = 147265000, rstn = 1, data_out = f74b
Time = 147275000, rstn = 1, data_out = f746
Time = 147285000, rstn = 1, data_out = f740
Time = 147295000, rstn = 1, data_out = f73b
Time = 147305000, rstn = 1, data_out = f735
Time = 147315000, rstn = 1, data_out = f730
Time = 147325000, rstn = 1, data_out = f72b
Time = 147335000, rstn = 1, data_out = f726
Time = 147345000, rstn = 1, data_out = f721
Time = 147355000, rstn = 1, data_out = f71c
Time = 147365000, rstn = 1, data_out = f716
Time = 147375000, rstn = 1, data_out = f711
Time = 147385000, rstn = 1, data_out = f70c
Time = 147395000, rstn = 1, data_out = f707
Time = 147405000, rstn = 1, data_out = f702
Time = 147415000, rstn = 1, data_out = f6fc
Time = 147425000, rstn = 1, data_out = f6f7
Time = 147435000, rstn = 1, data_out = f6f2
Time = 147445000, rstn = 1, data_out = f6ed
Time = 147455000, rstn = 1, data_out = f6e8
Time = 147465000, rstn = 1, data_out = f6e2
Time = 147475000, rstn = 1, data_out = f6dd
Time = 147485000, rstn = 1, data_out = f6d8
Time = 147495000, rstn = 1, data_out = f6d3
Time = 147505000, rstn = 1, data_out = f6ce
Time = 147515000, rstn = 1, data_out = f6c9
Time = 147525000, rstn = 1, data_out = f6c4
Time = 147535000, rstn = 1, data_out = f6be
Time = 147545000, rstn = 1, data_out = f6b9
Time = 147555000, rstn = 1, data_out = f6b4
Time = 147565000, rstn = 1, data_out = f6af
Time = 147575000, rstn = 1, data_out = f6aa
Time = 147585000, rstn = 1, data_out = f6a5
Time = 147595000, rstn = 1, data_out = f6a0
Time = 147605000, rstn = 1, data_out = f69b
Time = 147615000, rstn = 1, data_out = f696
Time = 147625000, rstn = 1, data_out = f691
Time = 147635000, rstn = 1, data_out = f68c
Time = 147645000, rstn = 1, data_out = f687
Time = 147655000, rstn = 1, data_out = f682
Time = 147665000, rstn = 1, data_out = f67c
Time = 147675000, rstn = 1, data_out = f677
Time = 147685000, rstn = 1, data_out = f672
Time = 147695000, rstn = 1, data_out = f66d
Time = 147705000, rstn = 1, data_out = f668
Time = 147715000, rstn = 1, data_out = f663
Time = 147725000, rstn = 1, data_out = f65e
Time = 147735000, rstn = 1, data_out = f659
Time = 147745000, rstn = 1, data_out = f654
Time = 147755000, rstn = 1, data_out = f64f
Time = 147765000, rstn = 1, data_out = f64a
Time = 147775000, rstn = 1, data_out = f645
Time = 147785000, rstn = 1, data_out = f640
Time = 147795000, rstn = 1, data_out = f63b
Time = 147805000, rstn = 1, data_out = f636
Time = 147815000, rstn = 1, data_out = f631
Time = 147825000, rstn = 1, data_out = f62c
Time = 147835000, rstn = 1, data_out = f628
Time = 147845000, rstn = 1, data_out = f623
Time = 147855000, rstn = 1, data_out = f61e
Time = 147865000, rstn = 1, data_out = f619
Time = 147875000, rstn = 1, data_out = f614
Time = 147885000, rstn = 1, data_out = f60f
Time = 147895000, rstn = 1, data_out = f60a
Time = 147905000, rstn = 1, data_out = f605
Time = 147915000, rstn = 1, data_out = f600
Time = 147925000, rstn = 1, data_out = f5fb
Time = 147935000, rstn = 1, data_out = f5f6
Time = 147945000, rstn = 1, data_out = f5f2
Time = 147955000, rstn = 1, data_out = f5ed
Time = 147965000, rstn = 1, data_out = f5e8
Time = 147975000, rstn = 1, data_out = f5e3
Time = 147985000, rstn = 1, data_out = f5de
Time = 147995000, rstn = 1, data_out = f5d9
Time = 148005000, rstn = 1, data_out = f5d4
Time = 148015000, rstn = 1, data_out = f5d0
Time = 148025000, rstn = 1, data_out = f5cb
Time = 148035000, rstn = 1, data_out = f5c6
Time = 148045000, rstn = 1, data_out = f5c1
Time = 148055000, rstn = 1, data_out = f5bc
Time = 148065000, rstn = 1, data_out = f5b8
Time = 148075000, rstn = 1, data_out = f5b3
Time = 148085000, rstn = 1, data_out = f5ae
Time = 148095000, rstn = 1, data_out = f5a9
Time = 148105000, rstn = 1, data_out = f5a4
Time = 148115000, rstn = 1, data_out = f5a0
Time = 148125000, rstn = 1, data_out = f59b
Time = 148135000, rstn = 1, data_out = f596
Time = 148145000, rstn = 1, data_out = f591
Time = 148155000, rstn = 1, data_out = f58c
Time = 148165000, rstn = 1, data_out = f587
Time = 148175000, rstn = 1, data_out = f583
Time = 148185000, rstn = 1, data_out = f57e
Time = 148195000, rstn = 1, data_out = f57a
Time = 148205000, rstn = 1, data_out = f575
Time = 148215000, rstn = 1, data_out = f570
Time = 148225000, rstn = 1, data_out = f56c
Time = 148235000, rstn = 1, data_out = f567
Time = 148245000, rstn = 1, data_out = f562
Time = 148255000, rstn = 1, data_out = f55d
Time = 148265000, rstn = 1, data_out = f558
Time = 148275000, rstn = 1, data_out = f553
Time = 148285000, rstn = 1, data_out = f54f
Time = 148295000, rstn = 1, data_out = f54a
Time = 148305000, rstn = 1, data_out = f545
Time = 148315000, rstn = 1, data_out = f542
Time = 148325000, rstn = 1, data_out = f53d
Time = 148335000, rstn = 1, data_out = f538
Time = 148345000, rstn = 1, data_out = f533
Time = 148355000, rstn = 1, data_out = f52f
Time = 148365000, rstn = 1, data_out = f52a
Time = 148375000, rstn = 1, data_out = f526
Time = 148385000, rstn = 1, data_out = f521
Time = 148395000, rstn = 1, data_out = f51c
Time = 148405000, rstn = 1, data_out = f518
Time = 148415000, rstn = 1, data_out = f513
Time = 148425000, rstn = 1, data_out = f50e
Time = 148435000, rstn = 1, data_out = f509
Time = 148445000, rstn = 1, data_out = f506
Time = 148455000, rstn = 1, data_out = f501
Time = 148465000, rstn = 1, data_out = f4fc
Time = 148475000, rstn = 1, data_out = f4f7
Time = 148485000, rstn = 1, data_out = f4f4
Time = 148495000, rstn = 1, data_out = f4ef
Time = 148505000, rstn = 1, data_out = f4ea
Time = 148515000, rstn = 1, data_out = f4e6
Time = 148525000, rstn = 1, data_out = f4e1
Time = 148535000, rstn = 1, data_out = f4dc
Time = 148545000, rstn = 1, data_out = f4d7
Time = 148555000, rstn = 1, data_out = f4d4
Time = 148565000, rstn = 1, data_out = f4d0
Time = 148575000, rstn = 1, data_out = f4cb
Time = 148585000, rstn = 1, data_out = f4c6
Time = 148595000, rstn = 1, data_out = f4c1
Time = 148605000, rstn = 1, data_out = f4be
Time = 148615000, rstn = 1, data_out = f4b9
Time = 148625000, rstn = 1, data_out = f4b4
Time = 148635000, rstn = 1, data_out = f4af
Time = 148645000, rstn = 1, data_out = f4ac
Time = 148655000, rstn = 1, data_out = f4a8
Time = 148665000, rstn = 1, data_out = f4a3
Time = 148675000, rstn = 1, data_out = f49e
Time = 148685000, rstn = 1, data_out = f499
Time = 148695000, rstn = 1, data_out = f496
Time = 148705000, rstn = 1, data_out = f492
Time = 148715000, rstn = 1, data_out = f48d
Time = 148725000, rstn = 1, data_out = f488
Time = 148735000, rstn = 1, data_out = f483
Time = 148745000, rstn = 1, data_out = f480
Time = 148755000, rstn = 1, data_out = f47c
Time = 148765000, rstn = 1, data_out = f477
Time = 148775000, rstn = 1, data_out = f472
Time = 148785000, rstn = 1, data_out = f46d
Time = 148795000, rstn = 1, data_out = f46a
Time = 148805000, rstn = 1, data_out = f465
Time = 148815000, rstn = 1, data_out = f462
Time = 148825000, rstn = 1, data_out = f45d
Time = 148835000, rstn = 1, data_out = f458
Time = 148845000, rstn = 1, data_out = f453
Time = 148855000, rstn = 1, data_out = f450
Time = 148865000, rstn = 1, data_out = f44b
Time = 148875000, rstn = 1, data_out = f448
Time = 148885000, rstn = 1, data_out = f443
Time = 148895000, rstn = 1, data_out = f440
Time = 148905000, rstn = 1, data_out = f43b
Time = 148915000, rstn = 1, data_out = f436
Time = 1489250