memory_initialization_radix=16;
memory_initialization_vector=7C7C,7CA9,7CC8,7CF9,7D1B,7D3E,7D6A,7D90,7D9F,7DE0,7DFE,7E36,7E68,7E7E,7EB9,7ED4,7F00,7F27,7F52,7F68,7F8A,7FB0,7FD3,8001,8024,803C,805A,807B,807C,80AB,80CD,80D7,80F6,80FB,8113,8131,8147,815E,815C,816C,8176,8188,8199,8182,8196,8198,819D,81AD,81A8,81A8,81AE,81A1,819B,81A0,818B,8188,8189,8176,8172,816D,815C,8145,813D,8126,8112,80F9,80C9,80C2,80A4,8084,8065,8042,8027,8003,7FE4,7FBF,7FA8,7F91,7F6D,7F55,7F45,7F22,7F1F,7EFD,7EE0,7ED7,7EB5,7EAA,7EA2,7E85,7E7A,7E7A,7E65,7E58,7E69,7E56,7E46,7E52,7E41,7E4F,7E6D,7E4D,7E64,7E8D,7E8B,7EAD,7EB4,7ED1,7EDD,7EDF,7EF0,7EF2,7F02,7F03,7F13,7F24,7F1B,7F34,7F3C,7F2E,7F45,7F3E,7F3A,7F4B,7F3D,7F49,7F42,7F3B,7F41,7F34,7F21,7F00,7EF4,7EDC,7EBE,7EC5,7E9B,7E7B,7E74,7E46,7E36,7E08,7DF7,7DC4,7DA4,7D8F,7D6C,7D4C,7D0F,7CEC,7CC5,7CA2,7C85,7C81,7C64,7C4D,7C3B,7C33,7C29,7C31,7C1D,7C0C,7C0F,7BFD,7C0A,7C1D,7C0C,7C1D,7C20,7C12,7C25,7C31,7C41,7C4B,7C67,7C73,7C86,7CA5,7CB3,7CDA,7CE7,7CEF,7D21,7D35,7D58,7D88,7DA6,7DB8,7DEE,7E0B,7E1D,7E58,7E6B,7E98,7EBF,7ED8,7EF6,7F12,7F2D,7F56,7F8A,7F90,7FC3,7FE1,7FF5,8021,8043,806B,807E,80AB,80B3,80DC,8102,8112,8142,8152,8179,8190,81B9,81D1,81F8,8223,822B,825F,825F,8278,8298,82AA,82C2,82CB,82E6,82DF,82F6,82F9,82EF,82FF,830C,82EC,8330,831A,8304,831A,82F2,82F8,82EE,82ED,82DD,82F3,82D3,82C9,82C0,82AC,8295,828B,826B,8242,823F,8219,8213,8204,81E5,81DF,81BD,81A4,819C,8178,8159,813D,813B,8112,8107,80E8,80CC,80C6,80A9,808F,808E,8076,8059,8054,8035,8034,802D,801B,801C,8014,800F,8012,8021,8007,8010,8029,8019,8016,802A,8016,801E,8032,8038,803A,8031,8045,805A,806F,8068,8080,8084,8088,807F,808A,8083,8087,80A0,8089,8098,808D,808B,808C,808B,8085,807E,807B,805A,8066,803F,8025,8021,8003,7FEE,7FE4,7FDB,7FB5,7FAA,7F96,7F7D,7F6F,7F4E,7F3F,7F2C,7F09,7EF6,7EE5,7EC4,7EA0,7EA5,7E82,7E6E,7E64,7E3A,7E28,7E27,7E0D,7DF4,7DED,7DCE,7DB8,7DCB,7DAC,7DAC,7DBC,7DA0,7D9D,7DAB,7D93,7D9B,7DA4,7D9A,7DA2,7D95,7DA1,7DA9,7DB9,7DAA,7DAD,7DA4,7D96,7DA4,7DA2,7D8A,7D8A,7D8B,7D7E,7D8C,7D80,7D8A,7D8D,7D87,7D95,7D95,7DA2,7DA2,7DA4,7DAC,7DA6,7DC2,7DBF,7DC7,7DDB,7DCC,7DEB,7DE9,7DEC,7E07,7DFB,7E17,7E17,7E20,7E28,7E28,7E39,7E2F,7E2E,7E32,7E27,7E3D,7E39,7E2D,7E32,7E23,7E2F,7E17,7E21,7E13,7E04,7E13,7DF8,7DFA,7DF3,7DD5,7DD6,7DE0,7DC6,7DC5,7DB6,7DAC,7DB9,7DBC,7DB4,7DA8,7DBE,7DB3,7DA3,7DA4,7D99,7DAF,7DA3,7DAF,7DD7,7DCF,7DF2,7E01,7E16,7E38,7E54,7E77,7E96,7EBD,7ED7,7EE9,7F11,7F2E,7F5E,7F7B,7F9B,7FC5,7FD1,7FFE,8014,8019,8049,8060,8071,8098,809D,80B5,80C4,80CA,80D9,80CE,80E5,80D8,80F1,80D5,80CD,80F3,80D7,80DF,80DA,80C9,80C0,80BB,80B9,80AD,80A2,8099,8099,80B0,8099,80A7,80AE,80A9,80AA,80A6,80A4,80AE,80A6,8098,80B6,80AC,80AC,80A6,809E,8096,80A1,8086,807F,8087,8070,8066,805C,804D,8044,8033,8014,800C,8006,7FEB,7FCF,7FCC,7F98,7F84,7F86,7F56,7F53,7F30,7F03,7EE7,7ED8,7EAE,7E89,7E7F,7E56,7E3B,7E2F,7DFF,7DF2,7DDA,7DA3,7DAF,7D84,7D52,7D56,7D40,7D3D,7D2F,7D28,7D21,7D1C,7D26,7D14,7D24,7D21,7D12,7D25,7D1F,7D1D,7D35,7D38,7D2D,7D43,7D58,7D54,7D67,7D69,7D5F,7D89,7D87,7D81,7DA1,7D8B,7D9E,7DA6,7D9A,7DB6,7DCE,7DD0,7DD8,7DF0,7DF2,7E02,7E19,7E1E,7E35,7E3E,7E3A,7E4A,7E4E,7E50,7E63,7E5C,7E70,7E81,7E7D,7E7E,7E8C,7E91,7E8D,7EA8,7EA8,7EAA,7ED1,7EDB,7EEC,7EFF,7F0F,7F16,7F28,7F31,7F24,7F48,7F4C,7F50,7F69,7F66,7F6C,7F7E,7F85,7F89,7F94,7F86,7F8A,7FAB,7F98,7FA0,7FA9,7FAE,7FB3,7FC8,7FB5,7FB2,7FBC,7F9D,7FB0,7FA3,7F90,7F7F,7F6C,7F56,7F2F,7F16,7EDA,7EBE,7EA0,7E69,7E40,7E0D,7DE9,7DC5,7DA1,7D75,7D70,7D4B,7D2B,7D24,7D0D,7D03,7CFF,7CF2,7CCF,7CD6,7CC3,7CA3,7CC4,7CB8,7CC2,7CD2,7CD7,7CD9,7D1F,7CF7,7CE7,7D3C,7D14,7D3E,7D53,7D5D,7D82,7D9A,7DA0,7DC8,7DE1,7DEA,7E11,7E37,7E47,7E5E,7E7B,7E73,7E94,7E8D,7E85,7E9F,7EA0,7E97,7EAB,7EB7,7EA3,7EBD,7EAE,7EAE,7EC0,7EC3,7EC2,7EC3,7EC5,7ED0,7EEF,7ED2,7EE2,7EFE,7EEE,7EF7,7EF9,7EF5,7EF2,7F0B,7F0A,7EF4,7F01,7EF2,7EE8,7EE5,7ED3,7EB7,7E95,7E68,7E4E,7E29,7DEA,7DBA,7DA1,7D7D,7D57,7D50,7D16,7D03,7CE2,7CB2,7CA7,7C96,7C7C,7C7A,7C65,7C3A,7C3A,7C37,7C34,7C2E,7C24,7C16,7C2A,7C20,7C25,7C42,7C41,7C4A,7C66,7C87,7C87,7CAF,7CBE,7CDB,7CF5,7D10,7D37,7D5A,7D8E,7DB7,7E02,7E29,7E6F,7EB5,7EE7,7F23,7F5A,7F95,7FD0,801E,8050,809C,80D6,8117,8160,819D,81C0,81ED,8223,8229,8256,827C,8281,8291,82A6,829C,8296,8287,826C,825C,822E,81F5,81D8,81AD,8171,8145,810C,80D6,80AF,8078,8046,8016,7FDD,7FAA,7F68,7F3C,7F0B,7EE3,7EAF,7E77,7E4C,7DF1,7DC7,7D98,7D52,7D19,7CD8,7CA1,7C64,7C2A,7BF4,7BBE,7BA1,7B67,7B45,7B38,7B19,7B22,7AFA,7ADE,7AD3,7AC9,7ACF,7AB9,7AB6,7AB7,7AAA,7AB3,7AB7,7AB6,7ACE,7AC3,7AEE,7AE7,7AE3,7AF8,7AE9,7B06,7B04,7B26,7B2D,7B40,7B62,7B6B,7B98,7BAA,7BD8,7C03,7C0F,7C29,7C3D,7C53,7C5D,7C86,7CA2,7CA8,7CD9,7CF7,7D0F,7D3C,7D6C,7DA1,7DD3,7E25,7E71,7EBC,7F25,7F81,7FD7,8037,8094,80FB,815A,81A2,820C,825B,82AF,8309,8361,83BE,83F2,8447,8471,84BE,84F8,8510,854F,8562,858F,85A6,85C6,85C6,85DB,85EF,85CA,85CD,85AA,8587,8569,852C,84F4,84C1,8481,8445,8414,83CA,838E,8354,8303,82C3,828C,8249,8209,81C9,8188,815A,814E,8121,810C,80EC,80BC,809D,8074,8042,801F,8018,7FFE,7FEB,7FEC,7FCD,7FD8,7FDD,7FD9,7FDF,7FF8,800B,8007,8037,8046,8065,8087,80B1,80E7,8119,8136,815C,8175,817A,81BF,81C7,81F2,8208,8211,821D,8242,8278,8284,82A9,82B1,82C6,82E7,82EC,82F3,8324,8314,8344,835C,835B,8374,8356,835B,834F,833A,831B,82FE,82FD,82DB,82C4,82C2,828F,827F,8270,8244,824C,822E,8223,8222,8208,8206,8206,81F6,81EB,81EA,81DE,81C7,81D2,81CC,81BA,81D6,81D0,81C8,81CE,81B9,81B2,81AF,8190,816C,815C,813F,8104,80D9,808F,8037,8001,7FB0,7F59,7F0C,7EA0,7E40,7DF8,7D8B,7D45,7CE0,7C89,7C3B,7BD9,7B85,7B1C,7AEC,7A9C,7A4E,7A20,79D3,79BB,799B,796C,7960,7952,7932,7946,794B,794C,7962,796D,798F,79A5,79D4,79F0,7A36,7A76,7AAB,7B02,7B38,7B85,7BE1,7C39,7C7F,7CE3,7D59,7DC6,7E43,7EB4,7F2B,7FA1,8008,807C,80EF,815E,81B1,8227,8275,82DD,8338,8383,83D9,8411,845A,8497,84D5,84FD,8526,8558,856B,8586,85AA,85A7,85BF,85AC,85C2,85A1,85AD,8551,8551,854B,84D1,84EE,8495,848D,8465,843C,8417,83ED,83CB,838C,8379,8351,8333,8326,82FD,82ED,82DA,82CC,82B4,829F,8282,825F,8250,821F,8206,81E4,81B1,819E,817B,8141,8123,8106,80D6,80A5,8087,805B,802E,8000,7FC9,7FA8,7F89,7F57,7F3F,7F23,7EFB,7EE1,7EC9,7E95,7E79,7E5E,7E2D,7E1C,7E0A,7DE8,7DD9,7DC4,7DA2,7D96,7D88,7D7F,7D6D,7D5E,7D51,7D51,7D41,7D2F,7D35,7D2B,7D3A,7D4F,7D40,7D56,7D79,7D83,7D99,7DCF,7DD9,7DF4,7E16,7E27,7E4B,7E6B,7E8A,7EB2,7ED2,7EF0,7F21,7F3A,7F4E,7F6A,7F82,7F77,7F74,7F61,7F40,7F3C,7F2B,7EE2,7EC6,7E96,7E3A,7E1A,7DD4,7D8B,7D5A,7D0F,7CE0,7CAC,7C63,7C28,7BFD,7BC2,7B8D,7B5B,7B25,7B04,7AF1,7ACA,7A9D,7AA6,7A87,7A7B,7A82,7A7A,7A7A,7A89,7A6A,7A69,7A6F,7A50,7A65,7A7F,7A8F,7A96,7AB7,7AC6,7AD5,7B05,7B16,7B2B,7B4B,7B77,7BD5,7C12,7C46,7C8B,7CD9,7D23,7D65,7DD1,7E1D,7E7B,7EE3,7F30,7F98,7FF1,804C,8093,80D9,812D,8182,81C8,81FC,824D,8293,82BA,830C,8343,8379,83C5,83FF,845C,847F,84A2,84D8,84FE,8527,8547,856F,8585,8597,85CA,85E2,8613,863E,8652,8694,86A8,86C7,86F3,8700,8721,873A,8748,874E,875A,8773,8775,878C,8787,8785,8792,8791,87BC,87BA,87D1,87E9,87EF,880F,8812,882C,8828,8815,8818,880A,87FC,87D3,87A4,8783,8747,8716,86CC,8672,863A,85E7,858F,8548,84D7,847F,8426,83C9,8381,8328,82DA,8278,8233,8201,81BB,8196,8156,812A,8109,80CA,80A1,8071,802E,7FEA,7FBC,7F83,7F46,7F28,7F02,7EE8,7EDF,7ED5,7EC4,7EB9,7EA2,7E89,7E82,7E6F,7E86,7E86,7E94,7E96,7E94,7E95,7E98,7EA5,7E83,7E8B,7E7D,7E62,7E55,7E3F,7E15,7E1B,7E1F,7E12,7E32,7E32,7E50,7E63,7E78,7E7E,7E9A,7EA2,7E93,7EB6,7EB5,7EA2,7E9C,7E91,7E7E,7E87,7E66,7E5D,7E67,7E56,7E4F,7E43,7E44,7E3F,7E50,7E58,7E6E,7E99,7E9A,7EBB,7EE3,7EEB,7F09,7F2E,7F30,7F3C,7F49,7F51,7F71,7F74,7F8D,7FB6,7FCA,7FEF,800F,8030,803F,8045,8062,8055,8058,804C,802C,8026,7FFE,7FEE,7FDE,7FB6,7F9D,7F61,7F3B,7F11,7EEA,7EBC,7E91,7E68,7E2E,7E08,7DEF,7DC4,7D99,7D8B,7D52,7D2F,7D12,7CCF,7CA8,7C74,7C5B,7C36,7C28,7C23,7BF4,7BFB,7BC0,7BB5,7BA0,7B65,7B62,7B46,7B2B,7B1D,7B1F,7B0C,7B1F,7B29,7B2D,7B48,7B52,7B5A,7B5A,7B75,7B74,7B97,7B96,7B99,7BBE,7BC4,7BFF,7C22,7C4A,7C58,7C7D,7CB5,7CCB,7CF6,7D0D,7D30,7D56,7D7B,7D99,7DC8,7DE8,7DFC,7E28,7E3D,7E55,7E7A,7E78,7E76,7E8E,7E8A,7E7C,7E79,7E6E,7E5E,7E61,7E3B,7E38,7E1D,7DFF,7E06,7DF3,7DEF,7E03,7E29,7E2B,7E6A,7E8D,7EAF,7EDA,7EED,7F20,7F48,7F71,7F9B,7FCB,800B,802D,8098,80D2,80DD,816E,818C,81CC,821D,824A,8278,82B0,82F3,8327,8369,83A0,83D6,8408,842D,8453,8487,8495,849E,84B1,84B8,84B6,84B1,849C,84A4,84A3,8489,8481,8468,8440,8435,842A,83FD,83EF,83DE,83D8,83E0,83CF,83DC,83DF,83E1,83E9,83EB,83E6,83BF,83C8,83AA,839B,838E,8371,834B,8322,82DD,828A,826E,8210,81BF,8182,8132,80EA,80AA,8063,8012,7FDB,7F87,7F34,7ED7,7E7B,7E25,7DC8,7D5B,7D0C,7CB9,7C40,7BF5,7BAD,7B55,7B11,7AC6,7A74,7A4B,7A11,79DA,79CA,79B3,7998,799F,799F,79A3,79BE,79BC,79C0,79C3,79D0,79C5,79CA,79C5,79A6,79CD,79C9,79C6,79E5,79E5,79E7,79E9,79EB,79E7,79EF,79F3,7A0F,7A3D,7A60,7A85,7AC9,7AF3,7B20,7B55,7B6C,7B8E,7BAE,7BC3,7BDD,7BE2,7BDD,7BE2,7BE9,7BDE,7BED,7C06,7C01,7C19,7C52,7C70,7C9C,7CC7,7CE9,7D26,7D5F,7D90,7DD0,7E0C,7E2F,7E6A,7E95,7EC4,7F11,7F2D,7F57,7F97,7FC2,8002,8042,8092,80C9,8107,8147,8191,81E4,821C,8246,8297,82C9,830E,836A,8398,83E7,8423,8473,84AE,84DD,8510,852F,853B,8538,852D,852A,8549,8551,8551,8563,8589,85AB,85F1,8631,866E,86B7,86E8,8728,8770,8794,87DA,880A,882F,8880,889E,88D6,88F2,890C,8928,8926,8933,893D,8946,8948,8940,8938,8923,8913,88F7,88CF,88BD,88A7,8877,886A,884F,8829,8806,87E1,87C9,879C,876F,8740,86E9,86B0,8655,8601,85BD,855F,8537,84F3,84BA,848E,8479,844B,841A,83F5,83BA,8381,8364,833E,8309,82EC,82C4,829F,8263,8235,81FE,81B3,8167,811B,80B9,8072,8030,8001,7FBB,7F93,7F7A,7F3F,7F27,7F01,7ED3,7EAE,7E85,7E69,7E39,7E1A,7E0B,7DF0,7DBA,7D7F,7D4A,7D1B,7CD1,7C9D,7C6C,7C21,7C0A,7BD3,7BBE,7BC2,7BAB,7BAF,7BBD,7BC1,7BC0,7BC8,7BC6,7BC2,7BD9,7BDE,7BD1,7BDE,7BD7,7BDD,7BFD,7BEB,7BE9,7BD4,7BC9,7BB4,7B9C,7B7B,7B5A,7B56,7B45,7B60,7B6E,7B7C,7B94,7B9C,7BA3,7BC9,7BD3,7BD7,7C00,7BF5,7C0C,7C2B,7C30,7C32,7C1E,7C26,7C05,7BF3,7BD6,7B8D,7B8D,7B52,7B37,7B1F,7AF2,7ACB,7A97,7A6F,7A47,7A21,79EE,79BB,79B1,798A,7972,796B,7933,7935,7914,78F0,78EA,78EC,78F1,78EE,7901,7920,794F,7988,79BB,79FE,7A30,7A53,7A95,7AC1,7AE1,7B04,7B11,7B25,7B3A,7B4E,7B5C,7B7C,7B8F,7B97,7BBB,7BD3,7BF7,7C37,7C73,7CBD,7D08,7D5F,7DB9,7E28,7E7A,7ED0,7F27,7F5D,7F96,7FCF,7FFE,8036,8070,8084,80C2,80F3,8113,814E,8177,81A3,81DC,8225,826C,82E0,8354,83A5,841E,8486,84E2,8556,85AD,85FC,8662,86A0,86D2,86FD,8727,8742,8762,8772,8783,87BF,87D2,87F1,8813,881B,8827,884D,8856,8852,8861,884D,8860,886C,886D,8869,8880,887B,8871,8872,884F,8836,8823,87E2,87BA,87F5,87A8,87A1,87A7,8780,8794,8799,878C,8798,87A7,8799,878C,876D,874B,8735,86EF,869F,8650,8610,85C6,8595,854E,8501,84D9,847D,8446,8408,83DA,83A4,836C,833B,82EF,82B9,8270,821F,81E5,819A,8159,813F,8108,80C8,809D,806C,8034,8007,7FC5,7F8E,7F75,7F41,7F0E,7F04,7EDC,7EE5,7EE9,7ED4,7EE1,7EEA,7EF8,7F13,7F07,7EFF,7F0B,7F22,7F39,7F69,7F94,7FB5,8002,8037,8081,80C9,8104,8127,816D,81A2,81C3,81FE,8210,8230,824B,8264,8258,8263,825E,823A,8236,8200,81E2,81CE,819F,8175,815A,8135,8105,80EE,80B3,8087,804B,800A,7FBB,7F68,7F04,7EBD,7E92,7E48,7E1F,7DFC,7DD4,7DCF,7DC7,7DA6,7D93,7D8B,7D62,7D64,7D53,7D2E,7D43,7D41,7D52,7D6C,7D94,7DA4,7DC4,7DD1,7DC6,7DE3,7DEF,7DED,7DFA,7E10,7E29,7E57,7E68,7E71,7E96,7EA4,7EA7,7EC3,7EB2,7EB0,7EC3,7EA2,7E97,7E99,7E5F,7E36,7E1F,7DEC,7DBD,7D76,7D31,7CE8,7C7D,7C2D,7BBF,7B77,7B38,7B0A,7AFE,7AD9,7ABF,7A9D,7A60,7A2D,79DB,7980,792F,78C9,788F,7842,7809,77F2,77AD,7793,7774,7765,7773,7753,7753,774C,773D,7741,7735,773B,773E,7747,7757,7768,7776,7759,775B,776C,777C,77C2,77DA,780E,785C,7871,78AF,78D0,790F,793D,7964,7992,79C1,7A21,7A75,7ACE,7B43,7BA6,7C1C,7C82,7CE4,7D67,7DD8,7E50,7ED6,7F45,7FC4,803B,80BA,8135,819B,8213,8277,82F6,8368,83EC,8470,84ED,856B,85D3,863F,86A3,86E7,8742,8793,87D3,881D,8853,888D,88BF,88E5,88EF,88FF,88E5,88DC,88E4,88C9,888C,8870,884E,8818,87E5,8795,8759,8710,86AD,8652,85E7,858E,8534,84D6,8487,843A,8404,83C1,836D,8335,82EB,82A0,824D,8209,81AF,8157,811F,80CD,809B,8049,8021,7FF7,7FC3,7FAD,7F87,7F67,7F4F,7F2C,7F18,7F15,7F20,7F14,7F05,7F11,7EFC,7EF3,7EF2,7EDC,7F02,7F07,7F0B,7F3E,7F40,7F48,7F52,7F75,7F7B,7F8C,7FA9,7F8A,7FAC,7F9D,7FA5,7FBC,7F9B,7FA1,7F8E,7F6F,7F4B,7F34,7F1A,7EEC,7EF4,7EDD,7ECA,7ED1,7ED1,7EDB,7EE6,7EC9,7EBA,7EAD,7E79,7E72,7E49,7E3F,7E27,7E3D,7E3B,7E39,7E5C,7E44,7E56,7E51,7E49,7E59,7E55,7E60,7E6E,7E73,7E86,7EAA,7ED0,7EEE,7F10,7F26,7F34,7F5C,7F5C,7F73,7F8B,7F90,7FC1,7FD1,7FE4,7FF2,7FF8,8001,7FF5,8009,8013,801D,8041,8045,8068,809A,80AF,80CD,80EB,80F8,80F2,80E8,80CB,80BB,80AE,8092,806C,804D,8013,8003,7FF4,7FBA,7FA0,7F66,7F32,7F00,7EC7,7EA2,7E6D,7E35,7DEA,7DDA,7DC0,7DA2,7D8D,7D73,7D6C,7D3D,7D2C,7D2C,7D2D,7D01,7CE4,7CDA,7CC2,7CC3,7CBE,7CDD,7CFF,7D3F,7D77,7D95,7DCE,7DE3,7DFC,7E09,7E1E,7E48,7E52,7E66,7E72,7E93,7E9E,7EAE,7EC9,7EBB,7ECB,7EF0,7F09,7F28,7F79,7F7B,7FCE,7FC1,7FD7,804B,804F,808C,80C7,8115,813F,8176,81A4,81B1,81FC,8232,8246,8298,82BC,82D3,8309,8324,8344,836B,8383,83A7,83D8,83E8,8418,844C,845A,845E,846D,847D,8484,8482,8475,8471,846B,845A,8482,8486,847D,849A,84A6,84AC,84B2,84AA,849C,84A9,849C,848A,84A4,84B3,84DB,8507,8531,855F,8582,85A8,85B5,85C0,859C,8571,8569,8549,8525,8516,84FB,84E0,84E6,84CB,84A2,849A,8467,843D,8417,83F1,83C8,83C4,83A7,8393,83A7,8390,838E,838D,837C,8370,8351,8324,831A,8318,82ED,82FD,8303,82EB,8310,831A,831B,832D,833D,831F,831F,8305,82DC,82D4,82AF,8287,826F,8238,8215,8219,81F1,81C0,818F,8154,8121,80E9,80A4,805C,802F,800E,7FC5,7F8E,7F28,7ECA,7E6E,7E22,7DEE,7DB5,7D76,7D30,7D0B,7CCF,7C8D,7C4E,7C09,7BB2,7B86,7B40,7B22,7AFD,7AAD,7A7E,7A2A,7A08,79D2,79A5,7986,7968,7985,796A,7970,797A,7957,7956,795F,7957,794C,7960,795E,795A,796A,7961,7959,7963,796B,7981,797C,7975,798B,7991,7983,7990,7998,799A,79AC,79CD,7A05,7A44,7A80,7AA1,7AE6,7B08,7B4F,7B9C,7BBA,7C1C,7C44,7C56,7C7E,7CA3,7CB9,7CC9,7CFD,7CF3,7D1B,7D55,7D6B,7DA9,7DC0,7DF2,7E19,7E32,7E3D,7E53,7E79,7E9C,7EBC,7ED9,7EE5,7EED,7EFC,7EF2,7EFC,7EE7,7EDC,7EC8,7EB5,7ECE,7EC1,7EC4,7EC4,7EB7,7EBC,7EB4,7EBD,7EA6,7E93,7E9F,7EB0,7ED2,7EE2,7EF9,7EFF,7F0D,7F1A,7F1A,7F2F,7F22,7F23,7F16,7F21,7F31,7F47,7F5F,7F61,7F77,7F81,7FA0,7FAA,7FC1,7FE3,7FE9,7FFB,800B,8020,8019,801A,801E,8018,801F,8010,8019,8005,8009,7FFA,7FEA,7FF8,7FD4,7FDF,7FCD,7FD3,7FBE,7FA2,7FAD,7F7A,7F91,7F8C,7F60,7F5C,7F77,7F7A,7F98,7FC8,7FCD,7FE7,7FF1,8006,8010,802E,8059,8084,80A2,80C4,8104,8119,813E,8171,8179,819C,81E4,81F5,8224,8267,8279,8297,82C7,82E8,830A,8346,8358,8374,83BA,83B8,83DA,8409,83E0,83CC,83C0,839F,837C,835B,8337,831F,8312,8303,82EC,82EC,82CB,82B0,82AC,8275,8284,8263,823C,824B,8212,81EB,81D7,8196,8164,8136,80FA,80B5,808E,8074,8034,802D,8018,7FF3,7FF6,7FD3,7FBC,7FA9,7F87,7F8E,7F80,7F85,7F98,7F93,7F71,7F6E,7F76,7F81,7F86,7FA0,7FBA,7FC7,7FFC,8003,8037,8044,8041,8055,8052,805B,8081,808D,808A,80B0,80B6,80C5,80DE,80D1,80BA,80C6,80D7,80A9,80D1,80DF,80C6,80D2,80B8,80BB,808E,8079,8058,8034,8010,7FEE,7FDD,7F85,7F7D,7F5E,7F26,7EF7,7EEB,7EA6,7E82,7E68,7E12,7E04,7DDD,7DC3,7DC5,7DB9,7D9F,7DA4,7D9B,7D5E,7D73,7D77,7D3F,7D77,7D99,7DAF,7DC6,7DDF,7DEA,7DE6,7DED,7DF2,7E20,7E1A,7E4D,7E84,7EBC,7F05,7F46,7F61,7F56,7FF7,7FE4,8000,804B,804E,808A,80A8,80C9,80D9,80FB,8103,8109,8136,814A,816A,81AE,81BF,81E6,8209,821C,8238,8254,8269,8265,8266,826F,826D,826D,8264,8278,828D,828B,82AB,82B5,82B4,82C2,82CB,82C1,82C8,82CD,82C7,82E3,82EC,82EC,82EF,82DB,82E8,8303,82F0,82F2,8323,831E,8311,832F,8336,8321,832F,8327,8323,831A,8315,8315,8324,831F,8315,8320,830E,830B,82FB,82DE,82D3,82BC,8299,8285,824A,8214,8212,81F2,81DB,81D6,81B1,819D,81A1,81A2,8180,8167,8163,8133,8125,810C,80E8,80E0,80C1,8092,8077,804D,8020,8000,7FD0,7FA1,7F8F,7F67,7F46,7F34,7F32,7F22,7F14,7F21,7F27,7F15,7F06,7F18,7F04,7EF1,7EE5,7ECF,7E89,7E85,7E83,7E45,7E51,7E50,7E23,7E0D,7DFD,7E02,7E08,7E16,7E36,7E5C,7E85,7E9E,7EC6,7EC4,7EC0,7EBB,7E88,7E6C,7E70,7E87,7E79,7E99,7EB7,7EB5,7ED8,7EE5,7EF1,7F05,7F1C,7F3F,7F78,7F91,7FB3,7FE8,7FFF,803C,8081,8092,80C5,80F8,80F1,8109,812B,8130,813F,8165,8191,81AB,81CA,81EE,821D,8246,8241,8269,8274,828A,82C5,82D0,82EF,8312,8305,8317,8337,834B,8363,8359,8370,8384,83BA,83C7,83C5,83F3,83D7,83F2,83F6,83F1,83EB,83B3,83B7,83A2,8382,8387,8382,838D,838B,8391,83AB,83A0,83A6,839D,8373,8361,8345,831F,82E7,82A5,8266,820C,81CB,8176,8136,810A,80DC,80F9,8100,80E2,80F1,80F1,80C9,80A3,8088,8051,8007,7FDA,7F89,7F36,7EEE,7EAD,7E48,7DD5,7D86,7D3E,7CEF,7C9E,7C65,7C25,7C06,7BD0,7BB6,7B86,7B5E,7B57,7B2F,7B0E,7AF8,7AE3,7ABC,7AB0,7ABA,7AAA,7A80,7A7A,7A3F,7A0E,79F7,79B6,798C,795C,7954,793B,7934,7933,7933,792F,7915,7940,794D,7944,7957,7966,7973,797A,7973,7962,794F,792A,7913,78EE,7899,7883,7856,782B,7825,780E,7808,7809,7806,77FD,7803,7814,780D,780F,782C,7838,7863,7870,786C,788B,788E,787B,7878,7871,7868,7872,7894,7891,78A4,78C5,78CE,78F6,790E,7923,7955,7953,7968,7979,796D,797C,797A,798F,7987,7998,79AF,79BE,79D2,79D2,79C9,79D8,79CB,79DA,79ED,79E5,7A21,7A32,7A37,7A54,7A57,7A71,7A73,7A8F,7AA6,7ABE,7AF1,7AEE,7B0F,7B25,7B04,7B1B,7B1A,7B1B,7B2E,7B29,7B1C,7B13,7B2F,7B3B,7B48,7B6A,7B72,7B96,7BB0,7BB2,7BD3,7BD8,7BE1,7BF6,7BFF,7C20,7C38,7C3B,7C4C,7C56,7C52,7C3F,7C5F,7C5D,7C50,7C6C,7C69,7C6D,7C85,7C8E,7C9A,7C8E,7C9C,7C98,7CB1,7CA9,7CBC,7CF3,7CF0,7D38,7D6F,7D92,7DC4,7E01,7E2E,7E5E,7E9D,7EB2,7EE4,7F0E,7F39,7F64,7F8C,7FBD,7FE3,800B,801A,8059,8085,80BD,8105,8158,81C0,8222,827C,82D0,8321,836A,8395,83F0,8418,8443,847D,84A3,84DC,84F7,8530,853C,85AE,859C,85B9,8624,8615,8659,867E,86C6,8701,8750,87A9,87F8,886C,88B6,8911,895C,8982,89A9,89DA,8A01,8A30,8A8B,8AAD,8AF5,8B27,8B36,8B5D,8B74,8B88,8B92,8BBE,8BE5,8C37,8CA7,8CF0,8D5B,8D99,8DCB,8E31,8E6E,8EC8,8F2C,8F88,8FD5,903F,90AB,90F7,9155,9191,920D,9298,9329,93F1,94B7,953A,9554,9527,9482,9364,922F,90A4,8F1D,8DEC,8D54,8D0D,8CF4,8D2D,8D59,8D2C,8C7F,8B93,8A4F,892F,8852,8768,8694,8604,85BE,853A,8497,8376,8209,8062,7F06,7E34,7D7F,7D5C,7D32,7D00,7CD1,7CBB,7C6F,7BD3,7B19,7A57,79B7,7950,797A,79BE,79D1,79E6,7A11,79FF,7A03,7A0D,7A0E,7A24,7A29,7A5A,7AB2,7B0B,7B70,7BD1,7BDF,7BFF,7C45,7C7D,7CBB,7D11,7D57,7DA6,7E2F,7EB5,7F6D,8015,8091,80F1,812D,816C,8194,819F,81AB,81B8,81A6,81A2,81E1,821F,825A,828C,82A9,82B5,82D1,82E1,82BF,829B,8255,8224,8214,8206,820A,821A,81E8,81A8,8141,80BE,8047,7FB9,7F41,7EEF,7EB5,7EA4,7EB1,7EAA,7E68,7E03,7D8D,7CF4,7C7B,7C06,7BB3,7B85,7B51,7B4B,7B67,7B65,7B68,7B38,7AF3,7AC3,7A98,7AAE,7ABE,7AA5,7A8C,7A76,7A7C,7A86,7A94,7AA9,7A94,7A8E,7A67,7A5F,7A5B,7A49,7A65,7A7E,7ACD,7B56,7BFF,7CCB,7D63,7DC5,7E27,7E4E,7E82,7E86,7E71,7E5E,7E3E,7E59,7E3C,7E2A,7E17,7DF8,7DE9,7DD8,7E01,7E44,7E85,7EE7,7F34,7F70,7F9C,7FA5,7F8D,7F56,7F13,7ECD,7E84,7E4E,7E39,7DF3,7DA8,7D35,7CC6,7C75,7C13,7BD1,7B6F,7B27,7AFA,7AC8,7AAC,7A66,7A43,79DF,7983,795E,793F,7922,78F7,78B6,788F,7873,784C,7849,77FA,77CD,77C1,77A7,7787,7770,7770,773D,773D,773F,7733,776A,7791,77DE,7826,7864,78AF,78DF,7914,78FD,7916,7937,7938,796A,7982,7987,79B5,79D6,79CD,79EB,79FD,7A20,7A4D,7A7F,7A9B,7AD0,7B0E,7B2B,7B67,7B7B,7B77,7B93,7B85,7B78,7B84,7B61,7B53,7B44,7B3B,7B27,7B23,7B2F,7B32,7B54,7B3F,7B43,7B4C,7B33,7B2B,7B29,7B0B,7AF4,7AEC,7AC3,7AA6,7A9D,7A90,7A69,7A70,7A74,7A72,7AA8,7AA9,7AD6,7AFE,7B02,7B46,7B53,7B65,7B81,7B98,7BBB,7BD2,7C0A,7C2F,7C52,7C99,7CBF,7D06,7D46,7D78,7DD8,7DEF,7E32,7E81,7EC8,7F17,7F5A,7F9E,7FD1,8035,8084,80D1,8138,8180,81E4,826C,82E4,8359,83C3,83FD,8435,8478,84AE,84DC,8510,852D,8557,85B5,85E5,8636,8698,86E6,8753,87A9,8813,887A,88EF,8959,89B9,8A3B,8AA3,8B10,8B8A,8BE6,8C42,8C94,8CE7,8D29,8D6E,8D91,8DD0,8E17,8E46,8E92,8EE3,8F4B,8FCD,9077,90FC,91C0,928E,936C,9452,9519,95F1,9680,96CA,96FD,96F9,96B6,966C,9612,9580,94E5,945F,93A2,9313,9298,920A,9182,912A,9129,9135,9165,9128,907F,8F4F,8DD5,8C4E,8A79,8896,86BB,8510,83BD,832B,828D,8202,81C8,80C5,7FF9,7F5A,7ED1,7E46,7DBC,7D2B,7C7D,7C07,7B85,7AEC,7A08,78E8,77E8,7753,7709,76D6,770A,7714,773F,77C5,7809,784F,788A,7884,7894,78B2,78CA,7910,7946,795E,7992,79F0,7A4C,7AB2,7B2D,7BAA,7C6A,7CFA,7D8B,7E16,7E9D,7F03,7F97,7FFB,7FFA,8028,803F,806B,80A4,80EB,8114,814B,81AB,8221,82A0,8307,8355,8394,83A3,83AE,83BD,8397,835D,8311,82A3,8250,8226,81FA,81C1,81A6,8186,8183,819F,816A,8141,8120,80CB,808D,803C,7FCC,7F77,7F40,7EEF,7E92,7E24,7DB2,7D4B,7CE6,7C97,7C44,7C0C,7BDA,7BBD,7BB5,7BAC,7B9E,7B7E,7B40,7B2A,7B2D,7B0C,7AED,7AD8,7AAF,7ABB,7ACC,7AD5,7ADF,7AE1,7AFA,7B28,7B6E,7BA1,7BFD,7C14,7C5A,7CAB,7CE3,7D30,7D8A,7DC1,7DF8,7E4E,7E8E,7EDE,7F07,7F30,7F62,7FC1,7FF3,8047,80A8,80DE,8144,8181,8193,81BA,81CA,81B8,81CD,81C3,81B4,81BA,81B4,81A8,8171,812D,80D5,8098,8072,8048,8067,80AA,80E6,8135,8184,81B6,81AB,8173,8107,809C,8038,7FCB,7F82,7F10,7EB1,7E6D,7E14,7DA7,7D65,7D14,7CE3,7CE4,7CD6,7CE3,7D02,7D1A,7D3E,7D50,7D2E,7D20,7D17,7CE4,7CD6,7CB1,7C7F,7C73,7C3A,7C1C,7C03,7BEE,7B9D,7AF1,7AAB,7A6A,7A55,7A6D,7A61,7A82,7ABF,7B4B,7B90,7BC6,7C10,7BED,7BE3,7BD3,7BBE,7BF0,7BD8,7BB0,7B73,7B36,7B10,7AE4,7A81,7A28,7A11,79FF,7A05,7A45,7A98,7AD3,7B1E,7B40,7B82,7BC9,7BDD,7BF5,7BDE,7BCF,7BA6,7B84,7B52,7B11,7AEE,7A86,7A52,7A4C,7A18,7A0B,79F8,79CD,79D4,79DF,79F2,7A1D,7A49,7A51,7A55,7A50,7A4A,7A50,7A4E,7A2D,7A11,79FD,79FC,7A08,7A06,79E8,79C9,79AC,7995,7984,7991,799C,79B4,79C9,79F7,7A3A,7A5A,7A8E,7AC0,7B08,7B2C,7B44,7B96,7BB9,7BEE,7C0B,7C0F,7C3A,7C4C,7C66,7C74,7C7D,7C9F,7CB4,7CC5,7CEE,7D3A,7D8B,7DCC,7E46,7E9D,7EFE,7F6B,7FA3,8000,8040,8080,80B2,80E1,8126,8146,816F,818C,818F,81A5,81C4,81F6,822C,8267,82D9,8349,83B9,8436,8483,84DD,8528,856A,8596,85C5,860F,8620,865E,8671,8683,86BD,86B7,86E4,8710,8739,878A,87E1,8856,88D0,8952,89D9,8A3C,8AB1,8B29,8B82,8C2C,8CA3,8D30,8DC0,8E10,8E90,8EF5,8F56,8F9D,9001,9076,90DD,9176,9215,92ED,93DF,94F4,962D,973A,9809,98A6,98F1,98D3,989E,9868,97E4,9725,9688,95E2,9555,94CC,9423,9389,92F9,924B,91A7,90CA,8FB0,8E99,8D10,8B3C,897B,87B0,85BB,840E,82B9,8178,80B9,8006,7F47,7EB1,7DDD,7D1D,7C42,7B5B,7A5C,7961,7861,7785,76A5,755F,743A,7333,722A,7154,70F2,7094,70A5,7114,7163,71E3,7244,729D,72F5,7342,73A8,73FC,745C,7492,74F1,753F,7576,75FB,766B,76E5,7788,7841,7923,7A17,7B0A,7BCC,7CCC,7D6D,7DEA,7EB3,7F0D,7F90,800A,807B,80D7,8176,81F8,8282,833C,83D1,8469,84F1,853D,857A,85B2,85C4,85C4,85C8,859B,8578,8550,8508,84E2,8496,8457,8438,8424,8409,83DD,83B2,836C,8337,82EB,8276,81FD,8164,80CF,805C,7FE1,7F3F,7E9B,7DF8,7D4E,7CC2,7C45,7BD4,7B94,7B58,7B0C,7AC2,7AA2,7A66,7A0B,7993,792C,78EB,7889,7832,781A,77E9,77C6,77CD,77C6,77DE,7806,7810,7833,788A,78B9,78E7,7926,7955,7999,79E3,7A14,7A70,7AC3,7AFA,7B3E,7B9F,7BDE,7C2E,7C78,7CC8,7D4E,7DB5,7E10,7E80,7EE7,7F38,7F9A,7FC9,7FF1,8038,8061,8093,80DA,8116,8132,815E,816E,8159,8177,819F,81BF,81CD,81BD,81B0,81A3,8179,814F,8129,80DB,80AD,808C,805F,8048,8025,7FE6,7FDD,7FB9,7F79,7F4E,7F1C,7EFE,7EC7,7E8D,7E28,7DF3,7DA7,7D23,7CC5,7C68,7BED,7B7B,7B13,7AA1,7A5A,7A18,79DE,79E6,7A01,7A48,7A88,7AB3,7AE0,7B1A,7B19,7AEE,7AE3,7AAF,7A88,7A6C,7A5A,7A53,7A5E,7A6F,7A6A,7A72,7A85,7A9F,7AD0,7B0C,7B8E,7BFB,7C67,7CD1,7D23,7D7B,7D9E,7DB2,7DBA,7DB8,7DD0,7DD8,7E03,7E13,7DD5,7DB0,7D74,7D4E,7D41,7D38,7D33,7D0A,7D06,7D15,7CEE,7CF3,7CF2,7CBB,7C7E,7C68,7C77,7C3E,7C1D,7BD9,7B89,7B4C,7AE1,7AA6,7A59,7A14,79F5,79AE,7970,7936,7910,78B3,7856,783D,7818,782B,7826,7841,7865,7839,782E,7816,77E7,77C1,77B0,77A2,77AD,77BA,77BD,77C2,77B5,77AD,77AD,77AB,77AA,77E6,781C,7837,786B,789B,78CF,78FF,7930,796F,799F,79B5,79E4,79FE,7A1D,7A33,7A46,7A50,7A78,7AB3,7ADF,7B27,7B53,7B8D,7BA5,7BC9,7BF8,7C07,7C4D,7C6C,7CA7,7CE8,7CFD,7D42,7D62,7D75,7D80,7D7E,7D8F,7D8E,7D94,7D9A,7D97,7DB3,7DAC,7DB9,7DD4,7DC8,7DCA,7DE4,7DF7,7E2F,7E44,7E61,7E89,7E9F,7ED4,7EEE,7F33,7F2D,7F42,7F58,7F4E,7F6C,7F74,7FA0,7FDE,800D,803E,8088,80D6,8105,814D,819C,81D7,822F,8280,82BF,831E,837B,83B5,8409,845D,84AB,8505,854E,85A3,85FD,8649,869F,871D,8797,8808,88AC,8946,89EC,8ABD,8B65,8C14,8CD0,8D68,8E18,8ED5,8F7E,9030,90F2,91BE,9273,9315,93CC,947D,9537,95DB,96C6,97DC,98D3,9A15,9B5B,9C80,9DC8,9ED4,9F5D,9FB4,9F6F,9EA6,9D77,9BF6,9A72,98FC,9774,95CF,942F,922F,9036,8E61,8C5F,8A7D,88C1,8737,868B,867F,867F,86E6,86F6,8655,857C,8400,8235,8026,7DD0,7B72,7950,77BE,7658,754E,7403,729B,7198,7092,6FEE,6F8A,6F5C,6F49,6FB0,7046,70C9,716F,71C7,71CC,71E9,720B,720D,7251,729B,72F7,737A,73F5,74B6,755E,75FA,7688,770C,7781,77EC,78A2,793E,7A1E,7B2D,7C0F,7D14,7E37,7F4C,807B,81A7,82A6,837F,8463,8551,8638,8708,87AB,8813,8848,8864,8822,884B,8815,87C0,87BD,87A9,87ED,880C,885D,8887,88DD,88FA,8912,8933,890B,88E7,8883,8812,879A,871B,8654,859B,84F0,8436,83A3,82E5,8222,8164,80B2,7FDD,7F2A,7E88,7DCE,7D5F,7CCE,7C48,7BDD,7B40,7ABD,7A4F,79C7,794D,78E6,7889,782A,77FF,77DB,77C1,77B3,778B,775B,772B,76CE,767C,763B,75E0,75C5,75D0,75ED,7638,76B0,772F,77AB,7815,7897,790F,7984,79F0,7A7F,7B09,7B82,7C0E,7C80,7CC2,7CFF,7D2B,7D42,7D87,7DB7,7DFD,7E64,7EDD,7F67,7FEA,8050,80CC,8148,8190,81E0,824A,8290,82D4,8313,8325,833B,8345,832D,8317,8310,82F6,82E9,82E6,82CD,82C0,82B8,8292,8268,8232,81EC,81AD,8199,8156,8116,80D6,8081,8038,8002,7FB9,7F7A,7F4E,7EF7,7ECB,7E87,7E32,7DFF,7DB9,7D50,7D09,7CD5,7C82,7C65,7C3C,7C0C,7BF5,7BBA,7BA6,7B9C,7B78,7B65,7B5A,7B37,7B15,7B21,7AFD,7AE8,7AFD,7AF2,7AFC,7B32,7B67,7B8A,7BB3,7BD9,7C09,7C44,7C70,7CB3,7CFC,7D2A,7D41,7D6A,7D84,7DB4,7DBF,7DBC,7DDD,7E12,7E58,7E99,7EF9,7F21,7F4D,7F61,7F5F,7F76,7F74,7F7F,7F7C,7F8E,7FAB,7FAA,7FAE,7FB3,7FA2,7F78,7F62,7F50,7F3A,7F2C,7F22,7F05,7F00,7EE6,7EC5,7E95,7E1A,7D9A,7D13,7C8C,7C1B,7BC5,7B8A,7B46,7B3C,7B32,7AAB,7A7B,7A42,79B9,795E,791D,790A,790F,7928,7920,7917,7910,78BD,786D,7813,77BE,77B3,778F,7776,77A1,77AC,77B3,77B4,7790,7792,7790,77B0,77C2,7824,7881,78BF,7918,792F,7955,796E,797D,79B1,79DE,79FC,7A2C,7A40,7A6A,7A80,7A8C,7AB2,7AEB,7B1C,7B70,7BA7,7BE8,7C14,7C34,7C3B,7C42,7C78,7C94,7CE4,7D11,7D35,7D63,7D5C,7D52,7D48,7D1B,7CF7,7D04,7D06,7D31,7D57,7D5E,7D77,7D74,7D59,7D23,7D28,7D19,7D27,7D4C,7D5E,7D93,7DAE,7DB6,7DC1,7DC0,7DCA,7DCA,7DD1,7DEB,7DFF,7E1D,7E2E,7E5F,7E88,7E87,7EA1,7EB7,7ED0,7F06,7F1E,7F35,7F5C,7F6D,7FAE,7FFE,8055,80B5,810B,815D,81A0,81E8,81FE,822A,8290,82BE,831A,8392,83E1,8447,8497,84E7,8529,857B,85CE,8633,86C2,873F,87BE,8851,88CB,8940,89C1,8A36,8AC1,8B6D,8C0E,8CFD,8DC3,8E84,8F55,9008,90B0,9135,91D4,926A,9335,9428,9527,963E,9742,9827,992B,9A0B,9B1C,9C46,9D2F,9E16,9EED,9F9E,9F8F,9EAB,9D6F,9BD5,99DB,975C,943F,913D,8E8D,8C65,8A7D,88C4,8798,8729,8724,873E,87CD,888D,8893,8802,8749,8613,8494,8298,8019,7D6E,7B10,7903,76F2,74F5,734D,7205,70C9,6FF4,6FA5,6F63,6F5D,6FA2,6FF7,7047,707D,7061,703E,702A,700A,6FE1,6FE1,7030,709F,7121,7196,722B,72C1,7348,73C0,741C,7481,750D,756A,75A8,7606,76A8,774D,77E5,78A2,796E,7AAF,7C27,7DA1,7F22,8098,8233,83A1,84D9,85CD,86A0,86EA,86FD,86D8,868E,8651,860F,85CC,85EE,85DE,8637,8704,879B,8836,88CD,8967,89DA,8A28,8A39,8A41,8A47,8A48,89E3,898F,88F1,8844,87BB,86F3,864C,859B,84EA,8442,83C2,833E,82B5,8238,817A,80C6,8023,7F62,7EC9,7E27,7D68,7CDD,7C74,7C14,7BB6,7B65,7B05,7AC7,7AA0,7A4C,79EF,7973,78DE,783E,7794,76EF,7669,75E7,7584,754F,7531,7525,7567,75B9,7601,766C,76DF,7756,77E4,785E,78A7,7900,795D,798A,7995,79AF,79DC,7A1B,7A4B,7A74,7AC3,7B24,7B9E,7C1D,7C9A,7D29,7DC5,7E50,7EED,7F85,8006,8075,80CD,810D,8143,819E,81D2,8218,8252,8286,82C1,831B,832D,833E,836F,8378,8381,837B,838E,8367,8348,832C,8313,82F6,82C7,82BF,82AC,8288,8281,826A,8243,823E,820F,81BC,8180,812C,80BE,8058,7FE2,7F74,7F14,7EA1,7E3A,7DF0,7D9F,7D71,7D3A,7CE7,7CC6,7C92,7C68,7C4B,7C38,7C1C,7C1D,7C14,7BE9,7BDC,7BAF,7B60,7B2E,7B07,7ABF,7AB2,7AA5,7AA4,7AB4,7AC4,7ACC,7AF7,7B14,7B10,7B14,7B37,7B4A,7B48,7B69,7B66,7B76,7B71,7B5D,7B71,7B86,7BA4,7BED,7C3F,7C9A,7CE0,7D33,7D73,7D8A,7D9B,7D83,7D68,7D61,7D58,7D56,7D49,7D52,7D56,7D55,7D69,7D6D,7D98,7DBA,7DD8,7E07,7E27,7E44,7E45,7E42,7E3A,7DEF,7DDB,7DC7,7D78,7D72,7D58,7D2A,7D18,7CED,7CCA,7CBA,7CB8,7CA6,7C9B,7CA1,7C98,7C83,7C68,7C28,7BB5,7B1F,7AA9,7A30,79BF,797F,792F,7915,7916,78D3,78C8,78BE,78A8,7891,785A,785A,784D,7842,784D,784C,7845,7835,7833,781D,77F1,781D,782F,7832,7860,787A,789B,78BC,78E1,78F9,7909,792C,7963,798B,79BB,79EC,7A42,7A6F,7A8C,7AC7,7AE7,7B34,7B5D,7B7C,7BBD,7BEF,7C1E,7C36,7C4A,7C5A,7C5E,7C82,7CA7,7CB1,7CC5,7CCE,7CE0,7CD4,7CD1,7CFE,7D18,7D38,7D8F,7DC3,7DFD,7E25,7E39,7E22,7E0F,7DEA,7DAD,7DA9,7D82,7D7F,7D9B,7DB4,7DDA,7DFB,7E13,7E33,7E58,7E53,7E5E,7E87,7E90,7EB8,7EDC,7EFB,7F1D,7F3C,7F2B,7F40,7F4C,7F3D,7F61,7F88,7FBE,7FF2,803D,8073,80BB,80FF,8115,815D,819A,81BF,8204,8242,8282,82C9,8318,8376,83C6,8439,8485,84E3,8536,8560,85BA,85F7,8644,869D,86CC,8726,879D,87DD,884D,8898,88FC,8973,89D5,8A6C,8AFD,8BC8,8C6A,8D3E,8E18,8EC1,8F6E,8FFB,9076,90EE,917A,91FF,9287,9342,942B,9524,9640,9749,9897,99D3,9B17,9C82,9DAE,9ED1,9F8F,9FE3,9FAA,9EC5,9D91,9BBF,998B,970C,941A,913E,8F0D,8D61,8BCC,8A9E,89FE,89F1,8A4C,8ACD,8B45,8BBE,8BC9,8B64,8A91,8911,876C,8576,830D,80AE,7E7B,7C4D,7A86,78F1,778F,7637,7504,740B,734D,72B4,7239,720A,71DF,71F9,7205,720A,720D,7212,71F9,71D2,71D4,71E1,7234,726D,72BA,72F3,731B,7319,730E,72E2,72C5,72BD,728E,72A6,7303,73A1,7451,756A,762D,7729,789E,79FA,7B6D,7CF5,7E3A,7FAF,8106,8200,82B7,8323,8352,8344,832D,82D0,829E,82A2,82BF,8326,83AC,846B,855D,866C,874D,8837,88FF,899F,8A3A,8A8C,8AB9,8AD2,8AF5,8B02,8AE0,8ABF,8A79,8A3B,89CD,893E,88C4,881D,879C,8729,86B4,8636,85CE,8567,84F5,8488,8410,838E,8317,82C6,826A,820A,81B7,8176,8134,80CD,804C,7FD3,7F2C,7E6A,7D91,7CAA,7BCD,7B07,7A4B,7991,7913,789C,7840,77F1,77C9,77CE,77F1,780C,783F,786E,7896,78D4,78F2,78DB,78E0,78E2,78A7,788B,787D,786E,7881,7896,7898,78D3,7921,796E,79CA,7A2B,7A76,7AF3,7B6F,7BDF,7C83,7CFB,7D7C,7E07,7E81,7EF0,7F65,7FB7,7FFC,806C,80BC,80FE,814A,817C,81BB,81E6,8201,8222,8257,8286,82AB,82D5,82F9,833A,837D,83B4,8400,8437,8467,849B,84AA,84B6,84B8,8488,8440,8405,83B5,835C,8300,829A,824F,8212,81D5,8183,815E,8123,8109,80FB,80C4,80A9,808B,8057,8018,7FDC,7F6F,7F1D,7EBA,7E3D,7DE0,7D8B,7D45,7CED,7CA4,7C5C,7C15,7BE2,7B9C,7B51,7B19,7AFE,7AEA,7AD8,7AD0,7AD7,7AD9,7ACF,7ACE,7AD1,7AC3,7ABC,7AB5,7AB2,7AC7,7AC9,7AB4,7AB6,7AB6,7AA3,7A9E,7A94,7AA9,7AB0,7AC0,7AE3,7AFC,7B28,7B5C,7B95,7BBA,7BFE,7C3A,7C5D,7C95,7CB2,7CD6,7CFB,7D10,7D26,7D2C,7D3B,7D5D,7D65,7D71,7D83,7D88,7D8B,7D94,7DB8,7DB9,7DE6,7DFF,7E15,7E38,7E42,7E5F,7E4D,7E56,7E5C,7E3D,7E46,7E37,7E1F,7E16,7DF5,7DE9,7DCD,7DAA,7D76,7D69,7D4A,7D23,7D0A,7CFF,7CFE,7CF5,7CE7,7CCA,7CB0,7C7F,7C6E,7C39,7C05,7BCB,7B71,7B2C,7AFA,7ACD,7A7E,7A50,7A34,79FF,79EF,79CF,79C0,79BD,79A9,79A5,7978,795B,793E,7910,78E0,78B0,7897,7853,7863,7873,786E,78AB,78C1,78DC,78E8,7900,791E,793B,7958,7961,797F,799F,79C0,79DD,79F5,7A05,7A32,7A4A,7A78,7AC0,7AE0,7B21,7B48,7B6E,7B8E,7BB4,7BCE,7BC5,7BFB,7C15,7C4A,7C7A,7C9E,7CDD,7CED,7D0C,7D40,7D69,7D7D,7DAD,7DC8,7DC3,7E04,7E2B,7E22,7E3F,7E47,7E38,7E46,7E61,7E75,7EA7,7EB7,7EDB,7F02,7F09,7F38,7F41,7F6A,7F90,7FB7,7FD0,7FE3,8022,8039,804A,806A,805F,808B,80A2,809E,80E7,8102,812A,8152,817A,81AA,81C2,81F2,8204,8232,8275,829B,82E1,8323,8349,8397,83DA,8417,8467,84A1,84E1,8513,853B,8572,859C,85CB,8600,8656,869F,86FF,8781,87D7,8845,88CA,8937,89A8,8A1F,8ABF,8B5C,8C05,8CC1,8D7F,8E5A,8F07,8FAC,904F,90EC,919A,9252,930D,9409,953C,967D,9810,9974,9ABE,9BE8,9C5C,9BFA,9B0F,996F,96BF,93CA,9059,8CE9,8A60,8864,870E,86D4,8787,88EA,8AC6,8C87,8E35,8F87,8FC2,8F55,8E53,8C83,8A5B,8805,8551,82A3,8074,7E43,7C88,7B52,7A4F,79A4,793A,78F5,7904,78D1,786E,7841,7780,76B9,760A,7563,74EA,74B5,74B1,74BA,7511,7585,75C5,75F5,75D4,755D,74D2,7432,7372,72D3,725E,71D8,71AC,718F,71A4,7216,7281,7300,73AB,7495,75C1,7715,7853,7991,7AF0,7C37,7D37,7DEF,7E56,7E6B,7E2D,7D9C,7CF7,7C89,7C21,7BF7,7C46,7CB3,7D99,7EDD,8022,817E,82C8,83DC,84CC,859D,860E,8663,86A4,86A3,86B4,86B5,86AB,86D4,86EA,8701,8728,8729,8710,8703,86D2,8691,8658,85ED,8598,856E,853C,84F1,84EB,84EF,84F4,8514,8535,8546,854C,8531,8509,84BC,8439,839D,82E2,821A,8154,8092,7FBE,7EF9,7E76,7DFE,7D8A,7D29,7CD8,7CA2,7C70,7C49,7C32,7C3D,7C1D,7C19,7C30,7C1A,7C00,7BD6,7B84,7B2B,7AB6,7A24,79A5,7932,78D4,788B,784D,7821,782A,783C,784D,7882,78A7,78C8,790D,793F,795D,79A4,79D6,7A0D,7A3D,7A73,7A91,7ADF,7B0C,7B14,7B56,7B74,7B8F,7BB0,7BC0,7BCD,7C02,7C18,7C45,7C8E,7CD7,7D38,7DAC,7E13,7E8B,7EFE,7F56,7FB4,8007,8041,808C,80B7,80D9,80F3,80EE,80FC,80F2,80E4,80E0,80F7,8105,8102,812F,814F,8164,8195,81AF,81DA,81EB,820D,822A,8249,8253,824D,8258,8233,820A,81E5,8191,8157,8110,80D3,80A8,8075,805A,802C,8006,7FE4,7FC5,7FA8,7F7E,7F62,7F21,7EF6,7ED9,7E96,7E6F,7E3C,7E27,7E09,7DE9,7DEB,7DC6,7DC5,7DB0,7D76,7D5B,7D12,7CE3,7CA4,7C54,7C26,7BE4,7BD8,7BC0,7BBD,7BD1,7BCF,7BF6,7C0C,7C1A,7C43,7C5B,7C73,7C79,7C70,7C79,7C73,7C62,7C40,7C22,7C42,7C42,7C60,7C83,7CA2,7CCE,7CDB,7D18,7D22,7D54,7D77,7D83,7DB4,7DD3,7E00,7E2C,7E60,7E7C,7EA5,7EBB,7ED7,7F02,7F02,7F17,7F3F,7F49,7F46,7F50,7F52,7F57,7F6C,7F63,7F7A,7F83,7F8B,7FB1,7FBE,7FE7,7FEC,8010,8015,801B,802B,800C,8014,8017,800C,8009,7FE9,7FCE,7FC9,7FB4,7F94,7F95,7F89,7F60,7F66,7F62,7F4E,7F56,7F54,7F48,7F4D,7F2A,7F10,7F02,7ED3,7EBC,7E92,7E6C,7E41,7E1C,7E0B,7DF6,7DEF,7DBE,7DBA,7DBD,7DA7,7D92,7D7F,7D5C,7D68,7D73,7D61,7D73,7D7F,7D92,7DA4,7DCA,7DDB,7DE8,7E0B,7DFD,7E14,7E1E,7DF8,7E04,7E09,7DE4,7DF4,7DED,7DF5,7E28,7E3F,7E7B,7EA3,7ED1,7F04,7F2B,7F56,7F55,7F55,7F5D,7F3E,7F4B,7F48,7F42,7F55,7F48,7F52,7F7D,7F91,7FB4,7FC9,7FE7,800E,801D,803E,8039,8036,802D,8017,8024,801E,804F,8079,8089,80C7,80DB,80F7,8106,8106,80F8,80EE,80CD,80BD,80C2,80CE,80E4,8105,812B,8136,8152,8152,814C,815F,8162,817A,817F,8186,81A9,81AF,81BF,81BF,81D1,81AF,81A5,81B8,81A7,81C8,81EC,821B,8259,829E,82DF,831B,8358,837D,83A3,83BB,83B0,83A8,83A5,8382,8364,8380,8375,83B5,83E9,8414,846F,84A3,850D,854D,85B3,85B2,8612,863A,8623,866F,8660,8691,86B3,86D7,8701,8755,87B1,87F8,885B,88B7,891F,8994,8A13,8A88,8B23,8BB2,8C09,8C4F,8C2E,8BE4,8B1F,89B4,884C,86AF,8509,83C2,82DC,823D,82A2,83C0,84F3,8669,87C4,890A,8A12,8A94,8A91,8A19,8931,87F9,86AA,851D,8395,8277,811C,8013,7F8B,7F51,7F82,8017,80B9,8147,81F2,823D,8220,81B8,80E3,7FC3,7EB5,7DB1,7CF5,7C9A,7C8F,7CEC,7D8F,7E3A,7EF8,7F6C,7F72,7F3F,7EC9,7DEE,7CF4,7BFC,7B04,7A2D,7971,7902,78E2,78EB,793B,79CE,7A74,7B3A,7C01,7CB9,7D46,7DA6,7DB2,7D56,7CE6,7C57,7B94,7B02,7A7B,79FD,79EC,7A0D,7A3F,7AB0,7B53,7BDD,7C7E,7CEC,7D48,7D85,7D9C,7DA3,7DA2,7DAA,7DA1,7DD2,7E0B,7E56,7ED0,7F3E,7F9C,801B,8069,8086,809D,808C,8065,8031,7FE5,7FAA,7F8C,7F66,7F6A,7F97,7FA0,7FED,8061,80A8,8120,818F,81DB,821C,8245,8233,81FC,81C5,8173,8120,80D2,8070,803D,801D,8007,8026,802A,803E,8068,806C,8077,8092,8090,8073,806B,8058,8044,805E,8048,804F,8073,8083,8098,8092,8098,8083,8072,8062,8030,800A,7FD7,7F9B,7F7C,7F50,7F53,7F3C,7F3B,7F54,7F69,7F93,7FAB,7FDE,8008,800A,8022,801C,800B,7FF5,7FB6,7F97,7F6A,7F43,7F26,7EFC,7EFE,7EFC,7F10,7F14,7F15,7F38,7F30,7F47,7F4F,7F48,7F50,7F3F,7F34,7F2C,7F2D,7F3C,7F26,7F2F,7F2B,7F15,7F1E,7F0B,7EFE,7F0D,7F02,7EFC,7EF4,7EF5,7EFA,7EF2,7EFD,7F01,7F04,7F12,7F19,7F34,7F3C,7F62,7F79,7F78,7F9C,7F96,7F9B,7F9B,7F81,7F78,7F53,7F41,7F27,7F06,7F08,7EE9,7EF8,7F04,7F07,7F28,7F47,7F4C,7F69,7F6F,7F6F,7F8C,7F8D,7F89,7F77,7F59,7F44,7F31,7F1A,7EEB,7EEE,7EEB,7ED2,7EE3,7EBE,7ED4,7ED8,7ECE,7EC3,7EB9,7EBD,7EA6,7EA7,7E96,7E81,7E93,7E9E,7E8D,7E98,7EA2,7E9C,7EA2,7E94,7E86,7E7A,7E72,7E6A,7E5F,7E48,7E2C,7E34,7E29,7E0E,7E1C,7E0D,7DFD,7E13,7E03,7E21,7E34,7E41,7E4D,7E55,7E60,7E44,7E5C,7E58,7E4E,7E60,7E3B,7E43,7E3A,7E1D,7E31,7E26,7E17,7E29,7E2D,7E33,7E4C,7E4D,7E5B,7E5D,7E6D,7E5B,7E6D,7E8C,7E6C,7E7A,7E62,7E47,7E53,7E40,7E34,7E30,7E21,7E2B,7E26,7E29,7E1E,7E1F,7E2D,7E32,7E35,7E11,7E13,7E34,7E28,7E1C,7E32,7E29,7E3A,7E3F,7E35,7E42,7E3E,7E50,7E47,7E58,7E59,7E61,7E6D,7E54,7E6E,7E6C,7E5E,7E77,7E70,7E66,7E6B,7E65,7E61,7E53,7E48,7E39,7E34,7E3D,7E24,7E25,7E34,7E34,7E50,7E5D,7E75,7E8F,7E90,7E9E,7EA7,7E88,7E80,7E96,7E8C,7E74,7E65,7E47,7E48,7E4E,7E3A,7E4F,7E5C,7E70,7E72,7E76,7E72,7E74,7E98,7E85,7E99,7E93,7E8B,7E92,7E88,7E95,7E8A,7E95,7E7F,7E85,7E81,7E7D,7E71,7E7C,7E6B,7E63,7E5C,7E5E,7E69,7E67,7E46,7E74,7E44,7E2D,7E84,7E6E,7E69,7E70,7E87,7E76,7E8E,7E7A,7E78,7E79,7E64,7E6D,7E64,7E61,7E5B,7E5F,7E5C,7E66,7E81,7E7A,7E90,7E87,7E86,7EA8,7EB4,7EAB,7EB6,7ECB,7EB9,7EC9,7EC9,7EC1,7EDC,7EDD,7EDE,7EED,7EF6,7EF0,7F18,7F2A,7F2B,7F54,7F56,7F68,7F77,7F87,7F8A,7F93,7FA5,7FA4,7FC0,7FC9,7FD7,7FFB,8003,8013,802F,8042,8059,806E,8073,806F,8095,8091,809D,80B2,80B3,80C5,80CF,80DE,80E0,8109,8115,8133,815E,815E,8174,817B,8185,81A9,81C6,81C0,81CF,81E4,81F4,8215,822D,823D,824B,8270,8274,8297,82AB,82AE,82C5,82AF,827C,824A,8218,81ED,81CA,819C,8167,816F,818C,81B8,81F4,8211,824C,8272,8299,82B1,82B1,8299,8276,8267,821D,81F5,81D8,8192,8161,813B,8119,8109,8114,810A,8125,814C,8135,8145,813B,811F,8108,80D1,80A7,8079,8060,8033,802E,802C,8021,8028,802A,801D,800D,7FFF,7FD8,7FBC,7FA7,7F78,7F68,7F44,7F00,7EE9,7ECF,7EB1,7EA8,7E95,7E8B,7E9C,7EA1,7EA1,7EB7,7EB5,7EB3,7EA2,7E6A,7E4B,7E43,7E0E,7DDE,7DDA,7DB2,7DA4,7DB1,7D9B,7D9B,7DA6,7D9F,7D9E,7D8D,7D8E,7D88,7D87,7D7A,7D76,7D82,7D76,7D7E,7D94,7D85,7DA3,7D8A,7D91,7DA9,7D96,7DA0,7D99,7D91,7D8D,7D75,7D70,7D57,7D61,7D61,7D52,7D7B,7D75,7D80,7D97,7D99,7DBD,7DCA,7DD8,7E00,7DFA,7DF3,7DE8,7DE1,7DEB,7DC9,7DDE,7DCD,7DD5,7DE1,7DE3,7E13,7E08,7E24,7E3A,7E36,7E4F,7E4D,7E4D,7E48,7E36,7E49,7E41,7E30,7E47,7E38,7E43,7E51,7E67,7E7A,7E8D,7EA1,7E9C,7EB3,7EB8,7EA9,7EBB,7EAD,7EAB,7EA1,7E8A,7E9A,7E93,7EA2,7EA9,7ECB,7EEC,7EFD,7F06,7F28,7F3B,7F46,7F46,7F41,7F4D,7F2D,7F2E,7F22,7F27,7F2C,7F23,7F38,7F3D,7F49,7F53,7F5E,7F6E,7F5F,7F6A,7F7D,7F82,7F8E,7F8E,7F7A,7F76,7F70,7F7F,7F7B,7F7F,7F8C,7F93,7FA6,7FAF,7FC3,7FDB,7FD0,7FDA,7FDE,7FC6,7FC7,7FD1,7FC1,7FB7,7FC9,7FCA,7FC2,7FD3,7FCE,7FF0,8004,7FFE,800E,8006,800E,8000,800B,7FF0,7FEE,7FE0,7FCE,7FDD,7FC7,7FD5,7FDB,7FC6,7FCA,7FDF,7FC8,7FCC,7FE6,7FD5,7FC2,7FC2,7FBE,7FA8,7FA4,7F86,7F7E,7F8B,7F6A,7F7C,7F8A,7F84,7F90,7F7F,7F7E,7F86,7F80,7F8B,7F6B,7F79,7F66,7F62,7F6F,7F4B,7F58,7F41,7F2F,7F46,7F2B,7F30,7F37,7F30,7F3F,7F34,7F39,7F1E,7F10,7F11,7EFC,7F10,7EF6,7EE5,7EFB,7EEA,7EFC,7EFA,7EFE,7EFE,7EFC,7F0E,7EF8,7F0B,7EFA,7EF9,7EFC,7EE3,7EF5,7EF4,7EE2,7EDB,7ED6,7EE9,7EE0,7EDB,7EE9,7EDA,7EE7,7EE1,7EFC,7F04,7EEB,7EFC,7EEF,7EED,7EFA,7EE9,7ED5,7ED8,7ED2,7EBC,7ED2,7EDC,7ECC,7EE5,7EF1,7EE7,7F0C,7F06,7EEA,7EFB,7EE4,7EE1,7EE8,7EE1,7EC6,7EC8,7EC3,7EBC,7ED4,7EC9,7EBE,7EDD,7EA9,7ED5,7EFD,7EC0,7EED,7EE8,7EDF,7EDE,7EE7,7ECF,7EDB,7EDC,7ED0,7EDB,7EDF,7EDE,7EE1,7EE0,7ED1,7EEA,7EF1,7EEA,7EF4,7EE5,7EE0,7EDC,7EE4,7ED7,7EF7,7EE9,7ED1,7EEE,7EDE,7EEB,7EFE,7F0A,7F09,7F0E,7F14,7F0C,7F1C,7F13,7F18,7F0F,7F0B,7F11,7F1A,7F21,7F13,7F1B,7F1F,7F20,7F34,7F32,7F52,7F54,7F49,7F56,7F65,7F5D,7F55,7F6E,7F58,7F62,7F7F,7F75,7F8B,7F94,7F94,7FA7,7FA4,7FB6,7FB7,7FC9,7FB5,7FCD,7FDF,7FDB,7FF4,7FEB,7FF3,7FFA,8006,8009,8020,8027,802E,8046,8042,8042,8056,8058,8047,804E,8060,806F,807B,8073,8074,8081,8087,808D,808F,80AA,80BF,80D5,80B9,80CA,80E1,80DE,80F0,80F5,80FA,80F4,810A,80FD,8103,8121,810A,8124,812A,8132,814D,8165,816D,816F,8198,8180,81A8,81BC,81C4,81DB,81D3,81C4,81CA,81DA,81D8,81F8,81FB,8208,8209,821B,8223,821A,8202,81E5,81E1,81B4,8190,8182,8159,8151,8156,816A,817E,8191,818D,81AC,81E0,81DD,81ED,81E2,81CF,81C0,81AC,817F,815C,813E,8108,80E1,80C1,80A3,8099,80A4,80A0,80A7,80A1,80A6,80B1,80A3,808B,8086,8053,803A,8029,8018,7FF5,7FEB,7FF4,7FD2,7FD8,7FBA,7FA7,7F96,7F87,7F6A,7F55,7F4F,7F2D,7F1A,7EFE,7ED9,7EAF,7E9C,7E9D,7E8C,7E8E,7E8A,7E7E,7E88,7E95,7E8C,7E8A,7E75,7E60,7E6A,7E44,7E42,7E2D,7E01,7DF5,7DD1,7DD9,7DDA,7DD5,7DC6,7DC5,7DB3,7DAD,7DBB,7DA9,7DA2,7D93,7D96,7DA1,7D98,7D84,7D9F,7DA7,7DA2,7DB8,7DAB,7DA5,7DA8,7DA9,7DA1,7DA6,7DA9,7D8C,7D9A,7D94,7D7C,7D91,7D82,7D88,7D7F,7D7D,7D95,7D9C,7DB3,7DC4,7DDD,7DF8,7DE9,7DFE,7DF3,7DF1,7DE9,7DE8,7DF4,7DE1,7DF0,7DE6,7DE2,7DFF,7E01,7E01,7E0F,7E1D,7E19,7E31,7E42,7E45,7E46,7E42,7E4B,7E45,7E53,7E4E,7E55,7E53,7E72,7E87,7E7E,7E97,7E99,7EB6,7EB5,7ED7,7EC3,7EB1,7ECC,7EA6,7EA8,7EA4,7EAF,7EAF,7EBD,7EBC,7ED5,7EF4,7F03,7F2B,7F33,7F3F,7F56,7F53,7F54,7F63,7F4E,7F41,7F4F,7F45,7F45,7F52,7F48,7F56,7F6C,7F6E,7F72,7F9E,7F96,7F92,7FB8,7FAA,7FC0,7FBE,7FAA,7FAD,7FB3,7FBD,7FA3,7FB2,7FB0,7FC2,7FDC,7FE0,7FEB,8001,7FF3,7FF3,8008,7FFC,8005,7FEC,7FD8,7FED,7FDE,7FD4,7FCF,7FC4,7FCF,7FCD,7FC1,7FCB,7FD8,7FCE,7FC7,7FE2,7FDC,7FC3,7FB5,7FA3,7FAC,7F99,7F8C,7F98,7F97,7F98,7F86,7F8F,7F92,7F87,7F8B,7F7A,7F6D,7F77,7F5E,7F54,7F48,7F35,7F3F,7F2B,7F17,7F21,7F16,7F17,7F15,7F0B,7EFC,7EFE,7F00,7EE0,7EF2,7EEE,7ECF,7ED5,7ECD,7ECB,7ED2,7EC4,7ECB,7ED6,7ED2,7ECF,7EEA,7EE2,7ED2,7EDC,7ED3,7EC8,7EC8,7EC2,7EB2,7ED4,7EB8,7EB9,7EAF,7E97,7EC1,7EA3,7EBB,7EC1,7ECA,7ECA,7ECD,7EF4,7EDC,7EF1,7EE3,7ED9,7EEA,7EEC,7ED6,7EEE,7EB8,7EBE,7EEC,7ECC,7ED4,7ED2,7EE6,7EDA,7EE4,7EFD,7ED7,7EE7,7EEC,7ED6,7EFC,7EE6,7ED1,7EDB,7EDC,7EE4,7EDA,7EE0,7EC9,7EDF,7EE2,7ED8,7EEC,7EE2,7ED6,7EDB,7ED7,7ECC,7ED5,7EC9,7EBF,7EDA,7ECC,7EC5,7ED2,7EC9,7EBE,7ECA,7ECA,7EC1,7EC6,7EAD,7EC3,7EC1,7EA3,7EA8,7EA6,7EA0,7E9C,7EAC,7EAA,7EA5,7EB6,7EA0,7EB3,7EB6,7EB2,7EC7,7EC0,7EC5,7ECF,7ECD,7EB5,7EBF,7EBD,7EAF,7EB6,7EAE,7EB4,7EC2,7EBB,7EA9,7EBE,7EB0,7ECB,7EE7,7ED4,7ED9,7EDD,7EDB,7EF3,7EFF,7EF1,7F0A,7F12,7EFC,7F0B,7F1B,7F11,7F19,7F14,7F0B,7F0B,7F13,7F03,7EFB,7F08,7EFB,7F07,7EF8,7F07,7F1A,7F21,7F26,7F2F,7F31,7F2A,7F36,7F32,7F2E,7F25,7F34,7F26,7F38,7F11,7EFE,7F27,7F18,7F19,7F25,7F2A,7F27,7F2C,7F21,7F14,7F37,7F34,7F2D,7F4A,7F31,7F2E,7F42,7F38,7F3D,7F4D,7F45,7F4A,7F52,7F4A,7F53,7F4D,7F3A,7F44,7F50,7F38,7F59,7F5F,7F4D,7F5D,7F5E,7F58,7F5E,7F75,7F60,7F79,7F87,7F80,7F83,7F8D,7F8F,7F8D,7F92,7F88,7F8D,7F84,7F93,7F8C,7F8C,7F93,7FB5,7FB5,7FC6,7FD1,7FC6,7FE3,7FE5,7FEF,7FEA,7FED,7FE1,7FE0,7FEC,7FE3,7FEB,7FFB,7FFC,8001,800F,801E,8035,8033,803F,8040,8051,8056,8056,8074,805B,805F,806F,8073,808B,8088,8092,8090,80AB,80AF,80B0,80C6,80C9,80D9,80E1,80C6,80DA,80D9,80D1,80F7,80DA,80EC,80F8,80F8,8103,810C,811B,8121,8125,813B,813D,814D,813E,8140,8148,8124,813D,8134,8148,814E,814D,8151,8143,8158,8150,8159,8157,815C,8164,8163,8165,8160,815C,8170,8154,814F,815E,814A,8152,8143,8130,8126,812F,8130,8128,8134,812F,812B,812D,8129,8123,8123,8115,8111,80FC,80EA,80EB,80DA,80DA,80C7,80B3,80B2,809F,80A0,80A1,8090,8086,8071,806F,806C,8057,8055,8046,8045,803E,802A,800E,800B,8019,8001,8005,7FF4,7FDE,7FE4,7FD7,7FCB,7FC7,7FB4,7F94,7F95,7F87,7F79,7F70,7F5D,7F59,7F49,7F4D,7F41,7F4C,7F42,7F2F,7F44,7F40,7F35,7F3C,7F24,7F30,7F2E,7F13,7F19,7F01,7F0A,7F10,7F0D,7F01,7EF5,7F06,7EFD,7EFF,7F04,7EEB,7F02,7F0E,7EFE,7F10,7F01,7F05,7F0B,7EF7,7F08,7EF9,7F09,7F06,7F03,7F07,7F0E,7F21,7F10,7F1B,7F40,7F34,7F37,7F59,7F2F,7F4F,7F5E,7F34,7F41,7F3F,7F3A,7F4E,7F46,7F44,7F46,7F48,7F4D,7F44,7F63,7F59,7F66,7F69,7F51,7F71,7F62,7F64,7F85,7F74,7F71,7F7E,7F81,7F89,7F8F,7FA2,7FA9,7FB6,7FC5,7FC5,7FC4,7FC0,7FC9,7FD8,7FD0,7FD8,7FDA,7FDF,7FEB,7FEC,7FF2,7FF0,8003,7FF3,7FF8,8011,8006,8020,8024,801A,801B,801F,801D,8030,8038,8036,8042,8046,804A,803B,8058,8050,805A,8052,8042,8057,8047,8046,805B,8033,802F,806B,8044,804A,805D,805E,8055,805F,8053,8052,8070,806B,8061,806E,8057,805F,8075,805F,8067,805B,805C,805F,806E,8060,805D,806E,804C,8047,8043,8042,803A,8035,8019,8014,801C,8006,8011,8013,7FF4,800B,8011,8003,7FFE,7FF7,7FEC,7FEA,7FF4,7FC4,7FD6,7FBD,7F9D,7FA5,7F87,7F94,7F96,7F9C,7F84,7F93,7F88,7F77,7F90,7F7F,7F81,7F82,7F6F,7F6D,7F66,7F53,7F41,7F2B,7F0E,7F08,7F00,7EFA,7F0B,7F07,7F07,7F00,7F07,7EF4,7EE8,7EED,7ECE,7ED6,7EDB,7ED1,7ECA,7EB2,7EA3,7E9D,7E92,7E78,7E7E,7E83,7E6C,7E68,7E55,7E59,7E49,7E53,7E40,7E42,7E2C,7E29,7E2E,7E1E,7E21,7E13,7DFD,7DA2,7D13,7C47,7BC9,7B9B,7B5D,7B44,7B73,7B9B,7C0B,7CBA,7D66,7DE8,7E41,7E0C,7D8F,7D03,7C4E,7BB5,7B2D,7AD2,7AB8,7ADE,7B45,7BFB,7CE6,7DD8,7EE0,7FA3,8030,8071,8046,7FDD,7F46,7EA2,7DBC,7CD5,7BE2,7B2B,7AEC,7B07,7B83,7C2E,7CF7,7DF2,7F27,8039,80CF,8102,80B7,802E,7F8F,7EC2,7DC4,7CE6,7C22,7BC7,7BFB,7C90,7D71,7E66,7F61,8063,814B,81F8,8262,8285,8254,81E1,814F,8087,7FF3,7F92,7F60,7F62,7F87,7FC6,8037,80C6,8166,821A,828E,82D5,831A,8347,8353,8341,830C,82B5,828D,8259,8210,81E8,81B5,819E,81A6,81C9,81EE,822B,827A,82BC,8329,838F,83E4,8436,8440,8424,83E6,838F,8348,82DD,8285,8251,8206,81ED,8208,8235,829D,8307,8363,83B4,83F1,842A,844D,8465,8444,8413,83D2,8359,82FE,82B7,8267,8233,81F8,81D6,81D9,81E3,8229,8261,829D,82D3,82F3,8321,832B,830F,82EE,82BD,828B,8236,8200,81B9,8169,8138,810A,80F7,80D8,80D6,80DA,80E9,80FB,8113,812E,8116,80FE,80D2,80AA,8049,7FFD,7F9A,7F4C,7F2F,7EFF,7F0D,7F0F,7F29,7F5F,7F80,7FAE,7FAF,7FB2,7F90,7F61,7F35,7EE4,7EA9,7E6F,7E30,7DE9,7DDD,7DB6,7DBC,7DC7,7DDB,7E07,7E29,7E6A,7E7B,7EA0,7EA9,7EAA,7EAF,7E91,7E7F,7E64,7E3A,7E27,7E10,7DF9,7DF0,7E04,7E19,7E2C,7E5A,7E70,7EA4,7EC9,7EDD,7F02,7F26,7F2D,7F40,7F3A,7F24,7F43,7F2B,7F27,7F27,7F25,7F36,7F35,7F52,7F56,7F7C,7F87,7F96,7FCA,7FD4,7FF2,7FEB,7FF9,8005,8004,8004,8002,8004,8009,800E,8016,8033,803C,805C,804B,806D,808D,808A,80A6,8080,807E,8073,805D,8052,803D,8031,8017,801B,8018,8015,803C,8045,8037,8048,8033,803C,8058,8070,8099,80D6,80FD,810F,8126,811A,80FE,80E5,80AA,8078,8055,8016,8004,8002,8003,8014,8030,804A,806F,80BA,80E5,80F9,810F,80FC,80EF,80D2,80B6,80A3,8093,8089,8090,80A2,80A4,809E,80A4,80A2,80A5,8094,8069,807F,8089,80A4,80E6,80F6,8124,8165,8185,8185,8181,8144,8101,80D1,8090,8070,806B,8053,8059,80B0,8093,80D9,8117,80EA,8107,80FA,80D0,80AB,808A,805A,8026,7FF8,7FB1,7F9A,7F8D,7F66,7F66,7F61,7F54,7F6D,7F8E,7F99,7F91,7F99,7F7F,7F73,7F62,7F22,7F07,7EBD,7E9D,7E66,7E3F,7E22,7E08,7E01,7DE8,7E13,7E14,7E2D,7E45,7E5C,7E65,7E60,7E6D,7E50,7E4B,7E11,7E02,7DF9,7DCA,7DCC,7DC7,7DDC,7DF6,7E2D,7E39,7E41,7E65,7E67,7E86,7EC1,7EDE,7EF7,7F08,7EE8,7EE8,7F11,7F30,7F33,7F2E,7EEC,7ED4,7EF1,7EFB,7F30,7F45,7F2F,7F3A,7F5C,7F9B,7FDF,7FF6,7FDC,7FAB,7F9E,7F8C,7FAC,7F98,7F72,7F64,7F42,7F60,7FA0,7FBC,7FC0,7FDA,7FD5,7FCB,7FEA,7FF4,7FFD,7FE5,7FBC,7FCC,7FF4,7FF4,7FE9,7FFA,7FE7,7FFE,800A,800F,8021,8018,7FF3,7FD6,7FFB,7FF1,801C,802C,8030,804D,8063,806C,805E,805D,8031,8028,8012,8003,8002,7FF0,7FF1,7FF9,8018,8023,8034,8040,803D,8063,8066,806B,807D,8055,8012,7FD5,7F9C,7F69,7F43,7F1D,7EF4,7F03,7F04,7F2D,7F82,7FCE,8007,802B,8014,8001,7FCB,7F4A,7EE8,7E52,7DBC,7D35,7CB1,7C16,7BE0,7BA5,7B64,7BB2,7BFF,7C0A,7BC8,7B71,7B06,7A59,7986,78E6,786A,7812,7822,7891,793A,7A01,7A88,7AF1,7B4D,7B98,7B95,7B46,7B1A,7AB8,7A62,7A54,7A7B,7AD4,7B3B,7BA3,7C1F,7CA3,7D2F,7DCB,7E36,7E69,7E7E,7E98,7ED3,7F2D,7F83,7FA7,7FCE,7FF5,801A,8050,8056,807B,8054,8012,8001,8000,8045,8084,80C3,8119,819D,8216,82A7,8330,8382,8379,8352,82FC,82B6,8282,8234,820B,81F6,821A,826D,82CF,8380,8409,8463,84B4,84BB,84BD,848C,8456,83E5,8381,833F,8316,8333,8381,83E4,844F,84A1,84FD,854F,8566,8579,8590,8594,8567,8551,854D,8556,8559,8552,8554,8549,8550,8574,85A0,85D6,8633,866C,86CA,8722,8794,87F7,87FA,8803,87F8,87DB,87B9,879C,8783,8769,8762,877D,87A2,87E7,880F,882A,883C,882B,8828,87F1,87BA,8778,870A,86A7,862B,85D6,8590,855F,8520,84EF,84E8,84CB,84D4,84CB,84B7,8499,8479,8427,83D6,836B,8307,8297,8217,81B2,812C,80DC,8070,803B,7FFA,7F9A,7F5D,7F1F,7F00,7EE9,7ED5,7EA6,7E81,7E4A,7E09,7DEC,7DB1,7D65,7D27,7CF6,7CC3,7CAC,7C93,7C8C,7C75,7C5A,7C5A,7C64,7C77,7C3D,7C57,7C45,7C32,7C31,7C11,7C13,7C39,7C56,7C88,7CC9,7CE2,7D41,7D87,7DCC,7DE3,7E24,7E5E,7E81,7EDB,7EEA,7F26,7F56,7F50,7F7D,7F95,7FAB,7FC0,7FD7,7FFC,802A,807A,80B7,80F1,8132,814B,819A,81CE,81ED,8222,823D,8259,8264,8293,828E,8290,828F,826D,8271,8270,826C,828D,8294,8296,82A1,829F,829F,8295,8285,8282,826F,8255,823A,8226,8215,81E0,81DE,81AA,8192,8193,8166,8155,8148,8128,8111,810B,80E3,80BB,80AC,8086,8057,803D,7FEB,7FBD,7FA1,7F4A,7F7D,7F5E,7F37,7F57,7F55,7F67,7F63,7F60,7F45,7F2B,7F16,7ED8,7EC3,7EAA,7E89,7E97,7E83,7E7C,7E76,7E6F,7E67,7E65,7E5A,7E76,7E84,7E89,7EA2,7EB9,7ED8,7EE3,7EE9,7EE0,7EEF,7EF4,7EE2,7EF7,7EFF,7EFA,7F18,7F28,7F47,7F68,7F8E,7F9B,7FA9,7FCF,7FD3,7FE3,7FF1,7FE6,7FD8,7FE1,7FE0,7FE6,7FEA,7FE8,800D,8023,8038,806F,8095,80A7,80AE,809A,807B,8075,805B,802F,801A,7FF9,7FED,7FF4,7FD7,7FC5,7FC3,7FA8,7F79,7F5F,7F32,7F11,7F0B,7EE6,7EE6,7EFB,7EEE,7EF3,7EFE,7EEA,7ED0,7EC3,7E87,7E51,7E2E,7DEE,7DCB,7DA2,7D7F,7D69,7D46,7D25,7D14,7CF6,7CE8,7CCA,7CB4,7C77,7C24,7BE0,7B72,7B01,7AA2,7A46,79D7,79B3,79A4,79A6,79CE,79F7,7A02,7A04,79F4,79F5,79E4,79A4,79B2,798F,7956,7948,7911,78E7,78B7,7889,785A,783F,7836,786C,78B6,78E7,792F,7963,797D,7995,79CE,79E0,7A14,7A4E,7A72,7AAA,7AD1,7AED,7B0D,7B09,7AF4,7B02,7B17,7B22,7B46,7B74,7BA1,7BDB,7BDE,7BE7,7C0A,7C13,7C1C,7C4C,7C91,7CCB,7D2F,7D78,7DBF,7E08,7E2E,7E49,7E77,7E92,7EC7,7EFA,7F0A,7F36,7F52,7F63,7F68,7F82,7F90,7FB8,7FF6,8035,8090,80DB,810F,8155,8191,81CB,820E,8267,82B3,82FB,8345,837C,83BF,83E7,8419,843B,845C,8477,84B0,8507,8565,85BC,85FE,8649,8682,86E1,8721,876F,87B4,87E2,883A,886E,88A3,88D0,8901,8931,896D,89C0,89EA,8A40,8A9A,8AD5,8B3B,8B8F,8BD1,8C2A,8C70,8CBC,8D20,8D82,8DE6,8E46,8EB9,8F0C,8F65,8FA6,8FF7,9062,90AC,9125,918F,9202,929D,9315,93AE,943F,94ED,9578,9603,96D7,97B1,98BD,99CD,9AF7,9C2F,9D8C,9F12,A07A,A1E3,A2CF,A29D,A169,9F76,9C8A,98AE,943E,8F9F,8B94,88CB,87AD,87B2,8911,8B8B,8E85,9142,9380,9530,957A,94A5,9301,90CA,8E34,8B5B,88C7,8629,8393,811F,7EA7,7C56,7A4B,78E7,77F1,7726,76CE,76B8,76D1,76F5,7721,7739,7736,7739,7722,7712,7722,772A,76E3,7641,7541,741C,72F6,71E6,70FB,704C,7002,701A,7061,70D5,712D,7169,714D,7143,7176,71EE,72D3,73F4,7597,7783,79A8,7BE9,7DE7,7F7A,8076,812A,815F,8130,80E9,8074,8017,7FC7,7FD7,8024,80C6,8193,829F,83B2,84AF,85DE,8719,8883,89F8,8BB2,8D50,8ED7,905E,9180,926A,92D2,9283,91EE,90EC,8FB4,8E94,8D83,8CA9,8C1B,8BC3,8B9F,8BB9,8C01,8C6C,8CC8,8D0B,8D2A,8D66,8D86,8D35,8CEB,8C2D,8B45,8A59,8947,8857,874F,865F,8562,8460,836D,8242,8114,7FDB,7E87,7D6B,7C46,7B4C,7A94,79D2,7946,78D6,7876,782C,780B,7804,77F6,7806,77FD,77E4,77D0,7777,7717,769D,75BE,74F0,7421,7339,7292,71EA,7164,7122,7117,715E,71DC,72C5,73AE,74C7,75F5,7705,7813,78B1,792F,7974,799B,7988,79A9,7985,7974,79D6,79D9,7A19,7A6E,7AD9,7B44,7BEF,7CA0,7D51,7E43,7EFC,7FE3,80BF,8174,8234,82F9,83A5,843D,84E8,855A,85BF,8624,864B,8679,868C,8685,868D,869B,8690,8699,86B1,86AA,86B9,86BB,869D,8697,86A4,86BA,86E2,870B,8715,8740,8740,871D,8709,869B,8623,8598,84EA,8429,8383,82B0,81D2,8135,8073,7FD4,7F5F,7EEC,7E8B,7E66,7E2F,7DED,7DCF,7D99,7D7F,7D54,7D00,7CD3,7C8F,7C22,7BBC,7B48,7AC3,7A38,79C3,7929,78B3,7853,77F1,77C4,77A5,77AB,77A1,77CA,77DD,7804,7838,7855,78AC,78D1,7903,7932,7949,796A,79A5,79BD,79C9,7A00,7A23,7A3E,7A78,7AA7,7AC9,7AF8,7B21,7B41,7B7A,7BC9,7C28,7CA1,7CEB,7D4B,7DC8,7E1F,7E98,7F11,7F66,7FBE,8023,806A,809D,80C9,80D8,80DF,80E8,80D1,80D3,80CB,80AF,80AE,80BA,80C4,80D5,80EC,810B,813D,816C,817E,81A8,81D0,81B6,81C5,8199,8158,810E,80A5,8041,7FE7,7F8D,7F1A,7ED5,7E5A,7E09,7DDF,7DA7,7D7A,7D46,7CF7,7CBA,7C8B,7C4C,7C35,7C02,7BD8,7BAA,7B90,7B3F,7B06,7AD6,7A78,7A32,79C0,7950,7903,78B5,785D,7820,77DB,778A,7771,775E,772B,76FB,76BD,7686,7681,768E,76AE,76D2,7707,775E,77B7,77F9,7813,7826,7822,7817,7837,783B,7811,7810,7825,783F,7852,786A,7882,78A5,78ED,794B,79CB,7A3A,7AB2,7B2B,7B82,7BDF,7C26,7C45,7C5A,7C73,7C95,7CAF,7CE7,7CFC,7D1A,7D26,7D13,7D21,7D13,7D0F,7D2C,7D44,7D82,7DC5,7DFB,7E2B,7E43,7E6B,7E77,7E7B,7E89,7E76,7E77,7E64,7E60,7E77,7E39,7E41,7E17,7DF5,7DF7,7DC6,7DAB,7D7C,7D77,7D66,7D51,7D53,7D60,7D75,7D81,7D7A,7DA3,7D9E,7DB7,7DC0,7DBF,7DDE,7DF6,7E19,7E4B,7E6E,7EA5,7EC6,7EDA,7EFB,7EF6,7F16,7F31,7F78,7FB5,800C,807D,80DA,8151,81CF,8236,829D,8306,8372,83D9,843C,84AC,8518,857C,85DA,864B,86A9,8712,8778,87F4,884C,88BD,8946,8981,89F9,8A3D,8A95,8AE8,8B37,8B9F,8BEF,8C69,8CC2,8D1C,8D7F,8DC9,8E23,8E8C,8EED,8F45,8FAC,9010,9095,90EA,9145,91B7,920A,928D,932B,93B4,9434,94E8,959F,965B,973E,9827,98F4,99BF,9A3F,9ACE,9B24,9B1A,9B0C,9ACC,9A42,9941,97C5,9557,925C,8F26,8BC6,8820,84CC,8254,80F5,80D8,81AF,833C,84A1,85FA,8714,8796,874D,863C,84A7,829D,80CC,7F2E,7D5D,7B5A,790A,7685,7443,720C,700F,6EC2,6DED,6DF8,6E9F,6F74,7087,7177,7248,72C4,733A,7392,73DF,7442,74AD,752F,759F,75C3,75A6,7558,74CB,746E,742D,7415,7442,74CA,75B1,769D,7789,784F,78FE,799C,7A21,7B00,7C14,7D69,7F30,811F,8353,85AF,87AD,8949,8A72,8B13,8B4B,8B38,8AFC,8A8A,8A45,8A2F,8A52,8AB0,8AF7,8B59,8BA2,8BE6,8C16,8C71,8D23,8DF9,8F20,907A,91CD,9325,93E6,9485,94BD,940F,9311,91F7,90DA,8F4D,8E01,8CAF,8B77,8A7E,896D,888B,87CC,8717,8699,8640,85CC,859F,8564,850E,84CA,8445,83B4,8314,8260,818E,80B3,7FC6,7EB2,7DBA,7C8D,7B7D,7A7F,796B,7874,779C,76B4,75F5,755D,74D0,7465,7426,73FD,73FF,7429,745B,74B9,750A,7547,75A3,7622,7676,76E1,7724,775D,776A,776C,773D,76ED,76C3,7658,7650,7665,7692,770D,77B3,788E,79A1,7ACE,7BE0,7D06,7E29,7F18,801D,80EE,8182,822A,82A0,82F6,8344,836C,837B,83A1,83A7,83A4,83C9,83D8,8406,843A,847B,84E6,8573,85FC,8672,86F6,873A,8775,8796,8780,8771,8763,8736,8703,86E1,8696,864B,8605,8589,8507,8475,83DC,833D,82B0,8207,8173,8108,8095,803F,7FE2,7F8F,7F41,7F09,7EAC,7E57,7DFC,7D7D,7D1E,7CAB,7C38,7BC5,7B43,7AB1,7A54,79D5,7945,78CC,782F,77C9,7785,7741,770E,770B,76FC,7713,7745,7753,7781,77B5,77DC,780A,7852,7888,78B2,78DB,78F2,7909,7922,7936,7963,799A,79CB,7A0F,7A64,7AA9,7B08,7B70,7BC6,7C25,7C9B,7CF6,7D7D,7E0B,7E8B,7F17,7F83,7FEE,8063,80BC,8100,813F,817A,81A6,81D6,81E8,81F7,8240,8255,8262,827C,827F,8274,8278,825D,823B,822B,8204,821B,8220,822D,8223,8215,81F8,81A4,8184,813B,80DD,8085,8033,7FC9,7F67,7EF3,7E89,7E0B,7DA8,7D61,7D19,7CD0,7C8B,7C58,7C20,7BFD,7BDC,7B9F,7B6F,7B38,7B01,7ADA,7A9C,7A86,7A55,7A2B,7A0C,79D0,79B1,7981,794D,794D,7936,792B,792E,7900,78CA,7876,7848,7813,7805,7808,77E0,7810,7859,7899,78BB,78A9,788B,7864,784A,7864,7873,785F,7877,7891,78BE,78EE,78F1,7905,78FD,7924,7989,79EC,7A2E,7A6B,7AC2,7ADA,7B11,7B4B,7B46,7B3F,7B63,7BA8,7BFE,7C44,7C8D,7CB1,7CC9,7CE7,7CF3,7CEF,7CDE,7CEC,7D1B,7D43,7D62,7D81,7D9D,7DA2,7D92,7DAD,7D8E,7D8B,7D7C,7D64,7D9E,7DA4,7DB7,7DB8,7DD4,7DEF,7DFB,7E12,7DF1,7DDE,7DB7,7DAA,7DA4,7DA6,7D9A,7DB8,7DED,7E08,7E53,7E73,7E8A,7E93,7EA7,7ECD,7F0B,7F42,7F7A,7FD5,8010,804F,8082,8095,80C3,80FA,811B,8147,8190,81DB,8228,8286,82DD,833A,839C,83DD,8448,84B4,850C,8581,85F4,8654,86A4,86F9,8746,879E,87DC,881D,885B,88A0,8900,8975,89E6,8A56,8AF3,8B62,8BDF,8C6E,8CDB,8D68,8DE6,8E5A,8EC1,8F38,8FE0,9075,910C,9193,9200,9289,9314,93D1,94B8,9597,96AD,97D7,9904,9A41,9B53,9C75,9D79,9E48,9EF3,9F8B,A013,A065,A047,9E61,9AF1,972A,92EC,8E7A,8A65,8621,825B,8083,80BC,81DB,830B,8448,852B,85E3,8695,86FE,8660,84DD,836D,8214,80E7,7F85,7D45,7A56,770C,7411,714E,6EBA,6C97,6B12,6A65,6A59,6AB3,6B0F,6B6B,6B86,6B92,6BC0,6C14,6C96,6D35,6DDB,6ED3,6FD0,7099,7149,7141,7189,71C9,71BF,71F2,723B,72C4,735B,740C,749F,74BF,74A5,7456,7429,746A,7528,7657,77F2,7A4F,7D49,806A,8366,85CF,87C9,8924,8A43,8B1A,8B64,8BA7,8BC4,8BEE,8C27,8C5E,8C2C,8BB0,8B2E,8A8E,8A36,89F6,8A0F,8A72,8B53,8C66,8DA5,8F03,8FFE,90E0,915C,9191,91A3,9170,90F0,9021,8F47,8E3F,8D4C,8C3D,8AFF,89D4,887B,872E,85F8,84C9,8384,8249,814A,8050,7F9A,7EE8,7E38,7DC1,7D67,7D1E,7CDD,7C9B,7C25,7BEC,7B9F,7B1D,7AA1,79B9,78C6,77EC,770F,7629,7531,7438,7370,72D4,7246,71E7,717E,712B,710F,714D,71A7,722B,72F2,73B8,74B5,75AA,7694,777E,783F,78D4,7964,79E2,7A2C,7A66,7A99,7ACE,7AFC,7B4B,7B97,7C02,7C80,7D0E,7DC4,7E6A,7F1B,7FE0,80B2,818D,8292,8387,848E,8593,8691,8775,8841,88CD,8927,8981,898A,89A3,89A8,89A8,8982,8982,897F,896C,894E,890B,88DC,888F,884A,8808,87CD,877D,8759,873E,871F,8716,8705,86E3,86B0,867C,8609,858C,850F,8472,83D2,8318,825D,81B3,80E7,801A,7F5E,7E81,7DBB,7D0C,7C4E,7BA8,7B31,7AAF,7A1B,79CE,7985,795E,793C,7901,7907,7900,78E3,78CB,78A7,786A,7835,77F9,77C0,7787,775A,773F,7730,774E,7738,773B,774A,775E,777D,77A8,77E3,782D,787D,78F5,796F,79DF,7A69,7ADF,7B67,7BD0,7C64,7CCD,7D26,7D9C,7DF0,7E44,7E86,7EDB,7F21,7F5D,7F93,7FCA,8007,803C,805A,808F,80CF,8100,8145,8186,81B6,81FC,8235,8273,82A8,82E5,8308,8340,834C,8332,8346,82FB,82D7,828A,8207,8190,8115,809D,804C,7FC4,7F44,7EC9,7E68,7E19,7DB3,7D85,7D1C,7CF3,7CF2,7CE6,7CE5,7CC2,7C91,7C54,7C0B,7BD0,7B64,7AE1,7A7C,7A09,79B1,795C,792D,78E9,78AD,7887,7853,7813,77AF,7735,76B4,763D,7605,75BF,7588,75A3,75A8,75EC,763D,767D,76B9,76EE,7735,7769,77AE,77E5,7806,781F,7820,7831,7811,77E1,77B8,7796,7787,7799,77D8,7804,7833,789E,7910,796E,79D6,7A18,7A75,7ACB,7B31,7B83,7BC7,7BF7,7C27,7C4B,7C5C,7C79,7C77,7C73,7C8E,7CA5,7CAA,7CCD,7CD9,7CE9,7CFA,7CE0,7CC6,7C9E,7C84,7C5D,7C4F,7C3E,7C3D,7C7E,7C95,7CB5,7CF1,7D15,7D28,7D2D,7D1F,7D0B,7D01,7CF5,7CE1,7CD1,7CAD,7C87,7C82,7C4B,7C0B,7BE7,7BAB,7BB3,7BC6,7BF6,7C34,7C86,7CE5,7D38,7D99,7DCC,7E1C,7E67,7EA5,7EF0,7F47,7F8B,7FD9,8009,8049,8094,80DB,8133,816A,81C0,81F7,8266,82BE,830C,839A,83F4,845E,84D0,8539,8593,860C,867D,86ED,8775,8802,8885,890D,8991,89F4,8A6F,8ABF,8B1D,8B75,8BC0,8C3D,8CAA,8D0C,8D65,8DC9,8E47,8EAE,8F1B,8F91,8FFF,908D,913C,9201,92A4,9337,93F6,94A4,955D,961C,96CE,9762,982D,991B,99EC,9AF8,9C35,9D4F,9E9D,9FAA,A094,A1B0,A218,A27F,A19F,9EB7,9B1C,971B,92B5,8E71,8A5E,861C,82E2,81A5,8171,81BC,821D,8284,82D5,833C,83EF,841F,835C,828E,81E9,8102,804D,7F23,7D08,7A73,77A1,7539,7312,70E3,6F5A,6E2D,6D5E,6CFA,6CB7,6C7A,6C28,6B7B,6ACA,6A88,6A5E,6ABD,6B2D,6BB7,6CA5,6DB5,6EFA,7036,7166,7279,73B0,74D2,7620,7793,78B4,79B0,7A4C,7A63,79E7,7938,7854,775F,7706,76F3,7745,7883,7A4B,7C94,7F39,81B4,83FB,861E,8812,8A06,8BB0,8CAC,8DA5,8E94,8F58,902D,907F,905F,9007,8F7A,8F11,8ED5,8E8D,8E32,8DF9,8DFC,8E21,8E52,8E65,8E4E,8E23,8E11,8DF2,8DDA,8D9C,8D33,8CD5,8C74,8C3E,8C28,8BF6,8BB3,8B75,8AF6,8A6A,89D1,88CC,8789,8630,849A,82E1,8118,7F6B,7DB8,7C47,7AFE,79EA,7920,787A,7835,77F5,77D0,77AD,779F,7775,7769,775D,7721,76DD,767F,7624,75DB,7598,753B,74CA,7446,73E4,73A8,736E,7348,7340,733B,736B,73B4,7424,749B,750F,758F,761D,76D1,7776,7821,78DA,799A,7A6B,7B7F,7CAE,7DCD,7EF0,7FF2,80F2,81D8,827D,82F5,833B,836C,8372,83AC,83CD,8413,8470,84B5,8535,85AF,8622,8697,8723,8793,8823,88A9,8927,89BA,8A1E,8A82,8ADB,8AF7,8AF0,8AF3,8AD1,8A84,8A3F,89C9,8948,88C3,8847,87A9,8716,8685,85EE,856A,84CC,8441,83A5,8312,8280,81FF,817D,8103,80B3,805E,8011,7FFA,7FAC,7F6F,7F38,7EDA,7E79,7DF3,7D6B,7CBB,7C19,7B5B,7A8C,79EE,7947,78D4,784F,77EF,77B7,7760,7744,7737,7715,772A,7736,7750,777E,77C9,781D,7870,78CF,7904,793E,796C,799F,79E9,79F8,7A38,7A6C,7A96,7AE1,7B0F,7B62,7BA9,7BD4,7C20,7C5B,7CAB,7CF4,7D3B,7D9C,7DFD,7E7E,7ED2,7F46,7FD0,8045,80D6,8160,81CE,824F,82AF,82E9,8306,832D,8323,82E9,82C9,8289,825C,822D,820E,81FD,81DC,81D0,81B7,819C,8178,8145,8117,80DE,80D4,80AA,808A,806B,803B,8026,7FF2,7FB3,7F66,7EEF,7E93,7E45,7DE6,7DBD,7D83,7D48,7D19,7CC5,7C7C,7C27,7BCD,7B7A,7B14,7AC4,7A76,7A40,7A13,79FB,79F2,79BF,79C1,79B5,79AA,79B6,79C3,79EF,79FE,79F1,799E,7961,7931,78E2,78B8,787C,7826,77DD,77D2,77DA,77BB,7788,7790,779A,778B,77EB,7834,7824,7841,788C,78BC,78D1,7912,7936,794E,798D,79C3,7A14,7A39,7A59,7A9B,7AAD,7AC3,7AF2,7B27,7B38,7B5F,7B74,7B9E,7BA9,7BAB,7B9A,7B9E,7BBC,7BB2,7BF4,7C0F,7C40,7C87,7C8F,7CA1,7CD6,7CF2,7D20,7D25,7D3E,7D59,7D4D,7D4A,7D33,7D32,7D2A,7CFA,7D03,7CE6,7CE3,7CF7,7CD5,7CEF,7CE2,7CED,7D04,7D16,7D24,7D34,7D42,7D61,7D6C,7D87,7D9B,7DAE,7DEA,7DFA,7E4C,7E7A,7E9A,7EE5,7F0C,7F56,7F97,7FD1,8000,8041,808B,80BB,811C,8160,8195,81D7,821A,8254,82D0,8325,8378,8419,8409,84A8,852E,8557,85C6,8603,8667,8697,870A,8756,87A3,8819,884C,88CA,8948,89C2,8A3A,8AA4,8B12,8B93,8C25,8C7B,8CFA,8D6C,8DEF,8E63,8EE1,8F3D,8FAA,9036,90B5,9166,91ED,92A8,937B,944C,9555,9647,973C,9850,9992,9AAE,9BD1,9D49,9E97,9FEA,A108,A1F5,A2BE,A368,A37A,A1DF,9ECE,9B1F,974B,933C,8F5D,8B50,875D,8502,83E0,83AC,837B,830B,82B8,822A,81EE,820A,8167,801D,7F7B,7ED3,7E64,7E45,7CFA,7B2B,7919,76EA,75AD,7431,729A,71A5,70BA,6FFA,6F90,6ECC,6DA3,6C71,6AB5,6937,6853,678A,66FD,66D2,66DD,6761,686A,6977,6A97,6BEB,6D33,6EC5,70C3,72BB,74C2,769E,7805,7937,79C9,79B5,796D,78A8,77EC,77A9,7799,77B2,786A,79A1,7B27,7CD4,7E43,7F93,80FE,8270,83CF,84F7,85EE,871D,887C,89ED,8B27,8C43,8D02,8DC3,8E90,8F5D,9037,90C1,9131,9170,91CB,91E4,91A9,9136,906F,8F8E,8EC6,8DF7,8CFD,8C06,8AE5,89F3,894B,88C7,8871,883D,87FF,8803,8839,886D,8881,884C,87D6,8747,867D,8565,8443,82D6,8148,7FD6,7E86,7D34,7C26,7B0A,79DD,78EF,780A,7728,763E,754F,7462,73AB,72F0,722F,71B6,715C,7116,7126,7130,713D,7190,71DE,7252,72BD,7320,7395,73F8,7452,748B,74EC,7516,7532,7551,7548,755C,755E,7545,7543,757C,75DA,7675,774B,7833,7942,7A84,7BB6,7CFA,7E0B,7F03,8004,80E1,81D5,82BC,838E,844A,850D,85DC,86A3,8766,87F3,8865,88D4,892F,8973,89A1,89A6,89B1,8999,897B,8972,8945,8940,893D,8921,893B,893B,8965,898E,899F,89CD,89CB,89DA,89E4,89D7,89A1,8959,8915,88BB,8827,8780,86C0,8605,852F,8447,8380,82A9,81FC,8150,80BB,8023,7F76,7EEB,7E4D,7DC2,7D22,7C81,7C04,7B7F,7B1C,7AC3,7A69,7A40,7A21,79FF,7A0D,79FA,79CD,79C0,79A1,7984,7940,78FC,78C5,7887,7859,782D,780E,77FE,77F3,77FF,77F8,7814,7833,784E,7898,78E1,794B,79B1,7A33,7AAF,7B26,7B9D,7C28,7C9A,7CFB,7D7A,7DE5,7E5D,7EBF,7F25,7F96,7FFB,8064,80B7,8122,8161,8196,81CC,81D8,81EE,81D7,81CF,81CA,81BF,81C6,81DD,8206,8229,8266,82AC,82E2,8329,835C,834A,8357,8351,8330,8335,82FB,82BA,8289,824A,8202,81B5,8151,80EF,8091,8026,7FCA,7F73,7F10,7E9A,7E58,7DF6,7DBD,7D6A,7D00,7CC7,7C87,7C4F,7C1B,7BE9,7BBA,7B81,7B76,7B60,7B3B,7B2A,7AB4,7A71,7A1D,798A,791A,788A,77E2,7768,7714,76D2,76A4,766F,7666,7666,767B,7678,76A0,76C4,76CC,771D,7756,7784,77B5,77B7,77D3,77D5,7807,7852,7867,78AB,78F1,7958,79AE,79EA,7A28,7A45,7A5E,7A8A,7A80,7A9B,7AC4,7ADA,7B07,7B31,7B64,7B7E,7BB1,7BD8,7C10,7C71,7CC3,7D12,7D78,7DBB,7E1B,7E6D,7E92,7EB0,7ECB,7EDF,7ECF,7EBA,7E6A,7E97,7E74,7E4E,7E63,7E54,7E54,7E58,7E6F,7E5D,7E5F,7E3B,7E25,7E1C,7E0D,7DF6,7DE1,7DE3,7DCA,7DCF,7DCE,7DDC,7E1C,7E2D,7E76,7EA8,7ED2,7F04,7F3C,7F60,7F64,7F92,7F94,7FAC,7FC2,7FBF,7FEB,8018,8030,805C,807A,80AA,80E5,8152,81A7,81FE,8273,82C6,8338,83B7,8415,8478,84DA,8516,8599,8605,865D,86D0,8737,87B4,882B,88B8,8927,89AA,8A23,8A8C,8B3B,8B9A,8C03,8C55,8CC0,8D42,8DB8,8E2E,8EA0,8F60,8FFB,90B6,91A8,9260,9331,942F,9535,963D,9763,9870,999C,9B1D,9C6E,9DE8,9F8A,A119,A2AD,A418,A526,A636,A6C1,A5DB,A39F,A0A3,9D14,9955,95B2,9180,8D8B,8AD4,8903,8800,873B,8638,8568,848D,83AC,835D,8263,80C2,7FD9,7F07,7E4F,7DF6,7D01,7B99,7A38,78B3,77C8,771E,75E2,753A,74C7,743D,73EF,731C,71E3,7090,6EAE,6CA9,6B17,6986,680F,66E3,65D9,6569,6570,65A9,6617,66C0,67BB,6906,6ABF,6CB0,6EBA,70D7,72D9,748D,75E8,76EC,7764,77A2,77CE,7822,7890,7903,79CD,7AEB,7C47,7D89,7EC6,7FC6,809D,8176,8222,8295,82DA,834E,83DC,84AE,8589,8654,8758,8872,89D0,8B5E,8CF3,8E70,8FF6,914E,92AC,93DE,949A,9518,953A,9517,94DE,947D,93B8,92CD,91C6,9082,8F6C,8E67,8D4E,8C6F,8B87,8ACC,8A3E,89DF,896F,88CB,881F,8763,86C9,8610,8535,843B,835A,82A4,8209,818B,811D,80C2,8047,7FD7,7F6A,7EC7,7DDE,7CD1,7B90,7A23,78C8,7758,75E4,7479,733A,7240,715C,708B,6FFD,6FB0,6F78,6F57,6F66,6F9E,6FE7,7048,70B4,7128,71B9,7227,72A7,733D,73B6,7428,7488,74F3,756E,75EE,767F,7717,77C9,7865,7909,79BE,7A3D,7ABB,7AFF,7B3B,7B98,7BE1,7C3B,7CAB,7D21,7DD9,7EB9,7FBE,80C3,81EE,8317,842B,8568,868B,8787,8855,890F,89B5,8A33,8A7A,8ABD,8AE3,8B10,8B2E,8B2A,8B3D,8B28,8B1C,8AFD,8ACE,8A88,8A43,89FD,899A,8935,88C9,884A,8805,87B1,8753,870D,86B2,8681,8642,85F3,85BB,856D,852A,84FA,84CC,8484,8426,83B6,8323,826A,818E,8095,7FB4,7ED6,7DD9,7CFB,7C28,7B75,7ADD,7A4C,79A8,7914,78A2,7833,77DD,777B,7708,76BC,767A,765A,765C,7647,763D,7654,7682,76B1,76E6,771D,7726,775E,777F,7797,77C3,77C7,77E8,77F3,77FB,7806,7808,77F4,7809,7833,7849,788E,78D3,791B,7967,79E7,7A4A,7AC6,7B56,7BD4,7C7D,7D0B,7DA4,7E2D,7EAF,7F20,7F87,8009,806E,80E3,8145,8197,8204,825B,828B,82C2,82CC,82C0,82BA,8291,825D,8231,8200,81C7,81D0,81BB,8196,819B,817E,8187,8199,8182,8193,8184,8170,815C,8148,8133,80F5,80CF,8084,8051,8023,7FC8,7F9C,7F54,7EF3,7EA4,7E41,7DF8,7D8A,7D2B,7CB4,7C4C,7BF7,7B56,7ADC,7A55,79D3,7969,7907,789A,7854,781A,77EE,77CA,77C9,779C,77AD,7751,7719,7748,76E9,76D6,76C4,76A4,7672,764B,762C,760D,760C,75F4,7607,7626,762F,7657,7663,7674,766B,7685,767D,7691,76B4,76C9,7716,7753,77A9,77E7,783D,7881,78D8,792F,7974,79E9,7A3D,7AA2,7AFD,7B58,7B96,7BC6,7BFF,7C1D,7C4E,7C70,7C7A,7C9A,7CC3,7CCD,7CDA,7D0A,7D1F,7D59,7D66,7D77,7DA9,7DAD,7DC6,7DCD,7DE8,7DD5,7DE7,7E04,7E09,7E30,7E36,7E4A,7E68,7E77,7E9B,7EC9,7EE4,7F00,7F2A,7F1D,7F21,7F4A,7F2B,7F44,7F4C,7F38,7F46,7F5C,7F74,7F9F,7FBC,7FC9,7FFA,802F,804E,8095,80B9,80ED,8139,8162,81A8,81F9,8251,828E,82F3,834B,8397,83F3,8454,84BD,8519,8582,85DF,866A,86E3,8749,87BE,882E,8894,88FD,895D,89B4,8A29,8A81,8B17,8BB7,8C3F,8CD8,8D96,8E4C,8F18,8FEF,90BF,91A2,92A4,939C,94B4,95E8,9714,987C,99FE,9B8A,9D37,9F21,A0EE,A2B1,A42E,A574,A63E,A5C3,A420,A208,9F42,9BF6,98BE,9521,91CC,8F97,8DE8,8C82,8B7C,8A2F,88F9,87BE,8647,8518,8391,81A3,8033,7F0B,7E04,7D32,7C0D,7AEA,79AB,78AF,782F,77C0,7731,7708,7728,771A,7719,76BC,75FE,74C8,72FA,714C,6FBF,6DF4,6C3B,6AAF,6922,681E,675C,66C7,6643,65FA,6618,6687,675C,6873,69BF,6B19,6CA2,6E06,6F41,703D,710E,719A,727C,7352,746E,75E0,7759,792C,7B0F,7CF6,7E95,8002,8115,81EF,8282,82C7,82E1,8306,831A,8330,836C,8399,840F,848E,8548,8658,8785,88C5,89FE,8B6E,8CCF,8E11,8F3E,9035,910C,91CC,927E,9322,9382,93D8,93FE,93E9,93DB,93AC,936C,92F6,9273,91DD,9159,90D0,8FF1,8EEA,8DCB,8C7E,8B2D,89A3,8808,8681,84FE,83E0,82CC,81FF,8169,8115,80F5,80AD,809A,8055,7FED,7F6F,7EBF,7E1A,7D48,7C61,7B7E,7A86,79B6,78D8,780B,773A,7675,75CC,7517,7462,73BA,730A,726C,71B7,7111,7089,7007,6FAF,6F53,6F24,6F1C,6F17,6F49,6F9C,7015,70B6,7181,7288,737F,74A2,75B6,76C3,77C3,7895,7958,79E7,7A91,7B01,7B78,7C04,7C65,7CEA,7D78,7E13,7EA7,7F4D,7FF5,80AE,814A,81F2,828D,8307,8384,83FA,8473,84D5,8561,85E7,8679,873A,87F9,88E3,89A8,8A58,8B21,8BD8,8C6B,8CD5,8D19,8D39,8D46,8D44,8D1C,8D02,8CCA,8C67,8C16,8BA3,8B31,8AB6,8A27,899A,8908,889D,8819,87A0,8733,8699,8615,8597,84EB,8451,839F,82E8,8269,81D5,815F,80F8,8095,8039,8005,7FB5,7F58,7F0A,7E80,7E0A,7D81,7CD5,7C28,7B74,7ACA,7A21,7984,78E8,7857,77E6,7773,770E,76E5,768F,764D,762A,75DD,75E4,75CE,75A9,75BB,75BC,75E5,7615,7654,7690,76D1,773D,778D,7800,7883,78DB,7959,79CD,7A2B,7AB3,7B10,7B6F,7BCE,7C1A,7C62,7C86,7CD2,7CF6,7D31,7D76,7DB0,7E23,7E8A,7EE2,7F5F,7FBF,8015,807A,80C9,8106,8175,817E,81FC,824B,826B,82CE,82FC,8341,8379,83DA,83F1,8439,8465,8459,8460,844C,8425,8405,83D1,8383,833D,82E2,8288,8249,8203,81AE,8165,811D,80CF,8091,804E,8001,7FC4,7F64,7F23,7EFA,7EB7,7E81,7E1A,7D96,7D24,7CBF,7C3C,7BC3,7B64,7AD4,7A78,7A44,79C0,7944,78D7,7841,77B9,7762,76E5,7687,7627,75C6,758A,7554,750E,74CD,749F,7478,748E,74B1,74D9,750B,752F,7569,7590,75B6,75DE,7618,765A,7673,76D8,7737,7795,77CD,7814,784B,787A,78E1,7911,7964,79A6,79F5,7A69,7A96,7AD5,7B09,7B3B,7B76,7BA1,7BDA,7C09,7C53,7C8C,7CBE,7D13,7D62,7DAC,7E15,7E63,7EB1,7F09,7F38,7F6F,7FA9,7FC7,800F,802F,804D,8078,8096,80A7,80B0,80B8,80B0,80C3,80D5,80DB,80F9,80F1,80E3,80E6,80E1,80C9,80C0,80B1,80AE,80CA,80E7,80F2,8121,8144,815B,8192,81AC,81D0,81FF,8235,825B,8294,82CB,830D,8343,8366,8389,83C4,8402,8429,8459,8481,84B8,8500,8540,857E,85DB,8619,8671,86CB,8727,8776,87D9,8825,8895,8925,8998,8A31,8AC5,8B53,8C19,8CE5,8D8D,8E50,8F28,900B,910D,9216,931E,943F,9554,9684,97DB,9936,9A97,9BF5,9D2F,9E46,9F86,A099,A194,A265,A264,A140,9FAA,9DCF,9B6F,990D,964E,933C,90E7,8F69,8E25,8D04,8BD2,8A66,8930,87B7,8649,84E2,82C5,80D0,7F76,7E63,7DBB,7CE1,7BB3,7ACD,79F5,7930,7902,78C5,7864,7860,7862,78A3,78A0,7811,7735,7605,7471,7312,71E4,7096,6F3C,6DD4,6CCC,6C3A,6B9E,6AF0,6A3D,69DA,69BE,69C8,6A18,6A82,6B28,6BD1,6CB9,6DA2,6E51,6F10,6F8A,703A,7118,7224,73A7,7536,76EE,78CE,7ABE,7CA0,7E35,7F8F,80B1,8196,8235,8283,82F3,833C,8371,83E0,840D,845A,84BD,8519,85A8,8654,870B,87BD,889B,8964,8A30,8AF9,8B80,8C18,8C9A,8D35,8E13,8EC8,8F6B,9014,90AA,9132,919E,91F9,9230,9248,9256,9260,9263,9218,917E,90C8,8FF3,8EFA,8DC9,8C61,8AEA,8966,880C,86E7,85CF,84E2,83F4,831C,8266,81C5,8132,8071,7FB9,7EE8,7E18,7D64,7CA0,7C04,7B53,7AB9,7A5B,7A11,79CF,7970,7928,78D9,788A,781B,7798,7720,768D,75D7,7530,747C,73C3,733D,7297,7217,7197,712F,70FD,70D6,70C4,70D4,70E9,7134,71AD,722E,72C3,7357,73F7,7489,7548,75F2,76A8,7773,7835,7905,79F9,7AD2,7BC6,7CCB,7D97,7E87,7F35,7FF9,80C2,815B,81D1,8212,8288,82C4,82F8,834F,8376,83CE,8423,8488,8508,858D,860F,8680,86F2,876C,87E1,8831,8881,88B8,891C,8964,89A9,8A08,8A3C,8A91,8ADE,8AFA,8B42,8B35,8B38,8B38,8AF1,8AD8,8AAB,8A57,89CE,8954,88C1,880F,8768,86AB,85B5,84FE,8428,835B,82B4,81FC,817B,80EF,8068,7FDE,7F63,7EE8,7E5F,7DEA,7D5D,7CE7,7C85,7C0D,7BA5,7B64,7AEE,7AAE,7A61,7A30,7A11,7976,7976,7916,78B2,7852,77F3,7783,7702,76B8,765B,75F7,7598,755D,7513,74EE,74CC,74AC,74B8,74C1,74E2,74FD,753A,7574,75BC,7606,763E,76C4,7708,776B,77E3,7852,78CD,7952,79C4,7A39,7AD5,7B41,7BC5,7C43,7CB6,7D2E,7D93,7DDE,7E24,7E76,7E9D,7ED2,7F14,7F31,7F5D,7F98,7FC2,7FDA,8012,8036,806A,80B8,80E9,811D,8147,8164,8184,8199,81B0,81BB,81C5,81C7,81D4,81D6,81C0,81CD,81A1,8179,8157,8134,8102,80CF,808C,8027,7FF4,7F7F,7F15,7EB4,7E2B,7DAF,7D41,7CAC,7C27,7BB6,7B2C,7A9C,7A51,79EE,799A,7953,78DF,7898,7839,77D0,7772,7729,76C1,7684,7650,7603,75E6,75C7,759A,7587,7564,7534,751D,7510,74F4,7500,74E8,74C3,74C9,749B,7480,747D,747B,7483,74A5,74D4,74F1,7532,7557,75A1,75E5,7623,7667,76C2,7707,7752,77D0,780E,786D,78CC,7920,7974,79D9,7A23,7A88,7AEC,7B33,7B95,7BFD,7C58,7CA8,7CE7,7D13,7D60,7D97,7DB8,7DE1,7E06,7E18,7E3E,7E63,7E95,7ED7,7EFE,7F33,7F6C,7FA1,7FD3,8015,8035,805C,808D,80B4,80DB,80F4,812A,813C,8163,818E,81AA,81CE,81FE,821E,824B,8263,8286,82B7,82CD,82E4,82FE,8312,833C,836D,8381,83A6,83C5,83DE,8402,843E,8452,848F,84D6,8515,856E,859F,85EB,8641,868C,86F3,875C,87AA,8827,88B7,8923,898E,8A20,8ABB,8B4F,8BEE,8C98,8D51,8E0E,8EDC,8FB7,9092,9185,929C,93B3,94E3,962E,9794,9902,9A59,9BB8,9CF6,9E44,9F64,A084,A157,A121,A033,9EFA,9D83,9BAA,99BD,9788,9527,93A7,92AA,919B,909F,8F51,8DCA,8C55,8AA9,8921,8748,8515,8347,81C8,80B3,7FB0,7E9E,7D79,7C7F,7BBE,7B46,7B18,7AB8,7A7A,7A8D,7AAA,7AED,7AF2,7A91,7A0E,7927,783F,7774,7677,7568,7429,72D8,7209,7141,707E,6FC3,6F0B,6EBC,6E6F,6E53,6E29,6E08,6DE8,6DCA,6DDD,6DCF,6DC4,6DF3,6E38,6EC1,6FB3,70ED,7261,73E1,7581,773B,78DF,7A8A,7BF4,7D42,7E94,7FAD,80E6,81EA,82DC,83C6,8471,8519,8574,85BC,85FA,8635,86AB,872F,87D9,887F,8923,89C4,8A44,8A89,8AA2,8A9D,8AAC,8AF9,8B3F,8B8A,8C03,8CA1,8D59,8E2F,8F10,8FBD,9076,910B,9183,9206,923A,9250,9230,9204,91B5,916C,90F0,9040,8F83,8E92,8DB0,8CC3,8BBC,8AA7,89B6,8880,8782,86A6,8579,8468,833D,8215,80F5,7FDF,7EC3,7DA3,7CAC,7BE0,7B46,7AC1,7A55,7A06,79BB,7979,795C,7916,78B8,7870,7801,7796,773A,76C1,7654,75E5,7587,7511,74B8,7457,73D0,737E,7309,72C1,728B,723B,722E,7221,71F5,71F0,71D6,71C8,71C4,71CE,720B,723A,72BA,731E,73CD,74BC,757A,7685,7777,7857,7969,7A5B,7B20,7BEF,7CAB,7D5C,7E16,7EDB,7F75,8019,80B7,813C,81E4,825E,82DC,8341,839D,83DF,843C,8461,84A0,84F9,84ED,852A,8561,857E,857E,85C0,85E6,861C,8665,8699,86F5,876A,87B3,880E,886D,88A0,88D6,88FB,88FE,88EE,88F7,88BF,8886,8851,87E7,87AF,876C,86FD,867F,8613,8586,84DD,844D,8382,82C5,820C,8135,80A3,7FEA,7F22,7E75,7DC1,7D16,7C86,7BF3,7B5E,7B09,7A98,7A47,7A15,79CE,7992,795A,7918,78D6,7894,784A,780D,77DF,77A8,7775,7751,7723,76F1,76D2,769D,7675,7669,7629,7602,75E6,75B2,7598,7589,756C,7564,7570,7566,7589,75A5,75B5,760B,7659,76AD,7711,776C,77D5,7871,78F9,796A,79FE,7A81,7AFF,7B84,7BFA,7C6E,7CF7,7D71,7DD1,7E5A,7EBB,7F0E,7F76,7FAD,7FE2,800B,802A,804D,8057,8050,804F,8069,805B,8066,807E,8067,806E,8086,8088,8086,808F,8078,8067,8062,804D,803E,8038,801F,7FF8,7FF6,7FE4,7FBB,7FA3,7F72,7F46,7EFC,7EBB,7E7B,7E2A,7DCE,7D6D,7D13,7C89,7BFF,7B7E,7AE7,7A66,79CE,7950,78D0,7858,77F2,778C,7738,76C3,7684,762C,75D4,7590,754E,750D,74E8,74C8,74B4,74BF,749C,749E,74AF,74BD,74DC,7501,7511,7540,756A,7583,75A2,75C5,75EA,7625,764B,765B,768C,76B2,76C9,76F6,773A,7756,77A9,77E4,7819,7858,78A6,78EA,7932,7990,79D1,7A2D,7A85,7AD7,7B33,7B88,7BEA,7C54,7CAF,7D13,7D85,7DDD,7E45,7EAD,7F03,7F60,7FB4,800F,8049,809F,80D4,8104,8149,8169,81A0,81CC,81E4,8207,821B,8225,8242,8251,8259,8262,826F,8277,828D,8296,8290,8289,829B,82B2,82CD,82E5,82F9,8322,834B,8379,83B2,83E1,8412,844C,8497,84C8,8503,854D,8574,85B6,85E8,8621,867A,86B0,8707,875B,8787,87DD,8820,8873,88BE,8913,897F,89CB,8A40,8AAA,8B1F,8BA4,8C31,8CD3,8D78,8E3C,8EF6,8FCC,90D3,91CC,92E6,941B,9538,964D,9760,987D,998F,9A98,9B8D,9CA1,9D8A,9E64,9EF7,9F1B,9E9F,9DC1,9CCA,9B53,99BF,982C,968C,951B,93FC,9304,91E4,90B4,8F3E,8DA5,8BFE,8A29,885F,8687,84C9,8379,826F,816E,808D,7F99,7EAB,7DF9,7D3C,7CB8,7C53,7C09,7BFA,7BFF,7C20,7C29,7C0E,7BA3,7B27,7A8E,79E2,793E,785E,778C,76AD,75EF,7552,749D,7404,7351,72CB,7250,71DC,7162,70DA,707B,6FFC,6FAA,6F67,6F22,6F2E,6F46,6F90,7030,70FD,71F5,7311,7434,7574,76B8,77E6,792B,7A61,7BA6,7CDD,7E22,7F56,807E,81AB,8280,834E,83F2,8469,84E5,8558,85C2,8659,86E6,8758,87EA,8859,8899,88BD,88AC,886A,8865,885A,8854,888B,88B8,8920,8981,89F1,8A6B,8AF1,8B62,8BB8,8C2C,8C81,8CD2,8D21,8D48,8D5D,8D89,8D87,8D86,8D4C,8CF3,8CAC,8C1F,8B8A,8AF1,8A3D,897D,88AD,87F7,8710,8629,852D,83FB,82E5,8198,8061,7F1E,7DCF,7CB6,7BB3,7AD9,7A10,7965,78C3,7827,77A7,7731,76AC,7646,75BF,7581,753C,748B,74A2,7470,7444,742D,7400,73EF,73C0,73A3,7350,7315,72E3,7298,727D,7263,7237,7215,71EE,71BC,7179,714E,7110,70E1,70E2,70BF,70F3,7142,719F,7225,72A4,7331,73BA,743A,74DC,759C,763B,76FC,77C8,789C,7970,7A59,7B3D,7BFA,7CE4,7D94,7E5B,7F27,7FCA,806E,80F1,8185,81F2,826B,82C3,82FD,8356,8377,83A9,83C6,83C6,83D7,83E9,83E6,83F9,8438,843C,8474,84A5,84B1,84E3,8505,8516,8518,852B,8518,851E,852A,8536,8558,8543,8544,8543,8538,8505,84D8,84AD,844D,8406,8394,831A,82AC,8220,8196,811D,8076,7FCA,7F2F,7E72,7DB4,7D0D,7C5B,7BBD,7B33,7AA0,7A0C,799A,7922,78A6,7847,77C6,775C,770D,76AE,766E,763A,7621,75F3,75E9,75DB,75D3,75D7,75CA,75D3,75CA,75C1,75C7,75D2,75B3,75C2,75CE,75C9,75D7,75D4,75CB,75D3,75D3,75D7,75FA,7607,7622,7657,7690,76C5,7708,7736,776C,77B2,77E6,7828,7877,78CE,7926,79A1,79FF,7A89,7AFC,7B68,7BFC,7C88,7CEF,7D56,7DCE,7E0A,7E65,7EB3,7EF6,7F25,7F6B,7F9C,7FC2,7FFA,8007,8036,8045,804B,803A,803F,8026,8009,7FFE,7FC7,7F9F,7F74,7F44,7F19,7EF8,7EB1,7E8F,7E5B,7E2E,7E0C,7DE5,7DBE,7DA7,7D89,7D55,7D40,7D0B,7CDA,7C8F,7C59,7C18,7BD0,7B7A,7B27,7AEF,7A9C,7A71,7A24,79DC,7996,7952,78EC,7897,7837,77C0,777E,7733,76DE,7698,765E,7614,75D8,759D,756E,755A,7538,7532,754C,755A,7565,757B,75AF,75C4,7600,763B,7655,76A1,76C7,7706,7758,779F,77EC,783E,7895,78E1,7930,798A,79BC,7A09,7A4C,7A8F,7ADD,7AFD,7B49,7B71,7BA4,7BEE,7C06,7C51,7C7A,7CB6,7D10,7D41,7DA5,7DE7,7E35,7E90,7ED2,7F29,7F62,7FB5,7FEB,8025,807E,80B0,8104,8154,81A1,81F6,8232,8277,82C2,82DD,8319,834F,8372,83A0,83B6,83D3,83D1,83DD,83DE,83DC,83F0,83DE,8408,841C,842D,8457,8473,849E,84B2,84D8,84FD,852C,855C,8588,85C1,8603,8643,8682,86B9,8714,8767,87BE,881B,8861,88D2,892D,8989,8A05,8A6A,8ADA,8B54,8BB6,8C29,8C9B,8D14,8D8E,8E15,8EB3,8F41,8FF9,90A4,915E,923D,92E8,93D3,94AA,9578,963E,9711,97E2,989A,996B,9A13,9AD5,9BA5,9C3D,9CB8,9CD9,9C86,9C0E,9B33,9A1B,98DE,9779,962B,94FC,93EA,92F6,9206,90DB,8F87,8E1E,8C8C,8ADC,8936,8777,85F1,849B,836F,827B,8185,808F,7F8E,7EB4,7DCF,7D19,7C8D,7BF6,7BA8,7B7F,7B4C,7B3B,7B16,7AC9,7A72,7A02,7997,7912,787F,77D3,772D,76B6,760A,7593,7518,748D,742C,73C5,7369,7326,72B7,7249,71F9,7188,7138,70E8,70AF,7080,7095,70E6,7147,71F9,7299,7352,743D,74FD,75DB,76D7,779E,7893,7991,7AA5,7BD9,7CE6,7E01,7EFD,7FE1,80A8,814B,81F4,8273,8305,83BE,845D,8508,85AF,861B,869A,869A,86F2,86E3,86A9,86C4,8699,86C4,86D7,870C,874A,8775,87C7,8805,8829,8864,888E,88BC,88F7,891D,8950,8985,89B2,89F6,8A1D,8A20,8A14,8A08,89D8,897F,895D,88EF,8891,8830,87AA,8746,86BB,8614,8543,847B,8384,8286,8178,8066,7F5F,7E60,7D83,7CA4,7BED,7B1B,7A68,79D7,7925,78A4,77F7,7766,76EF,7669,75FD,75B8,7572,7527,7524,74F8,74DC,74E8,74CA,74AC,749B,747C,745B,745C,744E,7456,747E,7478,747E,7470,745D,742C,7413,73FD,73C4,73E0,73CB,73EE,742F,7462,74A4,74E5,7531,7567,75D5,7624,7687,770C,7789,7821,78CA,7970,7A0C,7ADB,7B7F,7C41,7D0D,7DA2,7E6E,7F0E,7F8D,8045,80D7,8154,81E6,826B,82CA,833E,8391,83D8,8417,842C,844A,846F,8480,8493,84B6,84BA,84A2,84BB,84BE,8496,84A1,8478,844D,843F,841A,840F,8409,83F3,83F7,8413,83F9,8409,8418,83F1,83ED,83C6,839C,8375,8344,830A,82E4,8298,824C,8201,818E,8117,809D,8027,7F97,7F18,7E8D,7E09,7D94,7D18,7C76,7BFB,7B74,7AF0,7A72,79E7,795B,78ED,7891,7825,77EE,779F,7767,7748,7717,76F6,76F2,76D4,76BA,76C4,76AD,76AE,76AC,7699,76AD,76D0,76D5,76E5,7707,76FE,7715,7724,7739,7762,776C,7788,77AC,77E5,77F9,7818,783E,784C,787E,78A1,78C8,78E6,790C,7939,7987,79DA,7A17,7A82,7ADE,7B27,7B82,7BCE,7C22,7C7C,7CC9,7D0A,7D65,7DBE,7E04,7E63,7EAB,7EFA,7F48,7F6E,7FA1,7FD8,7FEF,800C,8024,8025,803B,8041,8040,8035,8028,8016,7FFD,7FEC,7FCB,7F9A,7F49,7EF8,7E99,7E3C,7E02,7DB1,7D70,7D52,7D19,7CF9,7CC2,7C83,7C48,7BEB,7BA2,7B63,7B1E,7ADE,7AAA,7A7E,7A45,7A19,79D4,7989,7943,78DF,78AF,7889,7857,782B,7818,77F2,77C8,7796,775E,7725,76F5,76B8,76A0,7699,7673,7660,7647,763D,7649,764D,7675,7692,76A7,76DF,7710,7737,775A,7784,77A9,77C9,77FF,782E,787A,78B2,78FB,794C,7996,79F1,7A42,7A92,7AED,7B38,7B76,7BCE,7C02,7C44,7C9D,7CD8,7D1C,7D49,7D8A,7DCE,7DFD,7E36,7E68,7EC5,7EF2,7F3D,7F8B,7FCA,8030,8078,80AD,80E2,811B,8136,8165,8195,81D1,821E,8261,82A4,82EC,8342,8367,839D,83C8,83E9,8429,8442,8473,849F,84B2,84EA,850D,851F,8544,856C,858B,85B8,85EA,861E,8645,867F,86B8,86F2,8740,8771,87B8,880C,883D,8878,88D2,8925,8981,89DB,8A37,8A93,8B06,8B79,8BF0,8C72,8CD5,8D6A,8DE9,8E4C,8EE8,8F72,9003,90BA,9165,9205,92C5,9382,9432,94FD,95AB,963E,96EB,9790,9810,98A6,9922,9989,9A22,9A77,9A9B,9A84,9A08,9981,9896,9779,9643,94F3,93D8,92DD,91F5,9112,9005,8F05,8DBC,8C5C,8AF2,893C,87BA,8638,84C4,839D,8281,8173,806B,7F7F,7E88,7DA8,7CD1,7BFF,7B85,7ABA,7A5E,7A32,79DB,798D,7959,78F7,789B,7856,77D3,7762,76CF,764D,75C4,7556,74DD,7456,7405,739B,733D,7303,72AB,725D,720B,718F,7131,70C8,705A,700D,6FDA,6FD2,6FE3,7030,7083,70F4,7185,7215,72CE,7368,7410,74CE,7599,7674,7754,7861,795D,7A5A,7B57,7C37,7D17,7DCB,7E74,7F2F,7FDE,8094,8154,8214,82D3,838D,840C,8470,84CB,84EC,84F4,84FD,84F9,84F7,851E,853D,855A,8599,85B9,85E4,8622,862F,8645,865F,8676,8685,86AD,86B3,86D8,8715,872F,874D,875E,8779,8760,875D,8737,86FF,86E1,8689,8669,8637,85D4,8581,850B,8474,83E4,8327,8249,8180,80AE,7FBF,7EEC,7E2E,7D68,7CBC,7C00,7B5D,7AAE,7A08,7960,78CA,781A,777F,7707,7668,7605,75BF,7576,753E,7521,74F0,74E1,74DC,74BB,74AD,74B1,74AF,74BD,74CB,74D8,74F5,751B,7519,751B,7512,74FB,750C,74FE,74F1,74FE,7514,751A,7538,7562,7586,75C4,75E3,75FC,762D,764F,7687,76D9,7734,7795,780D,786A,78F6,7999,7A2D,7ABC,7B5F,7C01,7C8B,7D33,7DC4,7E5E,7EF5,7F9A,802B,80C7,813C,81AA,8222,8267,82AA,82FF,8323,835C,8391,83AE,83D6,83ED,83FB,8404,8410,8405,83F7,83D9,83A3,8395,8384,8353,8353,8343,8340,834E,834E,8337,833C,8316,8303,82E1,82BF,8297,8274,8256,8235,8221,81E1,81C0,8184,813A,80F2,80A8,8060,7FF8,7FAA,7F50,7EE9,7E9F,7E2C,7DC7,7D65,7CE0,7C6D,7BEF,7B7D,7B14,7AA1,7A4C,79F9,79A0,794D,790F,78DC,788A,7856,7831,780E,7804,77CB,77BD,77B7,77A2,77AD,77AB,77CE,77D7,77F5,7816,7814,7836,7849,7851,7888,789C,78BD,78E7,78F1,792F,793F,795F,797B,797D,7983,79A4,79C8,79E6,79FE,7A3C,7A6D,7A9B,7AD1,7AE1,7B27,7B51,7B6A,7BC0,7BE4,7C19,7C47,7C79,7CD7,7D03,7D50,7D88,7DC8,7E00,7E30,7E76,7EA5,7ED7,7F04,7F24,7F42,7F6C,7F92,7FA9,7FA3,7FCC,7FE7,7FD6,7FE1,7FC4,7FB1,7F87,7F57,7F27,7EEA,7EC3,7E76,7E4B,7E2C,7DF3,7DCF,7D95,7D3F,7D05,7CCA,7C81,7C62,7C1C,7BF8,7BC3,7B7F,7B61,7B30,7B03,7ACA,7A9E,7A77,7A56,7A43,7A3B,7A1B,7A18,79F6,79DC,79C2,7990,797B,795A,794B,7932,7922,7914,78EA,78DF,78CE,78C5,78C6,78B8,78BD,78B8,78C0,78B5,78BA,78BA,78D1,78E0,78E8,7911,7925,7950,797C,79BC,79EB,7A28,7A62,7A87,7ADC,7B16,7B64,7BBF,7BF6,7C3A,7C94,7CD0,7D04,7D4E,7D8C,7DC8,7E14,7E41,7E76,7EC7,7EEF,7F1B,7F61,7F8B,7FD2,8017,8034,8063,809B,80BC,80ED,8122,814C,8181,81BD,81E4,821C,825E,8282,82D1,8305,833A,8397,83CE,841B,8470,84BC,8502,8536,8587,85A2,85F5,8640,8669,86D0,8704,874D,8791,87D9,881E,886A,88A9,88F7,8940,89A1,89D1,8A23,8A68,8A84,8B25,8B49,8B87,8BD1,8C44,8CC4,8CE6,8D61,8DC1,8E29,8E96,8EE2,8F6E,8FD0,9040,90CC,9118,919D,922A,92B0,933E,93C3,9447,94CC,9550,95B4,962A,969E,96EA,974E,9787,97D0,9820,9866,988A,98B2,98A6,9853,97FF,976A,96C1,95F9,9507,9407,9321,9239,9151,9080,8F72,8E69,8D4F,8C16,8AF1,89A9,884E,86F5,85E2,84BA,83BB,82C5,81B6,80DC,7FF0,7F16,7E56,7D9F,7CD4,7C42,7BB3,7B38,7AD6,7A66,79F3,7995,7942,78D7,787C,780B,7782,7725,76C6,764B,7606,75AE,7558,751D,74D1,748B,7460,741D,73D2,7391,7332,72FA,72C4,728A,726C,725F,7271,7284,72CA,7313,7359,73C5,7413,7498,7521,759D,7636,76E9,77A7,7859,791B,79E5,7AA2,7B60,7C05,7CB4,7D61,7DFE,7EB4,7F67,800C,80B4,8172,8200,8286,8303,835B,83A3,83E0,8405,8426,8444,8460,8497,84BE,84D2,8503,852A,8548,8561,8576,857A,8598,8592,8596,85BF,85BA,85CD,85F2,8603,860E,860C,85FA,85FA,85FD,85E1,85B3,85AB,856E,8546,851E,84F2,84AF,8459,83DF,8363,82F6,8242,81AB,810C,806D,7FDA,7F4D,7EA6,7E22,7D9A,7CEB,7C6E,7BD5,7B2A,7A9E,7A0A,797F,790A,789E,7833,77F4,7797,775C,7726,76E8,76B7,7687,7654,7638,7636,7624,7627,762E,7627,7633,763D,763D,762E,7631,762D,7629,764A,7635,764D,7677,7699,76B4,76DC,76FE,7726,7756,775C,7786,77B8,77E3,7813,784B,7893,78E2,793D,7989,79ED,7A5E,7AB7,7B1F,7B83,7BDB,7C51,7CC2,7D17,7D88,7E0F,7E6F,7EF2,7F51,7FAE,800E,806E,80BA,8116,8165,819F,81F6,822E,826C,82B0,82D3,82F2,8318,831F,832C,8324,831A,8310,830C,8306,82F0,82EF,82E4,82D7,82CA,829A,8277,8258,824D,8239,8203,81F9,81D0,81A4,81A1,816D,8150,812C,80FA,80DA,80A3,8077,8041,8008,7FD7,7FA6,7F83,7F36,7EF7,7EBD,7E50,7E0A,7DA0,7D45,7CFD,7C8A,7C37,7BE9,7B90,7B4C,7AEC,7A8F,7A52,7A04,79B4,7966,791D,78D1,78A2,7874,7834,7819,77FF,77EA,77E1,77D2,77C7,77C7,77D1,77DB,77D9,77ED,7804,7820,7852,786C,78A1,78CD,78F5,791A,7938,7966,7981,79AE,79CD,79F8,7A39,7A53,7A89,7AAF,7AD8,7AED,7B12,7B36,7B46,7B74,7B89,7BB4,7BDD,7C0A,7C48,7C70,7C8F,7CD3,7D0D,7D29,7D6D,7D95,7DC2,7DF4,7E1A,7E48,7E8A,7EC6,7EE2,7F1D,7F59,7F69,7FA6,7FAF,7FC3,7FEE,7FFE,8013,8019,802B,8028,802A,7FFC,7FD8,7FAC,7F5F,7F12,7ECF,7E77,7E36,7E18,7DD7,7DA2,7D71,7D25,7CF4,7CA1,7C47,7C06,7BCF,7B8D,7B46,7B27,7ADA,7AC1,7A81,7A3A,7A25,79F6,79E7,79BA,79B4,7996,798B,7990,7969,7963,7949,7916,7909,78F4,78ED,7902,78EE,78F5,78E5,78DE,78EA,78DB,78DF,78F1,790A,791C,7920,794D,7958,796C,797C,797B,7992,79B3,79C9,7A16,7A1F,7A41,7AB4,7AD9,7B14,7B51,7BA3,7BE8,7C29,7C6F,7CA0,7D0B,7D52,7D97,7DE6,7E2E,7E93,7ED8,7F2F,7F5E,7FA6,7FEB,8019,8076,80AA,80E4,8134,8176,81B1,81D6,8203,822E,8254,827B,8295,82D6,82F0,8311,8369,8398,83D0,841D,8450,8495,84C7,84EE,853B,8576,85B4,85EC,863B,8671,86B4,8703,8738,8783,87D0,8820,8865,88B4,88EA,8933,896E,899A,89ED,8A37,8A81,8ACE,8B08,8B35,8B79,8BB9,8BDE,8C46,8C80,8CB5,8D24,8D77,8DCF,8E31,8E84,8ED4,8F2E,8F99,8FFC,905E,90C4,9139,91CB,922B,9286,92E7,9330,937D,93D9,9406,9459,94A5,94CA,9523,9557,9581,9563,9525,94C6,9439,93A7,92D7,91FD,9121,904C,8F87,8ED6,8DFF,8D16,8C22,8B1B,8A1B,8904,87D0,86A4,8595,847F,838B,829A,8198,80BD,7FDC,7F04,7E57,7D9B,7CE7,7C4E,7BCC,7B43,7AE8,7A80,7A16,79CF,795F,790B,78D2,7884,7835,77D8,7774,7736,76D6,7666,761D,75D7,7592,756E,752E,74FD,74C3,7466,7421,73D6,7390,732B,72D9,72A9,728F,729C,72B5,72D1,7304,733A,7374,73C4,7409,7463,74D9,755D,75ED,7697,774D,77FC,78BB,7967,7A12,7AC6,7B57,7BF0,7C96,7D40,7DF0,7EB9,7F4A,7FFF,80C0,813B,81AC,820A,8258,8295,82C2,82E2,8305,8338,8361,83A0,83C5,83DB,8409,8412,8420,8438,844C,844A,843A,8448,843D,844E,8460,8458,8477,846F,847C,8485,8482,8471,8463,845F,844C,844C,8440,8432,8409,83F0,83B9,8389,8323,82AE,823E,81C3,8164,80E3,806A,7FF3,7F85,7F01,7E88,7E12,7D7B,7CE9,7C59,7BC3,7B2F,7AAB,7A27,79A9,7937,78D4,7870,7825,77D2,778C,7763,7718,76F0,76D0,76AF,76B5,76A2,76AE,76C1,76B4,76DA,76EF,7705,76F4,76FA,771D,7710,7727,7737,7756,777B,7791,77C2,77CE,77FB,780E,782B,7852,7837,786B,7881,78A3,78E1,78F5,7931,795B,799F,79EB,7A21,7A81,7ACE,7B22,7B87,7BE6,7C4E,7CBE,7D33,7DA1,7E0A,7E86,7EEA,7F4C,7FA5,7FFE,8070,80BB,811F,8176,81BB,821A,825D,82AB,82E2,82FF,8318,833A,8344,8345,835F,8362,8363,8364,8360,8355,8341,8328,8305,82F6,82CF,82B5,828E,826C,8256,822C,821F,81EB,81E7,81C1,8197,8192,8158,812C,80FC,80F0,80B6,8091,8070,8040,802F,7FE8,7FBA,7F7F,7F25,7EE6,7EA1,7E52,7E13,7DD2,7D79,7D3B,7CF6,7CA5,7C65,7C28,7BCF,7B83,7B41,7ADF,7AAA,7A7F,7A38,7A09,79E3,79B9,799E,7976,794E,793B,793E,792B,7933,793E,7929,793B,7944,795E,797A,798E,79AC,79DF,79EF,7A0B,7A2F,7A47,7A61,7A8B,7AB1,7ABF,7AF8,7B09,7B1F,7B5D,7B68,7B8C,7BC1,7BCF,7BFB,7C1C,7C34,7C62,7C88,7CA9,7CE1,7D12,7D2F,7D53,7D85,7D92,7DBD,7DF5,7E02,7E4A,7E6B,7E8E,7EE2,7F0A,7F3E,7F77,7F9E,7F8D,7FD5,7FD7,7FE1,8005,8007,800C,8022,8033,801E,802A,7FFC,7FE9,7FE3,7FB6,7F89,7F6F,7F4F,7F31,7EFF,7EC3,7E92,7E4E,7E14,7DEA,7DC9,7D8A,7D5B,7D37,7D00,7CE0,7CC2,7C8F,7C88,7C66,7C41,7C3C,7C16,7C0B,7BE3,7BCF,7BAF,7B99,7B91,7B5D,7B53,7B41,7B33,7B2C,7B29,7B1C,7B15,7B17,7AE5,7AF7,7AEE,7ADC,7AC1,7AC2,7ABE,7AAB,7ABA,7AA4,7AC7,7ABA,7AC6,7AE4,7AE2,7B03,7B1C,7B39,7B5F,7B82,7BAA,7BCD,7C04,7C36,7C5F,7CB4,7CF1,7D2E,7D66,7DA4,7DF3,7E4A,7E72,7EC3,7F15,7F45,7F98,7FC6,8006,8048,807A,80A6,80E5,812B,814F,81A3,81CB,81F0,8227,8252,827C,82A4,82E6,8304,833E,8355,8387,83BD,83EE,840D,8441,8489,84BD,8512,8530,8564,85A8,85E0,8622,866A,86AE,86F3,873E,877D,87C1,880E,883F,888C,88C9,88F2,893F,8981,89B9,89F8,8A2C,8A58,8A8F,8ABB,8AE0,8B09,8B2C,8B47,8B77,8BB1,8BE1,8C24,8C6B,8C9E,8CE9,8D2B,8D61,8DA6,8DED,8E3B,8E9F,8EFD,8F5B,8FCB,9039,90A5,9109,9167,91A9,91FC,9231,926A,92B0,92CE,930C,9339,9353,937A,939F,9399,9371,9344,92E8,925E,91D4,9136,9086,8FD0,8F23,8E5D,8DB5,8CF9,8C23,8B50,8A61,8988,8899,87A6,86AB,85C5,84DA,8404,8339,8273,81B8,80EF,8036,7F95,7EF0,7E3D,7DA8,7D0E,7C82,7C21,7BB3,7B59,7B04,7AB4,7A61,7A12,79A4,793D,78F3,7890,7834,77DD,777C,7723,76EC,769B,7669,7648,760C,75C2,7573,7533,74F3,74C0,7485,745D,7431,742D,7422,7432,7444,7464,7489,74B7,74FA,753E,7581,75DA,7660,76D7,7760,77E6,785A,7906,7997,7A0E,7A9E,7B1A,7BB7,7C4C,7CDE,7D76,7E0F,7EA3,7F2E,7FC2,8049,80A1,8100,8151,818E,81DE,81FF,822B,8253,8274,82B1,82D9,830B,832C,834C,835E,8373,838D,8396,83A1,83B5,83C9,83E1,83F4,8401,8418,8413,842F,841C,8427,8427,8420,8438,8428,8429,8419,83FD,83E4,83B5,838A,835B,82FD,82B6,8252,81FA,8191,812F,80D6,8065,7FF2,7F91,7F0C,7E9E,7E28,7D93,7D27,7C9E,7C33,7BA5,7B42,7AD5,7A66,7A20,79AD,795B,790D,78B6,787D,783A,7806,77DB,77B6,778E,7775,7762,775F,7752,7754,7743,773F,774B,773B,774E,7756,7760,7767,777B,778C,77B0,77BF,77D9,77E8,7804,7822,7837,7858,7867,788F,78BB,78E3,790C,7944,797A,79B6,79ED,7A1C,7A6B,7AA2,7AE6,7B29,7B75,7BC5,7C22,7C99,7CE8,7D5F,7DB0,7E0A,7E70,7EC0,7F15,7F5F,7FAD,8001,8069,80B7,8105,815E,8196,81C4,81F4,822A,823C,825C,8271,827E,829D,828F,829D,82A7,82A9,82A2,82A4,828A,8266,8261,8247,822C,821D,8203,81E0,81D0,81A3,8188,8163,8122,8116,80E4,80A6,8084,8049,8019,7FF8,7FE6,7FB2,7F8E,7F6E,7F2C,7F0D,7EC7,7E83,7E67,7E2F,7DEE,7DC5,7D70,7D58,7D21,7C90,7C85,7C37,7BEC,7BAF,7B71,7B34,7ADA,7ABF,7A7B,7A5B,7A36,79EB,79D0,79AE,7990,796E,7957,7946,7948,7947,793E,7941,795C,795B,796E,7986,7983,79B6,79CA,79EB,7A0F,7A30,7A51,7A69,7A93,7AAB,7AE8,7B0A,7B1E,7B37,7B54,7B5B,7B85,7BAD,7BB3,7BE6,7BFD,7C11,7C37,7C51,7C77,7C92,7CA5,7CB1,7CDF,7CF2,7D15,7D58,7D65,7D90,7DBC,7DD4,7E0B,7E3D,7E68,7E86,7EB9,7EC0,7EDC,7F0E,7EF8,7F20,7F34,7F3F,7F66,7F65,7F58,7F51,7F4C,7F2D,7F24,7F13,7ECE,7ECA,7EAC,7E7A,7E78,7E47,7E05,7DF2,7DB9,7D84,7D62,7D2E,7D02,7CDC,7CAB,7C7C,7C59,7C40,7C20,7C11,7BEC,7BC1,7BAF,7B85,7B8A,7B72,7B6B,7B60,7B51,7B40,7B1A,7B33,7B16,7B10,7B21,7B0A,7B15,7B1B,7B02,7AF7,7AFA,7AE4,7AE7,7AFD,7AF2,7AFF,7B0A,7B00,7B17,7B14,7B1E,7B26,7B36,7B45,7B63,7B80,7B90,7BBF,7BDE,7C0C,7C2D,7C54,7C81,7CB3,7CE2,7D13,7D52,7D7D,7DBB,7E04,7E42,7E7A,7EB4,7EEE,7F2D,7F6E,7F94,7FE3,8027,8055,808D,80B7,80E9,811B,814B,8176,81A0,81CA,81E6,822F,8257,8276,82AD,82E3,830F,833F,837D,83A2,83E6,8405,8430,8478,84A8,84DB,851E,8555,858E,85D0,8611,8651,869E,86D2,8703,8749,8791,87CD,8819,884E,8892,88E7,8922,8964,89A7,89DB,8A13,8A5B,8A8E,8AC9,8B0E,8B42,8B7E,8BCD,8BEF,8C2C,8C6B,8CA0,8CE1,8D0E,8D4C,8D96,8DE3,8E2A,8E88,8EE7,8F37,8F94,8FE1,9022,9066,90AA,90D4,911B,9146,9172,91AE,91CA,9208,921F,9242,9253,924F,9240,921A,91ED,9193,912E,90AD,900A,8F70,8EE8,8E46,8D92,8CF1,8C3D,8B84,8AD0,89FC,8925,884E,876B,8682,85C1,84E6,8425,835F,8286,81E1,8108,8061,7FBD,7F05,7E89,7DF4,7D7F,7D1A,7CAD,7C52,7BF6,7BA4,7B51,7AFA,7AA7,7A58,79F9,79B2,7947,7914,78BA,7853,7823,77D3,77BE,7782,773A,770C,76D2,769B,7676,7629,75FA,75BF,759C,758E,7571,7569,755D,757C,7578,759A,75C8,75E5,763B,767E,76C4,7738,7799,77FF,7889,7900,7979,7A00,7A84,7AF8,7B81,7BEE,7C6F,7D0E,7D90,7E23,7EC8,7F4D,7FD0,805A,80C6,8136,817D,81C5,8217,8234,828D,82B4,82F7,8333,834B,8384,8398,83B3,83D0,83F2,83FA,840E,8412,841C,8426,8439,843E,842F,8447,8436,8433,8434,8422,8433,841D,841B,841D,8411,8407,83EC,83CF,83B8,8391,8350,831B,82F3,8296,8261,8218,81A9,8165,8103,80AD,8042,7FE7,7F7D,7F03,7E9F,7E1E,7DB4,7D49,7CD3,7C79,7C15,7B94,7B52,7AE5,7A7E,7A37,79DE,79A5,7973,7943,78F2,78D2,78B3,788E,7894,7874,7867,7871,7858,784C,785F,7864,7878,7880,7890,78AB,78CB,78F0,78F8,792B,794A,7955,799A,799E,79C5,79E1,79EB,7A22,7A27,7A61,7A7C,7AA9,7AD4,7AFC,7B2B,7B4F,7BB7,7BCC,7C0D,7C5F,7CAD,7CE4,7D3E,7D86,7DCF,7E2B,7E69,7EBA,7EF6,7F53,7FA1,7FF4,8058,8093,80ED,813E,8179,81C3,81E8,8236,825E,828C,82C6,82E2,8306,8307,8327,8331,8331,8346,833C,8347,8341,8322,8315,830B,82E8,82CB,82B1,8299,826E,825C,8229,81FE,81F7,81BA,819E,8169,8136,8114,80E7,80BD,809F,8078,8039,800A,7FEE,7FAA,7F86,7F4F,7F00,7EE1,7E9B,7E6B,7E40,7E09,7DBC,7D9E,7D62,7D22,7CED,7CAA,7C7E,7C4B,7C0B,7BBD,7BAB,7B6C,7B36,7B18,7AD9,7AB4,7A9C,7A81,7A6E,7A61,7A40,7A31,7A51,7A38,7A43,7A50,7A4E,7A62,7A78,7A8F,7AAA,7AD9,7AF3,7B20,7B46,7B61,7B98,7BCC,7BED,7C12,7C45,7C6D,7C94,7CBB,7CC8,7D06,7D33,7D52,7D7B,7D99,7DBD,7DE9,7E08,7E10,7E49,7E61,7E65,7E94,7E9D,7EA9,7ECF,7ED9,7EF3,7F24,7F3D,7F4E,7F76,7F8E,7FA5,7FCC,7FCA,7FE3,8005,801A,8038,8067,807B,808E,809F,80A8,80B7,80BE,80C2,80CD,80C9,80BE,80C2,80C1,80AD,809E,807F,8057,8042,800A,7FDA,7FB9,7F88,7F49,7F18,7EE6,7EAE,7E90,7E54,7E0D,7DE3,7D9F,7D57,7D23,7CE4,7C9A,7C72,7C46,7C13,7BE8,7BCF,7BBD,7B8F,7B83,7B70,7B62,7B52,7B43,7B46,7B29,7B2D,7B2C,7B1E,7B2B,7B20,7B22,7B2D,7B3E,7B3F,7B5E,7B76,7B80,7B94,7B8D,7B91,7BB1,7BC3,7BC0,7BE2,7BF1,7BF6,7C09,7C17,7C25,7C3C,7C51,7C6B,7C8B,7CA9,7CC1,7CFA,7D1C,7D30,7D69,7D88,7DB4,7DE3,7E09,7E32,7E78,7EAA,7ED0,7F14,7F4B,7F76,7FB8,7FDC,800B,803C,805F,8083,80BF,80DF,810E,8135,8140,8176,8195,81AD,81C7,81F4,81F6,8220,8237,8245,8264,827C,82A0,82BF,82DF,8307,831B,8345,835B,8384,83AC,83C9,83FE,8404,8442,8473,848F,84CA,84ED,852F,8566,8593,85E0,860C,863E,8683,869C,86DE,8714,873B,878B,87BA,8802,8833,8860,8894,88CF,8905,8922,8968,89A2,89D0,8A14,8A36,8A6A,8AB8,8AF8,8B3B,8B6F,8B98,8BE6,8C2A,8C5E,8C9C,8CDD,8D1C,8D66,8DB9,8DEE,8E43,8E78,8EAF,8EF4,8F1D,8F61,8F7D,8FA3,8FCD,8FEE,900F,901C,9026,902D,9017,8FF1,8FBD,8F77,8F0D,8E94,8E2E,8DAA,8D39,8CAF,8C0D,8B80,8ADB,8A32,8984,88BF,8804,874B,8683,85B2,8504,843F,837B,82D3,8216,8165,80CF,8026,7F9B,7F1E,7EA7,7E35,7DBB,7D62,7CF3,7CB1,7C50,7BF8,7BC1,7B71,7B2C,7AE9,7A97,7A43,7A07,79D7,79A3,795A,7919,78E3,78B2,787C,7850,7825,77E7,77AF,7777,7729,770A,76E2,76BA,769C,7684,7679,767E,7681,766F,76A4,76B1,76D6,7712,773A,777C,77CE,7826,787C,78E1,795A,79C1,7A3D,7AAD,7B14,7BA2,7C0A,7C79,7D02,7D6E,7DFE,7E76,7EE3,7F65,7FC4,8024,8078,80C2,8103,8139,8185,819E,81D6,821C,8211,824E,8260,827D,8296,82A7,82B6,82BE,82B6,82E1,82B0,82BD,82CC,82B6,82D2,82AC,82CE,82B6,82BD,82C2,82A7,82B5,829F,8292,828A,8281,8276,8258,8247,8226,8203,81ED,81B5,818A,8166,811D,80EE,80C0,8064,802D,7FED,7F95,7F3E,7EFD,7E9F,7E33,7DE7,7D60,7D0A,7CC8,7C4D,7BFB,7B8E,7B39,7AEA,7A9B,7A4A,79FA,79AF,796E,7949,7911,78EC,78D0,78BE,78B1,78AB,7895,787F,788E,7888,789B,78B6,78B8,78D3,78E8,790B,7921,794D,796E,797B,79B3,79B5,79DB,79FE,7A13,7A3C,7A4D,7A6B,7A80,7AB4,7AD1,7AEC,7B0D,7B2B,7B4B,7B77,7BAA,7BBD,7BF5,7C10,7C3F,7C86,7C93,7CDF,7D00,7D32,7D81,7DBA,7DED,7E37,7E88,7EB4,7F0A,7F4A,7F85,7FC6,8006,8046,807E,80AC,80D3,810D,8126,8133,816B,8178,8192,81BD,81CC,81C0,81D8,81DC,81C1,81CC,819E,818E,817F,8152,8143,8111,80EB,80CE,80AD,8083,8061,8046,801A,8000,7FCF,7FAE,7F93,7F67,7F3E,7F1C,7F11,7EDE,7EDC,7EC9,7E94,7E6A,7E3D,7E21,7E0E,7DED,7DBA,7DC3,7DB1,7D8E,7D78,7D5C,7D40,7D1A,7CFD,7CC8,7CB8,7C92,7C6A,7C5D,7C30,7C1D,7C17,7BF9,7BE6,7BD9,7BB0,7B9F,7B9B,7B98,7B82,7B83,7B7C,7B74,7B7C,7B65,7B80,7B84,7B85,7B96,7BB3,7BB6,7BD2,7BE3,7BF4,7C19,7C37,7C51,7C72,7CA0,7C9D,7CD3,7CE3,7D00,7D33,7D56,7D64,7D89,7DA8,7DBC,7DE6,7DF6,7E09,7E28,7E43,7E3F,7E5E,7E60,7E80,7E99,7EA1,7EB2,7EC5,7ED8,7EE6,7EF7,7EF0,7EEA,7F0F,7F0D,7F0D,7F21,7F08,7F17,7F0F,7EF3,7EEC,7EDF,7ECC,7EC8,7EBD,7E9E,7E9A,7E86,7E64,7E54,7E48,7E23,7DFD,7DE5,7DBC,7D89,7D75,7D54,7D29,7D0F,7CE9,7CD1,7CB8,7CA1,7C89,7C6D,7C5F,7C48,7C37,7C2E,7C16,7C04,7BF4,7BE6,7BD7,7BD6,7BD5,7BCF,7BD7,7BE3,7BE8,7BFE,7BFC,7C0A,7C25,7C2B,7C45,7C38,7C53,7C4D,7C52,7C70,7C66,7C91,7C8B,7C98,7CBA,7CD6,7CF3,7CF5,7D1D,7D35,7D4B,7D65,7D70,7D92,7DA9,7DC3,7DE7,7DFD,7E27,7E52,7E7A,7EA0,7ECA,7EFF,7F2A,7F59,7F8D,7FA7,7FEE,801E,8053,8089,80B4,80FB,8122,8166,8190,81C0,81FA,821A,824C,8294,82B5,82FC,8327,834A,8379,839C,83DD,840C,843F,8463,8484,84AD,84CE,84FF,852D,855A,8588,85B8,85FA,8616,864F,8694,86C2,870B,8723,876A,87B2,87D8,8805,882E,8867,8897,88CB,88F8,8925,8966,898C,89BE,89E5,8A13,8A50,8A7D,8AAC,8AD6,8B01,8B1A,8B49,8B72,8B95,8BAD,8BDE,8C07,8C27,8C67,8C79,8CBF,8CEF,8CFE,8D4F,8D6E,8D84,8DA6,8DAA,8DD4,8DFA,8DF8,8DF8,8E13,8E24,8E25,8E26,8E2A,8E1B,8E14,8DE9,8DBD,8D8D,8D1F,8CEA,8C8A,8C23,8BC0,8B49,8ADA,8A65,89CE,8936,88A4,8814,8784,86ED,8668,85BA,8539,849C,83F1,8365,82CC,8234,81C2,813C,80AC,8051,7FBB,7F68,7EF5,7E8A,7E31,7DD8,7D73,7D53,7D3B,7CC0,7C65,7C57,7C33,7BBD,7BC5,7B71,7B39,7B20,7AE2,7ADE,7AB2,7AA2,7A72,7A53,7A33,7A1D,79FA,79DE,79D1,79B6,7992,798F,7985,7955,7950,794B,793C,793C,7940,794B,795D,7983,79B0,79D5,7A1B,7A43,7A91,7ACA,7B0D,7B68,7BA8,7C11,7C66,7CC9,7D25,7D9E,7DF7,7E62,7EE1,7F2C,7FA4,8006,8063,80B3,8112,8160,81A3,8203,821B,8269,829A,82C7,82F2,830D,8319,8320,833E,8346,835B,835F,8357,8359,8362,8357,8363,8367,8346,8342,8335,831D,8321,8308,82F4,82EB,82DE,82D4,82BC,82B5,8296,82A7,828C,8266,8265,823F,821F,81FB,81E6,81AE,8188,8155,8116,8102,80B1,8074,8041,8005,7FBB,7F7F,7F28,7EE6,7EAE,7E44,7E11,7DBA,7D68,7D24,7CDB,7C93,7C4D,7C1A,7BCD,7BA0,7B62,7B21,7B17,7AE4,7ABE,7AB2,7A88,7A71,7A62,7A5A,7A46,7A32,7A53,7A54,7A5F,7A6F,7A70,7A93,7AA2,7AB2,7AE6,7AFD,7B01,7B33,7B5A,7B77,7BA9,7BC1,7BDF,7BF6,7C00,7C1C,7C45,7C50,7C78,7CA7,7CC0,7CDE,7D05,7D11,7D31,7D72,7D7F,7DA6,7DCF,7DE9,7E19,7E3F,7E5E,7E8A,7EBA,7ECE,7F00,7F35,7F48,7F87,7FB1,7FD5,8005,8031,804A,805C,8091,80A8,80D2,80FC,810D,8127,8146,8166,8176,8169,8175,8183,8184,817B,8179,816C,814D,8142,8120,810E,80F1,80D7,80B4,80A0,8070,804D,802C,7FEA,7FD1,7F9C,7F6E,7F52,7F21,7EE9,7EC7,7E99,7E64,7E3D,7E22,7DF9,7DE6,7DC5,7DAE,7DA6,7D94,7D85,7D64,7D5B,7D41,7D34,7D1E,7CFC,7CFC,7CE6,7CD4,7CD6,7CBC,7CA2,7C93,7C84,7C78,7C72,7C5B,7C3D,7C48,7C31,7C1D,7C12,7BF9,7BFF,7BE7,7BDC,7BD5,7BDB,7BD6,7BD0,7BCF,7BCA,7BC0,7BCC,7BC0,7BCA,7BD9,7BE1,7C07,7C06,7C27,7C41,7C5E,7C6E,7C90,7CB7,7CD6,7D01,7D27,7D3D,7D6E,7D7F,7D93,7DCA,7DD3,7E14,7E2B,7E49,7E79,7E75,7E9C,7EB8,7EC5,7EE3,7EEA,7EDD,7EEA,7EF0,7EF8,7EF8,7F03,7EF0,7EDF,7EEE,7ECC,7EC4,7E8C,7E62,7E67,7E39,7E1F,7DF6,7DDD,7DCB,7D9E,7D7E,7D6A,7D46,7D1E,7CFE,7CE1,7CC4,7CA6,7CA6,7C81,7C70,7C5A,7C40,7C2E,7C1C,7C06,7C03,7C02,7BFD,7C03,7C00,7C13,7BFA,7BEF,7BE9,7BEE,7BE8,7BDC,7BE0,7BDB,7BE2,7BED,7BEE,7BE6,7BEC,7BF1,7BF7,7C14,7C1F,7C22,7C26,7C46,7C3D,7C50,7C62,7C54,7C77,7C73,7C94,7CAF,7CC5,7CF3,7D1D,7D3B,7D51,7D7A,7DA6,7DC9,7DFB,7E1D,7E44,7E88,7EAF,7EE6,7F23,7F54,7F97,7FD3,8016,803C,8082,80BF,80EB,813B,8179,81A8,81EA,8221,8252,829E,82C1,82FA,8331,834A,8397,83CA,8408,844B,8487,84B5,84E8,851E,8539,856C,8599,85B3,85E9,862A,8642,8682,86AA,86C3,86F6,870E,873C,877A,87A8,87CA,880D,8849,8866,88AE,88D3,88FE,8937,894E,8979,89B9,89D6,8A02,8A5D,8A7F,8AF6,8AED,8B38,8BA3,8BB8,8C11,8C4E,8CA5,8CCA,8D1D,8D6F,8DAA,8DEF,8E1B,8E30,8E5C,8E70,8E90,8EB6,8EC9,8ED9,8EFA,8F17,8F07,8F0B,8EF7,8EBD,8E95,8E4D,8DF7,8D95,8D31,8CC9,8C47,8BD4,8B46,8ABC,8A0E,8960,88D4,882B,8785,86DE,862B,8578,84C5,8409,8357,82A0,81E9,813E,80B4,8026,7F92,7F16,7E81,7DFF,7D9C,7D1B,7CC0,7C5F,7C09,7BD5,7B90,7B60,7B19,7AF2,7AA7,7A6E,7A55,7A0F,79FA,79CC,79A7,7997,7972,7956,7936,7908,78E0,78DC,78B3,788E,7873,7848,782F,782D,7812,77EA,7806,77E6,77EF,77F1,77DF,77FD,7816,782F,785E,789A,78CA,78F4,795C,7998,79F0,7A52,7A93,7AF6,7B62,7BD1,7C3C,7CB5,7D0E,7D91,7E15,7E8C,7F14,7F77,7FE3,8052,80AE,8109,8175,81BD,81F4,8245,8284,82A9,82EA,8314,8335,835B,835E,8371,838A,839B,8394,83A8,839B,8388,8399,8384,836E,834E,8341,831C,8306,82EE,82CF,82D0,82B3,8297,8297,826A,825A,8269,823E,822F,8225,81F4,81C6,8199,8175,814A,8125,8101,80DB,80A9,8063,8030,7FFF,7FBB,7F79,7F29,7EDA,7E96,7E3B,7DF2,7DA6,7D42,7CE6,7CA3,7C51,7BF2,7BBF,7B71,7B1D,7AF4,7A9D,7A5F,7A2F,79EF,79BC,79A4,7982,795C,794D,793C,792C,7916,7921,792B,794B,7941,7953,7979,7982,79BD,79E0,7A0A,7A23,7A4E,7A69,7A87,7ABE,7ADA,7B1E,7B42,7B67,7BAB,7BCE,7BE8,7C27,7C53,7C65,7CA8,7CCC,7CEB,7D1F,7D41,7D5B,7D76,7DA5,7DB7,7DE1,7E05,7E2C,7E56,7E77,7EA4,7ECD,7EF8,7F22,7F5E,7F8E,7FB4,7FDE,801C,8046,8080,8098,80BB,8105,811E,8146,8171,8185,81A4,81CF,81D8,81E5,81F4,81FB,81F7,820B,81F5,81F5,81FE,81DA,81D6,81AD,8182,8174,8141,811A,80E7,80B5,8088,805A,8032,7FF8,7FBE,7F89,7F52,7F21,7EE8,7EA5,7E85,7E42,7E20,7DFF,7DED,7DC1,7D82,7D5F,7D42,7D1B,7D05,7CE1,7CC9,7CC4,7CA2,7CB1,7C95,7C79,7C82,7C66,7C63,7C43,7C3B,7C32,7C23,7C28,7C1C,7C0F,7C0A,7BF5,7BF9,7BF0,7BE3,7BF1,7BDA,7BF4,7BEB,7BCE,7BE3,7BE3,7BDE,7BC9,7BCF,7BE0,7BE1,7BF2,7C04,7C10,7C2B,7C38,7C58,7C5F,7C84,7C9E,7CB2,7CF7,7CF2,7D20,7D4B,7D6E,7D94,7DB3,7DD0,7DFF,7E2B,7E4A,7E86,7EA1,7ECC,7EE8,7F0E,7F2B,7F3F,7F5D,7F72,7F95,7F96,7FAA,7FCA,7FCA,7FD8,7FD6,7FD1,7FD3,7FCE,7FC6,7FAA,7F95,7F7E,7F5A,7F48,7F1A,7F09,7EEE,7ED1,7EB6,7E8D,7E83,7E59,7E3C,7E1B,7DFE,7DDE,7DB5,7D96,7D8C,7D6C,7D4F,7D3C,7CFF,7CFC,7CD4,7CC4,7CC1,7CB3,7C9E,7C89,7C8F,7C65,7C66,7C68,7C46,7C57,7C46,7C46,7C50,7C25,7C31,7C3D,7C37,7C2D,7C3F,7C32,7C27,7C45,7C36,7C3D,7C59,7C45,7C41,7C61,7C6D,7C86,7C8A,7C98,7CB1,7CC6,7CE1,7CF9,7D21,7D31,7D4B,7D91,7D8F,7DD3,7DF0,7E22,7E79,7E6B,7EBE,7ED9,7F15,7F4D,7F7D,7FA7,7FD4,801E,8048,806A,80A4,80D6,810C,8167,818C,81CD,8209,8238,826D,8298,82D6,8308,8342,8371,83A3,83E3,83FB,843B,8478,84A4,84DD,8505,853C,8573,8598,85CC,85F6,862C,8650,8688,86C4,86D8,8716,8740,8771,87B7,87D9,8816,8847,887A,889D,88D6,891C,8935,8982,8997,89D4,8A13,8A37,8A6B,8A9B,8AC7,8AF4,8B2F,8B56,8B95,8BC3,8BF3,8C23,8C66,8C90,8CAE,8CF5,8D26,8D50,8D97,8DBA,8DFE,8E2F,8E62,8EA8,8EB9,8EE6,8F03,8F2A,8F38,8F60,8F6D,8F6D,8F5B,8F2C,8EFD,8EB8,8E74,8E13,8DC0,8D4B,8CD4,8C72,8BE6,8B53,8ACA,8A33,8988,88ED,883C,8783,86E8,8623,8568,84C8,8409,8351,82B4,81F9,8151,80DB,804B,7FC0,7F56,7EBE,7E53,7E01,7D9D,7D3C,7CF0,7CA6,7C5F,7C3E,7BE8,7BC7,7B8A,7B3D,7B17,7AE8,7AAA,7A8B,7A82,7A43,7A3C,7A1B,79F1,79D4,79AC,7989,7965,793F,790F,78FE,78DB,78C3,78B2,78A0,789C,78A0,788C,787C,7890,7892,78A0,78C8,78DC,7910,7964,7984,79C4,7A0F,7A58,7AA8,7AF9,7B4A,7BA8,7C11,7C6C,7CF3,7D62,7DED,7E58,7EBF,7F24,7F91,7FFA,804A,80C3,8113,816A,81C9,821E,8259,829E,82DD,831A,8341,8354,8372,8391,83AB,83A3,83AE,83B2,83A6,83AC,83A5,839D,8393,8374,835B,835E,8332,8311,830C,82F3,82D9,82CB,82B8,8298,829C,826A,8254,8246,820A,81F9,81E5,81B4,81A3,8192,8163,8148,811C,80E8,80D3,80A4,806C,8044,8007,7FBE,7F89,7F4E,7EF9,7EC9,7E73,7E1A,7DD5,7D85,7D30,7CE8,7CA1,7C47,7C18,7BC3,7B78,7B48,7B00,7AD2,7AA8,7A70,7A4A,7A1D,7A03,79EB,79CE,79BA,79AC,79AD,79B1,79AC,79B9,79D6,79E8,7A0C,7A24,7A40,7A64,7A85,7AB0,7AEC,7B11,7B29,7B5E,7B91,7BB0,7BE3,7C01,7C30,7C62,7C91,7CBD,7CE0,7D0F,7D29,7D56,7D6E,7D9F,7DC6,7DDA,7DF7,7E25,7E2A,7E6A,7E7E,7E95,7ECE,7ED0,7F08,7F1E,7F50,7F74,7F91,7FB1,7FCC,7FFA,8023,804F,8074,809D,80C1,80E7,810C,812D,8157,816C,817A,818E,81A1,81AF,81B0,81AC,81B4,81BA,81BE,81AF,81A2,8196,8186,8164,8163,813E,810E,8100,80CD,80A3,8079,804C,801D,7FE8,7FB4,7F83,7F62,7F27,7EF9,7EC3,7E7E,7E61,7E23,7DF9,7DC0,7D8E,7D6E,7D4F,7D3D,7D18,7CF0,7CD1,7CB1,7C89,7C78,7C5E,7C50,7C24,7C1D,7C21,7C13,7C0C,7BF9,7BF8,7BE7,7BE7,7BE5,7BD9,7BE5,7BE2,7BD7,7BD6,7BCA,7BD4,7BC3,7BC1,7BC2,7BD5,7BE1,7BCC,7BDF,7BE0,7BEE,7C00,7BFA,7C04,7C19,7C15,7C1C,7C37,7C42,7C57,7C74,7C8A,7C9E,7CC6,7CD5,7CEF,7D16,7D29,7D45,7D74,7D8E,7DBA,7DE0,7DF9,7E1F,7E45,7E61,7E78,7E9F,7EAE,7EDC,7EE3,7EDA,7EFE,7F13,7F1D,7F3F,7F38,7F36,7F40,7F32,7F1A,7F0C,7EED,7F07,7EDD,7E8E,7E9E,7E82,7E6A,7E3A,7E27,7E0D,7DDD,7DCD,7D9C,7D9A,7D7D,7D4D,7D2C,7CFB,7CF4,7CD0,7CBF,7C99,7C7C,7C78,7C3F,7C3D,7C2F,7C1C,7C27,7C1A,7C13,7C18,7C0A,7C09,7C0C,7BFF,7C01,7C0B,7C08,7C06,7C0A,7C1D,7C1F,7C47,7C50,7C4E,7C7D,7C64,7C7A,7C82,7C8B,7C9A,7C91,7CAF,7CB7,7CB5,7CBD,7CC1,7CD3,7CD6,7CF5,7D23,7D34,7D3B,7D5C,7D7D,7D7E,7DB9,7DDF,7E14,7E36,7E5D,7E88,7EB8,7EF2,7F12,7F5A,7F5D,7F93,7FE1,8004,8051,8083,80BC,80F9,8130,815D,81A2,81E4,8205,824F,8286,82B2,82E7,8324,833F,837D,83AD,83C6,8408,8420,8450,8495,84A8,84C6,84FD,8529,853E,8569,8585,85BC,85EC,85ED,861A,8651,8677,8685,86B1,86D3,86EB,8727,873E,8786,87AC,87CE,8808,8830,8858,8890,88DA,88EF,893B,8979,899D,89E8,8A1D,8A4B,8A88,8AC8,8AF2,8B38,8B81,8BB9,8C01,8C34,8C75,8CB4,8CD8,8CEF,8D1E,8D35,8D56,8D72,8D7B,8D85,8D9A,8DA9,8D87,8D7E,8D57,8D23,8D02,8CB9,8C5E,8C0E,8BBF,8B5B,8ADF,8A77,8A0A,898F,88F2,886C,87E0,8736,86AE,85FD,856E,84E4,844B,83A7,8323,8297,81F5,8169,80DB,805A,7FE3,7F64,7EE7,7E87,7E10,7DAA,7D56,7D08,7CB4,7C66,7C2C,7BEB,7BBB,7B84,7B5E,7B36,7B1C,7ADB,7AC1,7A98,7A78,7A67,7A3A,7A3E,7A2C,7A1A,79FC,79FA,79CF,79C5,79C7,79A2,799A,79A0,798B,799E,79A9,799F,79BA,79BC,79D5,79EB,7A0F,7A17,7A52,7A85,7AAF,7AF8,7B34,7B5C,7B8F,7BD6,7C23,7C6F,7CB6,7D03,7D63,7DBB,7E0B,7E7B,7EC0,7F2C,7F8F,7FD3,8030,8083,80D9,8118,816B,81AB,81EB,822F,825C,827D,82B9,82D6,82E8,831C,8322,8334,8343,834E,8357,835F,8348,8340,834A,831E,8317,8312,82FB,82E2,82C6,82AA,828F,8273,825B,823C,8230,8204,81FB,81E3,81A6,81A2,8172,8155,813C,8107,80F6,80D1,80BB,8095,805F,8039,7FF8,7FCA,7FA1,7F80,7F4E,7F18,7EE6,7EB4,7E77,7E57,7E0D,7DD7,7D9A,7D46,7D33,7CED,7CC4,7C87,7C42,7C20,7BE4,7BCC,7B91,7B72,7B5C,7B22,7B17,7AEC,7AE4,7AD5,7AC2,7AC9,7AC6,7ABC,7AC3,7ABE,7ACE,7AE3,7AFD,7B18,7B3A,7B66,7B71,7B93,7BBF,7BE2,7C13,7C28,7C55,7C7A,7C90,7CC0,7CD6,7D15,7D39,7D59,7D90,7DA5,7DD0,7DFC,7E1D,7E42,7E55,7E6B,7E90,7EA4,7ECA,7EE6,7F06,7F24,7F46,7F79,7F86,7FB7,7FC9,7FD4,7FFF,8011,8028,804E,8064,8073,8093,80B0,80C4,80E1,80E2,80E5,810C,810B,8110,812C,8123,8125,812E,812C,8135,8127,8116,8122,8100,80FC,80E0,80DC,80B5,80A3,8098,8061,8064,8037,800C,7FF5,7FE0,7F9A,7F89,7F52,7F23,7F22,7EE7,7ECB,7EAB,7E99,7E5E,7E4C,7E44,7E14,7E08,7DEE,7DD4,7DDF,7DB8,7D9B,7D9D,7D79,7D81,7D74,7D4E,7D49,7D59,7D3A,7D41,7D1B,7D0F,7D3D,7D06,7D26,7D16,7D40,7D23,7D2E,7D3F,7D0C,7D20,7D04,7CF6,7D06,7CF9,7CF2,7D01,7CEA,7CEA,7CF6,7CF9,7CE0,7CE8,7CFC,7CF1,7D1F,7D2D,7D37,7D5C,7D64,7D73,7D98,7DAA,7DC2,7DD5,7DD6,7DF9,7E1D,7E3F,7E41,7E6B,7E7E,7E7C,7EA5,7EA8,7EC1,7EC9,7ECE,7EEF,7F03,7EFD,7F00,7F18,7F09,7F00,7F02,7EFC,7EFF,7F03,7EF6,7ED7,7EC4,7EA4,7EA2,7E8B,7E5B,7E6A,7E4B,7E22,7E03,7DEF,7DDC,7DC7,7DBA,7D8C,7D77,7D65,7D52,7D39,7D20,7D11,7D03,7CF7,7CD9,7CE9,7CC6,7CB2,7CC5,7CB7,7CBC,7CC7,7CCA,7CB1,7CCF,7CBD,7CCA,7CE2,7CCE,7CDE,7CE9,7CEC,7D04,7D0F,7D10,7D08,7D27,7D1D,7D35,7D4D,7D49,7D69,7D75,7D85,7D99,7DA5,7DA5,7DC5,7DC9,7DDB,7E01,7E03,7E1D,7E3B,7E47,7E5C,7E8E,7EAE,7EBE,7EE6,7F0C,7F23,7F45,7F68,7F80,7FC6,7FEE,800F,8040,805B,8097,80D3,8105,812E,8161,8197,81CB,8202,8231,8267,82A3,82CB,82F6,8335,8347,8383,83D4,83FB,843F,8468,848F,84BD,84DD,850A,8545,8585,85A6,85D0,85EA,861F,8657,8662,8696,86D0,86F8,8714,8744,8774,879A,87DE,8806,8833,885B,888C,88BF,88F0,8914,8949,897E,89AE,89EF,8A32,8A7E,8ABF,8B02,8B34,8B6C,8BC2,8BFD,8C41,8C85,8CC8,8D12,8D58,8DAA,8DD2,8E0C,8E32,8E5D,8E7B,8E97,8EC2,8EE8,8EFB,8F16,8F31,8F1E,8F0E,8EE8,8EB6,8E89,8E4B,8DEC,8DA1,8D40,8CC3,8C5C,8BEA,8B54,8AC3,8A21,8988,88F9,8852,87A6,871C,8672,85C7,8529,8470,83DB,8347,828E,81F6,816D,80DD,805D,7FC8,7F48,7EE1,7E6C,7DF8,7D9D,7D43,7CE4,7C98,7C5F,7C1F,7BE6,7BAD,7B78,7B46,7B1F,7ADF,7AB2,7A9B,7A6C,7A4D,7A3E,7A10,79F7,79E7,79B9,79AE,7983,797B,7968,792E,792A,7914,7919,7903,78FE,78F2,78E2,78F7,78FC,78FB,7922,7941,7961,799B,79C0,7A01,7A3E,7A7D,7AB2,7AF5,7B4A,7B7E,7BF6,7C51,7CA4,7D2D,7D93,7DF6,7E53,7EC1,7F22,7F87,7FEC,8046,80A2,8114,8159,81AE,8204,823A,8284,82A2,82D4,830D,831D,835B,835A,8361,8389,8393,83A8,83A3,83AB,8385,8378,836B,8347,8341,8326,8308,82F3,82D1,82AB,8291,8275,8258,823B,8229,8207,81DE,81D7,81B6,8191,8181,8152,8139,810E,80FB,80CD,809D,8077,8044,801D,7FE8,7FC6,7F96,7F5B,7F21,7EED,7EAC,7E67,7E2D,7DDD,7DB5,7D75,7D24,7CDA,7C71,7C3A,7BEA,7BBB,7B77,7B3D,7B12,7ACD,7AB9,7A7C,7A4E,7A1E,7A01,79E7,79C8,79C6,79AD,79B3,79AE,79B7,79C0,79D1,79D1,79E7,7A0E,7A20,7A5A,7A72,7A9F,7AD4,7AF2,7B10,7B48,7B7F,7BA0,7BCD,7BFA,7C12,7C54,7C82,7CA5,7CF0,7D04,7D3A,7D77,7D7F,7DA9,7DD2,7DF2,7E20,7E3C,7E57,7E62,7E88,7EA2,7EBF,7EF1,7EF1,7F1E,7F3D,7F3E,7F72,7F80,7F7C,7FD0,7FE4,8001,8040,8016,805E,8069,8078,8099,80AB,80CB,80BD,80EC,8108,810D,8136,8134,813A,814D,8145,8148,8150,813A,8122,811B,8117,80F5,80E8,80C7,80A8,8097,805C,8037,7FF7,7FC8,7FAF,7F7C,7F48,7F0E,7EEF,7EBF,7E82,7E56,7E1B,7DF6,7DCA,7D90,7D7B,7D4F,7D29,7D10,7CF0,7CDA,7CB6,7CA4,7C74,7C71,7C55,7C3D,7C40,7C37,7C1A,7C23,7C14,7C07,7C18,7C06,7C06,7C01,7C0E,7C04,7C05,7C08,7BEF,7C0F,7BFB,7BF2,7C07,7BEC,7BFE,7BFD,7C02,7BFC,7C27,7C21,7C17,7C4E,7C46,7C4A,7C5D,7C63,7C77,7C86,7C9C,7CA6,7CC6,7CC9,7CDE,7CFE,7D04,7D25,7D3F,7D68,7D91,7DA2,7DBC,7DE0,7E0E,7E23,7E50,7E74,7E8E,7EB0,7EC0,7ED1,7EDF,7F03,7EF9,7F19,7F22,7F1E,7F31,7F28,7F31,7F23,7F1B,7EFE,7F09,7EFE,7ED9,7EEA,7EBB,7E9F,7E99,7E76,7E5F,7E53,7E35,7E07,7DF5,7DD8,7DBC,7DAA,7D80,7D75,7D52,7D35,7D27,7D08,7CF5,7CF2,7CE9,7CB9,7CB5,7CA5,7CA7,7C9B,7C90,7C8F,7C8F,7C9A,7C8D,7C90,7C84,7C6F,7C77,7C6F,7C79,7C90,7C89,7C75,7C82,7C89,7C86,7C8B,7C7B,7C94,7CB0,7CAC,7CAB,7CC4,7CD1,7CD2,7CF8,7D05,7D18,7D35,7D38,7D64,7D88,7D92,7DB7,7DD3,7DF1,7E13,7E39,7E59,7E82,7EB4,7ED9,7EFE,7F2B,7F4D,7F78,7FA9,7FD9,801B,803D,8069,8093,80D9,8104,812E,8165,8197,81DA,81ED,8212,8258,8289,82AA,82E8,8310,8333,837C,839D,83C6,8408,8420,8443,8480,84AD,84D0,8506,8525,8543,8585,85A2,85D5,8601,8617,864E,866C,8690,86C3,86E1,8707,873B,8766,8775,87A6,87C7,87DC,8809,8837,8857,887A,88B0,88CC,8904,8919,8942,8971,89A1,89D4,8A07,8A34,8A4F,8A9C,8ABF,8AFA,8B45,8B68,8BB6,8BEF,8C1D,8C53,8C7D,8CA2,8CBF,8CEB,8D12,8D1A,8D39,8D47,8D57,8D6B,8D58,8D57,8D3E,8D11,8CD2,8C94,8C3C,8BEE,8BAE,8B4F,8AD8,8A77,89FD,8977,8905,8868,87DD,8763,86D0,8652,85B4,851D,8488,83F0,8361,82C6,8242,81B0,8125,80B8,8030,7FBE,7F5B,7EE9,7EA1,7E2F,7DF0,7D93,7D3E,7D09,7CC6,7CA3,7C6B,7C3E,7C0A,7BE8,7BBF,7B9E,7B7F,7B6C,7B4E,7B42,7B2D,7B15,7B0E,7AED,7AE6,7AC6,7AB7,7ABC,7AA3,7AA3,7AA7,7A9C,7A9A,7A8C,7A97,7A93,7AA2,7AAE,7AAF,7AD7,7AE0,7B11,7B37,7B56,7B85,7BAA,7BE3,7C34,7C76,7CB2,7CEC,7D2A,7D7D,7DD0,7E1B,7E66,7EC9,7F15,7F59,7FCC,800F,805D,80BD,80F9,8155,8190,81E2,821E,8244,828C,82A7,82EA,82FC,831D,8338,8347,8366,8364,836F,836A,8379,8377,835A,8367,8350,832E,8324,82E9,82E3,82C7,829A,8284,826B,825B,823F,822D,81FE,81E2,81D9,81B1,8188,8172,8152,8144,812B,80FE,80E7,80BE,809E,807E,805B,8034,8004,7FE9,7FB3,7FA1,7F6C,7F41,7F31,7EE3,7EAD,7E89,7E49,7E1E,7DD3,7D88,7D93,7D3D,7D14,7CD7,7CB1,7C8C,7C53,7C47,7C11,7BF8,7BEF,7BBD,7BBF,7B99,7B87,7B74,7B69,7B68,7B51,7B61,7B42,7B4E,7B61,7B62,7B7E,7B9C,7BB2,7BE2,7BEF,7C11,7C3A,7C58,7C74,7C9F,7CD5,7CF2,7D2A,7D55,7D66,7DB4,7DBF,7DDD,7E1D,7E28,7E54,7E7D,7E9B,7EAE,7ECC,7EEA,7F00,7F20,7F38,7F3E,7F56,7F6F,7F8D,7FAC,7FAE,7FCA,7FE0,7FF0,8020,8022,8031,8050,8076,8085,8084,80B6,80B4,80D7,80EA,80E5,8110,8105,8110,8117,8139,8123,8135,8149,813A,8149,812F,8131,812B,8118,80FF,8105,80E1,80C3,80C9,80A1,808A,8067,8042,8009,7FF3,7FC1,7F6F,7F5A,7F1D,7EFD,7EEB,7EB4,7EA7,7E7C,7E3B,7E20,7E01,7DD7,7DBD,7DAC,7D77,7D6C,7D61,7D48,7D30,7D25,7D0B,7D08,7D11,7CDC,7CEE,7CD4,7CD4,7CED,7CDB,7CD1,7CCD,7CE4,7CCC,7CE6,7CE1,7CD7,7CF9,7CDE,7CDC,7CEC,7CF2,7CE8,7CEA,7CEA,7CE7,7CFF,7D10,7D0E,7D08,7D06,7D01,7D00,7D0B,7D08,7D0F,7D16,7D1B,7D36,7D3A,7D4B,7D6A,7D73,7D8A,7DB6,7DC1,7DD6,7E01,7E12,7E2E,7E4B,7E47,7E7C,7E87,7E8E,7EA7,7EB6,7ECF,7EE9,7EFB,7ED5,7EE2,7EF8,7EE4,7EF3,7EF1,7EDF,7EDB,7EB9,7EAD,7EA0,7E7A,7E4F,7E3E,7E22,7DEC,7DEA,7DD0,7DAE,7D99,7D62,7D48,7D30,7CFA,7CE0,7CD9,7CC2,7CB8,7CC3,7CAE,7CAA,7CA5,7C8D,7C82,7C8C,7C86,7C91,7CB0,7CB0,7CB6,7CC5,7CC4,7CCF,7CDC,7CDC,7CF6,7D09,7D1A,7D31,7D43,7D42,7D5F,7D70,7D68,7D84,7D86,7D73,7D8D,7D9F,7D96,7D8E,7D98,7DA0,7DA9,7DB9,7DC5,7DD8,7DE1,7DF0,7E16,7E1B,7E2B,7E5D,7E6B,7E94,7EAF,7ED4,7EF5,7F20,7F4B,7F77,7FA6,7FD8,801F,8061,8094,80BC,810D,813B,816F,81AC,81EC,8221,8254,8292,82C2,8310,8332,8377,8397,83C7,840B,8426,8462,848E,84B1,84D9,850E,8532,854F,856E,8595,85AF,85DC,85F0,8610,862E,8641,8672,8698,86BC,86E3,870D,8730,875B,8781,87AE,87DF,882A,885A,888F,88D2,88FA,8942,8963,8998,89E0,8A14,8A6B,8A9B,8AE2,8B26,8B55,8B94,8BCE,8C14,8C5A,8C9D,8CDD,8D0E,8D41,8D56,8D7E,8D90,8D9B,8DCA,8DC1,8DD6,8DEC,8DD3,8DC6,8DB7,8D96,8D4C,8D14,8CD5,8C78,8C29,8BC2,8B64,8AF9,8A7F,8A13,8997,891D,8895,8800,8768,86CC,8649,85C1,851C,8495,8408,8373,82E6,824D,81D7,814D,80DD,805F,7FFF,7F9C,7F20,7EC5,7E6A,7E16,7DD7,7D7A,7D3B,7CF8,7CC0,7C8D,7C4E,7C2A,7BF0,7BD2,7B9F,7B7E,7B7F,7B38,7B3B,7B28,7AFB,7AFA,7AE1,7ADC,7ABB,7AB8,7A92,7A94,7A8F,7A8E,7A98,7A9C,7A8B,7A92,7AAE,7AA0,7AC6,7AC4,7ADA,7AEB,7B1B,7B40,7B66,7BA7,7BD0,7C15,7C3B,7C5D,7CB4,7CE6,7D2A,7D7F,7DB5,7E12,7E58,7E9F,7EFD,7F4F,7F92,7FCB,8024,8057,8096,8102,812C,8170,81BF,81D4,8248,8229,824C,82A5,8297,82BC,82B2,82D7,82CF,82DB,82E8,82C2,82CB,82CA,82A3,82A0,829D,8273,8265,8251,823B,8228,81F5,81F1,81DD,81C4,81B2,8192,8187,815C,813D,8116,80EB,80E1,80BC,8089,806E,803C,8010,7FF1,7FB2,7F8B,7F67,7F3C,7F08,7EE3,7EBF,7E8B,7E71,7E2E,7DF9,7DCD,7D8C,7D68,7D3C,7CFA,7CE0,7CAE,7C7B,7C51,7C18,7BEE,7BC3,7BB4,7B79,7B55,7B50,7B16,7B0F,7AF5,7ACA,7ACB,7AB7,7AAE,7AAD,7AAD,7AA9,7AAC,7ABF,7ABE,7ADD,7AEC,7AFF,7B29,7B40,7B53,7B7E,7BA3,7BC8,7BFD,7C18,7C21,7C4F,7C70,7C9E,7CCE,7CEF,7D11,7D3B,7D5E,7D76,7DAB,7DC4,7DEB,7E03,7E1A,7E46,7E66,7E7A,7E8F,7EA8,7EBA,7EDD,7F0B,7F15,7F28,7F44,7F6C,7F7A,7F8F,7F99,7FBE,7FDD,7FE2,800A,800A,8021,8029,8036,8060,8064,8073,8068,8087,807D,808C,8095,808D,808D,8099,808E,8073,808F,807E,8070,805A,8042,802C,802D,8008,7FDE,7FD1,7FA7,7F83,7F71,7F4C,7F26,7F1C,7EDB,7EB8,7E96,7E68,7E4B,7E29,7DF9,7DC8,7DBE,7D89,7D76,7D61,7D36,7D2F,7D07,7CF5,7CEC,7CD7,7CCB,7CB9,7C9E,7C9E,7CA1,7C83,7C78,7C82,7C77,7C72,7C8C,7C7A,7C6D,7C8B,7C89,7C7D,7C96,7C8E,7C96,7CA5,7C8C,7CA7,7CBD,7CB5,7CAC,7CBC,7CB1,7CAB,7CC0,7CC5,7CC4,7CD1,7CD4,7CE2,7CFB,7CEB,7D0D,7D25,7D32,7D39,7D4E,7D5D,7D80,7D9C,7D95,7DBA,7DDC,7DF9,7E1D,7E3A,7E54,7E77,7E89,7E8E,7EA4,7EAE,7EBD,7EE7,7EEF,7EF6,7F09,7F0C,7EFD,7EFE,7EFC,7EEE,7EE9,7EDE,7EDC,7EE2,7EB7,7EAA,7E9C,7E77,7E5C,7E40,7E2C,7E08,7DF4,7DD1,7DCB,7D9B,7D77,7D6E,7D48,7D29,7D12,7D0C,7CDB,7CDE,7CD4,7CBC,7CD3,7CBE,7CB5,7CAB,7CA2,7C92,7C9E,7CA6,7C9D,7CB0,7CBA,7CB5,7CBF,7CCD,7CBE,7CC6,7CDD,7CEA,7CFC,7D0D,7D16,7D26,7D36,7D40,7D44,7D59,7D56,7D5C,7D6A,7D76,7D89,7D86,7D9C,7DA6,7DB4,7DCE,7DE0,7DFE,7E07,7E30,7E50,7E5D,7E8C,7EA0,7EC4,7ED1,7EF7,7F2A,7F4C,7F8F,7FAB,7FD8,801B,8038,8081,80A0,80DA,8111,8130,8182,81A2,81E1,821C,8246,8275,82A3,82EF,831A,834F,839E,83C2,83FD,8422,8449,848F,84B5,84F5,851D,8547,856F,858A,85B0,85D4,85F8,8629,8641,866F,868B,86B3,86EB,86F2,8715,872D,8752,8775,8780,87C4,87DC,87EA,882A,8850,8883,88AB,88DB,8909,8940,8958,8984,89CD,89F6,8A1B,8A58,8AA3,8ADD,8B28,8B40,8B88,8BD0,8BF7,8C30,8C6E,8CA3,8CCE,8CED,8D05,8D1A,8D33,8D30,8D51,8D5E,8D50,8D71,8D54,8D39,8D22,8CE1,8C7D,8C42,8BE2,8B86,8B38,8AD0,8A62,89F3,898B,88F8,887D,87EC,874E,86C7,8624,8591,8517,846E,83E7,835C,82B2,8233,81A0,8122,80AC,8034,7FC4,7F50,7EF5,7E99,7E43,7E01,7DBF,7D7E,7D50,7CFB,7CE7,7C74,7C81,7C6D,7C14,7C0D,7BD2,7BD6,7BAD,7B99,7B9A,7B7F,7B7B,7B6C,7B40,7B54,7B3C,7B1D,7B30,7B25,7B1E,7B1A,7AF5,7B10,7AFF,7AF0,7AFE,7AF5,7AF2,7AFA,7B24,7B27,7B2F,7B64,7B6F,7B9B,7BE2,7BFB,7C4B,7C8E,7CC4,7D13,7D51,7DA3,7DEF,7E40,7E95,7F01,7F64,7FAF,800D,8065,80A8,810B,8162,819F,81FA,8230,8278,82C1,82F1,8322,8350,837A,837F,839A,83C4,83B9,83E1,83CF,83D5,83FA,83C7,83BD,83B7,83A6,837C,836E,8361,833B,8326,82F1,82D9,82C0,8296,8277,8259,8241,8232,8221,81D2,81CE,81A2,8177,815F,8136,8124,8102,80E4,80BA,80A6,8080,8044,8040,8013,7FDC,7FC5,7F9F,7F78,7F42,7F13,7EC1,7EA7,7E6D,7E2F,7E13,7DC8,7DA9,7D76,7D44,7D05,7CD6,7C97,7C6A,7C56,7C11,7BE9,7BBE,7BA2,7B74,7B6F,7B4C,7B33,7B3D,7B17,7B21,7B24,7B19,7B22,7B40,7B42,7B5D,7B7B,7B7A,7BA9,7BC7,7BB9,7C05,7C20,7C3B,7C64,7C8F,7CAA,7CDA,7D0D,7D24,7D67,7D8C,7DAC,7DD2,7DFC,7E12,7E3C,7E4D,7E6F,7E8F,7EA5,7ECB,7EFB,7EFA,7F16,7F33,7F40,7F5A,7F72,7F8C,7F99,7FC4,7FCF,7FE1,7FE8,7FF3,800A,8026,8022,802D,8054,8055,8071,807E,807D,8094,80A6,80B0,80B8,80C2,80BE,80D4,80E2,80E0,80E9,80E7,80D7,80D7,80C8,80B7,80BB,80A6,807D,8079,8068,8035,802E,7FFF,7FEA,7FC9,7FA0,7F82,7F62,7F46,7F0F,7EFD,7ED8,7EA7,7E98,7E62,7E35,7E28,7DF9,7DDA,7DBF,7D9F,7D88,7D79,7D50,7D37,7D2B,7D1E,7D19,7D1A,7CFF,7CF4,7CF8,7CE3,7CE9,7CE7,7CE4,7CDF,7CD9,7CE0,7CE2,7CEA,7CF0,7CF7,7CE6,7CF2,7D04,7D0B,7CFE,7D05,7D13,7D13,7D26,7D18,7D1D,7D2E,7D36,7D34,7D42,7D4B,7D4B,7D57,7D70,7D79,7D8B,7D92,7DA5,7DB6,7DC1,7DDA,7DDB,7DF8,7DF8,7E12,7E2D,7E4C,7E63,7E6D,7E89,7E99,7EA0,7EC5,7ECB,7EC3,7ED5,7EE1,7EF9,7EF2,7F05,7F1A,7F1A,7F28,7F1E,7F1F,7F1A,7F08,7F06,7EF0,7ED7,7ED1,7EAE,7E9A,7E8C,7E72,7E67,7E46,7E3A,7E17,7DFA,7DE1,7DB6,7D9D,7D76,7D51,7D48,7D22,7D0D,7CF4,7CC7,7CC1,7CAA,7CA0,7C9D,7C91,7C8A,7C84,7C86,7C7A,7C7A,7C84,7C77,7C81,7C89,7C80,7C8F,7C93,7C99,7CAB,7CBF,7CCD,7CC9,7CD5,7CE1,7CE3,7CFB,7CFD,7D02,7D00,7D08,7D0E,7D1E,7D30,7D26,7D37,7D59,7D58,7D78,7D8D,7D8F,7DA6,7DC1,7DC9,7DE5,7E04,7DFD,7E22,7E45,7E76,7E94,7ECA,7EE6,7F08,7F3B,7F44,7F98,7FA6,7FD0,8010,8039,8071,809E,80DD,8112,8151,817F,81A9,81D8,8206,822E,8261,82A5,82D5,8306,8325,8351,837E,839F,83D6,83F6,842B,8444,8470,8497,84BA,84E5,84F5,851D,8543,855D,857F,859A,85BC,85F0,8601,8623,8640,8668,8683,86AC,86DC,86F2,8723,873F,8758,878A,87AF,87D9,880D,883A,8857,8882,889C,88F2,8907,891F,8987,89A0,89CF,8A03,8A4D,8A6B,8A98,8ADC,8AFD,8B49,8B62,8B80,8BAB,8BC8,8BCD,8BE0,8BF6,8BE5,8BDC,8C02,8BE4,8BDD,8BD8,8B94,8B7E,8B34,8AE4,8ABD,8A81,8A2F,89DE,8984,8912,88B6,884C,87C6,8757,86CF,864D,85CD,854F,84D2,8447,83CB,8348,82C7,8249,81C6,815A,80EC,8073,8016,7FA2,7F49,7EFB,7E93,7E52,7E0B,7DAE,7D66,7D34,7D04,7CCA,7CC2,7C7C,7C52,7C3C,7C14,7BFA,7BDC,7BC4,7B96,7B96,7B86,7B7D,7B5F,7B51,7B3F,7B30,7B1F,7B21,7B27,7B02,7B10,7B0B,7B0E,7B0A,7B0B,7B05,7B0C,7B2A,7B23,7B49,7B5D,7B6F,7BA1,7BBF,7BFB,7C2D,7C51,7C8B,7CB7,7CF3,7D16,7D69,7DA2,7DD7,7E2E,7E68,7EAA,7EF0,7F33,7F73,7FCF,8008,8044,8094,80BF,80F3,8136,816A,8191,81BF,81E2,81FC,822B,8225,824A,8269,8250,826F,8271,8265,8273,826B,8254,824F,8247,8219,8223,8208,81E9,81DD,81CD,81A3,8190,817C,8158,8150,812F,810F,810F,80F1,80C7,80BB,8091,806C,8061,8038,8023,8010,7FF2,7FD1,7FBD,7F9B,7F76,7F62,7F2E,7F0D,7EEB,7EC5,7EA1,7E86,7E4A,7E22,7E05,7DC9,7DB2,7D89,7D4D,7D30,7CFE,7CC7,7CB0,7C89,7C60,7C31,7C18,7C04,7BF4,7BCE,7BB5,7BA9,7B9D,7B8C,7B83,7B75,7B62,7B6C,7B69,7B6D,7B7D,7B99,7B9A,7BBD,7BC6,7BD4,7BEA,7C07,7C29,7C54,7C6E,7C81,7CA0,7CC3,7CF6,7D10,7D29,7D43,7D75,7D93,7DB7,7DD0,7DE3,7E0E,7E27,7E3D,7E54,7E6C,7E77,7E96,7EB6,7EBA,7EDA,7EE9,7EF2,7F03,7F13,7F1D,7F32,7F3F,7F42,7F62,7F69,7F6C,7F83,7F89,7FA4,7FC5,7FC3,7FC2,7FE8,7FE3,7FEB,7FF4,7FFD,8017,8017,8017,800B,8023,8012,8019,8025,801F,8030,8017,800E,8007,8004,7FF4,7FED,7FE1,7FC1,7FB2,7FA5,7F8A,7F75,7F63,7F30,7F2E,7F16,7EEC,7ED5,7EAA,7EA1,7E8D,7E6B,7E37,7E33,7E1E,7DF3,7DF6,7DD7,7DB4,7DB7,7D9C,7D91,7D87,7D74,7D76,7D70,7D64,7D55,7D5F,7D62,7D3C,7D4A,7D4C,7D3C,7D48,7D37,7D4B,7D44,7D2E,7D3D,7D32,7D48,7D39,7D39,7D4C,7D42,7D45,7D51,7D54,7D57,7D6C,7D70,7D73,7D72,7D84,7D6B,7DA6,7D9E,7D9D,7DBE,7DAE,7DDB,7DE4,7DEC,7E04,7E1A,7E27,7E3C,7E51,7E66,7E65,7E77,7E8D,7E8D,7EA3,7EAE,7EBF,7EC0,7EC7,7ED4,7EDA,7EDB,7ECB,7ED2,7ECD,7EC6,7EC5,7EB4,7EB3,7E9F,7E96,7E88,7E6A,7E59,7E37,7E1D,7E12,7E03,7DED,7DCB,7DC7,7DBB,7D93,7D8E,7D7D,7D6F,7D67,7D4A,7D56,7D4F,7D5B,7D5B,7D54,7D59,7D40,7D55,7D4D,7D56,7D6D,7D6D,7D7C,7D7E,7D8F,7D97,7D9C,7D9D,7DB4,7DBB,7DC6,7DD6,7DDB,7DE2,7DF1,7E05,7DEC,7E08,7E05,7E07,7E24,7E24,7E2A,7E39,7E50,7E52,7E65,7E73,7E67,7E96,7E9E,7EAE,7ECE,7ED6,7EF4,7F13,7F16,7F3C,7F5C,7F82,7F99,7FD3,7FDA,8011,8037,805D,80BD,80B7,810D,8118,8161,819D,81D8,820E,8224,826A,829A,82C4,82FC,8339,8350,8396,83CC,83EA,8434,844E,8485,84B4,84E1,852B,853C,856B,857A,85A4,85C8,85D3,8605,8604,8628,8669,8669,86A0,86B4,86C1,86EF,8700,8725,8748,8788,87A2,87D7,8803,8814,884F,8889,8896,88D5,88FF,891A,8958,8986,89BD,89EA,8A34,8A54,8A85,8ACA,8AED,8B26,8B5B,8B81,8BDC,8BF7,8C10,8C40,8C53,8C75,8C80,8C97,8C8D,8C9C,8CA8,8C9B,8CAE,8C85,8C6B,8C51,8C11,8BCB,8B87,8B24,8AC3,8A73,8A11,89A6,893C,88CE,8862,87F1,8768,86E7,8672,85D6,855D,84CB,8431,83C2,8332,82B7,823D,81D5,814B,80CE,8073,8002,7FB7,7F4A,7EE1,7EA3,7E5D,7E05,7DC8,7D98,7D44,7D26,7CE7,7CA8,7C95,7C62,7C37,7C12,7BEF,7BD0,7BC9,7BB5,7B8C,7BA4,7B90,7B8C,7B84,7B6F,7B60,7B48,7B34,7B34,7B4D,7B34,7B44,7B61,7B5C,7B73,7B7F,7B7F,7B85,7BB4,7BAE,7BD7,7C09,7C13,7C66,7C92,7CBD,7CFE,7D32,7D64,7DA6,7DE2,7E10,7E4F,7EA9,7ED4,7F2C,7F70,7FB4,8001,8048,807F,80C2,8114,8149,8190,81B6,81EF,821C,8251,8271,82A2,82C4,82C0,82EB,82EC,82EE,830B,82F8,82FC,8308,82FD,82F6,82F4,82DA,82C5,82C5,829A,8286,8264,8240,8235,821A,81FB,81D9,81CA,819D,8191,8177,8147,8129,8105,80E5,80D1,80B5,8094,8076,804F,8030,800F,7FF1,7FC7,7FB7,7F89,7F64,7F3F,7F17,7EED,7ECC,7E9F,7E72,7E56,7E1F,7DF2,7DCA,7DA5,7D88,7D77,7D33,7D06,7CF6,7CC3,7C9D,7C8E,7C65,7C36,7C2E,7C08,7BED,7BE4,7BBC,7BB0,7B9C,7B8E,7B93,7B99,7B99,7B9C,7BAC,7BA9,7BC6,7BE1,7BE0,7C06,7C1E,7C33,7C5A,7C7E,7C8D,7CC3,7CDF,7D00,7D3F,7D5A,7D71,7D8E,7DB4,7DCE,7DF3,7E07,7E33,7E60,7E71,7E88,7EB0,7EC2,7EDD,7EF6,7EFB,7F17,7F29,7F32,7F4C,7F57,7F64,7F7B,7F88,7F83,7F86,7F9F,7FAC,7FB4,7FC8,7FC7,7FDA,7FEB,7FEF,7FE9,7FEF,7FFD,8003,8028,8023,802A,8024,8027,8029,801D,802E,8034,8039,803E,8022,802A,8020,8013,800A,7FF5,7FF7,7FD5,7FBF,7FAD,7F92,7F82,7F65,7F47,7F3F,7F0E,7F14,7EDA,7EC9,7EB6,7E82,7E8A,7E3E,7E2A,7E0F,7DF6,7DD5,7DC6,7DB7,7D90,7D82,7D6E,7D53,7D57,7D38,7D3E,7D28,7D0F,7D11,7CF7,7D0C,7CEC,7CE9,7CF2,7CEE,7CF3,7CF4,7CFB,7CF6,7CFE,7D04,7CFF,7D01,7D0A,7D00,7CF9,7CF5,7CFC,7D16,7D02,7D0B,7D0A,7D1B,7D23,7D0D,7D1C,7D25,7D44,7D3C,7D4E,7D65,7D60,7D78,7D80,7D92,7DA6,7DB3,7DC8,7DCB,7DE3,7DEE,7E05,7E12,7E1A,7E30,7E40,7E49,7E68,7E6B,7E71,7E8A,7E97,7E8D,7E9C,7EA8,7E98,7EAA,7EA4,7E88,7E92,7E8F,7E7A,7E76,7E5B,7E54,7E46,7E22,7E2B,7E24,7E01,7DF7,7DD9,7DBD,7DAE,7DA5,7D83,7D7C,7D5E,7D56,7D4E,7CFC,7D1D,7D0F,7CFC,7CF1,7CF5,7CE0,7CCE,7CCB,7CD1,7CC8,7CC8,7CD8,7CCF,7CE1,7CDF,7CCA,7CE6,7CE8,7CE1,7D09,7CF7,7D07,7D18,7D0D,7D1A,7D26,7D31,7D44,7D5E,7D72,7D71,7D83,7D93,7D8E,7DC0,7DB6,7DD2,7DF9,7DE7,7E17,7E31,7E39,7E4C,7E60,7E72,7E80,7E90,7EA7,7EB9,7EF0,7F0A,7F36,7F56,7F59,7F9B,7FBA,7FD8,800D,8031,805F,8094,80C7,80FA,812A,8160,8191,81C5,820B,823B,826E,82A5,82D7,8323,8346,838B,83BB,83CA,840B,843A,8459,8486,84D3,84EE,8506,8548,855F,858B,85B5,85D0,8601,8632,864E,8659,868C,86AA,86CB,86E7,86E9,8710,8740,8769,8792,87B6,87CF,87FE,8825,8825,886C,888B,88B3,88E6,890F,8941,8969,89A3,89AD,89E8,8A1E,8A32,8A75,8AA6,8AD5,8B0E,8B38,8B50,8B88,8B9F,8BC3,8BF1,8BF2,8BFC,8BFF,8BF6,8BE7,8BDD,8BB6,8B88,8B5F,8B06,8ACB,8A90,8A36,89EE,898C,8931,88BB,8856,87D0,8753,86EA,8647,85CC,8548,84B0,8437,83AD,8309,8299,820F,817A,8103,8091,800F,7FAA,7F45,7EDA,7E8E,7E25,7DD7,7D93,7D37,7CEE,7CBC,7C7F,7C58,7C2F,7C04,7BD7,7BCC,7BA7,7B9A,7B94,7B67,7B59,7B64,7B55,7B4F,7B4A,7B23,7B29,7B2D,7B16,7B0F,7B02,7B05,7AFB,7AFA,7B03,7B0C,7B04,7AF9,7B0A,7B00,7AFA,7B0D,7B23,7B1E,7B52,7B67,7B86,7BB6,7BD3,7BF9,7C26,7C41,7C6E,7CA9,7CEC,7D28,7D7C,7DC7,7E01,7E60,7E98,7EEE,7F38,7F95,7FD2,8018,805C,809C,80FD,8128,8171,81B4,81E0,8205,823B,8269,827D,82A2,82A3,82CA,82DC,82DC,82F3,82EF,82DC,82E5,82D5,82B4,82AF,829D,8282,8270,824F,821F,8206,81F1,81B0,81A2,8176,8157,8140,8100,80F1,80DD,809D,8073,8073,804D,8039,8025,8005,7FE9,7FE5,7FBC,7F99,7F8F,7F62,7F46,7F16,7EFD,7EED,7EBE,7EA7,7E8B,7E66,7E35,7E27,7E03,7DDC,7DB5,7D83,7D5A,7D3D,7D22,7CF5,7CCC,7CAB,7C7F,7C5B,7C4B,7C19,7C0B,7BF2,7BC9,7BC4,7BAB,7BB7,7B9F,7B9C,7B97,7B93,7BB1,7BA0,7BBF,7BBD,7BBF,7BEC,7BF3,7C0E,7C2E,7C49,7C72,7C9C,7CB9,7CCF,7CF6,7D24,7D47,7D7B,7D99,7DBA,7DED,7E09,7E42,7E62,7E71,7E9E,7EAA,7EDF,7EFC,7F14,7F1B,7F3B,7F51,7F4D,7F84,7F8D,7F95,7FAE,7FBC,7FC1,7FCF,7FD3,7FE8,7FF0,8004,7FFA,7FF3,800B,8018,8022,8027,8028,8031,8043,803E,803D,8048,805C,805D,8057,806F,8076,8074,8077,806B,8084,807E,8081,8079,8062,8069,8049,804B,803C,802D,8023,7FF5,7FFC,7FE6,7FB4,7FA0,7F82,7F69,7F58,7F2F,7F09,7EF6,7ED4,7EB6,7E8B,7E7B,7E54,7E3D,7E19,7DF4,7DF1,7DB9,7DAE,7DA3,7D89,7D86,7D67,7D68,7D5D,7D5E,7D54,7D45,7D4B,7D48,7D58,7D55,7D59,7D58,7D6F,7D63,7D7E,7D81,7D7C,7D9A,7D9E,7D9A,7DA9,7DAB,7DAF,7DB3,7DB2,7DE8,7DD4,7DEF,7DE5,7DFF,7DFB,7E05,7E1C,7E06,7E20,7E25,7E18,7E19,7E2A,7E30,7E30,7E46,7E52,7E58,7E75,7E8B,7E98,7EB3,7EAB,7EC8,7EE8,7EE9,7F16,7F19,7F43,7F71,7F7C,7F82,7F83,7F90,7F90,7F96,7FA8,7F94,7FA1,7F9C,7F89,7F99,7F81,7F73,7F70,7F59,7F57,7F40,7F28,7F0D,7EF6,7EE5,7EB9,7EB1,7E77,7E58,7E57,7E22,7E1A,7DFF,7DD7,7DD0,7DA6,7D97,7D7C,7D65,7D52,7D4D,7D5B,7D41,7D37,7D31,7D28,7D2E,7D3E,7D2F,7D42,7D40,7D4C,7D61,7D75,7D81,7D85,7DA4,7D97,7DBD,7DC8,7DD1,7E06,7DFE,7E06,7E1C,7E2B,7E34,7E42,7E4D,7E59,7E6D,7E7B,7E82,7E8A,7E9C,7E95,7EB3,7EBA,7EC1,7EDF,7EEE,7EFB,7F0B,7F1D,7F38,7F56,7F5F,7F83,7FBC,7FC2,7FED,8012,8021,8066,809D,80B8,80E9,8118,8131,816E,81B1,81DB,821C,824B,8261,82A2,82D9,8304,833A,836A,8399,83C7,83DF,8409,844B,845E,8481,84BC,84DF,84FA,853C,854B,8565,85A1,859B,85CA,85F1,8614,862C,864E,8666,8669,86A3,86A4,86CE,86F0,86FE,8728,873B,8755,8778,879F,87BC,87D8,8808,8813,8830,884E,885C,8892,88B1,88D4,88FC,892D,8953,897D,89A7,89CA,89FB,8A22,8A43,8A67,8A8F,8AA1,8ABC,8AD7,8AD7,8AE9,8AF5,8AF5,8B00,8B04,8AFB,8AEB,8AD6,8AAA,8A86,8A4C,8A12,89DA,8999,8955,8912,88B2,884F,8808,87A4,8735,86DB,8663,85FC,858A,8518,84B3,8435,83C5,8353,82F5,826D,8206,81AE,8131,80DF,8079,8012,7FC4,7F70,7F20,7ED2,7E8C,7E3D,7E10,7DDF,7DAE,7D88,7D4B,7D1E,7CF0,7CD1,7CA2,7C9D,7C7A,7C55,7C53,7C3D,7C2A,7C12,7BFD,7BF4,7BF8,7BD4,7BC5,7BC2,7BB0,7BB5,7BBC,7BB1,7BB1,7BBF,7BBB,7BB9,7BC3,7BB4,7BCD,7BE2,7BF1,7C0D,7C2A,7C47,7C73,7C9B,7CA8,7CD8,7D0D,7D43,7D6E,7D9D,7DDE,7E19,7E5E,7E8E,7ED5,7F27,7F52,7F99,7FD0,8004,804B,8085,80BD,8102,8139,8163,818E,81BC,81D5,8207,8223,823C,8266,825B,8278,8296,8280,8289,8295,828F,828C,8285,8274,825D,824A,8243,8216,820B,81E9,81D0,81C4,819E,819F,8173,8156,813E,8112,810A,80DB,80A2,8099,8072,806C,8049,801D,800C,7FE5,7FD3,7FA6,7F90,7F76,7F52,7F3A,7F0F,7EF8,7ED3,7EA2,7E93,7E66,7E4A,7E3A,7E07,7DE3,7DB9,7D92,7D79,7D42,7D12,7D00,7CED,7CCC,7C9A,7C91,7C6B,7C48,7C34,7C0B,7BFE,7BD6,7BC4,7BC5,7BAC,7BAC,7BA2,7BAF,7BAF,7BA8,7BA4,7B9F,7BB1,7BCE,7BD8,7BEF,7BFC,7C0F,7C2B,7C2E,7C4D,7C64,7C90,7CB5,7CD4,7CF2,7CFF,7D29,7D4B,7D60,7DA0,7DB6,7DEC,7E05,7E24,7E46,7E4F,7E7B,7E7C,7EA1,7EC3,7ECC,7EE1,7EFB,7F0B,7F14,7F27,7F2E,7F47,7F59,7F5F,7F75,7F7D,7F77,7F8A,7F97,7F8D,7FAB,7FA1,7F94,7FA4,7F98,7F9F,7FAA,7FA7,7FB7,7FB5,7FBE,7FC2,7FBB,7FEA,7FA8,7FAE,7FD3,7FAF,7FCB,7FA5,7F9A,7F96,7F90,7F83,7F7C,7F75,7F5F,7F5D,7F3D,7F39,7F26,7F02,7F05,7EF0,7EC4,7EC9,7EB4,7E89,7E79,7E58,7E42,7E15,7DF4,7DC5,7DAC,7D99,7D69,7D6B,7D55,7D3E,7D3C,7D1D,7D0F,7CF8,7CEB,7CEF,7CDE,7CBD,7CBA,7CBC,7CA4,7C94,7C96,7C95,7C98,7C8E,7C83,7C97,7C9C,7C95,7C99,7C9E,7C9D,7CA1,7CB5,7CB3,7CBE,7CD6,7CD7,7CFC,7CF6,7CDB,7CFA,7CF6,7CE7,7CFA,7D0C,7CFE,7D13,7D1B,7D07,7D15,7D05,7CE6,7D00,7CE8,7CDD,7CD4,7CC3,7CCC,7CC0,7CBB,7CA3,7CAE,7C99,7C7E,7C86,7C7D,7C85,7C79,7C86,7C81,7C7D,7C8D,7C8A,7CA9,7CA7,7CAF,7CDA,7CD6,7CEB,7CFA,7D0C,7D25,7D37,7D4B,7D59,7D7D,7D77,7DA0,7DB6,7DB4,7DD3,7DEB,7DF6,7E09,7E0A,7DF9,7E39,7E28,7E3D,7E5C,7E50,7E67,7E68,7E79,7E68,7E7C,7E75,7E69,7E7F,7E79,7E8A,7E8C,7E99,7EA7,7EAB,7EAE,7EC0,7EE0,7ED1,7EEB,7F06,7F1B,7F29,7F38,7F5B,7F75,7FA9,7FB2,7FD9,8008,801D,8058,8081,8098,80CA,8105,8128,8151,818C,81AD,81E7,821C,8235,826F,8293,82CA,82FA,8322,8346,837F,83AB,83C2,8401,841E,8442,8467,8494,84A9,84E1,8503,851E,855A,856F,8597,85CF,85E3,85FC,862C,8659,8683,86B7,86DD,870E,8744,876B,87A3,87DC,8809,8847,888D,88B0,88F2,8933,895F,89A0,89D4,8A06,8A55,8A98,8ACC,8B11,8B52,8B88,8BD0,8C28,8C50,8C92,8CCF,8CED,8D36,8D51,8D7B,8D9B,8DBA,8DCB,8DDC,8DD7,8DCB,8DC1,8D8E,8D57,8D1C,8CE0,8C8D,8C51,8BE7,8B84,8B22,8A96,8A19,8993,890D,8871,87E4,8743,869E,85F9,8558,84AF,8412,8381,82D1,8246,81B0,8125,809C,800C,7F88,7F0B,7E9F,7E31,7DD5,7D62,7D10,7CC0,7C6E,7C3C,7BF2,7BB6,7B93,7B55,7B1F,7B08,7AEB,7ACD,7AB1,7A9B,7A83,7A77,7A59,7A43,7A41,7A2B,7A19,7A20,79FB,79E3,79EC,79D2,79D4,79D0,79C0,79BE,79CF,79C8,79B3,79CA,79CF,79EA,7A0C,7A17,7A30,7A52,7A78,7AB1,7ADD,7B0F,7B4F,7B8B,7BCD,7C1D,7C78,7CBD,7D11,7D81,7DDA,7E48,7E97,7EEF,7F5E,7FA6,801F,806E,80DE,813C,817E,81F4,822A,828B,82CB,830C,8354,838A,83BD,83EB,8404,841D,842B,8440,8447,8435,8445,8422,8426,841B,83F5,83F6,83CC,83AF,839A,8374,834C,8325,8305,82CF,82A6,8272,8242,8220,81D4,81C6,819B,816A,8153,8119,8109,80DD,80BC,8096,8068,8055,8022,8001,7FE3,7FD0,7FA8,7F83,7F5E,7F2F,7F0A,7EE6,7EB6,7E83,7E4F,7E0F,7DF0,7DB9,7D90,7D79,7D41,7D0F,7CC8,7CA4,7C6F,7C3E,7C11,7BDB,7BBC,7B87,7B6E,7B50,7B1A,7B04,7AED,7AD5,7AC7,7AB0,7ABC,7ABC,7AD0,7AC9,7AD0,7AF4,7B02,7B18,7B2E,7B46,7B61,7B9E,7BBB,7BE2,7C15,7C41,7C82,7CB5,7CE1,7D0F,7D62,7D7D,7DC6,7DCF,7E3A,7E67,7E6F,7EC7,7EDB,7F21,7F32,7F59,7F89,7FA5,7FDA,7FEE,8010,8033,803F,804E,8061,806F,807C,8093,80A0,80AF,80C1,80CC,80C8,80E7,80E2,80E8,810D,80FA,8108,8118,811A,8142,8142,814F,8163,816B,816E,816F,817C,816C,8175,818B,8175,8165,8164,8155,815D,8142,812C,8125,810E,80FA,80E0,80D5,80B0,80A8,808F,8059,8056,8034,8003,7FEE,7FAD,7F92,7F6E,7F42,7F1D,7EF8,7EDF,7EA5,7E84,7E5E,7E3D,7E24,7DF7,7DCE,7DCC,7D9B,7D86,7D82,7D4E,7D50,7D36,7D25,7D20,7D2A,7D17,7D12,7D30,7D2B,7D3C,7D44,7D53,7D5E,7D6F,7D6F,7D92,7DA3,7DA4,7DD0,7DCC,7DD4,7DE2,7DF1,7DF3,7E01,7E22,7E21,7E4B,7E5F,7E60,7E8D,7E83,7E9A,7EAD,7EB0,7EC5,7ECE,7EE9,7EF0,7F0F,7F11,7F0E,7F22,7F27,7F35,7F55,7F6A,7F70,7F96,7F83,7FA0,7FB2,7FC3,7FE1,7FE6,7FF9,800B,8021,8018,803D,8055,8049,806E,8075,8073,8086,8087,809A,8097,80A5,8093,809F,80A9,8099,80BB,80A2,8094,808C,809A,809A,8099,8092,8077,8083,805F,8044,804E,802E,8011,800A,7FE4,7FC4,7FB4,7F87,7F7F,7F72,7F47,7F34,7F24,7EF0,7ED9,7ECF,7EA5,7E9D,7E7D,7E51,7E4A,7E3C,7E15,7E0C,7DF4,7DCA,7DBE,7DA7,7D7D,7D81,7D7D,7D60,7D59,7D40,7D3E,7D32,7D21,7D17,7D1F,7D1F,7D0A,7D24,7D1E,7D16,7D1F,7D15,7D1D,7D2B,7D21,7D27,7D42,7D52,7D4D,7D57,7D63,7D5D,7D75,7D78,7D8E,7D9F,7DA4,7DAB,7DCC,7DDC,7DE3,7E0D,7E1F,7E39,7E55,7E66,7E79,7E99,7EAB,7ED1,7EEC,7F06,7F3B,7F56,7F59,7F7D,7FA2,7FAA,7FC9,7FEC,7FFB,8023,8033,803B,8078,808B,809A,80C1,80D9,80E9,810D,811A,811F,8144,815E,8163,8185,819E,819E,81CC,81CA,81DB,820E,820C,822F,824D,8255,8267,8282,8274,8292,82B8,82C2,82E6,82EC,8309,8333,8353,835F,8384,83B1,83BB,83D3,83FB,8418,8442,845A,8474,849A,84B0,84D3,84EB,84FF,851D,853C,8562,858A,85B7,85B7,85D6,8606,861B,863F,865E,868C,869C,86B5,86D8,86ED,8719,8731,8753,8782,8780,8795,87B3,87DD,87FA,8819,8841,8837,886A,8888,889A,88CD,88D8,88F2,8904,8918,892C,893A,893F,8940,895A,895D,8953,8958,8942,8938,8934,8910,891E,88EE,88D8,88C1,887C,885D,881A,87DC,87A1,8757,8710,86B4,866F,8614,85BE,8565,8502,84B5,8432,83E1,8380,8321,82C2,8253,81F8,819A,813F,80DA,808D,8034,7FE2,7F98,7F40,7EFA,7EBE,7E6C,7E2A,7DF5,7DB8,7D76,7D3A,7D12,7CEE,7CCB,7C96,7C82,7C4E,7C3F,7C1F,7C0C,7BF2,7BDD,7BD5,7BBA,7BBB,7B85,7B93,7B91,7B78,7B7E,7B73,7B88,7B77,7B84,7B84,7B6C,7B82,7B99,7B9B,7BA0,7BBA,7BBC,7BE9,7BF6,7C13,7C33,7C4E,7C7A,7C87,7CB5,7CCB,7CEE,7D28,7D3F,7D91,7DA9,7DDD,7E0F,7E63,7E92,7E93,7F1C,7F2E,7F6A,7FB4,7FE2,8027,8059,8092,80D9,80F1,8126,815D,8172,81B4,81EB,81FC,821E,8237,824E,8267,827C,8299,8293,82AC,82A0,82A2,82B2,828A,828F,8283,8251,824E,8228,820E,81EA,81B8,81A4,817C,816F,8147,812C,810F,80D6,80C1,80A2,805F,805C,801F,7FF4,7FEE,7FB6,7FA0,7F7E,7F48,7F1B,7F00,7ED1,7EA9,7E95,7E6C,7E44,7E28,7DE8,7DC7,7DCB,7D8E,7D78,7D5E,7D42,7D1F,7D04,7CE3,7CC4,7CBE,7C9C,7C76,7C64,7C3D,7C1E,7C1C,7BF7,7BF5,7BD6,7BB4,7BB6,7B9A,7B85,7B79,7B56,7B4F,7B4A,7B39,7B2E,7B2A,7B2B,7B21,7B31,7B2A,7B37,7B38,7B3F,7B44,7B54,7B80,7B7C,7B9D,7BA2,7BB0,7BD5,7BF9,7BFF,7C23,7C3D,7C4B,7C80,7C78,7CA5,7CBF,7CD3,7CEE,7D1A,7D25,7D20,7D59,7D55,7D77,7D92,7D89,7DAB,7DAC,7DB1,7DBC,7DC2,7DBA,7DD3,7DD6,7DC4,7DDE,7DD5,7DC6,7DB5,7DAC,7DA3,7DB4,7DB6,7D95,7DAA,7D90,7D8D,7D96,7D6D,7D7A,7D67,7D5A,7D4B,7D4B,7D36,7D23,7D20,7D13,7D1E,7D26,7D04,7CFD,7CF5,7CDE,7CDD,7CE4,7CDD,7CE3,7CE9,7CDE,7CD0,7CD6,7CC8,7CB8,7CBE,7CB9,7CB2,7CB5,7CAE,7CB4,7CB1,7C8F,7C96,7C9F,7C8D,7C9C,7CA0,7C9B,7CA8,7CA0,7CAB,7CC7,7CCC,7CD2,7CF7,7CE4,7CE5,7D17,7D28,7D31,7D47,7D61,7D7B,7D99,7DBA,7DE0,7E0E,7E26,7E43,7E74,7E8D,7EBA,7EE8,7F04,7F35,7F6F,7F83,7FAF,7FE1,7FF7,8039,8053,806E,80AB,80CB,80E1,8113,8145,8146,8188,81AE,81C4,81EF,8211,8233,8259,8285,8293,82CD,82DE,82F7,8315,832F,835F,8381,83B3,83C3,83F5,8417,8448,8480,849B,84C7,84ED,8521,8545,8570,858F,85C8,8607,862A,865E,8698,86B9,86DB,871E,8737,876B,8792,87BE,87F4,8806,8825,8853,887E,8896,88CE,88F0,88FD,892F,894D,896E,899A,89B3,89D8,8A00,8A2A,8A59,8A93,8ABE,8AE8,8B11,8B42,8B74,8BB3,8BE2,8C10,8C5C,8C90,8CDC,8D24,8D65,8DA9,8DE6,8E20,8E5C,8E95,8EA1,8EBD,8EC9,8EAA,8EA4,8E90,8E48,8E3A,8E0E,8DE0,8DA3,8D63,8CF6,8C7E,8C2E,8B8B,8B09,8A5B,89A0,890B,884F,879F,86FC,8621,8577,84C4,83F4,833E,8273,81B1,80EE,804B,7F92,7EFF,7E5B,7DBC,7D28,7C9A,7C0D,7BA6,7B2C,7AB6,7A60,79F7,79C1,7960,7928,78F3,78B6,7898,7876,785A,7855,783E,782C,77F2,77F2,77F9,77E2,77F0,77DE,77F5,77F4,77F1,7803,7804,77F3,77FD,77F8,77F6,7803,7801,7813,7818,7836,7846,7858,787F,7883,78AF,78C3,78DE,790B,7934,7972,79AC,79E2,7A2D,7A80,7AC9,7B18,7B73,7BD4,7C17,7C80,7CF6,7D4E,7DD1,7E36,7EA3,7F22,7F8E,7FF3,8057,80BC,811E,818D,81F1,823B,82A7,82EC,8326,8379,8399,83D8,8406,841E,843C,8441,844F,844E,8458,8452,842E,8443,8416,840A,83CC,83C2,83A3,835A,833E,82EC,82C0,8278,8252,820E,81E3,81B1,8185,813E,8101,80D4,8084,806F,8035,800D,7FE6,7FB8,7F89,7F67,7F34,7F0D,7EEE,7EC6,7E9E,7E79,7E66,7E1E,7E0E,7DED,7DC2,7DB5,7D77,7D53,7D3D,7CFB,7CD9,7CBF,7C7A,7C6F,7C3C,7C09,7BDE,7BB7,7B87,7B55,7B45,7B09,7ADC,7AC4,7A7E,7A73,7A65,7A34,7A1E,7A03,7A0D,7A00,7A0C,7A0B,7A08,7A25,7A1C,7A48,7A5F,7A6C,7AA8,7ACE,7AEB,7B1C,7B4D,7B7C,7BBB,7BFC,7C44,7C85,7CC4,7CEF,7D4B,7D87,7DC3,7E12,7E3E,7E92,7ED0,7F0E,7F4F,7F85,7F9F,7FD3,8002,803C,805C,809E,80BD,80DB,810E,8112,813D,8151,815B,8165,8173,816C,8178,8191,8192,8193,81B2,81A1,81AA,81B0,8197,81A7,819B,819B,81AB,81A1,81A4,81AF,81B2,8193,81A7,8195,817F,819E,817D,8180,818C,8181,8173,8173,8164,8145,813D,8128,810E,810B,80E6,80D4,80C2,8084,8068,8056,8023,8008,7FE9,7FAF,7F9D,7F75,7F2E,7EF6,7EDA,7EA3,7E79,7E4F,7E16,7E03,7DD0,7DA1,7D8A,7D7C,7D52,7D33,7D25,7CF9,7CFA,7CF5,7CC5,7CC7,7CBF,7CA9,7CBA,7CB3,7CB9,7CC0,7CD4,7CD1,7CEE,7CFE,7CE0,7D09,7D1A,7D30,7D46,7D50,7D6F,7D96,7DAB,7DBD,7DF8,7DF6,7E18,7E4A,7E52,7E66,7E8E,7E9E,7EA5,7ED2,7ED7,7EE7,7F04,7F12,7F28,7F4A,7F55,7F66,7F7B,7F90,7F9C,7FAB,7F9D,7FB1,7FCA,7FCE,7FE2,7FE8,800C,8018,802E,8020,803D,8057,804D,806D,806D,807B,8092,8088,8082,8090,80A0,80A6,80C3,80CD,80CE,80F3,8102,80FB,80F9,80FD,8102,8112,80FE,80F4,80F8,80DF,80DA,80DA,80CD,80C4,80BD,8096,807B,8061,8048,803A,8029,8002,7FE7,7FD7,7FBD,7FAB,7F8F,7F6D,7F68,7F4E,7F26,7F28,7F04,7EF4,7EDF,7ED3,7EC5,7EBD,7EB4,7E9E,7EA3,7E89,7E78,7E75,7E67,7E4C,7E63,7E59,7E40,7E5B,7E48,7E3D,7E3C,7E26,7E1E,7E27,7E1D,7E14,7E18,7E12,7E12,7E15,7DFD,7DF6,7DF4,7DD8,7DE4,7DDE,7DC7,7DC2,7DBA,7DAE,7DB1,7DB1,7D9B,7D91,7D96,7D8E,7D8D,7DA9,7D95,7DAC,7DB4,7DA8,7DC4,7DC4,7DD7,7DCF,7DDB,7DFB,7E0F,7E23,7E2B,7E2A,7E49,7E5C,7E69,7E95,7E99,7EC3,7ECF,7EE7,7F07,7F12,7F30,7F31,7F5D,7F78,7F93,7FB5,7FB2,7FDB,7FE5,7FEC,8009,801A,8025,8028,8037,8050,8053,8069,8079,8072,8085,8092,80A8,80A3,80A4,80C2,80BE,80DC,80E0,80DC,8107,8100,8107,8112,811D,8133,8136,8157,816B,8186,81A0,81B8,81D9,81E7,8207,821F,8232,8249,824B,8270,829A,82A2,82CD,82E0,82EB,8318,832D,834C,835D,837B,839D,83B7,83DD,83ED,8411,841D,843C,845C,847B,84A3,84B1,84DB,84F2,851F,8533,8558,857F,8592,85B4,85CF,85EC,85FE,862D,8645,8668,8692,869A,86C4,86D0,86F1,870C,8729,8735,8760,8772,8788,87B0,8793,87D6,87E9,87EB,87FF,882A,8828,8844,8865,886A,8870,8885,88AD,88B5,88C7,88D2,88E0,88F9,8904,8918,8929,8922,8917,891B,8917,891C,8918,8911,890B,8910,88E9,88D7,88D4,889A,8891,8865,8838,880E,87D9,87A4,8761,8728,86E4,8681,8637,85CB,8576,853F,84D9,8491,842C,83CD,8382,8330,82C4,8264,8206,8199,8140,80F1,8086,8044,7FE8,7F83,7F31,7EDC,7E94,7E3E,7DF2,7DA2,7D7A,7D35,7CEB,7CC4,7C80,7C4D,7C2E,7BF3,7BC3,7BA8,7B8A,7B78,7B5E,7B52,7B39,7B28,7B13,7AF9,7B0A,7AF0,7AF3,7AF6,7AD9,7AEC,7AEA,7AEB,7AED,7AEB,7AED,7AF6,7AFF,7AF8,7B0C,7B0F,7B0A,7B1D,7B35,7B3D,7B60,7B6C,7B77,7B90,7BB6,7BCE,7BEE,7C0C,7C1F,7C4A,7C65,7C8E,7CC8,7CE6,7CFF,7D30,7D48,7D6E,7DA0,7DC8,7DFC,7E0F,7E43,7E5A,7E8B,7EB5,7ED0,7F02,7F13,7F38,7F58,7F7F,7F8F,7FB5,7FB5,7FCC,7FDF,7FE3,8001,800B,800D,800F,8023,8007,7FFB,8007,7FEF,7FE6,7FDF,7FD5,7FCC,7FB8,7FB2,7F96,7F92,7F82,7F71,7F46,7F0C,7F1F,7F07,7EE7,7EE0,7ECF,7EC4,7EB5,7E9C,7E7B,7E73,7E56,7E46,7E4D,7E35,7E24,7E12,7DED,7DDD,7DE0,7DD0,7DBC,7DBA,7D8A,7D87,7D8D,7D62,7D54,7D3B,7D2E,7D24,7D29,7D00,7CEF,7CE6,7CC4,7CCA,7CC7,7CAA,7CA0,7CA2,7C7A,7C74,7C70,7C46,7C43,7C29,7C2A,7C31,7C20,7C0D,7C08,7C09,7BFC,7C03,7BF6,7C01,7C07,7C11,7C06,7C19,7C2F,7C23,7C36,7C45,7C51,7C6C,7C5C,7C72,7C86,7C88,7CA5,7CBE,7CC9,7CD4,7CEB,7CE7,7D02,7D14,7D1C,7D32,7D38,7D45,7D4A,7D54,7D51,7D60,7D74,7D6B,7D76,7D7B,7D84,7D84,7D96,7D8E,7D98,7D99,7D87,7D9F,7D95,7D90,7D9B,7DA9,7DAD,7DB1,7DAA,7DAC,7DB2,7DB2,7DBA,7DC4,7DC5,7DBC,7DCE,7DC9,7DDE,7DE9,7DE5,7DE5,7DF9,7E04,7DFC,7E03,7DFD,7E17,7E1E,7E24,7E21,7E3D,7E44,7E5D,7E5A,7E63,7E6A,7E70,7E82,7E74,7E8C,7E90,7E9A,7EA6,7EAA,7EC7,7EC5,7ED0,7EE3,7EE5,7EED,7F03,7F14,7F20,7F3E,7F4A,7F5A,7F74,7F84,7F9D,7FBE,7FD1,7FEA,8019,8029,804A,8075,8097,80BE,80D4,8111,812C,8169,8182,81B6,81E7,81F3,8235,8252,8282,8299,82C9,82F2,830C,8332,8360,8386,83B6,83D3,83F4,840A,841F,845B,8470,84A2,84B5,84C5,84F8,8500,852F,8544,8556,8574,8581,85AC,85B0,85D5,8606,8613,8638,864F,866E,8689,869E,86CB,86D5,86F6,8710,873C,8759,8771,878E,879E,87C8,87D6,87F0,8805,881E,8833,8857,886F,887E,8898,88AC,88C2,88DB,88FC,890F,8935,8954,8967,899A,89A2,89C0,89DA,89FB,8A1C,8A2F,8A63,8A71,8ABB,8AE1,8B03,8B49,8B68,8BB4,8BE4,8C05,8C41,8C69,8C76,8C7A,8C7F,8C6F,8C5F,8C54,8C16,8C04,8BEE,8BC0,8B91,8B5E,8B05,8AAF,8A30,89B3,8918,887A,880A,8736,86C2,8612,8586,84CD,8410,8375,82A3,81F6,8128,806A,7FAF,7F10,7E6A,7DB7,7D2F,7C8A,7BF4,7B6F,7AD9,7A65,79F9,7976,7926,78D0,7868,782D,77E1,77A1,775C,773E,7719,76FF,76F6,76E6,76D2,76C4,76AB,76A8,76B7,76A0,76C9,76C1,76D9,76FE,76FE,7725,7731,7718,772C,772E,7732,772A,7758,7773,7778,77B3,77B6,77E0,77E6,77E5,7806,7819,7836,7851,788C,78C6,78FA,7951,799C,79CE,7A2B,7A69,7AC3,7B26,7B5C,7BC6,7C2B,7C7E,7CEC,7D50,7DB1,7E19,7E98,7EFF,7F52,7FBC,8018,8080,80D2,8126,8199,81ED,8230,827E,82B2,82E7,8327,8344,836F,838D,8397,83A7,83B5,83C5,83BB,83D8,83C8,83A4,83A2,836D,8363,833B,82F3,82BE,8297,8270,8237,8222,81E6,81B9,819A,8154,8129,80E9,80A9,807A,8058,7FF9,7FEC,7FC4,7F85,7F6C,7F34,7F11,7EF3,7ED9,7E98,7E87,7E72,7E45,7E27,7E0A,7DDD,7DCC,7DA7,7D76,7D62,7D3F,7D06,7CFA,7CC8,7C9F,7C8F,7C62,7C3F,7C2B,7C0E,7BD3,7BDA,7BA7,7B87,7B77,7B42,7B39,7B12,7AFE,7AED,7AEB,7AD7,7ACA,7AD4,7AB4,7ABF,7AC7,7AD3,7ADA,7ADE,7AED,7B0E,7B25,7B44,7B79,7B86,7BA9,7BDC,7C18,7C3E,7C81,7CB9,7CE5,7D24,7D47,7D81,7DDD,7E28,7E4B,7E97,7ED2,7F0A,7F39,7F51,7F8D,7FD6,8002,802F,8071,8090,80A2,80C5,80E7,80FD,8126,813B,814B,8160,815B,816B,817F,817D,8189,8197,8192,8197,81A6,8196,818F,8190,8180,8184,8178,8166,8167,8152,8142,8146,8142,812F,8129,8121,8125,8121,810E,8105,80FD,80EC,80E4,80DF,80D4,80C2,80BC,80B0,808B,8084,8068,8045,804A,802B,8008,7FF9,7FD1,7FB8,7F9C,7F64,7F4B,7F26,7EFE,7EE1,7EC0,7E8B,7E69,7E58,7E2B,7E0D,7DF6,7DCB,7DAE,7DA5,7D74,7D5A,7D47,7D34,7D34,7D28,7D19,7D19,7D15,7CFC,7D0D,7D0A,7D15,7D2B,7D27,7D3E,7D49,7D5C,7D68,7D79,7D88,7D98,7DD4,7DE4,7DEA,7E0F,7E2B,7E37,7E63,7E7A,7E93,7EC9,7EDD,7EF2,7F0D,7F21,7F2D,7F60,7F67,7F73,7F96,7F94,7FAE,7FCA,7FD5,7FE6,7FFF,7FEF,7FF2,8012,800E,800C,801B,801B,802F,803A,8036,8045,803E,804A,8054,8041,8043,8052,8053,8052,8062,8056,8062,807C,8075,8076,8088,8071,807F,8087,807D,808C,8085,808E,807E,8074,8079,806E,8075,805A,805D,8052,803A,8038,801B,8024,7FF9,7FF3,7FF2,7FD0,7FC3,7F9E,7F8E,7F74,7F61,7F39,7F1B,7F07,7EE7,7ED1,7EBE,7E9F,7E7F,7E6B,7E47,7E3C,7E38,7E13,7E08,7DE6,7DD5,7DC5,7DBB,7DB8,7DB9,7DAD,7D93,7DAC,7DA3,7DA7,7DB2,7DB8,7DBC,7DBC,7DC5,7DC5,7DD4,7DED,7DFE,7E1F,7E31,7E34,7E46,7E6E,7E71,7E93,7EB9,7EB3,7ECA,7EDB,7EEF,7EFC,7F10,7F28,7F44,7F5B,7F5C,7F74,7F80,7F97,7FAA,7FAF,7FD5,7FD8,7FEE,8015,7FE8,8027,8045,8037,805A,8056,806B,807B,80A0,80B5,80B6,80CE,80E3,80F3,8106,8128,8129,813D,8156,8166,818C,81A1,81C0,81D9,81FC,81F6,8212,8235,8235,825E,825C,826F,8293,8298,82A7,82B2,82AA,82C1,82DE,82EA,82F3,82FA,831B,8313,8332,832F,832C,8344,833E,834B,834F,834C,8360,837C,838D,83B1,83B9,83DD,83EB,83FC,841E,8433,8468,8469,8495,84C3,84C7,84F6,850E,852D,8553,857D,858E,85B2,85DD,85FE,8617,8646,864A,8665,8694,868D,86BB,86CE,86D4,86FB,870D,872D,8740,874A,8768,8777,878A,878C,87AF,87BC,87BC,87D0,87DA,87ED,880D,880D,8800,882D,8826,8839,8848,8851,8864,886D,8873,886B,887A,8876,8874,886F,8869,8879,8881,8868,886D,886A,885C,884A,883E,8806,87ED,87DF,879A,8778,8734,86FF,86DB,8690,8645,85FE,85B4,8560,8516,84AA,844B,8401,8399,8327,82BF,825D,81F0,819C,8122,80CC,806E,7FF7,7F9A,7F2C,7EDA,7E68,7E13,7DB2,7D52,7D10,7CBD,7C93,7C49,7C07,7BD9,7BA0,7B68,7B3D,7B25,7ADF,7AD5,7AC0,7A98,7A89,7A83,7A6F,7A69,7A65,7A5B,7A59,7A48,7A3E,7A52,7A5C,7A54,7A65,7A78,7A73,7A8A,7A94,7A9B,7AB5,7ABA,7AC3,7AE0,7AF2,7AEF,7B12,7B16,7B2F,7B54,7B6B,7B8B,7BAC,7BC2,7BCA,7BEF,7C11,7C35,7C64,7C7F,7CA6,7CC7,7CE1,7D11,7D39,7D55,7D86,7DCD,7DED,7E2A,7E55,7E79,7EB9,7EE6,7F0A,7F38,7F5B,7F84,7FA0,7FB5,7FD5,8002,801C,8030,805D,807A,8079,8098,809A,8097,80AB,8095,80C1,80B3,80A1,80A0,8092,8098,8083,8085,806B,805A,8055,8033,802F,801C,7FF6,7FD9,7FC7,7FA9,7F8B,7F71,7F58,7F38,7F34,7F0B,7EF6,7EE1,7EB7,7EA8,7E93,7E8B,7E7A,7E6D,7E4A,7E4B,7E27,7E13,7E0B,7DF3,7DE4,7DD7,7DBC,7DAE,7DAF,7D90,7D97,7D8B,7D73,7D67,7D66,7D5B,7D3E,7D3F,7D25,7D12,7D10,7D02,7CF9,7CED,7CE0,7CCF,7CDB,7CCA,7CD4,7CD6,7CCF,7CBB,7CB6,7CB3,7CB9,7CC9,7CAD,7CB9,7CBC,7CC7,7CC9,7CC8,7CD2,7CD8,7CE0,7CE6,7CF7,7CFC,7CFF,7D08,7D17,7D19,7D2B,7D2D,7D3A,7D4E,7D41,7D4A,7D40,7D4B,7D60,7D67,7D76,7D89,7D87,7D8C,7D8D,7D96,7D94,7D87,7DA6,7D82,7D8C,7D8C,7D9F,7DA1,7D90,7DAD,7D9A,7D96,7D9D,7D94,7D90,7D97,7D79,7D96,7D84,7D8C,7D97,7D8A,7DA0,7D92,7DAC,7DB1,7DB6,7DB5,7DB3,7DC2,7DC3,7DB5,7DDD,7DDA,7DEB,7DF4,7DE9,7E08,7E03,7E18,7E13,7E0D,7E1F,7E34,7E35,7E4B,7E55,7E65,7E69,7E74,7E8D,7E8C,7EA2,7EA0,7EAA,7EAE,7EB5,7EC5,7EC6,7EDD,7EE5,7EE7,7F01,7F1C,7F19,7F38,7F58,7F51,7F65,7F73,7F8F,7FAD,7FC1,7FD1,7FF6,800D,8016,8051,804A,805C,8086,809D,80C3,80F7,8104,812D,815D,8166,8192,81BB,81D7,81EC,8222,8233,825A,8260,82B3,82CD,82F5,8313,8335,8363,8376,83B0,83C7,83EB,8404,842B,8442,846B,848E,84A1,84D5,84EE,84FE,8539,8552,8576,85A0,85AB,85CF,85F9,8607,862A,864A,865F,867B,8697,86AE,86B4,86E2,86D7,86FF,871A,8725,8746,8761,8777,878C,87B8,87BD,87D6,87EB,87F5,8811,8833,883A,8858,8875,8877,88B3,88B7,88E6,8900,8909,8929,8922,8948,8956,896B,8988,899A,89D1,89EB,89F1,8A26,8A34,8A60,8A8E,8AAA,8ADB,8B04,8B3E,8B71,8BB6,8BDB,8C07,8C51,8C5F,8C6D,8C80,8C69,8C52,8C5D,8C2D,8C15,8BF6,8BD7,8BC6,8BA6,8B75,8B20,8ACB,8A4D,89E4,895C,88AC,882E,87B0,8716,867F,85E9,8538,8499,83E5,8336,828C,81C8,80F8,8043,7F9F,7EF6,7E6C,7DBD,7D2C,7C83,7BF0,7B6F,7AF9,7A78,79F7,799B,7926,78B9,7876,7815,77C8,77B3,7768,7757,772A,770C,76FD,76DE,76B9,76AA,76B3,76A5,76B4,76B7,76B8,76C3,76DA,76D3,76E7,76D6,76CD,76E9,76E8,76EA,770D,7722,772D,7751,776E,7780,7798,77A8,77B1,77D0,77DD,77FA,7818,783A,786B,78A2,78EC,791C,7976,79A0,79D9,7A29,7A5B,7AA7,7AFF,7B4E,7BB7,7C37,7C8B,7CED,7D61,7DB2,7E0E,7E72,7ECB,7F40,7FAD,7FFB,805D,80CD,8112,816A,81C4,81FC,823F,827C,82A5,82D9,82FE,8301,832B,8341,834A,836F,8378,8374,8378,8367,834C,834C,832D,82E8,82BB,828E,825F,824E,8216,81EB,81B4,817C,813C,810E,80D7,8093,8065,800D,7FF5,7FC9,7F8F,7F69,7F39,7EFB,7ECE,7EA5,7E64,7E47,7E27,7DEF,7DCA,7DB1,7D84,7D6B,7D56,7D31,7D14,7D0D,7CD3,7CBC,7C9C,7C6C,7C60,7C40,7C15,7C15,7C05,7BDB,7BD7,7BB5,7B93,7B83,7B55,7B37,7B2B,7B13,7AE6,7AE8,7AD0,7AC0,7AC4,7AC4,7AC1,7AB2,7ABF,7AAE,7AC7,7AB5,7AC3,7AF5,7AE3,7AF6,7B1A,7B26,7B52,7B83,7BA1,7BC4,7BEE,7C19,7C55,7C8E,7CBB,7CFF,7D3B,7D76,7DBE,7E08,7E32,7E7E,7EB4,7ED7,7F15,7F54,7F7C,7FBA,7FE7,800E,8049,806F,8090,80BF,80D9,80E7,810C,8120,813E,814C,8151,8158,816A,816E,8171,8181,816D,8166,8174,815F,8154,8151,814D,814F,814A,814C,8147,812E,812A,8117,8120,810A,80F6,80FB,80DC,80E9,80E8,80D3,80DE,80CE,80C7,80C2,80AF,80A5,808A,8091,8074,806E,8065,8046,8048,802E,8011,8014,7FF1,7FD8,7FC6,7F90,7F85,7F5A,7F51,7F16,7F01,7EF2,7EC5,7EC2,7E9B,7E8E,7E7D,7E5A,7E28,7E2C,7DF9,7DEF,7DEC,7DE3,7DCD,7DAC,7DB2,7DA6,7DB8,7DB7,7DB5,7DA1,7D95,7DAD,7DB0,7DC5,7DD0,7DDF,7E05,7E09,7E25,7E37,7E42,7E58,7E73,7E80,7E96,7EB2,7ECB,7ED7,7F01,7F18,7F2A,7F5B,7F56,7F60,7F70,7F87,7FAF,7FC9,7FCE,7FDF,7FEB,8006,8008,801C,802A,802C,804B,8044,8058,805A,806C,8077,8078,807D,807D,807D,809F,806A,8078,8098,8089,809D,808C,8090,8074,807F,808D,808D,8093,8090,808E,8094,8099,8095,8092,809B,8096,8095,80A9,8092,809C,80A7,809B,8098,8094,807A,8070,807D,805C,8050,8059,8039,8029,8024,7FFC,8006,7FEE,7FD1,7FC1,7F95,7F83,7F70,7F69,7F40,7F34,7F1A,7EF4,7EFF,7ED4,7EB7,7EB0,7E8D,7E86,7E6B,7E4E,7E45,7E35,7E3D,7E2F,7E40,7E48,7E40,7E67,7E56,7E5F,7E73,7E60,7E81,7E97,7EAB,7EBF,7ED0,7EE3,7EFE,7F0B,7F13,7F29,7F55,7F58,7F69,7F89,7F8E,7FC6,7FC5,7FDB,7FF5,7FFF,801A,802B,8048,8052,807C,8092,8094,80B5,80C8,80E0,80EA,8106,8109,8114,8124,8135,8146,8159,8165,8177,8194,8180,81A7,81C2,81C7,81E6,81F2,8212,8220,823A,823A,8253,8279,8286,82A3,82B1,82BD,82DD,82DC,82EF,82FF,8304,8323,8330,8346,8348,8363,836F,8382,8397,839F,83AF,83BC,83DB,83F7,8413,83FE,8425,8446,844E,847B,8489,84A0,84B0,84D6,84D9,8502,8517,8519,8559,8554,8578,8590,859E,85B7,85D7,85EC,85FD,862E,861D,8638,8661,866B,8685,869F,86B4,86BC,86DE,86EB,86EA,86FF,86F6,8706,8711,8716,8728,8728,8732,873B,8743,8735,8741,873C,873A,8745,8747,8747,8746,8748,8750,875D,8755,8763,8775,878A,8789,87AC,87AB,87A3,87B5,87A9,8792,879E,8798,8799,879A,879C,879A,878A,8774,874E,8734,8714,86E9,86B8,8688,8662,8639,85F6,85C2,858F,8536,84EC,849F,8434,83F5,8396,8327,82D8,827D,821C,81C1,8156,80ED,809D,8035,7FC8,7F86,7F17,7EB5,7E5E,7DFF,7D97,7D4C,7CFB,7CA9,7C73,7C26,7BEF,7BAB,7B6D,7B2C,7B1E,7AE8,7ABD,7AAF,7A72,7A6C,7A45,7A38,7A2C,7A1E,7A07,7A12,7A15,7A03,7A0A,7A00,79FB,7A07,7A1C,7A1D,7A2D,7A35,7A2C,7A4A,7A53,7A4C,7A6B,7A79,7A85,7A94,7A9B,7AB2,7ACE,7AE1,7AE3,7B12,7B22,7B26,7B52,7B6B,7B81,7BAA,7BBD,7BDA,7C04,7C27,7C5A,7C88,7CB6,7CCF,7CF6,7D21,7D34,7D73,7D93,7DD5,7E09,7E24,7E4B,7E74,7EA1,7EBE,7EFB,7F1F,7F4C,7F7C,7F9E,7FC6,7FDC,8000,802B,8047,805D,8079,8083,809A,80AF,80B3,80AF,80B0,80BB,80B0,80C6,80BB,80AE,80B6,8098,8090,807F,8061,8060,804C,803D,801C,7FF5,7FE3,7FCE,7FD0,7FA3,7F94,7F73,7F44,7F4F,7F20,7F04,7EF9,7EDA,7ECB,7EBD,7EA5,7E8B,7E77,7E72,7E53,7E45,7E2C,7E1E,7E16,7DF0,7DEB,7DF3,7DEB,7DE4,7DD6,7DD5,7DC0,7DAD,7DAC,7D96,7D94,7D84,7D7E,7D70,7D73,7D7C,7D61,7D63,7D6B,7D6C,7D71,7D63,7D6C,7D64,7D5B,7D65,7D5F,7D73,7D6C,7D74,7D88,7D77,7D8A,7D91,7DA3,7DA9,7DA5,7DC4,7DCA,7DDE,7DE6,7E03,7E25,7E1D,7E46,7E52,7E57,7E78,7E83,7E9B,7EAF,7EB3,7EC5,7EE1,7EF8,7EF3,7F12,7F1B,7F21,7EFD,7F21,7F33,7F1B,7F18,7F02,7F00,7EE8,7EEF,7ECD,7EBE,7E9A,7E98,7E81,7E71,7E5A,7E3A,7E30,7E01,7DD9,7DB4,7D95,7D7B,7D73,7D5B,7D4D,7D36,7D2B,7D08,7CF5,7CE4,7CC2,7CD5,7CD2,7CD2,7CE5,7CD2,7CDF,7CF7,7CFE,7D14,7D23,7D2E,7D39,7D56,7D73,7D94,7DBB,7DC9,7DE1,7E1A,7E1D,7E3A,7E5C,7E69,7E9F,7EB7,7ED5,7EFF,7F1F,7F36,7F4B,7F61,7F7F,7F88,7F9D,7FA7,7FAD,7FD3,7FB6,7FD9,7FD7,7FE3,800B,8016,802B,8033,804D,806F,8086,8097,80AC,80CF,80FB,8108,8140,8156,816C,81B1,81DE,81F7,8228,824B,826E,82A8,82CA,82FB,8320,8353,8376,83B2,83CB,83DF,841D,8430,8459,848B,8493,84B5,84CA,84D7,84ED,8501,84FA,8517,852C,8531,8555,8555,854E,8557,8580,857B,858D,85A2,8589,85A9,85A5,85A4,85B9,85B7,85D0,85E4,8600,860E,8615,8627,8632,864C,8657,8672,8699,8690,86A1,86BA,86C0,86DA,86F7,86EB,8702,8721,871A,8729,8742,875A,8767,878A,879C,87BD,87CD,87CB,8803,8803,880F,881D,882D,8840,884D,8865,886A,8889,88A0,88B2,88D3,88F4,890F,8927,8944,8968,8999,89BC,8A03,8A45,8A6B,8A9A,8ABF,8AF1,8B07,8B27,8B1F,8B09,8B08,8AF2,8AD0,8AD0,8AB6,8AA1,8A91,8A5D,8A27,89DD,897D,890D,88B9,8835,87B1,8743,86B5,8634,85AF,8516,8483,83EE,8339,829A,81EE,8130,8098,7FF4,7F40,7EA8,7E11,7D59,7CBA,7C21,7B8A,7B15,7A95,7A1A,79BF,7950,78DF,788F,7830,77DE,779D,7754,7727,7716,76E4,76BF,76B5,7686,7667,765F,7654,764B,7661,765D,7664,7680,7681,769A,7693,769B,769C,76AB,7699,76AD,76D7,76D8,7702,771C,7731,7747,7770,7773,7788,779B,77B0,77D0,77EC,780A,7839,7869,788D,78CC,7906,793E,7983,79BE,79F3,7A49,7A8F,7AEC,7B48,7B92,7BF7,7C63,7CBD,7D0E,7D76,7DD1,7E2F,7E9C,7EF3,7F62,7FC9,802E,8070,80D5,8112,8152,81A2,81D9,8220,8256,827B,829C,82C2,82C5,82EC,8303,8307,830C,8312,8317,82F6,82E7,82C8,829E,8286,8254,8234,8203,81C8,81A5,8185,8163,812F,80F8,80B0,8073,803C,8001,7FDC,7F97,7F78,7F4F,7F23,7EFD,7EC6,7E9E,7E65,7E4B,7E14,7DEF,7DDB,7DA6,7D99,7D78,7D53,7D43,7D2F,7D1A,7D04,7CE9,7CE7,7CCE,7CC0,7CAD,7C8C,7C99,7C73,7C68,7C4F,7C41,7C39,7C19,7C1B,7BE5,7BE5,7BDA,7BAC,7BC1,7BBC,7BB4,7BB6,7BA2,7BBA,7BAE,7BB4,7BB1,7BB3,7BC8,7BCC,7BD5,7BDE,7BF4,7C0A,7C21,7C4D,7C8A,7CA6,7CCD,7CEE,7D11,7D3E,7D69,7D9D,7DCA,7DFB,7E37,7E66,7E90,7EC5,7EEF,7F12,7F44,7F78,7FAB,7FEA,801D,804A,807A,80A4,80C8,80EE,8102,8129,813D,813F,8177,816F,818D,81A1,81A3,81AF,81AE,81BA,81AC,81C5,81C9,81BA,81C7,81CD,81BC,81C2,81A0,81A4,819B,81A3,818B,815A,8194,8159,8155,815F,8147,813F,8129,811C,810E,8101,8106,8102,80D7,80DC,80CF,80B7,80AF,8091,807F,8080,8078,8059,8058,803D,8030,802C,8009,7FF1,7FFC,7FDA,7FC0,7FBF,7FA8,7FA4,7F9A,7F8A,7F88,7F78,7F6D,7F5C,7F4E,7F3E,7F28,7F34,7F23,7F2A,7F2F,7F0B,7F13,7F14,7EFD,7F17,7F12,7F05,7F22,7F1B,7F0E,7F19,7F24,7F25,7F27,7F44,7F37,7F4C,7F5F,7F64,7F95,7FAC,7FB9,7FE0,7FE4,7FF9,8025,8029,804B,805A,8070,8082,808F,80AA,809F,80C2,80D6,80D4,80E1,80DF,80F6,80F5,80E9,80F6,80F4,80E5,80F8,80FB,8103,8100,80FE,810B,80F7,8106,80EE,80F1,80F9,80D6,80EE,80E1,80DA,80DD,80D0,80C2,80BD,80C8,80A7,80B4,80B6,80A2,80A4,80A2,8099,809C,8096,808C,809B,807C,8086,8092,8080,8087,807B,8086,806A,8082,8064,805F,8072,8045,8061,804A,803D,802D,8033,802C,801E,8029,7FFA,7FF1,7FE6,7FCB,7FD5,7FBF,7FA1,7F92,7F85,7F67,7F5C,7F56,7F48,7F4C,7F33,7F3A,7F2C,7F3C,7F22,7F19,7F23,7F03,7F20,7F12,7F27,7F1F,7F25,7F32,7F2A,7F42,7F2E,7F61,7F6E,7F6B,7F87,7F80,7F9D,7FB6,7FC7,7FB8,7FD9,7FE3,7FED,8012,8007,801D,8052,804E,805A,807C,808B,808D,80AF,80A6,80BC,80F0,80E6,8106,8128,812A,8133,814F,814E,815D,816F,8167,8186,8193,818C,81A3,81A7,81AD,81C2,81CD,81D6,81FE,8204,820B,8225,823A,8248,8256,8271,827A,8296,82A2,82AA,82BE,82C5,82D5,82E6,82F3,8306,8321,8321,8338,8351,8346,835B,8376,836A,837D,839A,8399,83A9,83BD,83A6,83B0,83C6,83B9,83C8,83DB,83D6,83D1,83E6,83D9,83ED,83F3,83EF,8408,840B,840D,8415,8420,8427,8437,8437,842A,8442,8434,8436,8456,845A,8462,8470,847E,8488,8499,84A1,84AA,84B5,84C6,84C6,84E3,84E0,84E1,84FE,84FD,8514,8515,8513,8521,851D,851E,852B,852A,8523,852C,853F,8536,854C,854E,8546,8568,856B,8573,857F,8591,858B,85A0,85A0,858F,8591,8590,85A0,859E,859F,8595,8593,8576,8553,8548,8527,8515,84EA,84C5,849A,8474,843B,8407,83D9,8399,8357,8324,82D7,8292,8254,81F4,81AC,814F,8102,80A5,8059,8004,7FAD,7F66,7F19,7EAE,7E70,7E29,7DD8,7DB2,7D47,7D0E,7CB5,7C5E,7C28,7BE2,7BC2,7B86,7B64,7B43,7B1D,7AF2,7AC6,7AB6,7AA5,7A92,7A8A,7A7A,7A5C,7A5C,7A48,7A41,7A40,7A1C,7A32,7A30,7A31,7A42,7A48,7A50,7A49,7A79,7A71,7A7F,7A8A,7A94,7AA9,7AAB,7AC9,7ADE,7AE3,7B06,7B1D,7B30,7B56,7B61,7B8C,7B9D,7BB5,7BCF,7BD8,7C03,7C1C,7C2E,7C40,7C69,7C8A,7CB1,7CE6,7CFB,7D0A,7D2C,7D56,7D66,7DAE,7DCB,7DF4,7E20,7E45,7E6B,7E8C,7EBE,7ED8,7F02,7F24,7F46,7F62,7F86,7F8F,7FCD,7FE3,8013,8014,8025,8074,804C,8081,8086,808B,8096,808E,80A6,80AF,80B2,80C3,80B1,80BE,80BE,809F,809E,8094,8070,805D,8042,8045,8042,803F,8023,7FFD,8007,7FD7,7FCF,7FD5,7FB1,7FA7,7F9A,7F6C,7F6A,7F60,7F47,7F3E,7F36,7F1B,7F13,7F19,7EFB,7F04,7EFF,7EE8,7EF6,7EE6,7ED8,7EE5,7EE0,7EDF,7EEC,7EF7,7EE1,7EF6,7EF5,7EE2,7EF0,7EEE,7EE7,7F01,7EFB,7EF9,7F1D,7F1F,7F29,7F3A,7F44,7F45,7F3F,7F3F,7F2E,7F4A,7F3B,7F55,7F60,7F35,7F52,7F4E,7F44,7F58,7F53,7F56,7F53,7F50,7F61,7F5F,7F6D,7F54,7F72,7F73,7F5F,7F96,7F8A,7F94,7FA0,7F99,7F9E,7FB1,7FAE,7F9E,7FAF,7FA7,7FA5,7F98,7F9B,7F77,7F81,7F72,7F63,7F70,7F61,7F5F,7F4F,7F46,7F25,7F34,7F1B,7F13,7F28,7F0E,7F11,7F1D,7EFE,7F0E,7F02,7EF4,7F08,7F04,7F01,7EF2,7F11,7EF4,7F0B,7F18,7F05,7F15,7F13,7F1F,7F29,7F36,7F3A,7F5E,7F51,7F65,7F82,7F7B,7F8A,7F9F,7FC0,7FBD,7FD1,7FE8,7FF6,800F,8000,8010,8019,801D,8030,8038,803D,803B,8069,8064,806B,8090,8088,809E,809A,80A1,80AC,80CC,80D6,80D9,80EA,80F0,8121,8136,812F,8156,8170,816C,818B,81A5,81B3,81D8,81EC,81F8,8225,822B,822E,823F,825B,8260,8283,829B,82A3,82C5,82CF,82CC,82E9,82E1,82E1,8302,82F4,8305,8312,8316,8314,831B,8321,8332,8341,8337,833D,834A,8339,8342,8359,835A,835C,8363,8362,8361,836C,836E,835D,8363,8370,8376,8379,837A,838F,838E,838C,83AB,83B7,83B1,83CF,83C8,83CB,83CE,83DF,83E2,83F0,840B,8403,8416,841D,8422,8434,8432,843E,8458,8470,8471,8489,8498,8499,84BA,84B8,84D5,84E7,84F2,8506,851B,851E,853A,8544,8548,8560,8571,8581,858F,85C0,85CF,85F6,8622,862F,8642,866E,869D,86CD,8704,8721,8759,8790,87AB,87EF,8814,883C,8856,8865,8867,8863,8866,8849,8841,883D,882D,8815,87F3,87C5,87B5,876A,8718,86BC,8646,85E0,858F,8511,84A4,8432,83BB,833C,82B2,822E,81A0,8127,8088,7FFB,7F73,7EEA,7E6C,7DF0,7D54,7CDC,7C6D,7BE3,7B79,7B1A,7AAC,7A4B,79F6,7994,793D,78F3,78A1,7866,783B,77F8,77D4,77B7,7797,777B,7764,774C,773A,7729,7715,770A,7706,770A,7731,772E,7726,7739,7725,7723,7719,770F,772C,773E,773E,7761,7771,7792,77AA,77BE,77C0,77CE,77EC,77DF,7813,781A,7832,7863,787E,78C7,78DD,7900,7945,796A,79AB,79ED,7A1E,7A60,7AA3,7AF2,7B40,7B84,7BC4,7C2F,7C92,7CCB,7D2F,7D84,7DDA,7E34,7E70,7EBD,7F11,7F54,7F9E,7FEA,8032,806D,80B2,80E4,8100,8135,8157,8176,8196,81AE,81BE,81DB,81E8,81F6,8202,81F2,81F2,81E4,81CB,81AB,8195,817C,8162,8164,8131,811D,80FB,80D7,80C2,8096,806F,8043,801C,8000,7FED,7F8A,7F9C,7F6E,7F33,7F2A,7EF4,7EF6,7ECB,7EAE,7EA3,7E7C,7E68,7E55,7E3A,7E3D,7E3E,7E16,7E0C,7E11,7E00,7DFB,7DF0,7DD5,7DD4,7DC3,7DC1,7DC9,7DC2,7DAA,7DC2,7DC6,7DA2,7DBB,7DA7,7DA4,7D9B,7D92,7D9A,7D92,7D9D,7DA6,7DA8,7DAF,7DAD,7DB4,7DB7,7DC8,7DD4,7DD6,7DE5,7DED,7E07,7E14,7E30,7E41,7E55,7E72,7E81,7E9E,7EC4,7EE3,7EF2,7F1D,7F1E,7F4D,7F77,7F7E,7FAE,7FA3,7FB8,7FCE,8002,801D,8030,8060,8067,8089,809F,80A9,80D0,80D0,80DE,80FA,80FA,810D,8105,8112,8115,8110,8126,8120,8134,812D,8120,8148,8128,8131,8136,812F,814F,813E,8138,8130,8130,8138,8133,813F,812B,811F,8125,8119,811F,8137,8128,8131,811A,8102,8116,811E,8116,80FE,80F9,80E5,80ED,80E2,80D4,80D1,80CB,80AD,80B7,80B5,8097,8094,8086,8088,8080,8085,8077,807C,8079,806F,807D,8067,8058,8065,8059,804F,8054,8047,8046,804C,803B,802A,803F,802B,802A,8035,8027,8031,8038,8031,8035,802E,800C,8013,8011,8016,8038,8021,8024,803E,8034,8032,8037,803F,802A,804A,8047,8041,8057,8057,8059,8067,8074,8064,8077,806D,8077,807D,8070,8076,8078,8074,806C,8083,807E,8088,8095,8086,8079,807B,8085,808F,8088,8088,808C,809B,80A3,809D,8099,8088,808D,8099,8087,8082,8085,8072,807F,8077,806B,806B,8067,804F,8064,806D,8058,8067,805C,8052,805B,8069,804F,8047,8049,8048,805B,8054,8049,8065,805B,804D,805A,805B,8057,8057,8055,8055,8058,804C,8045,804C,8035,8025,802E,8013,800D,8005,7FF8,7FE1,7FD6,7FB9,7FB5,7FBD,7FB2,7FAF,7F98,7F8B,7F8A,7F80,7F66,7F67,7F58,7F40,7F3F,7F3D,7F22,7F2F,7F2E,7F19,7F2B,7F22,7F14,7F1B,7F1D,7F11,7F14,7F1C,7F1A,7F20,7F16,7F18,7F1C,7F1A,7F20,7F2A,7F29,7F41,7F38,7F3A,7F46,7F51,7F51,7F50,7F72,7F73,7F89,7F8B,7F8C,7F9B,7FAD,7FB7,7FB4,7FD0,7FDE,7FEB,7FF4,7FEC,7FFE,8009,8004,8011,8028,802E,802D,8034,8033,8044,8059,8044,8054,8063,804E,8072,8075,8079,808A,8091,8098,80A5,80A9,80B2,80C4,80DB,80D5,80EF,80E9,80DE,80EB,80E0,80EE,80FC,8102,810F,8121,813B,8156,8174,8194,8196,81BA,81B0,81E7,8209,820F,8220,8210,822B,8219,8211,821E,8205,820F,822C,8225,8251,8241,8248,8247,824F,8266,825D,8278,8272,828D,828C,8282,82AA,828C,82A6,82B3,82A5,82CC,82CB,82DC,82E0,82F0,82F4,82F3,82EF,82DF,82EF,82F1,82ED,82F8,8305,82FC,8307,830E,8323,832D,8334,8338,8317,8318,831C,8325,832B,8339,834B,8337,834D,8356,8350,8368,8370,838D,838E,83A3,83AB,83B1,83C2,83C4,83BC,83AF,83BF,83B6,83B8,83AC,83B0,8391,8363,83A7,8376,8375,8359,8334,832A,8300,82EB,82CF,82AB,827B,825C,822B,8209,81DE,81B1,818E,8156,811F,80F8,80B8,807E,8049,8000,7FC1,7F8E,7F5F,7F2B,7F07,7EC5,7E91,7E6B,7E3A,7DFB,7DDD,7DAB,7D81,7D60,7D27,7D14,7CE4,7CC6,7CB7,7C8B,7C77,7C5A,7C52,7C37,7C1E,7C29,7BFF,7BFA,7BF9,7BDA,7BD9,7BD4,7BC5,7BC4,7BAE,7BBC,7BC8,7BC5,7BD8,7BD5,7BE1,7BEC,7BEF,7C04,7C09,7C28,7C4E,7C26,7C6F,7C7B,7C74,7CA1,7CA0,7CBF,7CD2,7CC5,7CEB,7CFC,7CFF,7D19,7D20,7D49,7D52,7D74,7D77,7D84,7DB4,7DA9,7DC6,7E01,7E15,7E2C,7E4C,7E54,7E85,7EAD,7EC4,7EE5,7EF8,7F0B,7F2B,7F60,7F70,7F7F,7FA4,7FB1,7FDE,7FD4,7FDC,8013,8010,801D,803A,8043,8048,805D,8064,8072,8089,807F,807F,808B,8099,8076,8089,807E,806C,8079,8062,8067,805A,804F,805C,805A,805B,8050,8054,8059,8063,8074,8066,8074,8082,807A,8079,808E,807F,8094,808E,8077,808F,8082,8092,8085,8095,808B,809C,8092,807A,80A1,8083,807F,808E,8082,8076,8093,808F,8083,809A,807E,8074,8089,8070,8061,8062,805B,8041,803E,802E,801D,8018,7FFA,7FEF,7FDF,7FDA,7FB4,7FC7,7FBE,7FA8,7FBF,7FA2,7FAA,7FA1,7F8B,7F8C,7F85,7F73,7F66,7F77,7F6E,7F72,7F7B,7F4F,7F6C,7F76,7F65,7F73,7F70,7F6C,7F6E,7F6B,7F4A,7F54,7F4F,7F4C,7F55,7F52,7F4F,7F60,7F64,7F5D,7F72,7F6A,7F67,7F72,7F69,7F75,7F91,7F89,7F80,7F81,7F92,7F99,7F9C,7FA4,7FB8,7FC4,7FBD,7FCF,7FDA,7FD2,7FDB,7FF8,7FFF,8010,801D,801A,8046,8069,8067,8077,8086,809B,80BE,80D4,80DF,810B,8114,8133,814D,8170,8183,8189,819E,818B,81B5,81AA,81A6,81AD,81AB,81A4,819B,819B,8189,8196,817F,8181,8191,8192,8181,819B,81B5,81B5,81E5,81E7,81FF,820E,8218,8218,821E,8211,8222,8234,8228,8232,823E,823E,8237,8238,8236,823A,823F,8245,824B,824F,8239,8245,8241,8221,8214,81FC,81EA,81E7,81E8,81D4,81C6,81B9,81B0,81C6,81BE,81AD,81C1,81B7,81BB,81CD,81DC,81E4,81FE,81F1,81F7,8209,8213,8218,8225,8223,821A,8239,821F,822D,8227,822E,8232,8211,821A,8218,821A,8206,820B,8219,8212,8214,8217,8215,8225,822F,8231,8248,8244,8245,823E,8252,824A,8249,8255,8249,8252,8266,8261,8267,827A,8282,828A,828F,82AF,82B8,82CB,82EA,830B,8331,8348,8370,8381,83A4,83D3,83EA,8425,8452,8463,8497,84B6,84D2,8508,8516,851F,8512,8515,850B,850E,84FF,84EB,850C,84F4,84CF,84BA,848F,845F,8427,83E0,839F,8355,8306,82B1,824F,8205,81B5,814B,80E9,8085,8008,7FB4,7F52,7EE0,7E7F,7E14,7DBF,7D59,7CF2,7C97,7C44,7BF4,7B97,7B60,7B0F,7AD1,7A9E,7A58,7A45,79C3,79B7,79A5,7974,7962,793C,7945,7939,792C,7925,7929,791B,7920,791A,7926,7920,7927,7933,7940,7950,794E,7956,7954,7962,7972,796B,797F,7991,7988,7994,79A1,79A5,79BE,79E5,79DF,79EC,79FA,7A07,7A1F,7A28,7A33,7A59,7A86,7A92,7ACB,7AF0,7B10,7B47,7B74,7B9A,7BDF,7C08,7C4B,7C88,7CBD,7D0F,7D53,7DA4,7DE2,7E38,7E76,7EBD,7F1C,7F63,7FAE,8001,803E,807B,80B2,80D6,8123,8144,8167,818E,819D,8196,818A,81B5,81AD,81B8,81C3,81A0,81A1,8192,817C,8175,8154,8131,8112,80F4,80D0,80A5,808D,8062,8041,801C,7FED,7FE7,7FBF,7F99,7F8C,7F6E,7F65,7F65,7F52,7F37,7F35,7F32,7F26,7F23,7F2F,7F1D,7F34,7F3A,7F2E,7F4C,7F44,7F64,7F62,7F68,7F82,7F7E,7F9A,7F9B,7FB5,7FBE,7FB7,7FD8,7FCC,7FCE,7FDD,7FD5,7FE2,7FEC,7FDA,7FE5,7FEA,7FD4,7FDC,7FD0,7FC7,7FC1,7FB8,7F9D,7F8D,7FA9,7F8C,7F9E,7F9D,7F8A,7FA1,7F97,7FAA,7F9E,7FAD,7FBA,7FC6,7FDD,7FE3,8007,8009,801E,8035,8041,8052,8068,8075,8072,809E,80A0,80B1,80D2,80E0,80F1,8101,80FC,8105,811E,8105,8113,8113,80FD,8109,80FE,8108,8106,8106,80F0,80ED,80F1,80CC,80E0,80D0,80B2,80C9,80C2,80AA,80A5,809F,8092,80A4,809C,8092,80A3,809B,8092,80A5,8088,8086,8098,8091,808E,8096,8092,808F,809A,8090,808C,809E,8092,808B,808D,807B,8078,8074,8071,806C,806A,8066,805C,8062,804B,804E,804A,8037,8033,8038,8023,8005,8011,800F,8013,800D,7FF6,8001,8003,7FDE,7FF0,7FEE,7FE3,7FE1,7FE6,7FE1,7FD7,7FDF,7FCC,7FCC,7FCB,7FC7,7FD7,7FCD,7FD3,7FDB,7FD3,7FD4,7FD0,7FD8,7FC9,7FDC,7FD6,7FCC,7FCF,7FC4,7FC8,7FDB,7FCF,7FD4,7FDA,7FCB,7FD8,7FD6,7FC5,7FCB,7FD7,7FC7,7FCE,7FC9,7FC7,7FD0,7FD5,7FC5,7FBF,7FC0,7FB3,7FC5,7FC3,7FBC,7FBF,7FCA,7FB6,7FC3,7FC9,7FBC,7FCE,7FBF,7FC5,7FD8,7FC5,7FBD,7FC6,7FC1,7FB7,7FBE,7FBF,7FAB,7FBE,7FA0,7F9C,7FAD,7FA3,7FAF,7FB3,7FAD,7FB4,7FC4,7FBF,7FCC,7FBD,7FBE,7FC0,7FB0,7FC0,7FB4,7FC1,7FB6,7FC1,7FC6,7FC0,7FD1,7FC6,7FB6,7FC3,7FD4,7FD0,7FD5,7FD2,7FCF,7FDB,7FD6,7FC9,7FD1,7FDD,7FD8,7FE0,7FDE,7FD7,7FE1,7FC4,7FC2,7FCB,7FB3,7FB1,7FB2,7FA1,7F9D,7F9B,7F96,7F75,7F7B,7F70,7F63,7F6A,7F4C,7F51,7F4E,7F39,7F44,7F40,7F31,7F3C,7F32,7F3D,7F3D,7F27,7F46,7F4E,7F5E,7F71,7F87,7F99,7F8F,7FAF,7FAD,7FB1,7FCD,7FC9,7FD7,7FDB,7FE2,7FD8,7FC5,7FCE,7FC4,7FC4,7FE2,7FE0,7FEB,7FF7,8002,8002,801C,8031,802D,803A,8054,8051,806D,8075,8073,8098,8094,80AF,80C0,80C5,80D5,80E8,8109,8121,812E,814D,814B,8163,8166,816C,818F,817F,818F,8185,8177,818C,8166,81AD,81B6,81AF,81C3,81C8,81EB,81D8,81EB,81FE,81FC,820B,8224,8215,8228,8224,8234,8242,823A,8249,8249,8258,8245,8249,8252,8230,8245,823B,822D,8237,822D,8247,824F,8256,824A,8266,8267,826E,8285,829C,829E,82BA,82C6,82CB,82DC,82C9,82D7,82CC,82D2,82D0,82D2,82C3,82AF,82B8,8292,827C,8287,825B,824D,8246,8226,8228,821E,8215,8225,8236,822E,8231,8255,8245,825D,826B,8265,8271,8274,8266,827E,828F,8289,82A2,8296,82B3,82AE,82AA,82AD,82B5,82CF,82AD,82BF,82C4,82A8,82B9,82A5,82AB,829E,8295,829B,8281,8289,8271,8275,825A,8242,8246,821B,820D,8208,81E8,81F4,81E0,81B0,81A4,818F,817D,8167,8158,8132,8102,80E4,80BF,80B3,809C,805F,804A,801B,8001,7FEB,7FBC,7FA8,7F78,7F61,7F45,7F28,7F0A,7EE4,7EE0,7EB2,7E91,7E7F,7E64,7E53,7E41,7E1D,7DFC,7DF9,7DE2,7DC1,7DAC,7D96,7D7F,7D8D,7D65,7D55,7D69,7D47,7D56,7D5D,7D50,7D43,7D4F,7D46,7D4B,7D4A,7D3D,7D50,7D53,7D40,7D49,7D52,7D40,7D5B,7D49,7D3E,7D52,7D5F,7D5F,7D60,7D6A,7D6F,7D7A,7D86,7D8B,7DA0,7DAA,7DB2,7DCC,7DDB,7DDE,7E10,7E16,7E18,7E48,7E48,7E68,7E87,7E9B,7EAD,7EBC,7EC2,7EBE,7EDB,7EC9,7EE5,7F0D,7F0D,7F1C,7F35,7F4C,7F5C,7F80,7F89,7FAC,7FC2,7FB2,7FD2,7FF3,7FF8,800D,8026,8022,8032,803F,8045,8041,803F,803F,8057,8056,8058,8064,806D,8068,8065,8071,8070,8087,808A,808B,80A2,808F,8092,80A2,8097,8098,809F,809A,8092,80AB,808F,808E,808E,806F,8064,806B,806C,8057,805D,8053,8040,804B,8033,803D,8048,8033,803D,804F,8034,8033,803F,8030,8041,8036,8047,8049,804F,8038,8026,8027,800B,8012,800E,7FF8,7FFD,8003,7FE9,7FFD,7FF5,7FEA,8002,7FFB,8005,8011,8017,8018,8023,8022,802B,803E,8027,8020,801E,8017,8012,8010,8011,8012,800A,8001,7FF5,801A,801B,8028,8048,8040,8062,8077,808D,80A1,80AE,80C1,80B8,80D3,80C9,80D9,80ED,80ED,810C,810C,8111,811C,8118,810C,8124,8112,810B,810E,8107,8103,8104,810E,80FA,8103,80FA,80EF,80FA,80E8,80D7,80D7,80C5,80B1,80BC,80AA,8098,809E,8095,808C,8089,8086,8089,80AD,809E,80AB,80C8,80C8,80DB,80D1,80DB,80DE,80E5,80EB,80E2,80E4,80D8,80CE,80CB,80C6,80E4,80ED,810C,8127,8138,814F,8146,815D,8176,8168,8177,8189,8191,81B2,81B0,81BE,81B5,81C2,81D8,81C1,81CC,81BB,81BE,81C2,81C8,81D9,81BC,81D2,81DD,81DF,81EB,81E6,81E2,81E7,81F3,81F3,81F4,81E7,81E5,81D8,81CF,81C3,81D1,81DB,81D2,81DE,81CA,81E6,81F1,81F9,8213,8214,8225,8229,823A,824A,824D,826B,8268,8283,828C,8282,8274,826B,8271,8297,8281,8272,82A7,8290,82AE,82AD,82AD,82AA,82AC,82A2,82AA,82B9,82C4,82D1,82E3,82F1,830B,8317,833C,8355,835C,838A,838F,83B2,83D2,83F2,8404,8418,8431,840D,842E,841E,8400,8404,83DF,83C8,839F,8378,8356,8324,82EA,82B8,8270,8231,81E1,819C,813E,80F8,80B8,8055,8005,7FA0,7F3D,7EDD,7E8F,7E32,7DD4,7D7A,7D18,7CBF,7C7B,7C12,7BC4,7B85,7B37,7B18,7ACE,7A85,7A5C,7A2C,79FF,79E1,79CB,799E,7993,7984,7961,7978,7967,7950,795E,794C,7939,7941,7944,7965,797A,797F,799F,79AD,79BC,79C5,79ED,7A02,7A05,7A1A,7A1E,7A35,7A46,7A42,7A59,7A5B,7A64,7A83,7A80,7A96,7AA3,7AA3,7AC4,7AC0,7AD9,7AEC,7B14,7B4E,7B47,7B7C,7BA2,7BCA,7BF7,7C24,7C5B,7C87,7CC7,7D00,7D35,7D6A,7D92,7DE4,7E21,7E4F,7E8D,7EC0,7EEA,7F31,7F5A,7F81,7FC2,7FDE,801A,8035,8057,806E,8090,80A4,80AA,80C5,80C3,80D2,80D6,80C2,80C9,80C3,80A9,80AB,809F,8081,807D,8070,8062,8058,8041,8031,8029,8030,801C,8007,8006,7FE8,8008,7FFE,8003,8019,8017,801F,802C,803D,803E,8052,804F,8066,8069,8072,8089,80A7,80B8,80BA,80D8,80D5,80CA,80E4,80D2,80DF,80E8,80D1,80E0,80E1,80CD,80BD,80C4,80A6,809E,809C,8074,8081,8074,8051,8044,802E,800F,8008,7FFA,7FD2,7FC3,7FAD,7F92,7F95,7F8D,7F79,7F76,7F80,7F60,7F80,7F73,7F74,7F98,7F8B,7F8B,7FA0,7FA9,7FAB,7FC9,7FB7,7FC2,7FDC,7FE1,7FE7,7FF9,8002,8000,800F,7FFE,800A,800A,8004,8018,8008,7FF0,800A,8009,7FE3,7FE5,7FDB,7FD3,7FC4,7FB8,7FA7,7FAA,7FB3,7F8A,7F86,7F89,7F76,7F7D,7F7D,7F7E,7F79,7F7F,7F72,7F7A,7F76,7F74,7F62,7F7A,7F74,7F77,7F74,7F63,7F79,7F77,7F79,7F8B,7F96,7F95,7FB2,7FA2,7FB1,7FC7,7FC0,7FCE,7FE1,7FEA,7FEC,8003,7FF7,7FFD,8000,7FEC,7FF8,7FFB,7FFC,7FEB,7FED,7FD4,7FD7,7FE7,7FCC,7FCE,7FC2,7FB9,7FC0,7FC0,7FAC,7FB6,7FB8,7F94,7FA0,7F8D,7F81,7F89,7F8D,7F7D,7F74,7F79,7F5E,7F66,7F45,7F41,7F56,7F49,7F4D,7F61,7F69,7F73,7F81,7F86,7F99,7FBC,7FD1,7FDD,7FF6,7FEE,8003,801F,802B,8038,8040,8044,804C,805D,8054,8057,8057,8060,8055,805C,8051,804A,8050,8035,8036,8025,8028,8019,8019,801B,8015,8015,7FFE,8019,7FFF,7FFC,7FFB,7FD6,7FCB,7FA5,7FA9,7F99,7F76,7F6B,7F4D,7F34,7F36,7F08,7EF5,7ED8,7EB6,7EBE,7E9D,7E82,7E66,7E5D,7E4A,7E43,7E47,7E38,7E41,7E3A,7E35,7E47,7E2B,7E40,7E43,7E37,7E52,7E3F,7E5A,7E58,7E65,7E6F,7E7B,7E9F,7EA7,7EC8,7ED8,7ED9,7F12,7F1A,7F28,7F3E,7F3F,7F63,7F70,7F70,7F76,7F80,7F94,7FA1,7FAA,7FBC,7FBB,7FCD,7FD9,7FE0,800A,8018,8034,8034,8062,8072,8083,8085,80A0,80CF,80B7,80DE,80DD,810A,8120,813B,8150,8158,8178,818B,81A9,81DA,8209,8229,824D,8280,82AF,82D8,8302,8318,8343,8360,8370,8389,83AB,83B2,83B7,83DE,83E0,83E4,8404,8406,840E,8419,8430,8440,843C,8440,8456,8468,845E,8467,846D,845F,8463,8463,8459,8452,845A,843C,8451,8442,8445,845A,8449,8450,8468,8486,848D,84B5,84CE,84D3,84E2,84F3,84FA,852C,8528,8531,8554,855C,857B,8584,858C,85A5,85B1,85B6,85C4,85D4,85F0,860C,8636,865E,8665,86AF,86C1,86E1,8715,8707,8741,873D,8750,875D,8733,872C,8720,8705,86DC,86BE,8695,8662,861C,85E8,8592,855C,84F4,8477,8438,83B2,8340,82D8,824C,81D9,8170,80DC,8053,7FD2,7F64,7ED3,7E6E,7DF7,7D80,7D17,7C93,7C3B,7BF1,7B9C,7B46,7B04,7AA4,7A6E,7A33,79FC,79DF,79B2,7988,797E,7973,7953,7947,793A,791C,7925,7935,7919,7939,7935,793C,794B,7943,7945,7941,7955,7952,7977,796E,7974,798D,7993,79A0,79AF,79BA,79C3,79DC,79EA,7A0C,7A2F,7A36,7A5F,7A6E,7A93,7AB2,7AE5,7B04,7B2E,7B81,7B99,7BE9,7C37,7C6A,7CB1,7CFF,7D2D,7D7D,7DD4,7E09,7E60,7EB2,7EF2,7F48,7F90,7FCA,800A,8039,805C,80AA,80CE,80DD,8120,8124,813A,8146,8143,814B,8154,8152,812E,8134,8113,80FA,810A,80C4,80B1,80A5,8071,805C,8037,800C,7FFE,7FEA,7FBA,7F8F,7F94,7F69,7F48,7F3A,7F19,7F1B,7EFE,7EE3,7ED9,7ED2,7EC3,7EC4,7EBB,7EA4,7EAC,7EB0,7EA7,7EAA,7EAA,7EAC,7EBC,7EC1,7EBB,7EB7,7EA5,7EA8,7EAE,7EAE,7EAD,7EC2,7EB7,7EA6,7EB1,7EBB,7EA1,7EA9,7EB2,7EAA,7EB2,7EAF,7EB9,7EC7,7ECC,7ECD,7EE1,7EDF,7EE0,7F06,7F0C,7F20,7F4A,7F52,7F65,7F93,7FA7,7FD0,7FEB,8011,8043,8053,8067,8088,80B8,80C0,80F9,811E,812D,8156,8174,8180,81A7,81CD,81D6,81FC,8202,820E,8233,8228,822F,8249,8242,823A,8246,8232,8211,8219,8218,81F1,81E9,81C8,81BD,81C0,8181,817D,817C,8156,8135,8135,810C,80FE,80ED,80BE,80C0,80AB,8090,8078,806B,8052,8050,8041,8027,8028,8015,8010,8014,801D,8000,7FF9,7FEE,7FDD,7FE1,7FC8,7FC6,7FBF,7FBB,7F9E,7F98,7F97,7F82,7F98,7F8B,7F88,7F8A,7F83,7F6F,7F56,7F5F,7F5B,7F56,7F57,7F58,7F57,7F59,7F5A,7F5D,7F5C,7F57,7F5D,7F53,7F51,7F55,7F59,7F4F,7F49,7F4E,7F40,7F4C,7F41,7F38,7F3D,7F28,7F2A,7F25,7F01,7EF8,7EEE,7EBD,7ECD,7EB2,7EA9,7EAA,7E92,7E8C,7E66,7E58,7E2F,7E26,7E28,7E13,7E21,7E06,7E00,7DFB,7DDF,7DDC,7DDE,7DE6,7DE9,7DE8,7DEB,7DFF,7DFA,7E08,7E08,7E0B,7E23,7E22,7E35,7E34,7E47,7E54,7E6C,7E8E,7E99,7EB3,7EC2,7ED2,7EFC,7F07,7F1D,7F3C,7F4A,7F69,7F7F,7F96,7FAC,7FC0,7FDA,7FF0,7FFB,8038,7FF3,8023,804F,8033,8069,806B,8084,809E,80AE,80C1,80C8,80DE,80EC,810B,812A,813D,8164,8173,81A7,81BE,81CF,81E2,81FB,81FF,8210,823D,823A,826C,826F,8281,829B,82AB,82CB,82CF,82F0,82F5,8314,832A,8336,835D,8363,8381,83A7,8397,83B2,83CB,83CE,83EC,83F8,8404,8411,842B,8439,843F,8451,846F,8480,84A3,84A6,84C2,84DF,84CF,84EA,84F3,8502,8512,8520,8531,8547,8560,8562,857A,8599,85A5,85AB,85B1,85B5,85C5,85CF,85D2,85E8,85DC,85E3,85FB,85FA,860A,860F,8639,8641,8658,8679,8681,86AC,86B1,86C8,86FE,86F0,870F,8735,873F,8764,8781,8796,87B0,87C4,87D3,87F2,8811,8826,8836,8861,886A,8895,88AE,88BF,88F2,88F4,88ED,88FB,8907,8902,8906,88EE,88C4,8899,886D,8813,87DA,877D,871F,86DA,8663,85E8,8569,84E2,8439,83A5,82F4,8236,81AB,80F9,8037,7F98,7ED5,7E31,7D84,7CDD,7C39,7B8F,7AF2,7A5A,79DE,795F,78F3,7885,7816,77D6,779A,7745,7700,76ED,76B0,768E,7685,766E,7673,7663,7657,7649,765C,7657,766C,767E,7683,76A4,76AA,76C5,76E6,76E5,76E7,76FB,770D,7705,7720,7720,771C,7740,7735,7757,7778,7793,779A,77C1,77EC,7802,7847,7872,78B3,78F2,7933,7989,79E2,7A2E,7A67,7ADA,7B2B,7B96,7BFE,7C55,7CDF,7D49,7DB9,7E24,7E98,7EEB,7F4E,7FC2,7FEA,8051,8080,80B4,80FA,8121,8147,816E,8187,816F,817D,817E,8167,8161,8141,8116,8101,80D1,8080,8052,8030,7FF3,7FC8,7F82,7F3F,7F12,7ECC,7E8E,7E6B,7E43,7E08,7DE2,7DB1,7D8C,7D88,7D70,7D56,7D3A,7D2A,7D20,7D20,7D03,7D00,7D0F,7CEB,7CE4,7CED,7CD4,7CD4,7CDA,7CBD,7CBA,7CB8,7C9B,7C94,7C8E,7C6E,7C51,7C37,7C27,7C06,7BF4,7BC3,7BBB,7B9F,7B8A,7B8B,7B71,7B5F,7B56,7B5F,7B53,7B74,7B6B,7B67,7B90,7BB3,7BDB,7C08,7C20,7C3A,7C75,7CAD,7CD4,7D07,7D46,7D85,7DCB,7E0D,7E4D,7E8C,7ECA,7F08,7F4F,7F7C,7FB7,7FEE,8006,8043,8076,8079,8095,80B7,80AC,80C4,80DE,80CD,80D4,80C0,80BC,80BD,809A,808B,8076,8078,805A,803B,8038,8016,8012,8000,7FE0,7FD6,7FC0,7F95,7FA0,7F93,7F7C,7F7D,7F6E,7F6F,7F63,7F67,7F43,7F4A,7F59,7F45,7F50,7F43,7F38,7F2B,7F26,7F2D,7F20,7F09,7EFA,7EE5,7EBF,7EA5,7E7F,7E5A,7E33,7E13,7DEA,7DCD,7DC4,7D9F,7D8A,7D6D,7D47,7D36,7D15,7D05,7CF2,7CD3,7CD4,7CBD,7CB2,7CB4,7CA1,7CB8,7CBC,7CD0,7CEF,7D03,7D34,7D35,7D5F,7D86,7D91,7DC9,7DD6,7E09,7E3C,7E52,7E90,7EBC,7EE4,7F06,7F1B,7F3F,7F45,7F4D,7F77,7F76,7F78,7F76,7F71,7F7B,7F73,7F5B,7F5A,7F50,7F3D,7F29,7F00,7EED,7EDE,7ECF,7EAB,7EAC,7E88,7E64,7E67,7E43,7E41,7E22,7E17,7E12,7DFF,7DF9,7DD8,7E14,7DEC,7DB9,7DCB,7DEF,7E08,7DD7,7DFE,7DFD,7DF9,7E17,7E16,7E12,7E1A,7E2F,7E36,7E39,7E38,7E45,7E4E,7E42,7E4E,7E48,7E58,7E44,7E5D,7E5E,7E4A,7E6A,7E64,7E6A,7E70,7E72,7E7E,7E92,7E9F,7EBB,7EC9,7EE3,7EE7,7F10,7F15,7F3C,7F68,7F72,7FB8,7FE7,7FFC,8033,806A,8085,80A8,80CE,80FB,8118,8157,817B,81B4,81FD,8212,8246,8273,828C,82BF,82E2,8302,8335,834F,8373,838C,83B5,83CC,83EA,83F6,8417,8453,8460,8496,84C0,84D5,84F5,851F,853E,855E,858F,85C4,85F4,861D,8647,866D,86BA,86EB,871D,8767,876B,87BB,87E6,8805,8848,8872,88A5,88BB,88EF,8901,8924,8957,8963,8994,89B8,89CC,8A07,8A02,8A29,8A5F,8A78,8ABB,8AD4,8AF1,8B05,8B31,8B4F,8B53,8B86,8BA9,8BCE,8BF3,8C06,8C52,8C7C,8CA3,8CE3,8D07,8D35,8D63,8DA8,8DD8,8E1E,8E66,8E9D,8EE7,8F3B,8F74,8FD7,9028,9068,90C4,90E5,911E,914C,9183,919B,91BF,91E0,91AC,919B,9163,9117,90AC,9011,8F57,8EA0,8DEF,8D1A,8C54,8B7B,8A81,8992,8894,8791,869D,8576,843B,8323,8200,80E8,7FED,7ECE,7DD3,7CCE,7BE9,7B1D,7A6A,79AC,78FF,7898,7802,77A5,7750,76F3,76B4,7687,7658,7641,763E,7617,7612,7626,7627,764D,7650,7646,765E,768B,7698,76B7,76D6,76CC,7700,771A,773B,7764,777E,777E,778F,779F,77A9,77E4,7803,7822,7863,78A6,78EF,7953,79B2,7A05,7A7F,7AED,7B5B,7BF0,7C73,7CEF,7D79,7E00,7EA2,7F4B,7FD6,8063,8102,8176,820C,82AC,830D,8372,83E0,8432,8488,84D9,84FA,8537,8558,854C,8552,852F,84D6,84AD,8489,841A,83D8,8379,831D,82BF,8260,81F7,818C,8128,80B0,8050,7FDB,7F87,7F2D,7ECF,7E6F,7E2B,7DE6,7D93,7D65,7D20,7CF0,7CCD,7C9E,7C84,7C67,7C46,7C24,7C07,7BDF,7BD1,7BB5,7B80,7B63,7B37,7B07,7AE8,7AAB,7A7D,7A4C,7A2A,79F1,79BE,799A,7957,7932,7907,78E2,78D3,78C1,788D,7878,7863,785B,7878,786D,7890,78B1,78DF,7914,7956,7995,79BE,7A21,7A73,7AD9,7B44,7B99,7BEB,7C61,7CBC,7D18,7D94,7DDE,7E2F,7E8F,7ED4,7F1F,7F6D,7F99,7FC3,7FF5,8011,8032,805D,805A,8065,805E,8053,805D,804E,803A,8011,7FFA,7FCF,7FC4,7FBC,7F92,7F8F,7F65,7F4C,7F4D,7F2B,7F0D,7F0D,7EF2,7EDB,7EDE,7ECD,7EC4,7EAE,7EAF,7E91,7EAB,7EA9,7E9B,7E94,7E63,7E63,7E47,7E3A,7E1C,7DF5,7DDE,7DB0,7D89,7D66,7D16,7CF7,7CCA,7CA0,7C7C,7C36,7C0A,7BE5,7BBE,7B98,7B77,7B64,7B3B,7B1E,7B12,7AFE,7B07,7AEA,7AF6,7B0D,7AFC,7B15,7B33,7B47,7B57,7B70,7B8A,7BB0,7BD5,7C05,7C21,7C42,7C6C,7C98,7CC9,7CC1,7CFB,7D03,7D26,7D4D,7D4E,7D5A,7D4D,7D5B,7D5B,7D62,7D78,7D6E,7D76,7D76,7D7F,7D68,7D62,7D85,7D7A,7D85,7D7C,7D86,7D84,7DB1,7D72,7D67,7D8B,7D68,7D85,7D64,7D58,7D51,7D5B,7D4D,7D4B,7D3F,7D1E,7D2E,7D19,7D1D,7D0F,7CE8,7CDD,7CBE,7CC5,7CA1,7C7E,7C63,7C30,7C2D,7C03,7BEA,7BD0,7BA2,7B82,7B57,7B4C,7B31,7B23,7B09,7AFF,7AF9,7AEC,7AE1,7AD5,7ADC,7AD0,7AE0,7AEA,7B08,7B15,7B1F,7B37,7B3F,7B63,7B87,7B94,7BB7,7BE6,7C11,7C14,7C49,7C67,7C5C,7C9D,7CA7,7CBE,7CE6,7CF0,7D0F,7D2D,7D44,7D46,7D56,7D5F,7D6F,7D90,7D9A,7DB1,7DDE,7DEE,7E09,7E26,7E38,7E5E,7E78,7E83,7EB3,7EC2,7EE9,7F09,7F24,7F43,7F5C,7F8E,7F9C,7FC0,7FE7,8008,8043,8067,808D,80C2,80D1,80FC,813B,8158,8171,819E,81BD,81DB,8204,8229,8248,8279,828E,828F,82BF,82C0,82E9,830D,831E,8343,8384,83B1,83DB,8413,8444,8474,84A5,84DC,8509,853F,856A,859A,85E5,8606,864A,8691,86BC,870D,8746,8775,87AF,8803,882F,8869,88B2,88E3,891A,896A,89A2,89EB,8A2D,8A66,8AB4,8AF0,8B24,8B64,8BB9,8C0A,8C57,8C9F,8CE7,8D2E,8D7A,8DD7,8E41,8EAA,8F03,8F69,8FE1,9057,90E3,913F,91B3,924F,92CD,9364,93E0,945E,94DC,955B,95AB,95E9,962A,9618,95ED,95A8,9531,948A,93B8,92AC,918C,905D,8F0F,8DD6,8C89,8B26,89D6,8875,86F7,8575,83F6,8279,811B,7FD0,7E72,7D3C,7BF8,7AE4,79FC,7925,7852,77A3,7720,76A4,7681,765B,7647,7662,766C,76A0,7719,775B,77C5,7825,7881,78FF,798D,79EF,7A52,7ABE,7B06,7B82,7BE1,7C36,7C74,7CB6,7CF0,7D47,7DA7,7DE1,7E26,7E5F,7E91,7EC4,7F00,7F27,7F61,7FA6,7FE2,8070,80DC,8149,81E3,8264,82F4,8398,8435,84C1,855D,85F7,867E,8726,87A4,8816,8878,88CD,891D,8959,897D,897D,8975,893A,88FB,88B5,8838,87BF,8734,868F,860A,8572,84A3,83DF,8305,8230,8153,807B,7FBB,7EE0,7E2F,7D80,7CF2,7C7D,7BFE,7BA3,7B59,7B12,7AE0,7AB8,7A84,7A6B,7A68,7A6A,7A90,7AAB,7ABF,7AF3,7B1F,7B3D,7B6E,7B8D,7B9E,7BCA,7BDF,7BFA,7C13,7C1C,7C26,7C39,7C40,7C4D,7C55,7C48,7C46,7C60,7C66,7C7C,7C93,7C97,7CCF,7CF0,7D26,7D68,7DA7,7DF0,7E42,7EAE,7F04,7F77,7FE4,803D,80AB,811E,8183,81F5,8245,8298,82FB,835B,83A3,83D2,8405,8408,8427,840C,83E8,83DA,839B,8357,830E,82B9,825E,81F1,8186,811D,80BA,803F,7FBF,7F65,7EF2,7E82,7E24,7DB7,7D70,7D29,7CD0,7CA2,7C76,7C5E,7C4F,7C3A,7C23,7C1E,7C24,7C0B,7C2C,7C2F,7C3E,7C65,7C7F,7C94,7CA3,7CA5,7CB5,7CB3,7CCE,7CD5,7CD0,7CCB,7CA0,7CB7,7C9A,7CAF,7CA0,7C80,7C93,7C77,7C7E,7C86,7C8E,7C93,7CB2,7CC9,7CDF,7D0F,7D4E,7D6F,7DAD,7DFD,7E3B,7E97,7EC5,7F1A,7F5E,7FAA,7FF7,8025,8073,809A,80C8,80F7,8112,8128,8126,8136,8130,8112,80FB,80CB,8086,8036,803B,7FDA,7F81,7F33,7EDB,7E98,7E2E,7DE5,7D85,7D42,7CF9,7CBF,7C84,7C37,7C01,7BCC,7BBD,7BA3,7B81,7B75,7B5E,7B54,7B63,7B5C,7B66,7B68,7B6F,7B77,7B94,7BB4,7BB6,7BC6,7BCB,7BC9,7BDB,7BE2,7BC4,7BD5,7B9F,7BA0,7BAB,7B93,7B67,7B49,7B41,7B0F,7B14,7AF4,7AE1,7AF0,7AE4,7AE9,7B02,7ADE,7AD2,7AFB,7AFF,7B07,7B27,7B42,7B76,7BA1,7BDD,7C12,7C27,7C52,7C7A,7CBC,7CE4,7D0D,7D46,7D3F,7D6B,7D87,7D98,7DA7,7D91,7D84,7D85,7D7F,7D72,7D70,7D42,7D22,7CFB,7CE6,7CB1,7C99,7C79,7C41,7C46,7C29,7C05,7C0E,7BE5,7BE7,7C02,7BEC,7C00,7C04,7C02,7C04,7C0D,7C30,7C36,7C52,7C6C,7C68,7C9A,7CA9,7CC6,7CE0,7CEB,7D0E,7D15,7D1B,7D45,7D5F,7D6E,7D86,7DA6,7DA5,7DC6,7DE6,7DE7,7E03,7E15,7E23,7E3D,7E6C,7E8A,7EB4,7ECE,7F01,7F49,7F77,7FBB,8001,804C,8077,80C8,8103,8136,818D,81D6,820E,8266,829B,82C3,8319,833B,8386,83B7,83D8,8417,8434,8468,847B,84A7,84B8,84C3,84F1,84E1,8503,8508,84FB,8519,8531,853E,8559,8578,8579,85AC,85C9,85E6,861C,8649,8671,86AA,86E6,8707,8774,87A1,87D2,8822,8851,88B7,88FC,893F,897B,89E0,8A32,8A60,8AB6,8AE3,8B36,8B85,8BBF,8C0D,8C59,8CA0,8CD9,8D63,8DC8,8E22,8E93,8EC4,8F1B,8F6A,8F93,8FBD,9002,900D,9010,9015,8FC3,8F90,8F30,8EAC,8E09,8D34,8C34,8B0E,8A0A,88CC,879D,8663,8521,83FC,82BF,8199,808B,7F6D,7E4A,7D43,7C41,7B69,7AB2,79E9,7937,78A7,782C,77F2,77BD,77AF,779D,77AB,77E9,782F,7896,78DD,7925,7983,79EA,7A61,7AE2,7B34,7B8C,7BDD,7C26,7CA2,7D0E,7D57,7DA5,7DD4,7DFF,7E4A,7E9B,7ED8,7F24,7F62,7F8E,7FF2,8052,809B,8107,8169,81B1,8236,82A4,8304,8364,83C3,8437,84B6,8531,8592,85FD,8652,86A4,86F5,8727,8734,873D,871E,86F7,86DB,8686,8629,85D9,8570,8510,84A8,8404,8362,82D1,821D,817C,80EE,8041,7FA0,7F0A,7E72,7E01,7D9A,7D33,7CE6,7CA9,7C59,7C3D,7C29,7BF9,7BF7,7C05,7BFD,7C0C,7C34,7C49,7C87,7C9B,7CB0,7CF7,7D27,7D44,7D65,7D81,7DA0,7DC3,7DD9,7DE5,7E01,7E04,7DF8,7E21,7E38,7E5B,7E7F,7EA6,7EC3,7EF2,7F1A,7F45,7F83,7FB0,7FF4,804A,809D,80F5,8165,81C2,8232,82A1,82F8,8344,8392,83D7,840E,8446,846E,8490,84AF,84B3,84B2,84A8,8496,848A,8452,8412,83E0,8382,8331,82C8,824A,81F8,8191,814A,80EE,8077,802A,7FDF,7FB3,7F79,7F41,7F12,7ED0,7ECB,7EB4,7E9F,7EA3,7E85,7E8A,7EA4,7E95,7EB5,7EAB,7EC0,7EC7,7EB3,7ECB,7EBB,7EB8,7EAA,7EAD,7E9A,7E7C,7E79,7E76,7E5F,7E64,7E59,7E4D,7E5C,7E43,7E4C,7E64,7E70,7E90,7E9C,7EC7,7EF2,7F29,7F55,7F82,7FC3,7FF6,803B,8078,80B0,80DB,80F5,812C,814E,81A2,81B8,81A0,81E4,81E0,81EF,81E8,81EA,81C3,81A1,8179,815C,813C,80F9,80DD,8096,8067,802F,7FF4,7FB8,7F82,7F55,7F29,7F10,7EE4,7EB4,7E9C,7E73,7E4D,7E3A,7E0F,7DEA,7DE4,7DC5,7DB4,7DA6,7D9A,7D8A,7D6F,7D61,7D4C,7D31,7D34,7D1A,7D0B,7CFB,7CDF,7CD9,7CA6,7CB3,7CAF,7CAA,7CA9,7CAA,7CA6,7CB3,7CC6,7CCB,7CDF,7D03,7D2F,7D4E,7D7C,7DA2,7DE1,7E11,7E3F,7E7D,7EA7,7EC8,7F0E,7F2B,7F37,7F4E,7F64,7F57,7F42,7F3E,7F23,7F24,7F09,7EDE,7EC5,7E7F,7E4C,7E2C,7DF8,7DD9,7D96,7D6A,7D33,7D02,7CEB,7CBD,7C8F,7C52,7C2E,7C12,7BF0,7BC7,7BB7,7B8A,7B97,7B94,7B8B,7B99,7B73,7B66,7B73,7B81,7B8B,7B8F,7B87,7B7F,7B82,7B8E,7B98,7B9B,7B7B,7B7B,7BA4,7B8A,7B94,7B92,7B76,7B6E,7B6B,7B85,7B86,7B84,7B8D,7B8F,7BBC,7BC9,7BC8,7BE4,7BEA,7C12,7C2A,7C43,7C6A,7C81,7C9E,7CC4,7CF4,7D0A,7D37,7D5F,7D73,7D87,7DAD,7DAC,7DBE,7DD7,7DD8,7DEC,7DFF,7E00,7E0E,7E2C,7E29,7E41,7E4B,7E52,7E73,7E86,7E8F,7EAB,7EB9,7ED3,7EEF,7F01,7F23,7F40,7F70,7F8E,7FC0,7FE5,7FFA,802A,8044,8083,80BD,80CA,80F6,8123,8141,8177,81AB,81C8,81E9,8227,8239,8263,829E,82B1,82D9,82F9,8312,8332,8366,8392,83AD,83CD,83FB,8424,8455,8471,8496,84CC,84DC,8512,852B,8547,8597,85B9,85F7,863E,8689,86C5,8729,877A,87AB,87FF,8849,888C,88C6,8905,8935,897B,89B5,8A0E,8A6E,8AAF,8AED,8B48,8B81,8BBC,8C22,8C5C,8CA1,8CFA,8D3A,8D9D,8DFB,8E37,8E4F,8E71,8E7E,8E90,8E97,8E63,8E25,8DA7,8D1B,8C87,8BC8,8ABB,89A1,8875,8732,8618,84E5,83A1,827C,8163,8051,7F83,7EA9,7DC7,7CEF,7C38,7BB1,7B36,7ACA,7A60,7A0C,799D,797C,7981,7977,7982,7997,79B8,7A02,7A44,7A7D,7AC5,7AED,7B20,7B56,7B98,7BC6,7BCC,7BEE,7BED,7C21,7C42,7C5A,7C7B,7CAB,7CD3,7D17,7D6C,7DA5,7DFD,7E5A,7EBD,7F22,7FA5,8014,80AA,8128,819E,8232,82AD,8310,838A,83ED,8451,84A2,84DA,8504,853D,8551,853A,852E,84FF,84CF,848D,843F,83CB,8343,82CA,8230,81BD,8130,80A3,8028,7F9A,7F27,7ED4,7E94,7E21,7DEC,7D98,7D66,7D43,7D10,7CEC,7CCE,7CA0,7CA7,7CB4,7CA5,7CAE,7C93,7C89,7C88,7C86,7C73,7C5D,7C55,7C4D,7C41,7C35,7C19,7C19,7C06,7BE2,7BF8,7BF8,7C02,7C1E,7C39,7C6B,7C99,7CD8,7D01,7D32,7D97,7DF0,7E58,7EBA,7F16,7F94,7FF8,8068,80D0,8129,819C,81D5,8233,827A,8292,82DA,82DE,82F7,8303,8304,830E,82E8,82CA,82B7,8286,825E,8228,81F4,81CC,8191,815E,8116,80FB,80C6,8099,8095,806F,8064,803B,801D,8022,8001,7FFB,8003,7FE9,7FD0,7FCF,7FBB,7F9B,7F80,7F65,7F38,7F06,7EED,7EC4,7EA3,7E85,7E5F,7E3E,7DED,7E0B,7DFB,7DC1,7DC4,7D9E,7DB1,7DAF,7DCB,7DF3,7DFE,7E1A,7E3B,7E6F,7EA1,7ED9,7F15,7F41,7F8C,7FC2,7FFC,803F,8061,808A,80C2,80E8,8117,8133,814B,8161,8159,8163,8160,814E,8130,8127,811E,80F7,8105,80ED,80CD,80C3,80B6,80B9,80B7,80B0,8099,8097,80AB,80A5,809C,80A1,8088,8095,8093,8085,8098,8062,804A,8035,800D,7FE9,7FAE,7F79,7F26,7EF1,7EAE,7E7D,7E5A,7E0A,7DDE,7DB2,7D85,7D6C,7D53,7D36,7D0E,7D06,7D01,7D02,7CFB,7CE5,7CF2,7D0C,7D0F,7D2A,7D4A,7D5F,7D92,7DB0,7DDA,7DFE,7E15,7E33,7E56,7E84,7E95,7EA4,7ED0,7EBF,7EED,7EF6,7EF7,7F42,7F21,7F1E,7F1F,7F2E,7F2A,7F1F,7F06,7EE2,7EE6,7EE8,7EC4,7E9C,7E6D,7E40,7E47,7E1C,7DFE,7DD1,7D9D,7D95,7D70,7D6B,7D4F,7D3A,7D1D,7D0B,7D2F,7D1F,7D11,7D01,7CE5,7CFB,7CF4,7CD3,7CC4,7CB0,7CA1,7C8E,7C88,7C76,7C69,7C63,7C52,7C6C,7C6F,7C6D,7C8A,7C82,7C81,7C91,7C91,7C93,7CAA,7CA1,7CAD,7CC4,7CCD,7CEA,7CF3,7CFC,7CFD,7D38,7D4F,7D4A,7D6F,7D77,7D93,7DB8,7DBD,7DC9,7DDA,7DFC,7E0C,7E2D,7E3C,7E58,7E84,7E82,7EAA,7EB7,7EB3,7ECF,7EF1,7EFC,7EFB,7F17,7F1B,7F43,7F60,7F6B,7F82,7F9A,7FAD,7FBB,7FD4,7FCA,7FEC,7FFE,8003,8021,8030,804E,8063,8080,809B,80C1,80DD,80F1,8138,8146,8160,819D,81B3,81EA,8228,824A,828A,82CC,82E3,8307,8340,835F,8393,83BA,83D3,83E6,840C,8413,842C,8466,8463,848C,84AB,84B0,84EA,8509,8522,855E,858B,85A4,85DC,8613,8642,868E,86B9,86E3,8730,876E,87A7,880A,8840,8862,889F,88ED,892C,8973,89A0,89E7,8A34,8A6C,8AAD,8AD4,8AFE,8B42,8B87,8BB4,8BF6,8C3B,8C6E,8CB9,8D03,8D2C,8D6D,8DA1,8DAB,8DBE,8DC2,8D9F,8D5F,8D24,8CD3,8C45,8BAE,8AEE,8A2A,893D,882F,8730,862A,851C,83FE,82F1,81E9,811D,8065,7F89,7EF7,7E70,7DF2,7DC8,7D8E,7D61,7D55,7D58,7D53,7D68,7D8B,7D9D,7D94,7D88,7DA4,7DC1,7DB8,7D98,7DA2,7D90,7D8D,7D91,7D62,7D51,7D48,7D3C,7D35,7D4F,7D38,7D35,7D3A,7D52,7D95,7DD1,7DF4,7E47,7EB2,7F20,7F9D,8010,8098,8139,81B4,8229,82BE,8321,837E,83D5,841C,8460,8479,846C,8451,8442,8413,83F5,83B6,834B,82F8,82BC,8266,81FD,81B5,8149,80ED,80AD,8071,8034,7FFC,7FB6,7F9B,7F9A,7F7B,7F55,7F50,7F52,7F41,7F42,7F25,7F1E,7F0E,7EED,7EE2,7EC6,7E94,7E48,7E0A,7DDD,7DA0,7D55,7CFB,7CB3,7C8B,7C46,7C28,7C02,7BD5,7BCD,7BC5,7BD2,7BF8,7C15,7C45,7C86,7CDA,7D2D,7D78,7DC1,7E0C,7E77,7ECF,7F22,7F6F,7FB0,7FF3,8035,807D,80B1,80BA,80D0,80E1,80F2,80FA,80F0,80E7,80C4,80D8,80C8,80B7,80B6,8096,80A9,8092,80A4,80B9,80AC,80C6,80D9,80F3,8116,8103,813B,8129,810B,815C,8139,8135,8115,8100,80E3,80AC,808B,804C,800A,7FE4,7FA1,7F50,7F12,7ED7,7EA1,7E6D,7E4E,7E17,7DFF,7DD5,7DC5,7DD3,7DAF,7DB5,7DAC,7DCA,7DDE,7DFD,7E2B,7E32,7E56,7E70,7E8B,7EB0,7EC4,7ED8,7EF0,7EFB,7F0E,7F17,7F03,7F07,7F07,7EF8,7EF2,7EED,7EED,7EDF,7EE2,7EF7,7F0D,7F1D,7F1D,7F30,7F42,7F77,7F94,7FAE,7FD8,7FEC,8018,8025,8045,806B,8058,8072,8089,8085,808B,807D,8064,8063,804D,8024,8007,7FF8,7FC5,7F93,7F7F,7F3E,7F29,7F05,7EC3,7EB4,7E87,7E75,7E64,7E3F,7E2F,7E10,7DF8,7DD4,7DC3,7DAD,7D8D,7D8F,7D76,7D59,7D5E,7D58,7D30,7D32,7D08,7CDD,7CDB,7CB0,7CAE,7C9C,7C88,7C87,7C7C,7C7A,7C68,7C7B,7C7D,7C8C,7CB2,7CBB,7CE1,7CFF,7D09,7D3B,7D4C,7D5B,7D86,7D92,7DB8,7DDF,7DF1,7E05,7E2A,7E53,7E53,7E69,7E70,7E6E,7E82,7E75,7E71,7E6A,7E55,7E41,7E2D,7DFE,7DE4,7DC9,7DB1,7D98,7D84,7D71,7D3E,7D34,7D18,7D03,7D08,7CE4,7CDF,7CD4,7CBD,7CC5,7CC5,7CB4,7CAD,7CA9,7C98,7C98,7C86,7C5A,7C34,7C19,7C00,7BE1,7BC9,7B9E,7B87,7B7F,7B74,7B8E,7B7B,7B89,7B8A,7BA7,7BAC,7BC1,7BE7,7BDE,7C12,7C29,7C4A,7C59,7C73,7C72,7C9A,7CAC,7CAA,7CD4,7CCA,7CEE,7D0C,7D02,7D12,7D30,7D48,7D35,7D5E,7D56,7D5B,7D6C,7D55,7D6A,7D68,7D6A,7D5B,7D6D,7D8B,7DA4,7DC7,7DB4,7DD9,7DEE,7DEF,7E1B,7E31,7E42,7E63,7E94,7EA3,7EBF,7EDB,7EDA,7F0A,7F14,7F18,7F29,7F3C,7F3D,7F59,7F79,7F81,7FB5,7FC1,7FE0,800F,802F,804F,8092,80C7,80E9,8121,8143,816E,81A7,81BA,81E9,8226,8248,8264,828F,82A5,82C7,82F1,82FC,8327,833C,834E,8370,838D,838C,83A0,83DC,83EB,841D,8434,843D,8477,84A8,84C2,84F5,8514,8526,8563,859A,85C5,85FE,863D,867A,86C8,86FE,8749,8791,87C3,87E9,8839,8863,8889,88DB,88E6,8926,8954,8986,89A0,89E8,8A1D,8A43,8A92,8AB7,8AFF,8B3B,8B6C,8B99,8BD8,8BE1,8BF3,8BD4,8B9F,8B7D,8B26,8AA1,8A06,8984,88C7,8801,872D,862D,8551,8466,8371,8298,81D7,8107,8080,800D,7F98,7F44,7F07,7EE8,7EE6,7EE1,7ED8,7EE3,7EDA,7EE6,7EE2,7EC4,7EAB,7E85,7E4A,7E25,7DE5,7D9C,7D5A,7D2A,7CDF,7CA0,7C7D,7C47,7C3A,7C2C,7C4A,7C5A,7C71,7CA9,7CDB,7D36,7D77,7DD7,7E2B,7E6F,7EE1,7F45,7F94,7FFC,8055,80A6,80FD,814F,8182,81AF,81E7,81FA,8209,820D,8214,8213,81F0,81D0,81BE,818A,8162,8124,80F9,80E8,80C9,80CA,80AC,80A9,80A7,80A6,80C4,80BD,80C5,80C6,80C6,80DE,80AF,809D,8094,8070,8065,802C,7FED,7FB0,7F5F,7F26,7ED9,7E94,7E34,7DE2,7DB2,7D65,7D2F,7CED,7CCB,7CB6,7C8C,7C8F,7C8E,7C84,7CB0,7CB8,7CE7,7D07,7D31,7D4D,7D78,7D8B,7DE2,7E17,7E23,7E59,7E69,7E94,7E99,7EC9,7EAF,7ECE,7ED0,7EC2,7ECC,7EC8,7EDF,7EDB,7EEE,7F10,7F1B,7F34,7F65,7F87,7FC3,7FEC,801D,804F,8079,80B6,80DA,810F,8125,8151,816B,815F,8171,816D,8153,8159,8140,811E,8116,80E1,80CD,80B0,8075,805A,802F,800A,7FFB,7FE4,7FCF,7FB2,7FB4,7F9F,7FB5,7FB1,7F93,7FBA,7FB6,7F9D,7FAC,7FB3,7FB5,7FB7,7F9F,7F97,7F8D,7F7D,7F52,7F40,7F3B,7F17,7F12,7EF8,7ECD,7ED2,7EB3,7EA4,7E98,7E96,7E87,7E8E,7E95,7EA0,7EAE,7EA8,7ECB,7EE2,7F0E,7F2B,7F50,7F59,7F7F,7FB5,7FC8,7FD4,7FE8,7FEC,8001,800A,7FF0,7FF5,7FF1,7FEF,7FE6,7FE7,7FE4,7FD4,7FE6,7FC8,7FD3,7FEA,7FE1,7FFD,7FF8,7FF4,800D,8000,7FFC,801E,8010,8009,800D,800F,8007,7FF7,7FF3,7FD2,7FC5,7FA3,7F76,7F70,7F41,7F16,7EF2,7EB6,7EA3,7E81,7E61,7E4D,7E2C,7E22,7E18,7E21,7E21,7E23,7E2C,7E12,7E14,7E26,7E17,7E19,7E18,7DFB,7E00,7DFD,7DE8,7DF4,7DE7,7DF1,7DEF,7E05,7DEC,7DE7,7DF3,7DDA,7E01,7DF9,7DE4,7E05,7E11,7E0E,7E2A,7E31,7E26,7E3D,7E54,7E4F,7E6C,7E6B,7E6B,7E79,7E7E,7E8B,7EA0,7E93,7E89,7E92,7E6C,7E69,7E49,7E30,7E05,7DDE,7DB4,7D81,7D66,7D24,7D27,7D10,7D0F,7D0B,7D14,7D30,7D48,7D7C,7D84,7DAE,7DC8,7DD2,7DF4,7DF4,7DEC,7DE4,7DCE,7DB0,7DB0,7D95,7D70,7D5A,7D33,7D16,7CF8,7CE5,7CD6,7CE7,7D04,7D03,7D37,7D43,7D5F,7D8C,7D9E,7DC5,7DDD,7DEA,7DEA,7E19,7E22,7E28,7E49,7E3C,7E39,7E4C,7E45,7E43,7E57,7E4A,7E4D,7E64,7E6A,7E7E,7E9B,7E8E,7EAE,7EC0,7EC3,7EDF,7EE7,7EF5,7F09,7F2F,7F2F,7F51,7F54,7F54,7F79,7F83,7F93,7FB4,7FD8,7FCE,7FFE,8008,8007,8039,8046,806C,8093,80AB,80C8,80E1,80E4,810C,8128,812E,8147,816C,8181,8190,81B6,81BE,81E3,8209,821F,824D,827C,829C,82B2,82D8,82ED,830E,832C,833D,8359,8377,8380,839D,83B4,83BF,83EC,840B,8418,8432,8460,8475,84AC,84CD,84E4,8520,8545,8570,85AD,85CB,85E1,861C,8647,8672,86AF,86D6,86F4,8738,875A,878E,87DE,87F8,882C,887A,88BC,88E4,893C,8968,8990,89E4,8A13,8A49,8A5B,8A61,8A63,8A5F,8A3F,8A08,89D6,8984,8932,88C7,884B,87C1,8729,8671,85E9,8574,84C3,8430,83A4,8324,82AD,8260,8207,81B7,8179,8146,8141,8130,810C,80F3,80C5,808E,8065,8013,7FBF,7F76,7F0C,7EB2,7E5E,7DF8,7D9A,7D50,7CFF,7CC5,7CAA,7C82,7C7A,7C79,7C7C,7C9B,7CAB,7CE1,7D11,7D33,7D89,7DCE,7E14,7E60,7E89,7EC4,7EFC,7F07,7F36,7F5A,7F75,7F85,7F81,7F8A,7F93,7F8F,7F90,7F9C,7FA0,7FA0,7FAE,7FC0,7FCC,7FEA,7FF5,8009,8030,803A,8070,807C,8088,80A8,80A8,80B5,80BB,80C2,80A9,809D,809E,8087,8074,804E,801C,8010,7FF0,7FF1,7F88,7F5D,7F5A,7F0F,7EF3,7EC4,7EA1,7E71,7E5C,7E2F,7E25,7DF8,7DEB,7DE4,7DC8,7DC5,7DB4,7DB8,7DC1,7DBD,7DBA,7DBC,7DC0,7DAD,7DA5,7D94,7D7A,7D7C,7D74,7D5E,7D59,7D4A,7D39,7D46,7D47,7D3C,7D43,7D4D,7D58,7D78,7D96,7D9F,7DC2,7DE3,7DEB,7E21,7E43,7E59,7E8F,7EAC,7EBD,7EE5,7EFF,7F15,7F25,7F34,7F30,7F53,7F53,7F58,7F68,7F64,7F60,7F68,7F61,7F67,7F73,7F6D,7F82,7F8B,7F97,7F9B,7FB4,7FC4,7FCA,7FE4,7FE2,7FDF,7FDF,7FEF,7FFD,8002,7FF4,7FF2,7FE7,7FD8,7FCB,7FBE,7FA2,7F8B,7F88,7F6E,7F6B,7F5B,7F4B,7F3E,7F31,7F1C,7F18,7EFC,7EEF,7EE8,7ED7,7ED4,7EC3,7EC1,7EB8,7EAE,7EBC,7E96,7E96,7E98,7E92,7EAA,7E8C,7E93,7E9D,7E90,7E88,7E82,7E88,7E73,7E94,7E9E,7E8C,7EAF,7E99,7E9B,7EC9,7EC3,7ED7,7ED7,7ECA,7EE5,7EE0,7EE2,7EE0,7EEF,7EF2,7EF6,7F00,7EF7,7F12,7F18,7F0B,7F27,7F1D,7F1E,7F29,7F1C,7F21,7F0B,7F0D,7F07,7EFB,7EFF,7EFB,7EEE,7EDD,7ED1,7ED4,7EB0,7E96,7E8E,7E7D,7E6A,7E62,7E53,7E26,7E34,7E2D,7E19,7E15,7E03,7DFF,7E0F,7DF6,7DDF,7DD7,7DD7,7DD1,7DB0,7DAF,7D80,7D7D,7D60,7D60,7D6C,7D3C,7D43,7D41,7D35,7D46,7D56,7D56,7D5B,7D63,7D5F,7D71,7D7D,7D7A,7D86,7D71,7D6E,7D80,7D7B,7D5A,7D70,7D5F,7D50,7D50,7D3B,7D44,7D44,7D4C,7D33,7D4B,7D4A,7D5B,7D77,7D4F,7D7A,7D7E,7D7E,7D95,7D95,7D9C,7D9E,7DB6,7DA2,7D95,7DA9,7D8D,7D8A,7D90,7D6B,7D6D,7D7B,7D6A,7D65,7D70,7D71,7D86,7D99,7D8D,7DBE,7DDB,7DD5,7E08,7E10,7E18,7E45,7E4A,7E47,7E5C,7E4D,7E4C,7E5D,7E4A,7E3D,7E46,7E34,7E2A,7E31,7E2A,7E42,7E60,7E52,7E46,7E69,7E79,7E79,7EA3,7E9A,7E9C,7EBB,7EBA,7EC9,7EE3,7ED2,7EDD,7EE5,7EDD,7EE7,7EEB,7EE2,7EFE,7F0E,7F03,7F22,7F33,7F2E,7F4A,7F4A,7F72,7F8D,7FA5,7FBC,7FD0,7FDD,7FDB,8000,8003,8019,8023,8034,802D,8043,803A,803A,805C,8066,8078,8093,80A9,80C3,80F0,80ED,8108,812C,814C,8162,817F,817F,8185,819C,8185,81A1,81A5,81A1,81A8,81A7,81A7,81AD,81BC,81AE,81CB,81E0,81E7,8204,822D,8248,8267,82A0,82B0,82D9,82F9,8312,8334,833C,8353,8371,8383,838A,83A2,83AB,83A8,83C7,83D7,83E6,8408,8431,8444,8483,84A8,84E7,8512,8545,8581,85A9,85D5,85FF,8634,8654,867C,86A5,86B4,86B2,86C1,86A4,86A0,8695,866B,8636,8614,85F6,85A2,8557,8507,84A8,844E,83E9,8399,8345,82E8,82AD,8261,822B,81FD,81E2,81D5,81BB,81B1,81B1,819E,819C,8181,8190,8173,8142,8149,8110,80E5,80C4,807F,8059,8022,7FEC,7FB5,7F7B,7F51,7F22,7F04,7EF5,7EE9,7EE1,7EE8,7F16,7F1E,7F3A,7F82,7F88,7FBB,7FC8,7FF0,8013,8011,800C,7FE5,8012,7FCF,7FB2,7F9E,7F67,7F55,7F30,7F14,7F02,7EF2,7EEB,7EF2,7EE5,7F15,7F0D,7F26,7F48,7F6E,7F8B,7FB0,7FEB,7FEE,801C,800F,8020,8015,7FFD,7FDF,7FC9,7FB4,7F8E,7F6F,7F49,7F34,7F17,7F16,7F09,7F0B,7F1F,7F18,7F33,7F44,7F53,7F6E,7F75,7F88,7FA1,7FA7,7FA3,7F9B,7F9E,7F8B,7F72,7F65,7F49,7F35,7F16,7EE3,7ECA,7EA4,7E96,7E9B,7E90,7E8B,7E87,7E82,7EA1,7EB9,7ECB,7EE2,7EFB,7EF6,7F17,7F31,7F1F,7F44,7F21,7F18,7F0A,7EF7,7EF5,7EE3,7ED5,7EA9,7EA6,7E98,7E8C,7EA2,7E9F,7E9C,7EAA,7EB0,7EC3,7EE9,7EFF,7F0E,7F35,7F4E,7F51,7F73,7F80,7F7E,7F8D,7F7F,7F98,7F97,7F74,7F74,7F6E,7F57,7F54,7F50,7F44,7F51,7F6E,7F6C,7F7A,7FA3,7FA0,7FC5,7FDA,7FF0,801F,801B,8029,8041,8032,802C,803C,804B,8042,8045,8040,8017,8022,8016,8006,8005,7FE0,7FF3,7FFF,7FF8,7FEB,7FEF,8006,7FFF,801F,8026,8026,8054,8040,803F,8060,8052,8054,8058,804A,8042,8046,8034,8024,8025,8017,800D,8018,7FFE,8004,8010,7FE8,8000,7FF8,7FF2,7FFB,8003,800C,8013,801B,801B,8031,8024,8022,8020,8024,8018,8023,8019,7FFE,801C,7FF6,7FE5,7FE5,7FC8,7FC3,7FC1,7FAA,7F91,7FA9,7F99,7F83,7F96,7F81,7F84,7F8C,7F77,7F70,7F70,7F63,7F75,7F7E,7F71,7F6B,7F70,7F6E,7F64,7F67,7F5E,7F50,7F53,7F46,7F40,7F44,7F2C,7F35,7F23,7F1F,7F28,7F19,7F1C,7F23,7F26,7F0A,7F25,7F26,7F15,7F31,7F24,7F2D,7F38,7F3B,7F32,7F42,7F34,7F2D,7F2F,7F23,7F28,7F1B,7F07,7F02,7F0D,7EFD,7EF6,7EEF,7EDC,7ECC,7ED7,7ECB,7ECB,7ECC,7EBD,7EBF,7ECD,7EBB,7EBC,7EC8,7EBD,7EC9,7EC9,7EC3,7EC7,7ECD,7EBE,7EB9,7EBC,7EBF,7EBC,7EC0,7E9D,7EA3,7E9E,7E8A,7E8C,7E88,7E88,7E97,7E99,7E90,7E9D,7E87,7E8E,7EA7,7EA3,7E9A,7EB2,7EBC,7EB5,7ED1,7EC6,7EBB,7ED0,7EAD,7EAD,7EB5,7EA5,7E9D,7E92,7E9A,7E93,7EA3,7E97,7E97,7EAF,7E9E,7EAF,7EBD,7EB8,7ECC,7ED6,7EC5,7EDA,7EDB,7ECD,7EDE,7EEA,7ED6,7EE0,7EFA,7EE1,7EF0,7EDD,7EE6,7EFF,7EE9,7EF3,7EFD,7EFE,7EFE,7F1D,7F28,7F2B,7F43,7F40,7F40,7F63,7F6C,7F7C,7F8B,7F8D,7F8E,7FB0,7FB5,7FC0,7FD7,7FC8,7FDB,7FD9,7FF9,7FFA,8009,801F,8020,8041,8041,804E,8063,8066,8079,80A0,80AD,80B6,80CA,80CE,80E6,80EA,80F9,8113,811A,812F,8143,8161,816D,818E,8192,8197,819A,81A6,81A5,81C5,81D7,81D4,81FC,8205,821D,824F,8263,8274,828F,829E,82B9,82DA,82F4,82FA,831A,8334,834B,836E,836E,8391,83A3,83AA,83D8,83DE,8403,8423,843A,8458,846C,848B,849A,84A6,84A6,8498,84A4,8492,8496,848B,8466,846A,8447,843A,8429,840B,840E,83F5,83DC,83CF,83B2,83A0,8390,835C,8372,8320,8311,830B,82DB,82C8,82B2,82B7,8278,826A,824A,821B,8200,81E3,81BF,81A3,817B,8162,8134,811D,80F6,80DC,80C7,80B2,8095,8071,8063,8045,802F,8015,8002,7FFD,7FE0,7FDC,7FC1,7F9B,7F8A,7F70,7F50,7F39,7F2D,7F13,7EFA,7EE6,7ECD,7EB0,7E98,7E73,7E64,7E6B,7E4E,7E46,7E40,7E3E,7E46,7E3B,7E39,7E2E,7E3F,7E24,7E2D,7E38,7E2B,7E3F,7E3D,7E2E,7E1C,7E27,7E2A,7E3A,7E39,7E3E,7E48,7E54,7E49,7E51,7E61,7E5A,7E75,7E62,7E5E,7E6D,7E69,7E6A,7E72,7E67,7E69,7E74,7E7C,7E78,7E79,7E7E,7E68,7E71,7E61,7E60,7E67,7E55,7E64,7E6F,7E65,7E7C,7E8E,7E91,7E9B,7E9B,7EA8,7EAA,7EB1,7EA6,7EAC,7EBC,7EA0,7EA6,7EAE,7E8D,7E96,7E99,7E80,7E80,7E61,7E6D,7E82,7E68,7E69,7E79,7E81,7E80,7E86,7E98,7E98,7E9C,7EB4,7EA2,7EC2,7EBE,7EB4,7ECA,7EC2,7EC1,7EC4,7ECB,7EC5,7ECB,7ED9,7ED8,7EDD,7ED5,7ED5,7EE6,7EDD,7EDC,7EF3,7EEB,7F04,7F15,7F12,7F2E,7F1D,7F27,7F34,7F41,7F4A,7F4F,7F69,7F62,7F67,7F6F,7F5B,7F76,7F70,7F62,7F6D,7F6C,7F58,7F67,7F5F,7F67,7F7A,7F69,7F7A,7F7B,7F90,7F82,7F8E,7F8B,7F80,7FA2,7F8E,7F9C,7FA0,7FA0,7FAE,7FB4,7FB2,7FAA,7FCD,7FB3,7FB7,7FC6,7FBB,7FC0,7FC7,7FBA,7FAF,7FC4,7F98,7FBB,7FB5,7F9D,7FB3,7F9B,7FA4,7FA2,7FA5,7F93,7F9D,7FA3,7F8F,7FA6,7F9A,7F87,7F89,7F79,7F6C,7F66,7F5F,7F47,7F65,7F52,7F3A,7F3F,7F26,7F20,7F25,7F1D,7EFB,7EEF,7EEB,7EE2,7EF7,7EEA,7EDA,7EE0,7EE3,7EE4,7EE1,7EE7,7ED2,7EE6,7ED0,7EC8,7EDB,7EB5,7EBF,7EAF,7EB0,7EA4,7E9D,7E9B,7E8D,7E97,7E86,7E95,7E8E,7E7F,7E8C,7E8B,7E7A,7E72,7E6A,7E44,7E54,7E63,7E53,7E62,7E5E,7E5F,7E66,7E63,7E5F,7E71,7E65,7E4F,7E57,7E53,7E4E,7E63,7E62,7E58,7E5F,7E57,7E51,7E5C,7E56,7E51,7E4B,7E32,7E35,7E3A,7E3E,7E4A,7E55,7E39,7E3B,7E4B,7E3A,7E4B,7E48,7E47,7E4F,7E4F,7E54,7E4F,7E53,7E51,7E43,7E3F,7E3F,7E66,7E64,7E4A,7E67,7E62,7E64,7E74,7E68,7E67,7E72,7E74,7E73,7E87,7E7D,7E68,7E82,7E82,7E7C,7E8E,7E81,7E7B,7E8B,7E85,7E8D,7E90,7E98,7E98,7EAA,7EA6,7EAC,7EA4,7E9F,7EB0,7EB0,7EB3,7EAF,7EB7,7EAE,7EB9,7EB6,7EB7,7EC3,7ED5,7ECA,7ED2,7EDC,7ED5,7EE2,7ED9,7EEE,7EFB,7EF8,7F04,7F06,7F17,7F0C,7F26,7F3C,7F40,7F53,7F5A,7F55,7F6F,7F72,7F75,7F89,7F90,7F95,7FA7,7FAC,7FAB,7FCA,7FCC,7FEA,8007,7FF4,8012,8020,802B,8039,8032,804C,8053,8067,808C,8095,80B3,80B9,80C3,80D9,80EA,80FD,80F6,811D,8130,8153,816A,8158,8180,8185,818A,81A7,81A9,81CE,81E0,81F7,8212,8218,8236,824A,825B,8271,826C,8277,829C,82B4,82D9,82EA,8302,831D,832B,835B,8329,8384,83A0,83A3,83D8,83CD,83FA,8409,842D,8444,844D,846B,8489,84A5,84B2,84BA,84C4,84BE,84BA,84CF,84BD,84B0,84AC,8485,8485,847D,846C,846C,845C,8448,842D,8424,8421,8407,83FA,83D9,83CA,83AD,837F,8372,8350,8331,831F,82F8,82EA,82BB,829A,8292,8270,824D,8231,820D,81EF,81C0,81BA,8184,8167,8155,8120,8129,8115,8104,80F5,80D2,80C4,80B1,8099,807E,806E,804D,8038,8013,7FF1,7FD0,7FC8,7FB1,7F7F,7F8B,7F71,7F60,7F53,7F2B,7F2A,7F10,7EEF,7EE9,7EE1,7ED3,7EC9,7ECF,7EBF,7EA3,7EB1,7EA2,7EA3,7EAD,7E8D,7EA6,7E99,7E8F,7EA6,7E99,7E91,7E91,7E92,7E95,7E92,7E9E,7EA8,7EAA,7EBD,7EB0,7EC8,7EC1,7EC0,7ECF,7EB8,7EBD,7ED6,7ED3,7EE0,7EF6,7EF0,7F0A,7F09,7F16,7F0C,7F0E,7F0C,7EFB,7F11,7EF7,7F06,7F15,7EFB,7EFB,7F0D,7F08,7F19,7F17,7F1F,7F29,7F1A,7F23,7F29,7F36,7F2F,7F3D,7F44,7F2C,7F30,7F2F,7F31,7F5C,7F45,7F56,7F4A,7F45,7F59,7F45,7F5F,7F53,7F72,7F59,7F4F,7F71,7F65,7F66,7F72,7F73,7F74,7F81,7F63,7F68,7F67,7F68,7F70,7F7A,7F6F,7F6C,7F8B,7F6D,7F7C,7F93,7F85,7FA2,7FA9,7FB2,7FC3,7FCF,7FD2,7FD2,7FE8,7FC9,7FD9,7FEE,7FE1,7FF2,7FDD,7FE4,7FEE,7FE6,7FE5,7FEE,7FEF,7FF1,7FEF,7FF5,7FEC,7FF3,8006,7FFB,8013,801B,8010,8032,8028,8027,8056,804D,806A,8071,8077,807A,8088,8083,8085,8094,806B,8073,806A,806B,805A,8055,8047,8034,8046,801B,8024,8018,8004,8005,8018,8021,802A,8039,802E,804E,8066,805E,8066,806A,806C,8073,806B,805E,8055,803A,8028,8029,8005,7FE2,7FD6,7FBE,7F98,7F8A,7F63,7F55,7F4F,7F31,7F28,7F37,7F35,7F48,7F51,7F50,7F55,7F6D,7F71,7F71,7F89,7F7F,7F7C,7F7C,7F60,7F48,7F4A,7F33,7F18,7F04,7EE0,7ED5,7EC1,7EA6,7EA6,7E86,7E82,7E84,7E8C,7E8B,7E90,7EA9,7EBF,7ECE,7EDB,7ED8,7ED4,7EDF,7EDB,7F01,7EFA,7EF6,7EE8,7EDF,7ED8,7ED2,7ED0,7EBF,7EC7,7EA8,7E91,7E9A,7E95,7E84,7E95,7E90,7E89,7E98,7E8D,7E8F,7EAC,7EA3,7EAB,7EBC,7EBC,7EC8,7ECD,7EC5,7EBF,7ED3,7EBF,7EAA,7EB5,7EA9,7EAB,7E97,7E89,7E86,7E7E,7E6C,7E71,7E72,7E53,7E70,7E6D,7E7B,7E82,7E76,7E80,7E9E,7E99,7E96,7EAE,7E9E,7EA6,7EB9,7EAE,7EAA,7EAD,7EAD,7E95,7E9E,7E91,7E81,7E89,7E98,7E9F,7EA1,7EA4,7EA6,7EBB,7EB4,7EBA,7EBE,7EC1,7EBD,7EC1,7EC5,7EBD,7ED9,7EDD,7EE0,7EDF,7ECB,7ED2,7ED2,7ECD,7ECB,7ECB,7EC7,7EC5,7EC5,7ECA,7ED7,7EE7,7EF1,7F01,7F0A,7F0D,7F2B,7F33,7F21,7F38,7F3A,7F43,7F54,7F50,7F5C,7F67,7F7C,7F73,7F88,7F8E,7F8A,7FA1,7F9C,7FAA,7FBC,7FBA,7FBC,7FBC,7FCC,7FDF,7FE9,8008,800B,8010,8033,8035,805F,8051,808C,8073,8061,80BF,8095,80A6,80B7,80BE,80CC,80D2,80D3,80D8,80EE,8101,810A,8124,8134,813C,815A,815F,8172,8183,8191,81B5,81B0,81D1,81E7,81E4,8209,8223,822E,8245,825D,826A,827F,829C,82A6,82C0,82C0,82CF,82E8,8301,8318,8336,8344,8352,837A,8389,83B2,83C8,83D9,83D9,83F8,8406,83FF,840F,8417,840E,8400,83F3,83E1,83D7,83C0,83BD,83A5,839D,8395,8384,837B,8366,836B,8355,8354,834E,8324,8323,82FE,82EF,82DE,82C1,82A3,828F,827E,825F,824A,822C,8218,81EF,81D3,819D,818B,8162,8136,812C,8101,80F7,80E2,80D2,80B4,80AB,80A0,8084,8085,8063,8043,8041,8019,7FFC,7FE5,7FC3,7FC5,7FAD,7F93,7F76,7F63,7F3A,7F1A,7F09,7EDF,7ECF,7EB9,7E8F,7E92,7E8C,7E58,7E63,7E53,7E34,7E35,7E2C,7E2C,7E2F,7E40,7E1D,7E1D,7E1E,7E05,7E24,7E25,7E25,7E3B,7E28,7E22,7E2C,7E28,7E2D,7E2B,7E2C,7E1D,7E2D,7E31,7E1E,7E2E,7E21,7E2A,7E39,7E35,7E51,7E54,7E49,7E49,7E42,7E58,7E49,7E54,7E4C,7E4B,7E66,7E54,7E63,7E68,7E6B,7E78,7E71,7E75,7E73,7E77,7E90,7E88,7E8F,7E87,7E90,7E8F,7E7F,7E97,7E83,7E8B,7E87,7E85,7E8F,7E87,7EA3,7E93,7E9F,7EB4,7EA4,7EC2,7EA2,7EB2,7EC5,7EBB,7EBA,7EC1,7ED4,7ECC,7EE8,7ED3,7ED3,7EE4,7EE2,7EE1,7EF0,7EE9,7ED9,7EF6,7EE8,7EF0,7EF1,7EEF,7EFC,7F16,7F0F,7F05,7F21,7F02,7F0B,7F19,7F12,7F29,7F22,7F1C,7F38,7F3A,7F33,7F48,7F48,7F4A,7F51,7F50,7F5D,7F76,7F68,7F79,7F7E,7F6C,7F6D,7F7E,7F83,7F72,7F87,7F87,7FA0,7FB3,7F94,7F96,7F90,7F95,7F94,7FAC,7FA7,7FAF,7FBE,7FB7,7FD5,7FC3,7FAF,7FB7,7FC8,7FC7,7FD9,7FF8,7FE0,7FF1,7FF8,7FEB,7FEE,7FF0,7FF2,7FE8,7FEE,7FD7,7FE8,7FFA,7FE1,7FE7,7FEB,7FEB,7FEE,7FD9,7FC9,7FCE,7FE0,7FBC,7FC2,7FBD,7FAE,7FB7,7FA5,7FA4,7FAE,7F9D,7F89,7F90,7F7E,7F5E,7F62,7F68,7F5D,7F66,7F45,7F3D,7F44,7F37,7F2A,7F36,7F14,7F19,7F1B,7F09,7F0F,7F07,7F0C,7EF7,7EFB,7EF1,7EDB,7EE1,7ED5,7EE0,7EE0,7ED5,7ED1,7ED2,7EC4,7ECA,7ECE,7EB7,7EC2,7ED0,7EC7,7EBC,7EBD,7EBF,7EAD,7EA8,7E99,7E97,7E95,7E8C,7E96,7E91,7E94,7E91,7E8B,7E81,7E7D,7E74,7E6F,7E78,7E68,7E60,7E68,7E68,7E63,7E5F,7E54,7E57,7E6C,7E52,7E60,7E72,7E5B,7E5A,7E68,7E5C,7E5E,7E60,7E55,7E66,7E75,7E64,7E74,7E6D,7E5E,7E79,7E71,7E6E,7E7C,7E6D,7E61,7E66,7E65,7E6B,7E79,7E78,7E68,7E7A,7E8B,7E93,7E91,7E8E,7EA1,7EB4,7E97,7E98,7EA3,7EA8,7EB2,7EB4,7EC1,7EC5,7ED3,7ECC,7EC9,7EE3,7EDE,7EE5,7EF4,7EE9,7F05,7EFF,7F0C,7EFF,7EFE,7F10,7F0E,7F16,7F0F,7F16,7F12,7F1D,7F2B,7F2A,7F2B,7F41,7F38,7F67,7F59,7F5F,7F78,7F74,7F62,7F6B,7F99,7F82,7F83,7F7D,7F95,7FA7,7FA2,7FAC,7FBA,7FB0,7FBB,7FBB,7FBE,7FD8,7FE4,7FFA,7FFB,8009,8019,800B,800A,8023,8031,803A,8041,8053,8051,8070,8072,8061,8086,8080,808E,80A0,80B7,80C6,80D3,80DD,80E8,80FA,8107,8108,8118,812A,812C,8134,813B,8153,8163,8172,8178,8190,81AC,81B5,81C9,81DE,81E0,81FA,820A,8218,8234,824F,8254,825E,8273,827A,82A7,82C5,82C8,82EC,82EF,82FC,8321,831E,8338,8349,8363,836D,8392,83AC,83AD,83D4,83E2,83F4,8402,8413,841A,842F,8426,8435,8442,842C,8426,8419,840A,83FC,8405,83EE,83F0,83EE,83C8,83CF,83C3,83B2,83B7,83A7,839A,8389,8386,8361,8354,8344,831D,8316,82FB,82D9,82C2,82B0,8281,826D,8241,8233,821B,8208,81FE,81DF,81DE,8196,81A2,8197,8171,816C,8150,8137,812B,80FC,80EE,80E8,80BA,809F,806D,806C,804C,8043,801A,7FFE,7FF7,7FBF,7FC5,7FAE,7F8B,7F7F,7F70,7F61,7F58,7F33,7F26,7F22,7F23,7F0F,7EFB,7EF9,7ED7,7ED3,7ED0,7EB1,7EAE,7EA3,7E9B,7E91,7E74,7E81,7E88,7E73,7E7E,7E85,7E83,7E86,7E8F,7E95,7E7F,7EA5,7E99,7E86,7E9E,7E9C,7EAD,7EA7,7E96,7E9B,7E9F,7E95,7E96,7EA1,7E99,7EAF,7EB0,7EB1,7EBD,7EC0,7EB6,7EB8,7EC8,7EBE,7EE0,7EDA,7ECD,7EF0,7EDF,7EE4,7EE5,7EF3,7EE8,7EFD,7F06,7EF2,7EFB,7EEE,7EEE,7F00,7F01,7EF9,7F0E,7F0E,7F15,7F26,7F22,7F23,7F2D,7F35,7F38,7F48,7F41,7F33,7F58,7F4B,7F4A,7F51,7F4D,7F5B,7F5B,7F60,7F5C,7F63,7F60,7F5A,7F51,7F50,7F5E,7F67,7F6E,7F68,7F72,7F77,7F72,7F7E,7F7B,7F78,7F83,7F7F,7F8A,7F93,7F91,7F9B,7F9D,7F92,7F91,7FA4,7F97,7FAD,7FB4,7FA5,7FB2,7FA7,7FAA,7FAF,7FB4,7FBC,7FBC,7FB1,7FAA,7FB6,7FBD,7FB5,7FC8,7FC9,7FC7,7FE6,7FCA,7FCA,7FE3,7FCD,7FC1,7FD6,7FCD,7FDA,7FF0,7FDF,7FEE,7FF8,7FF5,7FF5,8000,7FEE,7FFD,7FFC,7FE0,7FF3,7FED,7FE8,7FF0,7FF4,7FEB,7FEE,7FF5,7FE0,7FDE,7FDE,7FD9,7FFF,7FFE,7FF3,7FF3,7FE6,7FE5,7FE1,7FD2,7FC2,7FC3,7FBF,7FBA,7FB6,7FAB,7FA5,7F9B,7F81,7F7E,7F8B,7F7D,7F7B,7F7A,7F66,7F6B,7F6A,7F65,7F59,7F57,7F54,7F4D,7F56,7F3B,7F46,7F4A,7F47,7F40,7F21,7F1A,7F23,7F18,7F02,7F07,7F0A,7F05,7EF5,7EF9,7EF4,7EEB,7EE6,7EDD,7ED7,7EE0,7ED9,7ECD,7EBE,7EC1,7EC9,7EBC,7EA7,7EAB,7EB5,7EA1,7EB3,7EA5,7EA4,7EAF,7E8B,7E87,7E8E,7E7A,7E78,7E7C,7E7D,7E74,7E74,7E6A,7E63,7E6B,7E60,7E56,7E65,7E4C,7E4E,7E55,7E38,7E46,7E45,7E44,7E44,7E47,7E45,7E2D,7E43,7E3B,7E49,7E4F,7E4A,7E4A,7E45,7E46,7E48,7E3A,7E3B,7E2A,7E42,7E4D,7E46,7E4A,7E45,7E53,7E58,7E70,7E68,7E61,7E67,7E58,7E7B,7E62,7E7C,7E8C,7E81,7E96,7E5D,7E94,7E94,7E85,7EA8,7EA9,7EA3,7E9F,7EB2,7EAC,7EA8,7EC2,7EB8,7EB3,7ECF,7EC6,7ECB,7EEA,7EEA,7F00,7EFC,7F02,7F19,7F11,7F1D,7F15,7F2F,7F2A,7F34,7F49,7F4B,7F5B,7F4E,7F61,7F5F,7F61,7F71,7F6E,7F77,7F87,7F8C,7F99,7F99,7F97,7FA5,7FB0,7FB9,7FB9,7FBC,7FC0,7FCC,7FD9,7FE1,7FE2,7FED,7FED,7FFB,8008,8003,8013,8016,8024,8021,802D,8051,8046,805E,8061,806D,8069,806D,8085,807F,8090,808B,809A,809E,80A2,80A5,80BC,80C8,80C0,80DC,80DB,80FA,80F8,8117,8117,811E,8142,8138,814B,815B,8152,816D,8179,8188,81A6,81A7,81AB,81C7,81D3,81D8,820D,8215,8214,823D,8255,824E,826D,827A,828A,82AF,82C1,82D6,82F9,82FE,830E,8323,8328,8335,8340,8350,833B,8356,834C,833E,834B,8325,831F,8320,8308,831A,831B,8314,8316,8305,8309,8300,8302,82EA,82E8,82E2,82BE,82AF,82BE,8282,8287,8285,8254,8255,822F,8210,81F1,81E6,81C9,81B5,8198,8171,815B,8152,8127,8124,8112,80F1,80E4,80B9,80AC,8098,8084,8070,806C,803C,8016,801B,7FFF,7FE0,7FD4,7FAF,7F91,7F8B,7F68,7F4C,7F4D,7F28,7F1D,7EF7,7EDB,7EE3,7EC3,7EB1,7E91,7E90,7E6E,7E64,7E6D,7E47,7E44,7E35,7E1D,7E11,7E04,7DE9,7DFD,7DE7,7DD9,7DDC,7DD3,7DDF,7DD2,7DDA,7DCD,7DD9,7DD2,7DCA,7DDC,7DC2,7DBF,7DBF,7DBE,7DC0,7DC1,7DBE,7DA9,7DBE,7DBB,7DAD,7DC8,7DB8,7DBD,7DD2,7DBB,7DC7,7DD5,7DC7,7DD2,7DE9,7DEF,7DF6,7E04,7DFD,7DFF,7E0E,7E0F,7E14,7E2E,7E15,7E2B,7E38,7E2D,7E54,7E40,7E42,7E4A,7E52,7E69,7E6B,7E7F,7E71,7E8F,7E92,7E8B,7EB6,7EA6,7EA9,7EC3,7EB3,7EAF,7ECF,7ED8,7ED5,7EF3,7EF4,7EE7,7EFF,7F0B,7F0B,7F17,7F18,7F19,7F32,7F2B,7F30,7F40,7F34,7F3D,7F42,7F4A,7F5C,7F66,7F66,7F74,7F7A,7F65,7F84,7F90,7F78,7F84,7F8D,7F8A,7F87,7F98,7F91,7FAA,7FB0,7FA0,7FB5,7FA6,7FAD,7FA7,7FB6,7FBE,7FC1,7FC4,7FC0,7FD3,7FC7,7FBE,7FCA,7FC2,7FA9,7FD0,7FBC,7FB5,7FCA,7FBF,7FCA,7FD9,7FD5,7FCE,7FE1,7FDA,7FDC,7FE8,7FDB,7FD2,7FE2,7FCC,7FD5,7FE6,7FD8,7FDD,7FD9,7FD7,7FE4,7FEB,7FDB,7FF9,7FFA,7FE9,7FE4,7FE7,7FDA,7FE1,7FE0,7FD9,7FDD,7FC8,7FCE,7FD8,7FD8,7FCC,7FC9,7FC5,7FBC,7FC6,7FBA,7FB1,7FB8,7FA3,7FB5,7FC5,7FAF,7FAF,7FA8,7F9A,7FA3,7FA1,7F97,7F8C,7F97,7F97,7F8A,7F94,7F88,7F90,7F9F,7F93,7F93,7F89,7F82,7F77,7F7E,7F6B,7F6F,7F65,7F58,7F60,7F62,7F52,7F56,7F50,7F4E,7F5E,7F4B,7F57,7F4D,7F4D,7F41,7F43,7F54,7F2C,7F2D,7F26,7F22,7F31,7F2C,7F39,7F2D,7F2A,7F2E,7F22,7F26,7F23,7F1B,7F25,7F09,7F13,7F17,7EF6,7F0E,7EF9,7F06,7EF7,7EEC,7EF9,7EF8,7EF4,7EFB,7EE7,7ED9,7F16,7EE6,7F03,7EF6,7EEB,7EDB,7EE9,7EEB,7ECE,7EEB,7EDE,7EE0,7EE4,7EE5,7EFD,7EE7,7EEA,7EFA,7EFF,7F0E,7EF5,7EF4,7EF5,7EF3,7EF6,7EF6,7F0C,7F04,7EF3,7F0F,7F0E,7F1E,7F27,7F1A,7F2B,7F2F,7F25,7F3A,7F34,7F4B,7F4A,7F4B,7F61,7F61,7F74,7F68,7F82,7F67,7F62,7F83,7F82,7F83,7F9D,7F9D,7F9D,7FA1,7F9A,7FBB,7FC7,7FB0,7FC6,7FCE,7FD5,7FC8,7FDC,7FF2,7FEB,800E,7FF5,800F,8010,800C,8010,8014,801B,8017,801B,8014,8010,8022,8022,8020,802E,8017,802F,803F,8031,8045,8046,804A,8054,8043,8050,804F,8056,8055,8061,8058,8056,8063,805A,806C,8076,806A,806F,807F,8079,8084,8092,8087,808A,80A3,80A9,80A8,80BA,80C4,80C1,80DE,80C8,80C3,80D8,80CB,80E6,80F5,80ED,80FF,80FF,8107,8110,8119,811F,812B,8152,8158,8170,8197,817C,819E,8184,817F,81A1,8183,819C,81A6,81B4,81B6,81B3,81C6,81CA,81D4,81E2,81DE,8207,81FC,8216,822E,821A,8243,8241,8247,8254,8257,826D,8276,828C,828B,8294,82AB,82A6,82AD,82BB,82B9,82E0,82D5,82C6,82E2,82CC,82CC,82C6,82D2,82C9,82C7,82C2,82B6,82BD,82AB,82A5,82AB,82A0,8295,82B3,82A6,829B,82A1,8293,828A,8293,8294,827F,827A,8263,8247,8260,8234,822B,821F,8206,81FF,81EC,81E3,81CB,81D1,81AB,819C,81A6,8184,8175,816A,8157,8152,814A,8135,8115,811B,80FC,80E3,80E2,80CE,80C5,80B5,80A3,8091,807F,8064,8060,8057,803F,8039,8015,8001,7FFC,7FF1,7FDD,7FD5,7FC0,7FA6,7FB0,7F89,7F80,7F7B,7F62,7F50,7F48,7F34,7F17,7F22,7F03,7EF8,7EF5,7ECF,7ED6,7EC6,7EB5,7EBC,7EB3,7EA8,7EAC,7EAE,7E98,7EA1,7EAD,7E89,7E8E,7E90,7E76,7E76,7E7F,7E6A,7E6D,7E65,7E58,7E66,7E5F,7E55,7E62,7E70,7E65,7E74,7E6F,7E6F,7E73,7E89,7E7B,7E76,7E89,7E73,7E93,7E95,7E86,7E88,7E91,7EA2,7EA1,7EA0,7E97,7EAD,7EAD,7EA6,7EB8,7EAE,7EBA,7ED1,7EE4,7EEE,7EFC,7EEF,7EF0,7F0B,7EEF,7F06,7F09,7F04,7F11,7F1A,7F1C,7F18,7F36,7F23,7F40,7F4F,7F39,7F45,7F4C,7F52,7F62,7F62,7F5A,7F62,7F68,7F5F,7F68,7F72,7F79,7F85,7F7F,7F75,7F7F,7F7C,7F6F,7F84,7F7C,7F82,7F9B,7F95,7F96,7FA3,7F97,7F97,7FA7,7F97,7FA3,7FA7,7F9B,7FAD,7FC4,7FB3,7FBC,7FCE,7FC8,7FD1,7FDB,7FDE,7FDC,7FD4,7FCE,7FDC,7FE4,7FDE,7FF4,7FE6,7FDD,7FFA,7FEE,7FDC,7FE8,7FE7,7FE4,7FF1,7FFC,7FEE,8000,7FED,7FF2,7FFA,7FED,7FD6,7FE9,7FFB,7FF4,8014,8006,7FFD,7FFE,8002,7FFC,7FF5,7FF8,7FF3,7FF8,7FF0,7FED,7FF3,7FF1,8001,7FF1,7FF2,7FFB,7FEB,7FE3,7FDF,7FDF,7FDB,7FCD,7FC4,7FBB,7FC5,7FB7,7F9E,7FA9,7FA2,7F9D,7FAA,7F9D,7F9D,7F94,7F7B,7F91,7F83,7F7F,7F74,7F83,7F3F,7F5A,7F68,7F3B,7F59,7F4A,7F3D,7F45,7F39,7F31,7F2D,7F15,7F22,7F1E,7F0A,7F1E,7F06,7F14,7F01,7EEE,7F07,7EE1,7EE6,7EDF,7EE7,7ED3,7ECF,7EE5,7ECB,7ED4,7ED1,7EBD,7ED0,7EC0,7EBA,7EBD,7EB7,7EA4,7EB2,7EB6,7EA6,7EAC,7EA2,7EA4,7EA3,7EB5,7EA9,7EA9,7EAA,7EA7,7EBA,7EBE,7EC9,7EB4,7EC7,7EC8,7EBC,7ED1,7EC9,7EDE,7EE2,7EDC,7EEE,7EED,7EF6,7EF9,7F01,7EF6,7EFA,7F03,7EEB,7F07,7F07,7F04,7F16,7F19,7F12,7F26,7F2A,7F22,7F41,7F3E,7F36,7F46,7F4E,7F47,7F50,7F57,7F4A,7F5B,7F55,7F51,7F72,7F66,7F75,7F7A,7F7E,7F80,7F84,7F80,7F85,7FA1,7F91,7F9F,7FB3,7FA6,7FBD,7FC1,7FB1,7FCA,7FDC,7FD8,7FE7,7FEA,7FE8,7FE3,7FDA,7FD8,7FE1,7FED,7FD4,7FED,7FF2,7FD2,7FF0,7FE2,7FED,7FE8,7FED,7FF4,7FF4,7FFA,7FEC,8001,7FF6,7FF2,7FFD,7FE8,7FD0,7FE5,7FD9,7FEC,7FF5,7FF2,7FFC,7FFA,8006,8004,801D,8002,8017,803F,8021,8037,8030,802B,803E,8033,8032,8041,8041,8047,8049,805E,8047,8056,8067,8053,806F,806C,806E,806A,8076,806A,807B,808E,8086,808D,8094,80A0,80AD,80B5,80A9,80C1,80B8,80C7,80DD,80E1,80EC,80EC,8100,80EB,8106,8106,810D,811B,810B,8125,812B,8124,812A,8143,8145,813B,814F,814A,8155,8165,814F,8156,8163,814B,814C,814A,8148,8158,8141,8145,814D,8146,813E,813F,8153,8135,8141,8143,812F,813F,812F,812A,8122,8111,8102,8103,8105,80F0,80ED,80E0,80D2,80E2,80C8,80BF,80BC,80B2,80A4,80A2,8098,8092,8092,8077,807F,807E,806E,807E,8073,8058,8053,804C,8033,802A,8031,800A,8029,800D,7FF3,7FFC,7FF8,7FE2,7FD8,7FE3,7FBD,7FCB,7FBB,7FA9,7FAF,7FA5,7F94,7F88,7F80,7F6D,7F68,7F68,7F3D,7F50,7F42,7F2A,7F30,7F21,7F16,7F09,7F05,7EEF,7EF9,7EE5,7EE8,7EF7,7EE9,7EEA,7EF3,7EDD,7ECB,7EC3,7EB1,7ED2,7EC7,7EBB,7EC0,7ECA,7EB5,7EC1,7EC7,7EAE,7EBC,7EB1,7EAA,7EB0,7EAE,7EA7,7EAC,7EA7,7EA9,7EA7,7EB2,7EAD,7EA9,7EB4,7EAF,7EB4,7EB7,7EBB,7EC2,7EBC,7EAC,7EB8,7EBC,7EA2,7EC1,7EAF,7EB1,7EB4,7EA9,7EB4,7EBC,7ECB,7ED0,7ED6,7ECA,7EC9,7ED7,7EE4,7EE5,7EF1,7EF1,7EFC,7F00,7EE0,7EF8,7F0D,7EF2,7EF6,7F01,7F06,7F08,7F0B,7F0E,7F05,7F02,7F02,7F1A,7F1B,7F12,7F24,7F1C,7F21,7F34,7F38,7F30,7F24,7F20,7F1E,7F2E,7F44,7F41,7F51,7F3C,7F42,7F52,7F43,7F4C,7F64,7F53,7F61,7F67,7F5E,7F65,7F79,7F6D,7F6B,7F87,7F79,7F86,7F85,7F88,7FA1,7FA7,7F90,7F9B,7F9E,7FA2,7FAC,7FBA,7FB6,7FB5,7FD4,7FCD,7FE9,7FD2,7FCE,7FEF,7FEA,7FF9,7FFE,800F,800B,8004,801A,801B,800E,8018,8012,802B,802A,8027,8024,8025,803C,8020,8034,8034,8029,801B,8043,8031,8036,8044,803E,803A,8038,8038,8032,803F,8034,8048,8029,8037,8041,802C,8041,802D,8032,802C,8028,803E,8028,802B,8029,802F,802D,8027,8039,8029,8029,8023,801E,802C,802D,802B,8024,8019,8029,801E,8014,801C,8013,8017,8020,801E,8017,801E,800F,8012,8012,800E,8018,8010,7FFB,800B,800C,8001,8017,8004,7FFF,7FF1,7FFA,7FFE,7FF0,7FF6,7FD9,7FED,7FE9,7FF2,7FE0,7FD2,7FE8,7FD8,7FDF,7FD4,7FD9,7FD2,7FD4,7FD1,7FC7,7FBD,7FC6,7FB9,7FB8,7FBF,7FA7,7FB5,7FA9,7FA1,7FA0,7FA6,7F9D,7FA5,7FB3,7F9D,7F98,7FA2,7F9B,7FAE,7FAE,7FA9,7FAE,7F94,7F95,7FA3,7FA2,7FA2,7FA2,7FA0,7F95,7FAB,7FA3,7F8F,7FA1,7F8E,7F9F,7FB5,7FA9,7FAD,7FBF,7FAF,7FA2,7FB2,7FBC,7FB4,7FB5,7FB3,7FA9,7FD2,7FA7,7FB1,7FCF,7FB1,7FCD,7FC8,7FC8,7FCB,7FCE,7FE1,7FE0,7FFB,7FFD,7FEA,8005,7FFA,7FFB,7FFD,7FF1,7FF9,7FF2,7FE9,7FFE,7FE3,7FE9,7FED,7FDE,7FDF,7FDC,7FF1,7FD9,7FF5,8006,7FF5,8002,7FFD,7FEE,800B,7FFC,8005,801B,8005,8010,8011,8004,800B,8005,7FFA,7FF4,7FF7,8003,7FF7,800F,7FF9,7FFC,800C,7FE6,7FF5,7FF4,7FF3,7FEE,7FF7,7FF9,7FFF,800D,800D,800D,800D,8016,801C,801B,7FFC,8015,8016,8011,802A,8007,801A,802F,8037,803B,803B,803F,803E,8051,8046,803C,804A,805A,8069,8067,8066,805B,806E,8059,805C,806B,8056,8069,806C,8068,805D,8068,806D,806E,8082,8070,8078,8077,8073,8087,8074,8072,8082,8085,8076,8083,8085,8084,8088,807D,8084,807E,8089,8080,8087,8083,807A,8090,8082,808A,8097,809A,8085,8093,809E,8082,80A1,808B,8085,80AB,8096,808A,809F,8091,809C,80B1,80A0,8091,80A6,8092,808B,8097,808C,8092,8099,8091,8085,8096,807E,807A,807D,8069,8073,8077,8070,806D,8075,806B,8078,806B,806C,8071,8068,8066,8067,8068,8057,8062,8060,8056,8058,805D,8053,805C,8062,804A,8067,8063,805D,8062,804E,8034,803F,8047,8031,8037,803C,8026,8027,801A,8013,8020,8010,8008,8019,8005,7FFC,8005,7FFE,8008,8008,7FFC,8001,800C,7FFE,7FF3,7FF9,7FE5,7FF3,7FEA,7FDB,7FE7,7FD2,7FCC,7FDF,7FD7,7FB8,7FC9,7FC2,7FB8,7FBD,7FB7,7FAF,7FB8,7FB7,7FB1,7FA9,7FA4,7F99,7F8F,7F87,7F8A,7FA1,7F83,7F87,7F8B,7F77,7F7A,7F87,7F89,7F90,7F87,7F7F,7F88,7F81,7F75,7F76,7F81,7F68,7F62,7F6C,7F65,7F6F,7F61,7F46,7F53,7F5F,7F47,7F4A,7F4C,7F39,7F4D,7F4E,7F4A,7F4F,7F41,7F43,7F41,7F47,7F48,7F43,7F3E,7F37,7F36,7F2B,7F30,7F35,7F29,7F26,7F26,7F22,7F1D,7F19,7F1C,7F1D,7F1F,7F28,7F18,7F27,7F16,7F17,7F24,7F0B,7F1E,7F0F,7F1A,7F0F,7F1C,7F1F,7F18,7F22,7F3F,7F3E,7F0C,7F3B,7F24,7F26,7F27,7F39,7F38,7F3E,7F44,7F47,7F43,7F2C,7F38,7F30,7F3D,7F3D,7F4A,7F5A,7F3F,7F56,7F57,7F53,7F53,7F52,7F5B,7F40,7F5C,7F51,7F65,7F57,7F50,7F55,7F47,7F4C,7F4C,7F47,7F47,7F5B,7F4F,7F5D,7F5B,7F59,7F7C,7F57,7F61,7F64,7F5C,7F63,7F62,7F6A,7F59,7F61,7F6D,7F61,7F64,7F67,7F53,7F65,7F60,7F75,7F76,7F7E,7F75,7F77,7F75,7F6C,7F7F,7F73,7F70,7F77,7F80,7F79,7F7D,7F74,7F80,7F78,7F72,7F9A,7F87,7F89,7F82,7FA5,7F9F,7F87,7FA2,7F88,7FA2,7F97,7F96,7F9B,7F9D,7F90,7FA7,7FAE,7F92,7FAC,7FA6,7F9C,7FA3,7FA0,7FA6,7FB5,7FAC,7FA5,7FB0,7FA9,7F9B,7FB3,7F9B,7FA2,7FBB,7FB4,7FA4,7F9B,7F9C,7F9E,7FAC,7F9C,7FA6,7FA7,7FA0,7FA5,7FB3,7FA2,7FA9,7FB2,7F94,7FA3,7FAB,7F9F,7FAD,7FA2,7F99,7FA4,7F9E,7F9B,7F97,7F9F,7F8A,7F85,7F90,7F6C,7F85,7F8D,7F70,7F8F,7F75,7F71,7F9B,7F90,7FA4,7F9F,7F9B,7F9C,7FA7,7FAD,7FA2,7FA2,7FAA,7F98,7FA8,7FA2,7F87,7F8C,7F72,7F9E,7F99,7F80,7F88,7F81,7F88,7F8B,7F9C,7F99,7F91,7F82,7F8D,7F90,7F97,7F8F,7F94,7F96,7FA4,7FA9,7F9A,7FA8,7FA4,7FAE,7FAC,7FBF,7FB3,7F99,7FA8,7FA8,7FAC,7FC0,7FBC,7FB7,7FBD,7FBE,7FBD,7FC8,7FA7,7FA3,7F9D,7FAD,7FAB,7FAF,7FBE,7FB6,7FC3,7FAA,7FAA,7FC5,7FB4,7FB0,7FC2,7FC0,7FB9,7FBB,7FC0,7FCC,7FD1,7FBF,7FCE,7FCD,7FC2,7FDB,7FE2,7FD7,7FE6,7FEB,7FDA,7FE1,7FE5,7FDE,7FD8,7FDE,7FDF,7FE9,7FF9,7FE0,7FF8,7FE8,7FED,8002,7FF4,7FF6,7FEC,7FEC,7FEC,7FFD,7FF1,7FF6,8014,8005,8005,8013,7FFF,8002,800C,8007,7FF9,8004,8003,8009,8016,7FFB,8001,7FFC,8000,7FF4,800C,8012,800B,8020,8012,8026,802F,8020,8024,802C,802C,8034,803A,8023,8022,802A,800E,8030,802F,8025,8037,8025,802F,8032,8027,801C,8035,802C,802A,8045,8047,8030,8024,802A,802C,8044,803B,802F,8041,8036,8029,803D,8032,8027,802F,801B,801D,8033,801D,8028,8029,8018,8023,8021,8017,802B,8022,800A,7FFF,800F,7FFC,8009,8013,7FFF,8026,8014,800E,800F,8013,8014,801C,801B,800A,8013,8017,8014,8017,800D,8000,8009,7FF9,7FF3,8000,7FEE,7FF3,7FF1,7FED,7FE3,7FE7,7FE0,7FD5,7FDE,7FD1,7FD7,7FD6,7FCD,7FD5,7FD9,7FCD,7FC9,7FD0,7FBF,7FCD,7FE9,7FD7,7FD3,7FD6,7FD8,7FDE,7FDA,7FC5,7FCC,7FBF,7FB1,7FB9,7FB9,7FB5,7FBA,7FC3,7FB1,7FBA,7FBC,7FB4,7FBA,7FB3,7FBD,7FC2,7FC9,7FC4,7FB7,7FC5,7FB3,7FC8,7FBC,7FA8,7FAF,7F99,7FA6,7FB3,7FB2,7FB9,7FBD,7FAC,7FC2,7FC8,7FC6,7FC6,7FCF,7FD7,7FCB,7FD8,7FD4,7FC9,7FD8,7FD5,7FE2,7FD9,7FDA,7FDF,7FCE,7FE3,7FE8,7FF2,7FE5,7FF6,7FD7,7FF1,7FF7,7FCE,7FE0,7FD9,7FDE,7FCA,7FD5,7FCC,7FEA,7FEB,7FE5,7FF0,7FD7,7FE6,7FEE,7FE1,7FF2,7FDE,7FE4,7FF0,7FE5,7FF6,7FEE,7FF4,7FFB,7FE6,7FF8,7FEE,7FFF,7FEE,7FFB,8012,7FF1,8003,8007,8001,8005,800C,8011,800D,800A,8013,8007,800B,800C,800F,8015,8016,801E,801D,8015,8002,8008,8011,8020,8018,8020,8037,802D,803C,8032,803B,802D,8022,8037,801E,802B,802E,802B,8033,803A,8036,8026,8031,8025,803D,803D,803A,803C,8039,803A,8047,8051,8043,8060,8042,8040,8056,8039,8043,8041,8048,8036,8048,804A,802E,8059,8038,804B,8044,803E,8054,804C,8053,8052,804F,803E,804B,8053,8050,8047,8043,8045,8040,8053,8047,8051,805C,8047,8057,8052,8063,8057,8061,8058,8065,8076,805A,8073,8070,8062,8071,805B,8057,806E,805B,8052,8061,805A,8069,8066,8068,8072,807A,8092,8084,8096,808B,8089,80A8,8089,8090,8084,8080,80A1,8089,8086,807E,8081,807C,807C,808B,807C,8082,8082,8070,8070,8075,8060,8070,806D,8072,8070,8074,8076,8065,806C,8068,8076,807C,8073,8086,806F,8077,808B,8079,807E,8075,8079,8066,806C,8072,806D,8079,8075,806E,8069,805F,8067,8070,8066,807A,8071,806F,806A,8076,8068,806A,807C,8066,8067,8070,805D,8065,805F,8054,8066,8066,8059,805D,8063,8043,8052,804A,8040,8053,8054,8044,8055,8053,8039,804B,8039,8040,8048,8044,8046,8058,804D,8043,8054,8036,803E,8040,802B,804D,804E,803B,8049,8042,8041,8047,8058,803B,8051,8049,803B,8052,8045,8049,8047,8057,8040,804D,804C,8039,803F,8048,8030,8032,804A,801E,8046,8045,8039,804D,802D,802F,8037,803B,8029,8031,8038,8026,8036,803B,8032,804D,803C,8036,804A,8043,804D,8048,803A,803E,804B,8034,802F,8046,803A,803D,804D,803B,8045,8041,802B,8034,8035,8037,803F,8037,8030,8045,804E,8025,8038,8033,8029,8041,8038,804B,8047,8053,8051,804B,8045,8046,805D,804D,8043,8044,8040,803D,8049,804D,804F,8050,8044,8042,804B,8044,804A,804F,803C,8043,8049,8040,803F,8047,803D,8035,803D,8039,8043,8045,8030,803C,804D,8030,8031,8023,801C,802A,8033,8031,8030,8040,8025,8026,8031,801E,8034,8031,8011,801F,8027,8010,8024,801C,8013,801C,8015,800E,800D,8010,7FFD,8010,8008,8002,8003,7FF5,7FE9,7FFB,7FE5,7FE3,7FF6,7FE3,7FE4,7FEC,7FD3,7FD1,7FD8,7FC2,7FC9,7FD7,7FC8,7FCA,7FD4,7FCA,7FD6,7FDA,7FC9,7FCE,7FDA,7FCB,7FBC,7FBF,7FC2,7FC4,7FC1,7FA6,7FA2,7FAC,7FA8,7FB3,7FA9,7FB5,7FB2,7F9A,7F9F,7F91,7F95,7FA9,7F9E,7F9B,7F98,7FA4,7F8F,7FA8,7FAB,7F71,7FAF,7F95,7F95,7F98,7F8F,7F98,7F96,7F8F,7F8C,7F7A,7F7D,7F8C,7F7E,7F84,7F84,7F89,7F90,7F83,7F89,7F8D,7F94,7F92,7F88,7F97,7F89,7F7F,7F84,7F80,7F91,7F79,7F7E,7F88,7F6D,7F91,7F7B,7F77,7F8F,7F8B,7F86,7F78,7F88,7F81,7F7C,7F82,7F86,7F88,7F7F,7F80,7F82,7F81,7F80,7F83,7F85,7F8B,7F7D,7F74,7F86,7F7E,7F82,7F8A,7F94,7F8E,7F72,7F79,7F74,7F87,7F86,7F84,7F8B,7F7E,7F8A,7F84,7F8B,7F91,7F7E,7F87,7F8A,7F8A,7F92,7FA0,7F9F,7F9E,7F98,7F8A,7F96,7F9D,7FAC,7FA8,7FA4,7F9C,7F9D,7F9D,7F92,7F99,7F98,7F9A,7F90,7F9C,7F95,7F92,7F9F,7F8C,7F98,7FA5,7F9D,7F9A,7F95,7FA6,7FA2,7FA1,7F91,7FA8,7FB0,7F91,7FAD,7F9F,7FA6,7FA9,7F9C,7F90,7F95,7F95,7F91,7FA7,7F9A,7F8F,7FA4,7F9E,7F95,7FA0,7F8D,7F99,7FA5,7F90,7F9C,7F92,7F9A,7FA1,7FA6,7FA2,7F9D,7FB5,7FA6,7F96,7F98,7F90,7F91,7F84,7F62,7F76,7F6D,7F6E,7F82,7F6B,7F75,7F84,7F8F,7F7D,7F83,7F9B,7F88,7FA0,7FA2,7F9E,7FA8,7F9D,7F99,7F94,7F98,7F9B,7F9E,7FAB,7F98,7FB3,7FA8,7F9A,7FA4,7F8E,7F92,7F8E,7F7F,7F8C,7F9B,7F8A,7F90,7FA0,7F9D,7F97,7F99,7F8B,7F8C,7FB5,7F95,7F97,7FA6,7F8F,7FA5,7F8D,7F8E,7F93,7F8C,7F8B,7F94,7F9E,7F7E,7F88,7F80,7F74,7F8A,7F7F,7F7D,7F7C,7F7D,7F75,7F8E,7F82,7F75,7F8D,7F82,7F82,7F86,7F8B,7F86,7F96,7F96,7F7E,7F8C,7F78,7F7A,7F87,7F70,7F7D,7F83,7F81,7F71,7F93,7F83,7F83,7F95,7F7F,7F96,7F88,7F94,7F90,7F9B,7F9A,7F89,7F95,7F80,7F88,7F8E,7F82,7F8C,7F97,7F80,7F8B,7F9F,7F7E,7F9F,7F93,7F84,7F9A,7F83,7F7B,7F89,7F92,7F7D,7F90,7F92,7F7E,7F95,7F86,7F86,7F8A,7F75,7F6E,7F7C,7F7D,7F70,7F83,7F87,7F7F,7F9A,7F90,7F8E,7F86,7F81,7F84,7F8A,7F7D,7F73,7F85,7F6A,7F82,7F88,7F79,7F7F,7F7C,7F77,7F80,7F8A,7F85,7F8A,7F94,7F83,7F8A,7F95,7F9D,7F97,7F96,7F8E,7F87,7F80,7F8C,7F99,7F8E,7F91,7F95,7FA1,7FA5,7FA5,7FA0,7FA3,7FAA,7FA2,7FA1,7F9B,7F97,7F97,7F94,7F93,7F97,7FA8,7FA5,7FB4,7FBE,7FB0,7FAF,7FAB,7FA6,7FA2,7FA9,7FB2,7FB0,7FB2,7FB6,7FBD,7FB5,7FA9,7FA5,7FB5,7FB1,7FBA,7FB7,7FA1,7FB1,7FA7,7F9B,7FA6,7FB0,7FA0,7F9D,7FA7,7F9E,7FAB,7FA8,7FA5,7FB8,7FAD,7F9F,7FAA,7FAF,7FB4,7FBA,7FB4,7FC8,7FD1,7FCB,7FC6,7FCD,7FC9,7FC0,7FC2,7FBC,7FCC,7FD4,7FCB,7FC2,7FB5,7FBE,7FCB,7FCC,7FC9,7FD4,7FC8,7FC8,7FDA,7FD5,7FC2,7FD9,7FD0,7FC4,7FCB,7FBD,7FBB,7FB5,7FC7,7FC0,7FCF,7FCF,7FB6,7FB5,7FB8,7FB6,7FC3,7FB4,7FBB,7FCC,7FC0,7FC0,7FC2,7FC5,7FB9,7FCC,7FC6,7FC2,7FD8,7FD0,7FD4,7FD9,7FD8,7FD0,7FCA,7FCC,7FC8,7FCD,7FCC,7FC8,7FC4,7FB4,7FDF,7FD4,7FD3,7FE1,7FD1,7FC8,7FC6,7FC5,7FC8,7FC6,7FD3,7FCB,7FC0,7FC8,7FBA,7FC9,7FCD,7FB6,7FD4,7FC4,7FD0,7FD6,7FBE,7FC9,7FB4,7FBB,7FBA,7FBC,7FBB,7FB4,7FC4,7FB3,7FB4,7FBE,7FB7,7FCC,7FC6,7FC8,7FC3,7FAD,7FB5,7FC3,7FC6,7FCB,7FC2,7FC5,7FA2,7F52,7EFF,7ED2,7E6F,7DF3,7DB9,7D55,7D40,7D2F,7D30,7D34,7D15,7CDE,7CD4,7C60,7BE4,7B92,7B25,7AAF,7A33,7A28,7A03,7A2B,7A3D,7A6F,7AC8,7B2A,7B91,7C0E,7C95,7D04,7D84,7DF2,7E54,7EAC,7EFC,7F0E,7F40,7F42,7F25,7F24,7F12,7EEF,7ED1,7EC5,7EB7,7EA2,7EBB,7ED0,7EEE,7F28,7F3B,7F92,7FC2,7FE1,800C,8000,7FE6,7FCC,7FA6,7F62,7F16,7ECD,7E66,7E23,7DD8,7D99,7D89,7D66,7D6D,7D7A,7D98,7DD8,7E1C,7E48,7E6E,7EA7,7EB8,7ECB,7ECE,7EAA,7E83,7E57,7DFD,7DD6,7DB7,7D85,7D80,7D73,7D64,7D73,7D8C,7D9F,7DBD,7DEC,7E21,7E51,7E86,7E8A,7EAF,7EC9,7EBC,7EE6,7EC2,7EBC,7EB4,7E53,7E1A,7DF8,7DA1,7D56,7D38,7D20,7D1E,7D1F,7D34,7D64,7DAB,7DD2,7E07,7E4C,7E5C,7E97,7EA4,7E80,7E76,7E40,7E19,7DF3,7DB5,7D8E,7D72,7D75,7D7B,7DBD,7DFA,7E27,7E7D,7ECE,7F0A,7F4D,7F9D,7FBE,7FE0,7FF2,8005,8025,8019,8007,8003,8005,7FF3,7FDC,7FCC,7FC5,7FDE,7FD1,7FED,800E,8021,805E,808D,80A9,80E1,80FE,8123,8123,8127,8121,8113,8109,80EF,80E5,80DB,80D3,80C7,80D1,80D1,8101,8126,8140,815E,816F,8199,81A3,81B6,81AD,81A6,818F,815B,8160,812B,8116,810A,80F7,80EF,8102,8128,812E,8164,815D,8189,81BF,81C6,81D0,81C7,81C1,819C,8192,816D,815A,8155,811C,8114,8104,8101,8119,8126,812C,8152,817F,8178,8186,819D,8191,817E,8175,8160,8159,8165,814E,8161,8165,8141,815E,8156,8155,8159,8158,8160,8180,8199,818E,81A1,81A8,81AA,81AE,81AA,8192,8184,817F,8173,816B,8173,815F,8171,8192,81AE,81D0,81E0,8204,8229,8231,8257,8262,8254,8250,8246,8231,8213,8211,81E6,81DB,81CE,81AE,81B1,81BC,81BD,81C4,81E1,81E4,8211,8221,822B,8246,8254,8253,8255,824B,8222,822D,8219,81FA,8204,81F9,8200,8211,8218,821B,8228,823F,822D,8235,822F,8227,8232,822D,8245,8260,8263,8267,827D,8277,8285,829C,828B,8293,82AD,82B1,82C5,82CC,82BB,82C3,82BD,829A,8296,8285,8267,826C,8271,826C,8278,827A,8292,82BF,82E5,82F7,8318,8335,8334,8357,8350,8343,8362,8345,8330,832E,8315,8304,8319,832A,8335,8359,8366,8373,838F,8395,83A3,83AA,83AA,83AA,83BB,83C6,83C6,83C7,83C1,83D5,83CA,83BC,83B2,83BC,83B6,83B4,83B3,83B1,83B9,83B6,83B0,83A9,83AE,83A6,83B2,83C1,83B1,83C6,83BE,83BF,83D8,83D1,83CC,83CD,83CD,83C5,83E8,839A,83B7,83C5,83A5,83AD,83B9,83B6,83C3,83CC,83DC,83FD,83FD,8410,8404,8425,8427,8440,8457,8462,847A,847D,8488,8489,846B,8467,8456,843B,8429,8407,8409,8404,83FC,83FE,8404,8428,843C,8454,8469,846F,8476,846D,846C,8478,846A,8464,8470,845C,8474,8458,8442,8441,8429,8415,83F3,83EF,83E4,83E5,83EE,83E3,83F6,83E4,83F1,83E4,83BD,83AE,8391,8391,8383,8387,837A,837E,8375,8390,8388,8382,8385,836B,836C,8361,8353,8359,8359,8347,834C,8353,8359,8367,835F,834A,8346,8336,831A,8304,82F0,82E3,82DF,82CF,82CF,82DE,82E9,82F4,8305,830D,8305,8321,8328,8323,834F,8344,8361,837C,837C,8381,8380,837F,8380,8377,8369,8365,8345,8339,8320,8331,8321,832D,8346,8335,835A,8351,834A,8360,8358,8360,836A,8363,836E,836A,836C,836D,8389,8393,8373,838B,836F,8352,8360,832E,8321,8328,8307,8319,8327,8303,8315,8310,82FB,82F5,82F3,8301,82E0,82EC,82D2,82C3,82C8,82A0,82A5,828F,8276,827E,8258,824F,8240,8238,8230,8221,8225,8213,8225,8230,821F,822E,8229,820C,8217,8207,81F4,81DF,81C2,81A2,81A0,819B,8185,817B,8178,815F,8169,8160,814A,816D,8151,8162,817E,817D,8186,8195,81A7,81AB,81B7,81C2,81C6,81D6,81C1,81CD,81CC,81AC,81B7,81A5,8188,8181,8186,8173,8178,817D,817F,8194,8189,8187,8199,81A2,8198,81AE,81B6,81C7,81EE,81ED,81ED,81E7,81ED,81D3,81DE,81D9,81B8,81C2,81A4,818C,8179,8160,8159,814E,8142,812B,8118,8102,80FD,80F1,80D0,80E6,80EB,80EB,80F3,80F2,8100,80FA,8103,810C,8105,80F1,80CD,80C3,80A8,8086,8071,8059,8034,802F,8021,8003,8008,7FF7,7FF0,7FE5,7FD1,7FBB,7FBC,7FB9,7F9E,7FA0,7FA7,7FA0,7FBA,7FAC,7FAA,7FC3,7FB9,7FA8,7FAB,7FA0,7F89,7F8E,7F67,7F41,7F44,7F2A,7F09,7EFF,7ECD,7EAF,7EA7,7E87,7E78,7E42,7E1A,7E24,7E0E,7DF8,7DF2,7DF2,7DDD,7DCC,7DCA,7DB5,7DAF,7DA1,7D86,7D83,7D72,7D49,7D40,7D2C,7D19,7D03,7CEB,7CC0,7CA8,7C88,7C68,7C4D,7C22,7BFD,7BEC,7BD3,7BA1,7B93,7B76,7B6A,7B4E,7B3F,7B2B,7B1E,7B19,7AFD,7B00,7AE8,7AE7,7AD6,7AB8,7AB9,7AA5,7A8F,7A71,7A6A,7A4C,7A42,7A37,7A08,7A0A,79FE,79E8,79E4,79D1,79C8,79CD,79CA,79C2,79BE,79AE,79A9,79B6,79C4,79C0,79BA,79B7,79CA,79DD,79CF,79D5,79D9,79D0,79D5,79CF,79CF,79CF,79DC,79DD,79CC,79EB,79E9,79EE,7A07,7A01,7A1C,7A24,7A1D,7A2D,7A3D,7A42,7A57,7A5B,7A54,7A69,7A7B,7A79,7A7E,7A99,7A93,7AA5,7AA2,7AA7,7ABE,7ABD,7ACE,7AD4,7AD8,7AE6,7AF6,7B05,7B1D,7B3B,7B56,7B58,7B75,7B7A,7B79,7B8A,7B8C,7B9F,7BA2,7B9B,7BAB,7BAE,7B94,7BE6,7BC9,7BDA,7BE1,7BE9,7C07,7C02,7C1E,7C1F,7C36,7C3A,7C41,7C51,7C44,7C59,7C62,7C5A,7C71,7C62,7C73,7C82,7C79,7CA2,7CA9,7CA6,7CB4,7CB6,7CD4,7CD2,7CEC,7CFA,7CF6,7CFE,7CF7,7D02,7CFF,7CFA,7D17,7D0C,7D13,7D22,7D23,7D43,7D46,7D4E,7D5B,7D69,7D7D,7D90,7D97,7DB3,7DB3,7DCC,7DD7,7DD8,7DEF,7DEC,7E02,7DF7,7E06,7E0F,7E11,7E1B,7E0B,7E15,7E11,7E0E,7E13,7E05,7E12,7E1B,7E1C,7E30,7E48,7E54,7E6D,7E86,7EA1,7EAE,7ECB,7EE0,7ED8,7EF5,7EF3,7F02,7F08,7F07,7F12,7F13,7F1F,7F2B,7F2F,7F31,7F2A,7F36,7F41,7F47,7F5F,7F68,7F94,7FB6,7FC1,7FEA,8028,8036,804F,806F,8089,80B5,80BC,80D6,80E2,80FC,80FB,80F7,8113,80F6,8102,80F1,80EF,80F0,80E3,80F8,80FC,8116,8115,8129,813C,8157,817F,817F,8195,81C2,81D2,81EA,8225,821D,822D,8242,823D,8244,8238,8232,821F,8226,8214,8205,8211,8208,8224,8221,822D,824C,8264,827A,82A0,82CC,82EF,8314,834F,8365,8377,83AD,83AA,83CB,83D1,83DA,8402,8402,83FE,840D,83F9,8403,841D,842A,8426,8447,845B,8476,84BF,84BB,84F9,8538,8551,8597,85C3,85F8,8632,8674,86A0,86CF,8700,8721,8736,874E,874F,8743,8714,86C2,8689,8628,85C6,8559,84F6,84A1,8445,83FA,83AA,8385,835C,830B,82E4,82B7,826A,823B,820A,81DB,8197,8149,8110,80E9,80A8,804A,800D,7FB5,7F6E,7F1E,7EC3,7E6C,7DFB,7D8D,7D38,7CD8,7C4B,7BD5,7B6A,7AF8,7A8A,7A42,79C5,7965,7937,78DB,78C5,788D,786D,7862,784E,784B,7833,782B,77F4,77DC,77C0,7798,7775,773E,7724,7716,770A,76E1,76D6,76C8,76A0,76A3,768B,7693,7685,7678,7678,7698,76AF,76AC,76F7,7702,7724,7753,7790,77B8,77FB,7833,7878,78E2,7909,7957,79AA,79D6,7A09,7A3D,7A6F,7AA9,7AC5,7ACC,7AF0,7B1A,7B35,7B6A,7B9C,7BA1,7BED,7C2A,7C52,7C8A,7CBA,7CE1,7D15,7D51,7D69,7DB7,7DDF,7E0F,7E57,7E7D,7EAE,7ED1,7EEB,7EFE,7F3A,7F43,7F45,7F58,7F56,7F60,7F60,7F5C,7F55,7F5A,7F34,7F18,7F13,7EED,7EEF,7EEB,7ED7,7EE8,7EED,7EE3,7EE0,7EF5,7ED9,7EDF,7EE0,7EBC,7EB3,7EB2,7EA3,7E9A,7E98,7E80,7E76,7E51,7E38,7E23,7E05,7DDF,7DBB,7D91,7D70,7D58,7D39,7D0F,7CFA,7CDC,7CB7,7CB0,7C99,7C75,7C67,7C62,7C55,7C5C,7C51,7C4E,7C59,7C57,7C48,7C39,7C3E,7C31,7C45,7C36,7C21,7C2F,7C1B,7C21,7C15,7C11,7BFF,7C04,7BFA,7BFF,7C0E,7BEB,7BE5,7BFC,7BED,7C03,7C0E,7C11,7C30,7C3C,7C42,7C62,7C8D,7C8B,7CB2,7CC4,7CC9,7CE4,7CFC,7CFF,7D19,7D20,7D18,7D36,7D3A,7D3F,7D4A,7D4D,7D52,7D63,7D66,7D59,7D70,7D79,7D7C,7D82,7D84,7D85,7DA1,7DA1,7DA0,7DB6,7DAC,7DBD,7DC5,7DD4,7DED,7DFE,7DFE,7E2E,7DEE,7E06,7E1E,7E00,7E0B,7DF7,7E0E,7DE6,7DEF,7DE2,7DDC,7DCD,7DBA,7DB8,7DB4,7DC1,7DA2,7D99,7D9F,7D8B,7D7F,7D73,7D54,7D64,7D53,7D4A,7D45,7D41,7D43,7D35,7D2F,7D2D,7D3B,7D31,7D16,7D1E,7D14,7D07,7D08,7CCF,7CD5,7CBC,7C9F,7C9C,7C85,7C72,7C62,7C55,7C3E,7C3C,7C3D,7C26,7C29,7C25,7C02,7C1A,7C01,7C00,7BF2,7BE0,7BE9,7BC8,7BC9,7BB9,7B94,7BA3,7B9D,7B92,7B89,7B8B,7B8F,7B73,7B85,7B76,7B7D,7B7D,7B72,7B80,7B81,7B83,7B83,7B85,7B87,7B98,7B93,7BA4,7BAF,7BBC,7BC9,7BC5,7BDA,7BD7,7BF1,7BFC,7C08,7C20,7C27,7C3E,7C43,7C58,7C55,7C64,7C7E,7C7F,7C9A,7CAA,7CBF,7CCB,7CEF,7CFE,7D0E,7D12,7D22,7D3D,7D40,7D53,7D74,7D7C,7D8D,7DB8,7DC4,7DD6,7DE7,7DEC,7E09,7E0E,7E14,7E2D,7E4F,7E4B,7E6B,7E86,7E7D,7EA2,7EBE,7EB4,7ED9,7EE5,7EDA,7F15,7F17,7F21,7F42,7F4B,7F68,7F7B,7F93,7F86,7FA4,7FBE,7FCC,7FF2,7FF8,8008,8018,802F,804E,8064,8065,8087,8099,80AD,80B1,80D2,80E5,80E6,8116,8126,8140,8166,8173,8185,81AD,81BB,81D6,81EF,8207,8221,823B,824B,8264,8281,8285,82A1,82B6,82C0,82FC,8312,831E,833B,8346,836B,8384,83B7,83C7,83E9,8418,841E,8454,8462,8486,84BC,84DB,84FF,851F,8536,8551,857C,85AA,85D5,85F7,8627,8648,8681,86B3,86E4,871E,873A,8785,87CA,87F8,8841,887D,88C2,88FA,894A,8995,89C5,8A0F,8A31,8A5C,8A51,8A31,8A25,89F4,8997,8951,8911,88AE,8882,884D,8813,87DF,87A4,8764,8715,86D9,867F,864A,8603,85AF,8598,855C,8520,84EC,84AA,8466,8404,83BD,836D,8334,82D2,828A,8262,81FC,81A4,814C,80E2,806B,8000,7F57,7EE3,7E86,7DEC,7D80,7D12,7CBA,7C6A,7C11,7BBE,7B7E,7B5E,7B0A,7AE8,7AB2,7A6D,7A54,7A24,7A01,79EE,79D6,79AD,799F,7998,796D,797A,795A,7935,7941,7918,7902,78F4,78E1,78E1,78E7,78D7,78D3,78DF,78D0,78CC,78E4,78F2,7911,7941,7965,79A1,79EC,7A1F,7A68,7AA9,7ADD,7B17,7B51,7B93,7BC4,7C13,7C4E,7C96,7CE2,7D11,7D48,7D8A,7DB8,7DE2,7E1E,7E48,7E73,7EA1,7EC9,7EF7,7F1E,7F2B,7F5C,7F80,7FA0,7FD1,7FF8,8029,8068,80AC,80D5,8112,8136,816C,8196,81A6,81C4,81E3,81F9,81F9,8212,821D,8231,823F,823A,823F,8248,822C,8229,8218,8201,81FD,81DE,81C4,81AC,81A2,818D,817B,8163,814B,8154,813D,8120,8113,810F,80EC,80D3,80C9,80A6,80A7,807E,805F,804A,802D,800D,7FE1,7FAF,7F81,7F59,7F36,7F12,7EF8,7ED5,7E9D,7E84,7E52,7E38,7E0F,7DDB,7DB9,7D9D,7D82,7D71,7D6F,7D53,7D45,7D43,7D33,7D2B,7D1B,7D06,7D03,7D00,7D08,7D0A,7CF5,7CF2,7CE0,7CD9,7CC2,7CA8,7CA4,7C9B,7C97,7CA1,7CA5,7CA9,7CAF,7C95,7CB3,7C85,7CCA,7CCB,7CBF,7CF0,7CDF,7D02,7CFE,7D22,7D27,7D40,7D61,7D6A,7DA5,7DBC,7DD6,7DF8,7E05,7E16,7E18,7E21,7E14,7E33,7E53,7E43,7E75,7E8D,7E8A,7EAC,7EA8,7EC5,7EB7,7EC0,7ED9,7ED9,7EF7,7F02,7F10,7F16,7F0A,7F15,7F15,7F26,7F28,7F1B,7F46,7F4C,7F5F,7F66,7F5A,7F6E,7F4F,7F5A,7F50,7F4B,7F48,7F28,7F40,7F12,7F14,7F05,7EF4,7EF2,7EE0,7ECD,7EC8,7EC6,7EBB,7EB4,7E9A,7E9F,7E93,7E8B,7E74,7E75,7E62,7E6A,7E5E,7E46,7E49,7E3D,7E2E,7E29,7E19,7E10,7E13,7DFC,7DFB,7DDC,7DCD,7DAE,7D7F,7D62,7D31,7D1F,7CF4,7CEA,7CEF,7CD8,7CC1,7CA8,7CA7,7C84,7C73,7C77,7C55,7C5F,7C6C,7C55,7C61,7C60,7C6C,7C66,7C54,7C51,7C42,7C67,7C6C,7C7E,7C94,7C99,7CA9,7CA8,7C93,7CA2,7CAD,7C99,7CB2,7CA3,7CA0,7CAC,7CB4,7CC0,7CCA,7CD9,7CDC,7CFA,7D03,7D0D,7D40,7D4A,7D66,7D7E,7D84,7DA4,7DAF,7DB7,7DD8,7DF8,7E09,7E32,7E4C,7E53,7E5D,7E8E,7E91,7E9E,7ECD,7EC9,7EE2,7EF9,7EF3,7F19,7F1C,7F34,7F59,7F57,7F83,7F9B,7FB8,7FC8,7FD9,8001,8005,8025,8031,8036,8062,805B,805A,807F,808C,8095,80B0,80B9,80D3,80EB,8103,8106,812A,813C,8143,8171,816D,817D,81A1,819C,81A3,81C7,81C1,81DE,81F1,81FD,820E,8227,824A,824D,826A,8270,8280,829A,82A5,82C2,82E2,82EB,8300,8324,832A,8354,8372,8383,839A,83AE,83BD,83D0,83FD,8401,841F,842B,8431,8467,8478,8497,84BA,84C6,84D9,84ED,850B,852E,8548,856B,858B,85C4,85E3,85F9,863E,865E,867F,86C1,86D0,86F2,8734,874B,8778,87A6,87DC,880C,8837,885C,8871,88AE,88BC,8902,8921,8926,8962,8963,8986,899A,89AE,8996,8995,8981,896C,895E,8937,8923,890A,88EB,88C2,88AB,8880,883F,882A,87ED,87B7,878F,875B,873C,86F4,86D3,8692,8675,8646,8608,85EF,8597,856D,8539,84EA,84BE,8477,843A,83EC,83BD,8374,8322,82ED,8275,8229,81E3,8177,813A,80E7,8096,805C,8027,7FDF,7FB4,7F76,7F1A,7EFD,7EBB,7E78,7E46,7E17,7DD6,7DAF,7D82,7D61,7D54,7D27,7D0B,7D01,7CEF,7CC3,7CA1,7C8B,7C67,7C68,7C41,7C3F,7C49,7C21,7C0E,7C13,7C06,7BF2,7BFF,7BE9,7BEF,7C0E,7C08,7C1D,7C2C,7C37,7C58,7C77,7C87,7CA5,7CCD,7CD9,7D0E,7D36,7D4D,7D75,7DA0,7DC8,7DF2,7E24,7E4F,7E77,7E90,7EB3,7EE2,7EFB,7F12,7F3E,7F5F,7F57,7F90,7FA4,7FB1,7FE9,8000,8027,804E,8069,806E,809E,80B1,80CD,80FB,8105,8113,8133,814D,815E,8168,8173,818E,81B0,81B9,81BF,81DF,81DD,81E5,81F3,81E9,81F4,81EE,81E0,81E0,81E3,81D1,81BD,81BD,81A5,8196,8182,816C,815F,8168,814B,8145,8134,8127,8115,80F6,80E2,80C9,80C0,80A8,80A5,8083,8069,8049,803F,801D,800B,7FEA,7FD0,7FA9,7FA0,7F9F,7F45,7F57,7F2C,7F04,7EEB,7ED9,7EBB,7E95,7E91,7E72,7E56,7E47,7E26,7E1A,7DFA,7DDF,7DDF,7DCD,7DB5,7DBB,7DB1,7DA6,7D94,7D7D,7D76,7D67,7D61,7D5A,7D64,7D4B,7D4D,7D44,7D2F,7D39,7D2D,7D1F,7D21,7D0B,7D22,7D32,7D25,7D37,7D20,7D29,7D34,7D32,7D3C,7D3E,7D52,7D5B,7D69,7D6B,7D73,7D84,7D75,7D84,7DA5,7DA7,7DA1,7DB9,7DC6,7DDA,7DE5,7DEC,7DFD,7E00,7E1B,7E17,7E2B,7E4A,7E3F,7E51,7E5C,7E70,7E65,7E68,7E79,7E71,7E81,7E7B,7E77,7E7C,7E77,7E79,7E7A,7E7F,7E83,7E98,7E92,7E92,7EA1,7EA1,7E9B,7E91,7EA3,7E8F,7E9F,7E95,7E91,7E9C,7E74,7E92,7E9B,7E91,7E98,7E9C,7E9F,7E86,7E8C,7E85,7E86,7E6A,7E65,7E6E,7E66,7E6E,7E62,7E52,7E42,7E5C,7E41,7E33,7E2F,7E13,7E19,7DFB,7DD8,7DCF,7DB2,7D9E,7D7C,7D8A,7D75,7D72,7D6A,7D3D,7D47,7D38,7D23,7D1F,7D1A,7D02,7CFA,7CE7,7CC6,7CCD,7CCE,7CB3,7CB6,7CC6,7CB9,7CB4,7CC5,7CBE,7CD1,7CCE,7CD0,7CD6,7CB5,7CBC,7CC5,7CB1,7CB0,7CB7,7CC2,7CC2,7CB2,7CB5,7CB2,7CE1,7CDA,7CD9,7CFF,7D04,7D22,7D24,7D2C,7D4B,7D5D,7D6D,7D7A,7D9B,7DAB,7DC1,7DE9,7DFD,7E12,7E2A,7E27,7E46,7E58,7E5A,7E80,7E8E,7EAE,7EC4,7ED3,7EE3,7EEF,7F1A,7F15,7F2D,7F54,7F4C,7F83,7FA0,7FB0,7FD5,7FE0,7FF1,7FFC,8018,8029,8050,8073,8077,8091,80B3,80BD,80E5,8100,8112,8131,8149,8153,8171,817E,8192,81A9,81B3,81D1,81E4,81F4,81FB,822D,8244,8273,828B,8286,82AC,82C6,82E6,82F2,831E,8322,832B,8356,8354,837E,8386,839D,83BB,83D3,83D4,83E0,840C,8417,8433,843D,8446,8462,846F,8491,84AA,84C8,84DB,8502,850D,8519,8546,8552,8575,8584,85A4,85BB,85E2,85FB,85FF,8630,862E,8653,8676,868C,86A9,86C7,86F3,86FC,8737,873E,8761,8791,8793,87C3,87EF,8800,882E,8847,884C,8871,8892,8882,8891,8899,8897,88A3,8889,8872,886A,8850,8824,8813,87DE,87AF,878E,8759,872B,8701,86C2,8688,8664,8630,85F3,85D6,859E,8570,854D,850F,84E2,84B6,8472,8448,8421,83D6,839B,8379,8348,8311,82DE,8296,8264,822E,81CE,8188,8146,80EE,80B3,8075,8035,8000,7FB1,7F5D,7F3C,7EFD,7EB5,7E88,7E4C,7E1E,7DEE,7DCF,7DA6,7D7D,7D5C,7D25,7CFD,7CEC,7CD5,7CC5,7CB5,7C9B,7C94,7C85,7C67,7C6B,7C53,7C35,7C37,7C2F,7C1F,7C33,7C28,7C13,7C16,7BFB,7BF0,7BFC,7C00,7C09,7C1D,7C0C,7C12,7C44,7C3C,7C4F,7C63,7C72,7C90,7CAC,7CCC,7CF8,7D21,7D32,7D58,7D7C,7D9C,7DB9,7DCD,7DE8,7E11,7E2C,7E45,7E72,7E80,7E97,7EC5,7ED1,7EE7,7F0C,7F19,7F35,7F62,7F6F,7F79,7F9E,7FB0,7FB9,7FDE,7FE5,7FF6,8008,8012,8030,804A,805D,8061,8089,8094,80A8,80CB,80DE,80ED,80DB,811B,80FF,810D,8117,810A,8109,8112,8121,8103,8104,80F6,80FD,80E9,80E4,80EF,80E4,80D6,80CA,80AB,80AE,8099,8087,8084,8061,8061,804C,8041,8033,800E,8007,7FEE,7FE6,7FE3,7FC2,7FC0,7FA3,7F86,7F81,7F6B,7F66,7F41,7F20,7F24,7EF7,7EEC,7EDB,7EB8,7EB8,7E8E,7E92,7E7A,7E70,7E5F,7E44,7E48,7E25,7E20,7E1F,7E06,7DE3,7DD8,7DBD,7DC4,7DC8,7DC2,7DC8,7DAE,7DBD,7DB3,7DB7,7DB4,7DAA,7DAE,7DA8,7DB8,7DA4,7DB1,7DB7,7DA6,7DAE,7DAD,7DAB,7DBE,7DB1,7DAF,7DB5,7DB4,7DC8,7DC5,7DD1,7DD2,7DDD,7DF2,7DEB,7E06,7E12,7E15,7E31,7E31,7E39,7E56,7E48,7E60,7E6C,7E74,7E82,7E87,7E95,7E88,7EB2,7EAC,7EAB,7ECB,7ECA,7ECC,7EE1,7ED7,7EE4,7EE3,7EDD,7EDE,7EE5,7EEF,7EE6,7EFB,7EEF,7F05,7EFE,7EF2,7F09,7F13,7F11,7F16,7F16,7F0A,7F1D,7F16,7F12,7F12,7F28,7F16,7F15,7F15,7F03,7F1C,7EFF,7F00,7EFA,7ED8,7EE1,7EC6,7EB7,7EAB,7EA5,7E9E,7E84,7E81,7E65,7E55,7E53,7E47,7E39,7E3C,7E14,7E13,7E03,7DF5,7DFA,7DF0,7DEC,7DE1,7DDA,7DD2,7DCF,7DDD,7DBD,7DBB,7DB9,7D8A,7DA3,7D83,7D82,7D82,7D63,7D67,7D55,7D5F,7D44,7D4D,7D62,7D44,7D58,7D53,7D5D,7D63,7D59,7D71,7D7C,7D7E,7D81,7D8F,7D92,7D90,7DAC,7DC3,7DBD,7DD9,7DDB,7DEA,7DE8,7DE5,7DFD,7E17,7E28,7E34,7E5C,7E64,7E7C,7E9F,7EA9,7EAF,7ED1,7ECB,7EF4,7F14,7F25,7F54,7F57,7F8D,7F97,7FC6,7FBF,7FDF,8008,8006,803F,804A,805E,807E,8092,80AB,80C8,80D9,80F0,811C,813F,814B,8169,818C,81A5,81C4,81CC,81D4,81FB,81FE,822D,8257,8255,8273,8294,82A1,82BA,82D2,82EE,82FC,831F,8332,834F,8377,8370,839D,83A7,83AB,83BF,83DB,83DF,83F9,8419,8412,8439,844B,8440,845E,8467,845D,846E,8484,8484,849A,84AD,84BB,84D7,84E0,84FA,8517,853B,8548,857D,858E,859F,85D0,85DE,8611,8634,864C,8668,8686,869B,86CD,86EA,86F6,8716,873D,874E,877A,87AC,87B2,87DF,8803,881E,8854,8879,888E,88B6,88D1,88E6,891F,8930,8939,895A,8942,8935,893B,8931,890A,88F0,88D8,88A2,8886,8859,882C,87FB,87CB,8789,8765,8733,86E2,86B1,8667,8623,85F1,85BD,8577,853F,84FA,84C8,8494,8448,8406,83DA,839C,8356,832D,82E4,829F,8262,820E,81C5,8192,812D,80E1,8088,8030,7FF0,7FA9,7F55,7EFE,7ED5,7E82,7E35,7DE0,7D8E,7D4E,7D03,7CBD,7C85,7C5D,7C0E,7BE5,7BC8,7B9A,7B6D,7B3D,7B24,7B0D,7AF0,7AD0,7AD5,7ACB,7AB0,7AB0,7A84,7A71,7A6F,7A62,7A5E,7A59,7A52,7A41,7A43,7A38,7A3F,7A49,7A37,7A53,7A64,7A62,7A75,7A90,7A8E,7AA3,7ACF,7ADB,7B07,7B38,7B55,7B6E,7BB3,7BD8,7C06,7C3C,7C5D,7C9C,7CC9,7CEB,7D20,7D47,7D60,7D99,7DC2,7E05,7DE1,7E23,7E5B,7E59,7E94,7EA2,7EE1,7F0C,7F26,7F46,7F67,7F7C,7F96,7FA8,7FBB,7FD7,7FF3,8008,8038,803B,8053,8078,8070,80A3,80B5,80D6,80FF,8101,8112,811B,812D,8131,8136,8141,8139,8121,8127,811D,8121,8120,8117,8121,810D,810A,80EA,80DE,80D1,80AD,80BD,809A,8095,8079,805B,8067,803E,8030,8023,8007,7FF7,7FE1,7FE3,7FC4,7F9E,7F93,7F6F,7F50,7F3D,7F25,7F0D,7EF4,7ED2,7EA2,7E90,7E7B,7E5E,7E4B,7E2E,7E23,7E1D,7DF4,7DDD,7DC1,7D9E,7D8E,7D80,7D5E,7D32,7D38,7D20,7D1D,7D1E,7CFA,7D07,7CF0,7CEA,7CE0,7CCF,7CD5,7CBD,7CD3,7CCD,7CC1,7CC3,7CBE,7CB6,7CB7,7CB0,7CA7,7CC4,7CC6,7CBC,7CCA,7CCC,7CD0,7CDB,7CD7,7CD0,7CEA,7CDD,7CFD,7D18,7D04,7D32,7D27,7D39,7D45,7D5A,7D62,7D66,7D85,7D85,7DA7,7DB6,7DCE,7DF8,7DFD,7E00,7E11,7E19,7E34,7E53,7E54,7E5E,7E87,7E7F,7E91,7EA7,7EB7,7EBD,7ED1,7EDC,7EE8,7F02,7EF5,7F13,7F23,7F33,7F30,7F43,7F50,7F4C,7F67,7F62,7F7C,7F82,7F73,7F86,7F92,7F83,7F89,7F8E,7F93,7F98,7F90,7F9C,7F98,7FA2,7F9E,7FA4,7FB0,7F9D,7FA4,7F98,7F96,7FA8,7F90;